{
  "data": {
    "getCalendarCompetitionResults": {
      "competition": {
        "dateRange": "24 AUG\u201301 SEP 1991",
        "endDate": "1991-09-01",
        "name": "IAAF World Championships",
        "rankingCategory": "OW",
        "startDate": "1991-08-24",
        "venue": "National Stadium, Tokyo (JPN)",
        "__typename": "CalendarResultsCompetition"
      },
      "eventTitles": [
        {
          "rankingCategory": "OW",
          "eventTitle": null,
          "events": [
            {
              "event": "Men's 400 Metres Hurdles",
              "eventId": 10229612,
              "gender": "M",
              "isRelay": false,
              "perResultWind": false,
              "withWind": false,
              "summary": null,
              "races": [
                {
                  "date": "1991-08-27",
                  "day": 4,
                  "race": "Final",
                  "raceId": 10,
                  "raceNumber": 0,
                  "results": [
                    {
                      "competitor": {
                        "teamMembers": null,
                        "id": "w63pze6hc352oiud36vea",
                        "name": "Samuel MATETE",
                        "iaafId": 1774,
                        "urlSlug": "zambia/samuel-matete-014256433",
                        "birthDate": "27 JUL 1968",
                        "hasProfile": true,
                        "__typename": "CalendarResultsCompetitor"
                      },
                      "mark": "47.64",
                      "nationality": "ZAM",
                      "place": "1.",
                      "points": null,
                      "qualified": null,
                      "records": "",
                      "wind": null,
                      "remark": null,
                      "details": null,
                      "__typename": "CalendarResultsRaceResult"
                    },
                    {
                      "competitor": {
                        "teamMembers": null,
                        "id": "93v0y0r0dubkrafgucf59",
                        "name": "Wintrop GRAHAM",
                        "iaafId": 1013,
                        "urlSlug": "jamaica/wintrop-graham-014202024",
                        "birthDate": "17 NOV 1965",
                        "hasProfile": true,
                        "__typename": "CalendarResultsCompetitor"
                      },
                      "mark": "47.74",
                      "nationality": "JAM",
                      "place": "2.",
                      "points": null,
                      "qualified": null,
                      "records": "",
                      "wind": null,
                      "remark": null,
                      "details": null,
                      "__typename": "CalendarResultsRaceResult"
                    },
                    {
                      "competitor": {
                        "teamMembers": null,
                        "id": "m7fd996bqdv2d3cxd48ye",
                        "name": "Kriss AKABUSI",
                        "iaafId": 35,
                        "urlSlug": "great-britain-ni/kriss-akabusi-014188313",
                        "birthDate": "28 NOV 1958",
                        "hasProfile": true,
                        "__typename": "CalendarResultsCompetitor"
                      },
                      "mark": "47.86",
                      "nationality": "GBR",
                      "place": "3.",
                      "points": null,
                      "qualified": null,
                      "records": "",
                      "wind": null,
                      "remark": null,
                      "details": null,
                      "__typename": "CalendarResultsRaceResult"
                    },
                    {
                      "competitor": {
                        "teamMembers": null,
                        "id": "ai852mnfrbrpurpyj2vmu",
                        "name": "Kevin YOUNG",
                        "iaafId": 3184,
                        "urlSlug": "united-states/kevin-young-014255740",
                        "birthDate": "16 SEP 1966",
                        "hasProfile": true,
                        "__typename": "CalendarResultsCompetitor"
                      },
                      "mark": "48.01",
                      "nationality": "USA",
                      "place": "4.",
                      "points": null,
                      "qualified": null,
                      "records": "",
                      "wind": null,
                      "remark": null,
                      "details": null,
                      "__typename": "CalendarResultsRaceResult"
                    },
                    {
                      "competitor": {
                        "teamMembers": null,
                        "id": "fsfa6xjjhvur48al7tmssq",
                        "name": "Danny HARRIS",
                        "iaafId": 1095,
                        "urlSlug": "united-states/danny-harris-014240006",
                        "birthDate": "07 SEP 1965",
                        "hasProfile": true,
                        "__typename": "CalendarResultsCompetitor"
                      },
                      "mark": "48.46",
                      "nationality": "USA",
                      "place": "5.",
                      "points": null,
                      "qualified": null,
                      "records": "",
                      "wind": null,
                      "remark": null,
                      "details": null,
                      "__typename": "CalendarResultsRaceResult"
                    },
                    {
                      "competitor": {
                        "teamMembers": null,
                        "id": "63lxxj01tcfvi0mqi87vkd",
                        "name": "Derrick ADKINS",
                        "iaafId": 4333,
                        "urlSlug": "united-states/derrick-adkins-014231024",
                        "birthDate": "02 JUL 1970",
                        "hasProfile": true,
                        "__typename": "CalendarResultsCompetitor"
                      },
                      "mark": "49.28",
                      "nationality": "USA",
                      "place": "6.",
                      "points": null,
                      "qualified": null,
                      "records": "",
                      "wind": null,
                      "remark": null,
                      "details": null,
                      "__typename": "CalendarResultsRaceResult"
                    },
                    {
                      "competitor": {
                        "teamMembers": null,
                        "id": "1nwjg18yjl8abomttvrxp4",
                        "name": "Erick KETER",
                        "iaafId": 7733,
                        "urlSlug": "kenya/erick-keter-014207974",
                        "birthDate": "22 JUL 1966",
                        "hasProfile": true,
                        "__typename": "CalendarResultsCompetitor"
                      },
                      "mark": "49.99",
                      "nationality": "KEN",
                      "place": "7.",
                      "points": null,
                      "qualified": null,
                      "records": "",
                      "wind": null,
                      "remark": null,
                      "details": null,
                      "__typename": "CalendarResultsRaceResult"
                    },
                    {
                      "competitor": {
                        "teamMembers": null,
                        "id": "vg4ddkbtzdnw6qv27kice",
                        "name": "Niklas WALLENLIND",
                        "iaafId": 3071,
                        "urlSlug": "sweden/niklas-wallenlind-014228180",
                        "birthDate": "21 NOV 1968",
                        "hasProfile": true,
                        "__typename": "CalendarResultsCompetitor"
                      },
                      "mark": "50.28",
                      "nationality": "SWE",
                      "place": "8.",
                      "points": null,
                      "qualified": null,
                      "records": "",
                      "wind": null,
                      "remark": null,
                      "details": null,
                      "__typename": "CalendarResultsRaceResult"
                    }
                  ],
                  "startList": null,
                  "wind": null,
                  "__typename": "CalendarResultsRace"
                },
                {
                  "date": "1991-08-26",
                  "day": 3,
                  "race": "Semifinal - Heat",
                  "raceId": 13,
                  "raceNumber": 1,
                  "results": [
                    {
                      "competitor": {
                        "teamMembers": null,
                        "id": "1r3626mcibanz78f0djds",
                        "name": "Danny HARRIS",
                        "iaafId": 1095,
                        "urlSlug": "united-states/danny-harris-014240006",
                        "birthDate": "07 SEP 1965",
                        "hasProfile": true,
                        "__typename": "CalendarResultsCompetitor"
                      },
                      "mark": "48.21",
                      "nationality": "USA",
                      "place": "1.",
                      "points": null,
                      "qualified": null,
                      "records": "",
                      "wind": null,
                      "remark": null,
                      "details": null,
                      "__typename": "CalendarResultsRaceResult"
                    },
                    {
                      "competitor": {
                        "teamMembers": null,
                        "id": "87kjysz3iab2ydlllmfhd7",
                        "name": "Wintrop GRAHAM",
                        "iaafId": 1013,
                        "urlSlug": "jamaica/wintrop-graham-014202024",
                        "birthDate": "17 NOV 1965",
                        "hasProfile": true,
                        "__typename": "CalendarResultsCompetitor"
                      },
                      "mark": "48.31",
                      "nationality": "JAM",
                      "place": "2.",
                      "points": null,
                      "qualified": null,
                      "records": "",
                      "wind": null,
                      "remark": null,
                      "details": null,
                      "__typename": "CalendarResultsRaceResult"
                    },
                    {
                      "competitor": {
                        "teamMembers": null,
                        "id": "zv17awp7hq65tslppsas7",
                        "name": "Derrick ADKINS",
                        "iaafId": 4333,
                        "urlSlug": "united-states/derrick-adkins-014231024",
                        "birthDate": "02 JUL 1970",
                        "hasProfile": true,
                        "__typename": "CalendarResultsCompetitor"
                      },
                      "mark": "49.37",
                      "nationality": "USA",
                      "place": "3.",
                      "points": null,
                      "qualified": false,
                      "records": "",
                      "wind": null,
                      "remark": null,
                      "details": null,
                      "__typename": "CalendarResultsRaceResult"
                    },
                    {
                      "competitor": {
                        "teamMembers": null,
                        "id": "7whmty7vwz3e0yhed5r71e",
                        "name": "Niklas WALLENLIND",
                        "iaafId": 3071,
                        "urlSlug": "sweden/niklas-wallenlind-014228180",
                        "birthDate": "21 NOV 1968",
                        "hasProfile": true,
                        "__typename": "CalendarResultsCompetitor"
                      },
                      "mark": "49.81",
                      "nationality": "SWE",
                      "place": "4.",
                      "points": null,
                      "qualified": null,
                      "records": "",
                      "wind": null,
                      "remark": null,
                      "details": null,
                      "__typename": "CalendarResultsRaceResult"
                    },
                    {
                      "competitor": {
                        "teamMembers": null,
                        "id": "73mvyav7elm2xl5e6x62kg",
                        "name": "Eronilde Nunes DE ARA\u00daJO",
                        "iaafId": 4830,
                        "urlSlug": "brazil/eronilde-nunes-de-araujo-014175964",
                        "birthDate": "31 DEC 1970",
                        "hasProfile": true,
                        "__typename": "CalendarResultsCompetitor"
                      },
                      "mark": "49.91",
                      "nationality": "BRA",
                      "place": "5.",
                      "points": null,
                      "qualified": null,
                      "records": "",
                      "wind": null,
                      "remark": null,
                      "details": null,
                      "__typename": "CalendarResultsRaceResult"
                    },
                    {
                      "competitor": {
                        "teamMembers": null,
                        "id": "8rqscnpp08fxxl8lrdjum8",
                        "name": "Shunji KARUBE",
                        "iaafId": 3784,
                        "urlSlug": "japan/shunji-karube-014203697",
                        "birthDate": "08 MAY 1969",
                        "hasProfile": true,
                        "__typename": "CalendarResultsCompetitor"
                      },
                      "mark": "49.94",
                      "nationality": "JPN",
                      "place": "6.",
                      "points": null,
                      "qualified": null,
                      "records": "",
                      "wind": null,
                      "remark": null,
                      "details": null,
                      "__typename": "CalendarResultsRaceResult"
                    },
                    {
                      "competitor": {
                        "teamMembers": null,
                        "id": "scaal3ky4b511lgik1a3y",
                        "name": "Gideon YEGO",
                        "iaafId": 3172,
                        "urlSlug": "kenya/gideon-yego-014353749",
                        "birthDate": "06 MAY 1960",
                        "hasProfile": true,
                        "__typename": "CalendarResultsCompetitor"
                      },
                      "mark": "50.07",
                      "nationality": "KEN",
                      "place": "7.",
                      "points": null,
                      "qualified": null,
                      "records": "",
                      "wind": null,
                      "remark": null,
                      "details": null,
                      "__typename": "CalendarResultsRaceResult"
                    },
                    {
                      "competitor": {
                        "teamMembers": null,
                        "id": "rwwibvgpotqhj1gxshioo",
                        "name": "Fabrizio MORI",
                        "iaafId": 7899,
                        "urlSlug": "italy/fabrizio-mori-014200931",
                        "birthDate": "28 JUN 1969",
                        "hasProfile": true,
                        "__typename": "CalendarResultsCompetitor"
                      },
                      "mark": "50.70",
                      "nationality": "ITA",
                      "place": "8.",
                      "points": null,
                      "qualified": null,
                      "records": "",
                      "wind": null,
                      "remark": null,
                      "details": null,
                      "__typename": "CalendarResultsRaceResult"
                    }
                  ],
                  "startList": null,
                  "wind": null,
                  "__typename": "CalendarResultsRace"
                },
                {
                  "date": "1991-08-26",
                  "day": 3,
                  "race": "Semifinal - Heat",
                  "raceId": 13,
                  "raceNumber": 2,
                  "results": [
                    {
                      "competitor": {
                        "teamMembers": null,
                        "id": "krrilzp395lrh8nzhxs5ej",
                        "name": "Kriss AKABUSI",
                        "iaafId": 35,
                        "urlSlug": "great-britain-ni/kriss-akabusi-014188313",
                        "birthDate": "28 NOV 1958",
                        "hasProfile": true,
                        "__typename": "CalendarResultsCompetitor"
                      },
                      "mark": "47.91",
                      "nationality": "GBR",
                      "place": "1.",
                      "points": null,
                      "qualified": null,
                      "records": "",
                      "wind": null,
                      "remark": null,
                      "details": null,
                      "__typename": "CalendarResultsRaceResult"
                    },
                    {
                      "competitor": {
                        "teamMembers": null,
                        "id": "lxuubdksxce0oj5kihtp8",
                        "name": "Samuel MATETE",
                        "iaafId": 1774,
                        "urlSlug": "zambia/samuel-matete-014256433",
                        "birthDate": "27 JUL 1968",
                        "hasProfile": true,
                        "__typename": "CalendarResultsCompetitor"
                      },
                      "mark": "48.30",
                      "nationality": "ZAM",
                      "place": "2.",
                      "points": null,
                      "qualified": false,
                      "records": "",
                      "wind": null,
                      "remark": null,
                      "details": null,
                      "__typename": "CalendarResultsRaceResult"
                    },
                    {
                      "competitor": {
                        "teamMembers": null,
                        "id": "hgkmpew0szpd4slqzfu34u",
                        "name": "Kevin YOUNG",
                        "iaafId": 3184,
                        "urlSlug": "united-states/kevin-young-014255740",
                        "birthDate": "16 SEP 1966",
                        "hasProfile": true,
                        "__typename": "CalendarResultsCompetitor"
                      },
                      "mark": "48.39",
                      "nationality": "USA",
                      "place": "3.",
                      "points": null,
                      "qualified": false,
                      "records": "",
                      "wind": null,
                      "remark": null,
                      "details": null,
                      "__typename": "CalendarResultsRaceResult"
                    },
                    {
                      "competitor": {
                        "teamMembers": null,
                        "id": "zs3zucab9mfh0ugzh4ko9r",
                        "name": "Erick KETER",
                        "iaafId": 7733,
                        "urlSlug": "kenya/erick-keter-014207974",
                        "birthDate": "22 JUL 1966",
                        "hasProfile": true,
                        "__typename": "CalendarResultsCompetitor"
                      },
                      "mark": "48.47",
                      "nationality": "KEN",
                      "place": "4.",
                      "points": null,
                      "qualified": false,
                      "records": "",
                      "wind": null,
                      "remark": null,
                      "details": null,
                      "__typename": "CalendarResultsRaceResult"
                    },
                    {
                      "competitor": {
                        "teamMembers": null,
                        "id": "9fyn33as2xsxd4saqrlwgr",
                        "name": "Vladimir BUDKO",
                        "iaafId": 370,
                        "urlSlug": "ussr/vladimir-budko-14350922",
                        "birthDate": "04 FEB 1965",
                        "hasProfile": true,
                        "__typename": "CalendarResultsCompetitor"
                      },
                      "mark": "49.53",
                      "nationality": "URS",
                      "place": "5.",
                      "points": null,
                      "qualified": null,
                      "records": "",
                      "wind": null,
                      "remark": null,
                      "details": null,
                      "__typename": "CalendarResultsRaceResult"
                    },
                    {
                      "competitor": {
                        "teamMembers": null,
                        "id": "rozytpedlgaq04b7ivt47",
                        "name": "Sven NYLANDER",
                        "iaafId": 2096,
                        "urlSlug": "sweden/sven-nylander-014227907",
                        "birthDate": "01 JAN 1962",
                        "hasProfile": true,
                        "__typename": "CalendarResultsCompetitor"
                      },
                      "mark": "49.59",
                      "nationality": "SWE",
                      "place": "6.",
                      "points": null,
                      "qualified": null,
                      "records": "",
                      "wind": null,
                      "remark": null,
                      "details": null,
                      "__typename": "CalendarResultsRaceResult"
                    },
                    {
                      "competitor": {
                        "teamMembers": null,
                        "id": "puikes0yxdh9pmcllhljv9",
                        "name": "Domingo CORDERO",
                        "iaafId": 548,
                        "urlSlug": "puerto-rico/domingo-cordero-014218772",
                        "birthDate": "17 OCT 1965",
                        "hasProfile": true,
                        "__typename": "CalendarResultsCompetitor"
                      },
                      "mark": "49.86",
                      "nationality": "PUR",
                      "place": "7.",
                      "points": null,
                      "qualified": null,
                      "records": "",
                      "wind": null,
                      "remark": null,
                      "details": null,
                      "__typename": "CalendarResultsRaceResult"
                    },
                    {
                      "competitor": {
                        "teamMembers": null,
                        "id": "y3cq9ajtjbd5oq9s7j0yb",
                        "name": "Pedro Paulo CHIAMULERA",
                        "iaafId": 483,
                        "urlSlug": "brazil/pedro-paulo-chiamulera-014176177",
                        "birthDate": "29 JUN 1964",
                        "hasProfile": true,
                        "__typename": "CalendarResultsCompetitor"
                      },
                      "mark": "50.02",
                      "nationality": "BRA",
                      "place": "8.",
                      "points": null,
                      "qualified": null,
                      "records": "",
                      "wind": null,
                      "remark": null,
                      "details": null,
                      "__typename": "CalendarResultsRaceResult"
                    }
                  ],
                  "startList": null,
                  "wind": null,
                  "__typename": "CalendarResultsRace"
                },
                {
                  "date": "1991-08-25",
                  "day": 2,
                  "race": "Round 1 - Heat",
                  "raceId": 11,
                  "raceNumber": 1,
                  "results": [
                    {
                      "competitor": {
                        "teamMembers": null,
                        "id": "nlimv1lho6d50pzp1nmp",
                        "name": "Danny HARRIS",
                        "iaafId": 1095,
                        "urlSlug": "united-states/danny-harris-014240006",
                        "birthDate": "07 SEP 1965",
                        "hasProfile": true,
                        "__typename": "CalendarResultsCompetitor"
                      },
                      "mark": "48.32",
                      "nationality": "USA",
                      "place": "1.",
                      "points": null,
                      "qualified": null,
                      "records": "",
                      "wind": null,
                      "remark": null,
                      "details": null,
                      "__typename": "CalendarResultsRaceResult"
                    },
                    {
                      "competitor": {
                        "teamMembers": null,
                        "id": "gd3eeoi2aclnrkwbr3f8sh",
                        "name": "Erick KETER",
                        "iaafId": 7733,
                        "urlSlug": "kenya/erick-keter-014207974",
                        "birthDate": "22 JUL 1966",
                        "hasProfile": true,
                        "__typename": "CalendarResultsCompetitor"
                      },
                      "mark": "48.62",
                      "nationality": "KEN",
                      "place": "2.",
                      "points": null,
                      "qualified": false,
                      "records": "",
                      "wind": null,
                      "remark": null,
                      "details": null,
                      "__typename": "CalendarResultsRaceResult"
                    },
                    {
                      "competitor": {
                        "teamMembers": null,
                        "id": "87eozj5jq7c3wq30a2j2wd",
                        "name": "Fabrizio MORI",
                        "iaafId": 7899,
                        "urlSlug": "italy/fabrizio-mori-014200931",
                        "birthDate": "28 JUN 1969",
                        "hasProfile": true,
                        "__typename": "CalendarResultsCompetitor"
                      },
                      "mark": "48.92",
                      "nationality": "ITA",
                      "place": "3.",
                      "points": null,
                      "qualified": false,
                      "records": "",
                      "wind": null,
                      "remark": null,
                      "details": null,
                      "__typename": "CalendarResultsRaceResult"
                    },
                    {
                      "competitor": {
                        "teamMembers": null,
                        "id": "pv1p200v75sw9z2tucir",
                        "name": "Amadou DIA B\u00c2",
                        "iaafId": 687,
                        "urlSlug": "senegal/amadou-dia-ba-014345943",
                        "birthDate": "22 SEP 1958",
                        "hasProfile": true,
                        "__typename": "CalendarResultsCompetitor"
                      },
                      "mark": "49.77",
                      "nationality": "SEN",
                      "place": "4.",
                      "points": null,
                      "qualified": null,
                      "records": "",
                      "wind": null,
                      "remark": null,
                      "details": null,
                      "__typename": "CalendarResultsRaceResult"
                    },
                    {
                      "competitor": {
                        "teamMembers": null,
                        "id": "7x1v4c7gbplgf01du027fg",
                        "name": "Olaf HENSE",
                        "iaafId": 3772,
                        "urlSlug": "germany/olaf-hense-014192494",
                        "birthDate": "19 NOV 1967",
                        "hasProfile": true,
                        "__typename": "CalendarResultsCompetitor"
                      },
                      "mark": "50.44",
                      "nationality": "GER",
                      "place": "5.",
                      "points": null,
                      "qualified": null,
                      "records": "",
                      "wind": null,
                      "remark": null,
                      "details": null,
                      "__typename": "CalendarResultsRaceResult"
                    },
                    {
                      "competitor": {
                        "teamMembers": null,
                        "id": "vvk8cyt8zqmny3c3k4k5",
                        "name": "Pedro RODR\u00cdGUES",
                        "iaafId": 4926,
                        "urlSlug": "portugal/pedro-rodrigues-014218526",
                        "birthDate": "08 JUL 1971",
                        "hasProfile": true,
                        "__typename": "CalendarResultsCompetitor"
                      },
                      "mark": "50.50",
                      "nationality": "POR",
                      "place": "6.",
                      "points": null,
                      "qualified": null,
                      "records": "",
                      "wind": null,
                      "remark": null,
                      "details": null,
                      "__typename": "CalendarResultsRaceResult"
                    },
                    {
                      "competitor": {
                        "teamMembers": null,
                        "id": "2oa0snbbrj8lt3cmi2ouol",
                        "name": "Marc DOLLENDORF",
                        "iaafId": 4478,
                        "urlSlug": "belgium/marc-dollendorf-014177570",
                        "birthDate": "07 FEB 1966",
                        "hasProfile": true,
                        "__typename": "CalendarResultsCompetitor"
                      },
                      "mark": "51.45",
                      "nationality": "BEL",
                      "place": "7.",
                      "points": null,
                      "qualified": null,
                      "records": "",
                      "wind": null,
                      "remark": null,
                      "details": null,
                      "__typename": "CalendarResultsRaceResult"
                    }
                  ],
                  "startList": null,
                  "wind": null,
                  "__typename": "CalendarResultsRace"
                },
                {
                  "date": "1991-08-25",
                  "day": 2,
                  "race": "Round 1 - Heat",
                  "raceId": 11,
                  "raceNumber": 2,
                  "results": [
                    {
                      "competitor": {
                        "teamMembers": null,
                        "id": "jmlm9dymf8t0pdnd5d8a",
                        "name": "Kriss AKABUSI",
                        "iaafId": 35,
                        "urlSlug": "great-britain-ni/kriss-akabusi-014188313",
                        "birthDate": "28 NOV 1958",
                        "hasProfile": true,
                        "__typename": "CalendarResultsCompetitor"
                      },
                      "mark": "48.79",
                      "nationality": "GBR",
                      "place": "1.",
                      "points": null,
                      "qualified": false,
                      "records": "",
                      "wind": null,
                      "remark": null,
                      "details": null,
                      "__typename": "CalendarResultsRaceResult"
                    },
                    {
                      "competitor": {
                        "teamMembers": null,
                        "id": "3pwiekjqiji6dlm7i3v8pd",
                        "name": "Vladimir BUDKO",
                        "iaafId": 370,
                        "urlSlug": "ussr/vladimir-budko-14350922",
                        "birthDate": "04 FEB 1965",
                        "hasProfile": true,
                        "__typename": "CalendarResultsCompetitor"
                      },
                      "mark": "49.26",
                      "nationality": "URS",
                      "place": "2.",
                      "points": null,
                      "qualified": false,
                      "records": "",
                      "wind": null,
                      "remark": null,
                      "details": null,
                      "__typename": "CalendarResultsRaceResult"
                    },
                    {
                      "competitor": {
                        "teamMembers": null,
                        "id": "32dys8o9w1xlapegas5go",
                        "name": "Eronilde Nunes DE ARA\u00daJO",
                        "iaafId": 4830,
                        "urlSlug": "brazil/eronilde-nunes-de-araujo-014175964",
                        "birthDate": "31 DEC 1970",
                        "hasProfile": true,
                        "__typename": "CalendarResultsCompetitor"
                      },
                      "mark": "49.60",
                      "nationality": "BRA",
                      "place": "3.",
                      "points": null,
                      "qualified": false,
                      "records": "",
                      "wind": null,
                      "remark": null,
                      "details": null,
                      "__typename": "CalendarResultsRaceResult"
                    },
                    {
                      "competitor": {
                        "teamMembers": null,
                        "id": "jeptqpgitqrqanzasc74o",
                        "name": "Niklas WALLENLIND",
                        "iaafId": 3071,
                        "urlSlug": "sweden/niklas-wallenlind-014228180",
                        "birthDate": "21 NOV 1968",
                        "hasProfile": true,
                        "__typename": "CalendarResultsCompetitor"
                      },
                      "mark": "49.77",
                      "nationality": "SWE",
                      "place": "4.",
                      "points": null,
                      "qualified": null,
                      "records": "",
                      "wind": null,
                      "remark": null,
                      "details": null,
                      "__typename": "CalendarResultsRaceResult"
                    },
                    {
                      "competitor": {
                        "teamMembers": null,
                        "id": "s7rfk8mec1jqkyrzif84u",
                        "name": "Kazuhiko YAMAZAKI",
                        "iaafId": 7870,
                        "urlSlug": "japan/kazuhiko-yamazaki-014206926",
                        "birthDate": "10 MAY 1971",
                        "hasProfile": true,
                        "__typename": "CalendarResultsCompetitor"
                      },
                      "mark": "49.97",
                      "nationality": "JPN",
                      "place": "5.",
                      "points": null,
                      "qualified": null,
                      "records": "",
                      "wind": null,
                      "remark": null,
                      "details": null,
                      "__typename": "CalendarResultsRaceResult"
                    },
                    {
                      "competitor": {
                        "teamMembers": null,
                        "id": "hp646c1h5rih22cqpcnmz",
                        "name": "Michael GR\u00dcN",
                        "iaafId": 4569,
                        "urlSlug": "germany/michael-grun-014192322",
                        "birthDate": "27 MAY 1968",
                        "hasProfile": true,
                        "__typename": "CalendarResultsCompetitor"
                      },
                      "mark": "50.30",
                      "nationality": "GER",
                      "place": "6.",
                      "points": null,
                      "qualified": null,
                      "records": "",
                      "wind": null,
                      "remark": null,
                      "details": null,
                      "__typename": "CalendarResultsRaceResult"
                    },
                    {
                      "competitor": {
                        "teamMembers": null,
                        "id": "n5xlibr6tf4yhza4gaw1q",
                        "name": "Ghulam ABBAS",
                        "iaafId": 4329,
                        "urlSlug": "pakistan/ghulam-abbas-014353658",
                        "birthDate": "19 MAR 1968",
                        "hasProfile": true,
                        "__typename": "CalendarResultsCompetitor"
                      },
                      "mark": "52.83",
                      "nationality": "PAK",
                      "place": "7.",
                      "points": null,
                      "qualified": null,
                      "records": "",
                      "wind": null,
                      "remark": null,
                      "details": null,
                      "__typename": "CalendarResultsRaceResult"
                    }
                  ],
                  "startList": null,
                  "wind": null,
                  "__typename": "CalendarResultsRace"
                },
                {
                  "date": "1991-08-25",
                  "day": 2,
                  "race": "Round 1 - Heat",
                  "raceId": 11,
                  "raceNumber": 3,
                  "results": [
                    {
                      "competitor": {
                        "teamMembers": null,
                        "id": "gswv3zvk00v0njegxs20ir",
                        "name": "Kevin YOUNG",
                        "iaafId": 3184,
                        "urlSlug": "united-states/kevin-young-014255740",
                        "birthDate": "16 SEP 1966",
                        "hasProfile": true,
                        "__typename": "CalendarResultsCompetitor"
                      },
                      "mark": "49.08",
                      "nationality": "USA",
                      "place": "1.",
                      "points": null,
                      "qualified": false,
                      "records": "",
                      "wind": null,
                      "remark": null,
                      "details": null,
                      "__typename": "CalendarResultsRaceResult"
                    },
                    {
                      "competitor": {
                        "teamMembers": null,
                        "id": "l8166qirsgc8l8vyzndha5",
                        "name": "Gideon YEGO",
                        "iaafId": 3172,
                        "urlSlug": "kenya/gideon-yego-014353749",
                        "birthDate": "06 MAY 1960",
                        "hasProfile": true,
                        "__typename": "CalendarResultsCompetitor"
                      },
                      "mark": "49.59",
                      "nationality": "KEN",
                      "place": "2.",
                      "points": null,
                      "qualified": false,
                      "records": "",
                      "wind": null,
                      "remark": null,
                      "details": null,
                      "__typename": "CalendarResultsRaceResult"
                    },
                    {
                      "competitor": {
                        "teamMembers": null,
                        "id": "bm5jmepp7bvexvbmh8wvmr",
                        "name": "Pedro Paulo CHIAMULERA",
                        "iaafId": 483,
                        "urlSlug": "brazil/pedro-paulo-chiamulera-014176177",
                        "birthDate": "29 JUN 1964",
                        "hasProfile": true,
                        "__typename": "CalendarResultsCompetitor"
                      },
                      "mark": "49.67",
                      "nationality": "BRA",
                      "place": "3.",
                      "points": null,
                      "qualified": null,
                      "records": "",
                      "wind": null,
                      "remark": null,
                      "details": null,
                      "__typename": "CalendarResultsRaceResult"
                    },
                    {
                      "competitor": {
                        "teamMembers": null,
                        "id": "es3x9gg12hakuisz7n83i8",
                        "name": "Yoshihiko SAITO",
                        "iaafId": 3785,
                        "urlSlug": "japan/yoshihiko-saito-014205476",
                        "birthDate": "12 FEB 1972",
                        "hasProfile": true,
                        "__typename": "CalendarResultsCompetitor"
                      },
                      "mark": "49.89",
                      "nationality": "JPN",
                      "place": "4.",
                      "points": null,
                      "qualified": null,
                      "records": "",
                      "wind": null,
                      "remark": null,
                      "details": null,
                      "__typename": "CalendarResultsRaceResult"
                    },
                    {
                      "competitor": {
                        "teamMembers": null,
                        "id": "6mu8hek55lkjgwvzeskx7g",
                        "name": "Alain CUYPERS",
                        "iaafId": 594,
                        "urlSlug": "belgium/alain-cuypers-014177660",
                        "birthDate": "29 NOV 1967",
                        "hasProfile": true,
                        "__typename": "CalendarResultsCompetitor"
                      },
                      "mark": "50.21",
                      "nationality": "BEL",
                      "place": "5.",
                      "points": null,
                      "qualified": null,
                      "records": "",
                      "wind": null,
                      "remark": null,
                      "details": null,
                      "__typename": "CalendarResultsRaceResult"
                    },
                    {
                      "competitor": {
                        "teamMembers": null,
                        "id": "6ysdp85goo4bnb0hrn3yx",
                        "name": "Antonio SMITH",
                        "iaafId": 7826,
                        "urlSlug": "venezuela/antonio-smith-014256243",
                        "birthDate": "01 MAR 1967",
                        "hasProfile": true,
                        "__typename": "CalendarResultsCompetitor"
                      },
                      "mark": "50.59",
                      "nationality": "VEN",
                      "place": "6.",
                      "points": null,
                      "qualified": null,
                      "records": "",
                      "wind": null,
                      "remark": null,
                      "details": null,
                      "__typename": "CalendarResultsRaceResult"
                    },
                    {
                      "competitor": {
                        "teamMembers": null,
                        "id": "qebw3e5jvw48t9yq61kyp",
                        "name": "Carsten K\u00d6HRBR\u00dcCK",
                        "iaafId": 1462,
                        "urlSlug": "germany/carsten-kohrbruck-014345664",
                        "birthDate": "26 JUN 1967",
                        "hasProfile": true,
                        "__typename": "CalendarResultsCompetitor"
                      },
                      "mark": "50.88",
                      "nationality": "GER",
                      "place": "7.",
                      "points": null,
                      "qualified": null,
                      "records": "",
                      "wind": null,
                      "remark": null,
                      "details": null,
                      "__typename": "CalendarResultsRaceResult"
                    }
                  ],
                  "startList": null,
                  "wind": null,
                  "__typename": "CalendarResultsRace"
                },
                {
                  "date": "1991-08-25",
                  "day": 2,
                  "race": "Round 1 - Heat",
                  "raceId": 11,
                  "raceNumber": 4,
                  "results": [
                    {
                      "competitor": {
                        "teamMembers": null,
                        "id": "eut6i9ibc2vg941vmzdhxk",
                        "name": "Wintrop GRAHAM",
                        "iaafId": 1013,
                        "urlSlug": "jamaica/wintrop-graham-014202024",
                        "birthDate": "17 NOV 1965",
                        "hasProfile": true,
                        "__typename": "CalendarResultsCompetitor"
                      },
                      "mark": "49.13",
                      "nationality": "JAM",
                      "place": "1.",
                      "points": null,
                      "qualified": null,
                      "records": "",
                      "wind": null,
                      "remark": null,
                      "details": null,
                      "__typename": "CalendarResultsRaceResult"
                    },
                    {
                      "competitor": {
                        "teamMembers": null,
                        "id": "b8qwapfg7rlv0he65f5n2h",
                        "name": "Sven NYLANDER",
                        "iaafId": 2096,
                        "urlSlug": "sweden/sven-nylander-014227907",
                        "birthDate": "01 JAN 1962",
                        "hasProfile": true,
                        "__typename": "CalendarResultsCompetitor"
                      },
                      "mark": "49.61",
                      "nationality": "SWE",
                      "place": "2.",
                      "points": null,
                      "qualified": null,
                      "records": "",
                      "wind": null,
                      "remark": null,
                      "details": null,
                      "__typename": "CalendarResultsRaceResult"
                    },
                    {
                      "competitor": {
                        "teamMembers": null,
                        "id": "87la7f78u9hiiedrvelkb",
                        "name": "Krasimir DEMIREV",
                        "iaafId": 677,
                        "urlSlug": "bulgaria/krasimir-demirev-014347529",
                        "birthDate": "28 AUG 1962",
                        "hasProfile": true,
                        "__typename": "CalendarResultsCompetitor"
                      },
                      "mark": "49.77",
                      "nationality": "BUL",
                      "place": "3.",
                      "points": null,
                      "qualified": null,
                      "records": "",
                      "wind": null,
                      "remark": null,
                      "details": null,
                      "__typename": "CalendarResultsRaceResult"
                    },
                    {
                      "competitor": {
                        "teamMembers": null,
                        "id": "jxw6t1rri79rahju8vto6",
                        "name": "Jozef KUCEJ",
                        "iaafId": 1530,
                        "urlSlug": "slovak-republic/jozef-kucej-14226998",
                        "birthDate": "23 MAR 1965",
                        "hasProfile": true,
                        "__typename": "CalendarResultsCompetitor"
                      },
                      "mark": "49.93",
                      "nationality": "TCH",
                      "place": "4.",
                      "points": null,
                      "qualified": null,
                      "records": "",
                      "wind": null,
                      "remark": null,
                      "details": null,
                      "__typename": "CalendarResultsRaceResult"
                    },
                    {
                      "competitor": {
                        "teamMembers": null,
                        "id": "vgcz7z2dwkkd69v7rir6ks",
                        "name": "Paolo BELLINO",
                        "iaafId": 4370,
                        "urlSlug": "italy/paolo-bellino-014199588",
                        "birthDate": "19 AUG 1969",
                        "hasProfile": true,
                        "__typename": "CalendarResultsCompetitor"
                      },
                      "mark": "50.74",
                      "nationality": "ITA",
                      "place": "5.",
                      "points": null,
                      "qualified": null,
                      "records": "",
                      "wind": null,
                      "remark": null,
                      "details": null,
                      "__typename": "CalendarResultsRaceResult"
                    },
                    {
                      "competitor": {
                        "teamMembers": null,
                        "id": "sb0aklae1galahq0854io9",
                        "name": "Ahmed Abdelhalim GHANEM",
                        "iaafId": 949,
                        "urlSlug": "egypt/ahmed-abdelhalim-ghanem-014357308",
                        "birthDate": "12 JAN 1959",
                        "hasProfile": true,
                        "__typename": "CalendarResultsCompetitor"
                      },
                      "mark": "50.98",
                      "nationality": "EGY",
                      "place": "6.",
                      "points": null,
                      "qualified": null,
                      "records": "",
                      "wind": null,
                      "remark": null,
                      "details": null,
                      "__typename": "CalendarResultsRaceResult"
                    },
                    {
                      "competitor": {
                        "teamMembers": null,
                        "id": "tw0t5slev4sqjpz7dcb7d",
                        "name": "Sylvain MOREAU",
                        "iaafId": 4801,
                        "urlSlug": "france/sylvain-moreau-014186621",
                        "birthDate": "13 JUN 1966",
                        "hasProfile": true,
                        "__typename": "CalendarResultsCompetitor"
                      },
                      "mark": "51.26",
                      "nationality": "FRA",
                      "place": "7.",
                      "points": null,
                      "qualified": null,
                      "records": "",
                      "wind": null,
                      "remark": null,
                      "details": null,
                      "__typename": "CalendarResultsRaceResult"
                    },
                    {
                      "competitor": {
                        "teamMembers": null,
                        "id": "9e3dfmzfprd2zyne8tke9a",
                        "name": "Zaid Abou HAMED",
                        "iaafId": 9085,
                        "urlSlug": "syria/zaid-abou-hamed-014228261",
                        "birthDate": "22 APR 1970",
                        "hasProfile": true,
                        "__typename": "CalendarResultsCompetitor"
                      },
                      "mark": "51.57",
                      "nationality": "SYR",
                      "place": "8.",
                      "points": null,
                      "qualified": null,
                      "records": "",
                      "wind": null,
                      "remark": null,
                      "details": null,
                      "__typename": "CalendarResultsRaceResult"
                    }
                  ],
                  "startList": null,
                  "wind": null,
                  "__typename": "CalendarResultsRace"
                },
                {
                  "date": "1991-08-25",
                  "day": 2,
                  "race": "Round 1 - Heat",
                  "raceId": 11,
                  "raceNumber": 5,
                  "results": [
                    {
                      "competitor": {
                        "teamMembers": null,
                        "id": "0c13nhthpknhw18rbikf9wa",
                        "name": "Samuel MATETE",
                        "iaafId": 1774,
                        "urlSlug": "zambia/samuel-matete-014256433",
                        "birthDate": "27 JUL 1968",
                        "hasProfile": true,
                        "__typename": "CalendarResultsCompetitor"
                      },
                      "mark": "49.13",
                      "nationality": "ZAM",
                      "place": "1.",
                      "points": null,
                      "qualified": false,
                      "records": "",
                      "wind": null,
                      "remark": null,
                      "details": null,
                      "__typename": "CalendarResultsRaceResult"
                    },
                    {
                      "competitor": {
                        "teamMembers": null,
                        "id": "76lhrh6v1hnjls6qg3mv3j",
                        "name": "Derrick ADKINS",
                        "iaafId": 4333,
                        "urlSlug": "united-states/derrick-adkins-014231024",
                        "birthDate": "02 JUL 1970",
                        "hasProfile": true,
                        "__typename": "CalendarResultsCompetitor"
                      },
                      "mark": "49.40",
                      "nationality": "USA",
                      "place": "2.",
                      "points": null,
                      "qualified": false,
                      "records": "",
                      "wind": null,
                      "remark": null,
                      "details": null,
                      "__typename": "CalendarResultsRaceResult"
                    },
                    {
                      "competitor": {
                        "teamMembers": null,
                        "id": "u1az25k502pj8bum9ogtf",
                        "name": "Shunji KARUBE",
                        "iaafId": 3784,
                        "urlSlug": "japan/shunji-karube-014203697",
                        "birthDate": "08 MAY 1969",
                        "hasProfile": true,
                        "__typename": "CalendarResultsCompetitor"
                      },
                      "mark": "49.57",
                      "nationality": "JPN",
                      "place": "3.",
                      "points": null,
                      "qualified": false,
                      "records": "",
                      "wind": null,
                      "remark": null,
                      "details": null,
                      "__typename": "CalendarResultsRaceResult"
                    },
                    {
                      "competitor": {
                        "teamMembers": null,
                        "id": "qhg4njtv7uzyphaxlo9i",
                        "name": "Domingo CORDERO",
                        "iaafId": 548,
                        "urlSlug": "puerto-rico/domingo-cordero-014218772",
                        "birthDate": "17 OCT 1965",
                        "hasProfile": true,
                        "__typename": "CalendarResultsCompetitor"
                      },
                      "mark": "49.60",
                      "nationality": "PUR",
                      "place": "4.",
                      "points": null,
                      "qualified": false,
                      "records": "",
                      "wind": null,
                      "remark": null,
                      "details": null,
                      "__typename": "CalendarResultsRaceResult"
                    },
                    {
                      "competitor": {
                        "teamMembers": null,
                        "id": "uo17pu87u0lwwkyaoo9y68",
                        "name": "Mark JACKSON",
                        "iaafId": 7772,
                        "urlSlug": "canada/mark-jackson-014174080",
                        "birthDate": "15 MAY 1969",
                        "hasProfile": true,
                        "__typename": "CalendarResultsCompetitor"
                      },
                      "mark": "50.13",
                      "nationality": "CAN",
                      "place": "5.",
                      "points": null,
                      "qualified": null,
                      "records": "",
                      "wind": null,
                      "remark": null,
                      "details": null,
                      "__typename": "CalendarResultsRaceResult"
                    },
                    {
                      "competitor": {
                        "teamMembers": null,
                        "id": "k7lmp9pvb3ajqcjip03pgi",
                        "name": "Leigh MILLER",
                        "iaafId": 1882,
                        "urlSlug": "australia/leigh-miller-014355716",
                        "birthDate": "19 AUG 1963",
                        "hasProfile": true,
                        "__typename": "CalendarResultsCompetitor"
                      },
                      "mark": "51.76",
                      "nationality": "AUS",
                      "place": "6.",
                      "points": null,
                      "qualified": null,
                      "records": "",
                      "wind": null,
                      "remark": null,
                      "details": null,
                      "__typename": "CalendarResultsRaceResult"
                    },
                    {
                      "competitor": {
                        "teamMembers": null,
                        "id": "z631gt4q6jd5ctjvsgfkc",
                        "name": "Gideon BIWOTT",
                        "iaafId": 4378,
                        "urlSlug": "kenya/gideon-biwott-014207406",
                        "birthDate": "16 JUN 1967",
                        "hasProfile": true,
                        "__typename": "CalendarResultsCompetitor"
                      },
                      "mark": "DQ",
                      "nationality": "KEN",
                      "place": "",
                      "points": null,
                      "qualified": null,
                      "records": "",
                      "wind": null,
                      "remark": null,
                      "details": null,
                      "__typename": "CalendarResultsRaceResult"
                    }
                  ],
                  "startList": null,
                  "wind": null,
                  "__typename": "CalendarResultsRace"
                }
              ],
              "__typename": "CalendarResultsEvent"
            }
          ],
          "__typename": "CalendarResultsEventTitle"
        }
      ],
      "options": {
        "days": [
          {
            "date": "24 AUG 1991",
            "day": 1,
            "__typename": "CalendarResultsOptionsDay"
          },
          {
            "date": "25 AUG 1991",
            "day": 2,
            "__typename": "CalendarResultsOptionsDay"
          },
          {
            "date": "26 AUG 1991",
            "day": 3,
            "__typename": "CalendarResultsOptionsDay"
          },
          {
            "date": "27 AUG 1991",
            "day": 4,
            "__typename": "CalendarResultsOptionsDay"
          },
          {
            "date": "29 AUG 1991",
            "day": 6,
            "__typename": "CalendarResultsOptionsDay"
          },
          {
            "date": "30 AUG 1991",
            "day": 7,
            "__typename": "CalendarResultsOptionsDay"
          },
          {
            "date": "31 AUG 1991",
            "day": 8,
            "__typename": "CalendarResultsOptionsDay"
          },
          {
            "date": "01 SEP 1991",
            "day": 9,
            "__typename": "CalendarResultsOptionsDay"
          }
        ],
        "events": [
          {
            "gender": "W",
            "id": 10229684,
            "name": "Women's 60 Metres",
            "combined": null,
            "__typename": "CalendarResultsOptionEvent"
          },
          {
            "gender": "W",
            "id": 10229509,
            "name": "Women's 100 Metres",
            "combined": null,
            "__typename": "CalendarResultsOptionEvent"
          },
          {
            "gender": "W",
            "id": 10229510,
            "name": "Women's 200 Metres",
            "combined": null,
            "__typename": "CalendarResultsOptionEvent"
          },
          {
            "gender": "W",
            "id": 10229515,
            "name": "Women's 300 Metres",
            "combined": null,
            "__typename": "CalendarResultsOptionEvent"
          },
          {
            "gender": "W",
            "id": 10229511,
            "name": "Women's 400 Metres",
            "combined": null,
            "__typename": "CalendarResultsOptionEvent"
          },
          {
            "gender": "W",
            "id": 10229512,
            "name": "Women's 800 Metres",
            "combined": null,
            "__typename": "CalendarResultsOptionEvent"
          },
          {
            "gender": "W",
            "id": 10229513,
            "name": "Women's 1500 Metres",
            "combined": null,
            "__typename": "CalendarResultsOptionEvent"
          },
          {
            "gender": "W",
            "id": 10229519,
            "name": "Women's 3000 Metres",
            "combined": null,
            "__typename": "CalendarResultsOptionEvent"
          },
          {
            "gender": "W",
            "id": 10229521,
            "name": "Women's 10,000 Metres",
            "combined": null,
            "__typename": "CalendarResultsOptionEvent"
          },
          {
            "gender": "W",
            "id": 10229522,
            "name": "Women's 100 Metres Hurdles",
            "combined": null,
            "__typename": "CalendarResultsOptionEvent"
          },
          {
            "gender": "W",
            "id": 10229523,
            "name": "Women's 400 Metres Hurdles",
            "combined": null,
            "__typename": "CalendarResultsOptionEvent"
          },
          {
            "gender": "W",
            "id": 10229526,
            "name": "Women's High Jump",
            "combined": null,
            "__typename": "CalendarResultsOptionEvent"
          },
          {
            "gender": "W",
            "id": 10229528,
            "name": "Women's Long Jump",
            "combined": null,
            "__typename": "CalendarResultsOptionEvent"
          },
          {
            "gender": "W",
            "id": 10229530,
            "name": "Women's Shot Put",
            "combined": null,
            "__typename": "CalendarResultsOptionEvent"
          },
          {
            "gender": "W",
            "id": 10229531,
            "name": "Women's Discus Throw",
            "combined": null,
            "__typename": "CalendarResultsOptionEvent"
          },
          {
            "gender": "W",
            "id": 10229596,
            "name": "Women's Javelin Throw (old)",
            "combined": null,
            "__typename": "CalendarResultsOptionEvent"
          },
          {
            "gender": "W",
            "id": 10229534,
            "name": "Women's Marathon",
            "combined": null,
            "__typename": "CalendarResultsOptionEvent"
          },
          {
            "gender": "W",
            "id": 10229547,
            "name": "Women's 10 Kilometres Race Walk",
            "combined": null,
            "__typename": "CalendarResultsOptionEvent"
          },
          {
            "gender": "W",
            "id": 10229536,
            "name": "Women's Heptathlon",
            "combined": true,
            "__typename": "CalendarResultsOptionEvent"
          },
          {
            "gender": "W",
            "id": 204594,
            "name": "Women's 4x100 Metres Relay",
            "combined": null,
            "__typename": "CalendarResultsOptionEvent"
          },
          {
            "gender": "W",
            "id": 204596,
            "name": "Women's 4x400 Metres Relay",
            "combined": null,
            "__typename": "CalendarResultsOptionEvent"
          },
          {
            "gender": "M",
            "id": 10229683,
            "name": "Men's 60 Metres",
            "combined": null,
            "__typename": "CalendarResultsOptionEvent"
          },
          {
            "gender": "M",
            "id": 10229645,
            "name": "Men's 100 Yards",
            "combined": null,
            "__typename": "CalendarResultsOptionEvent"
          },
          {
            "gender": "M",
            "id": 10229630,
            "name": "Men's 100 Metres",
            "combined": null,
            "__typename": "CalendarResultsOptionEvent"
          },
          {
            "gender": "M",
            "id": 10229605,
            "name": "Men's 200 Metres",
            "combined": null,
            "__typename": "CalendarResultsOptionEvent"
          },
          {
            "gender": "M",
            "id": 10229500,
            "name": "Men's 300 Metres",
            "combined": null,
            "__typename": "CalendarResultsOptionEvent"
          },
          {
            "gender": "M",
            "id": 10229631,
            "name": "Men's 400 Metres",
            "combined": null,
            "__typename": "CalendarResultsOptionEvent"
          },
          {
            "gender": "M",
            "id": 10229501,
            "name": "Men's 800 Metres",
            "combined": null,
            "__typename": "CalendarResultsOptionEvent"
          },
          {
            "gender": "M",
            "id": 10229502,
            "name": "Men's 1500 Metres",
            "combined": null,
            "__typename": "CalendarResultsOptionEvent"
          },
          {
            "gender": "M",
            "id": 10229607,
            "name": "Men's 3000 Metres",
            "combined": null,
            "__typename": "CalendarResultsOptionEvent"
          },
          {
            "gender": "M",
            "id": 10229609,
            "name": "Men's 5000 Metres",
            "combined": null,
            "__typename": "CalendarResultsOptionEvent"
          },
          {
            "gender": "M",
            "id": 10229610,
            "name": "Men's 10,000 Metres",
            "combined": null,
            "__typename": "CalendarResultsOptionEvent"
          },
          {
            "gender": "M",
            "id": 10229611,
            "name": "Men's 110 Metres Hurdles",
            "combined": null,
            "__typename": "CalendarResultsOptionEvent"
          },
          {
            "gender": "M",
            "id": 10229612,
            "name": "Men's 400 Metres Hurdles",
            "combined": null,
            "__typename": "CalendarResultsOptionEvent"
          },
          {
            "gender": "M",
            "id": 10229614,
            "name": "Men's 3000 Metres Steeplechase",
            "combined": null,
            "__typename": "CalendarResultsOptionEvent"
          },
          {
            "gender": "M",
            "id": 10229615,
            "name": "Men's High Jump",
            "combined": null,
            "__typename": "CalendarResultsOptionEvent"
          },
          {
            "gender": "M",
            "id": 10229616,
            "name": "Men's Pole Vault",
            "combined": null,
            "__typename": "CalendarResultsOptionEvent"
          },
          {
            "gender": "M",
            "id": 10229617,
            "name": "Men's Long Jump",
            "combined": null,
            "__typename": "CalendarResultsOptionEvent"
          },
          {
            "gender": "M",
            "id": 10229618,
            "name": "Men's Triple Jump",
            "combined": null,
            "__typename": "CalendarResultsOptionEvent"
          },
          {
            "gender": "M",
            "id": 10229619,
            "name": "Men's Shot Put",
            "combined": null,
            "__typename": "CalendarResultsOptionEvent"
          },
          {
            "gender": "M",
            "id": 10229620,
            "name": "Men's Discus Throw",
            "combined": null,
            "__typename": "CalendarResultsOptionEvent"
          },
          {
            "gender": "M",
            "id": 10229621,
            "name": "Men's Hammer Throw",
            "combined": null,
            "__typename": "CalendarResultsOptionEvent"
          },
          {
            "gender": "M",
            "id": 10229636,
            "name": "Men's Javelin Throw",
            "combined": null,
            "__typename": "CalendarResultsOptionEvent"
          },
          {
            "gender": "M",
            "id": 10229634,
            "name": "Men's Marathon",
            "combined": null,
            "__typename": "CalendarResultsOptionEvent"
          },
          {
            "gender": "M",
            "id": 10229508,
            "name": "Men's 20 Kilometres Race Walk",
            "combined": null,
            "__typename": "CalendarResultsOptionEvent"
          },
          {
            "gender": "M",
            "id": 10229628,
            "name": "Men's 50 Kilometres Race Walk",
            "combined": null,
            "__typename": "CalendarResultsOptionEvent"
          },
          {
            "gender": "M",
            "id": 10229629,
            "name": "Men's Decathlon",
            "combined": true,
            "__typename": "CalendarResultsOptionEvent"
          },
          {
            "gender": "M",
            "id": 204593,
            "name": "Men's 4x100 Metres Relay",
            "combined": null,
            "__typename": "CalendarResultsOptionEvent"
          },
          {
            "gender": "M",
            "id": 204595,
            "name": "Men's 4x400 Metres Relay",
            "combined": null,
            "__typename": "CalendarResultsOptionEvent"
          }
        ],
        "__typename": "CalendarResultsOptions"
      },
      "parameters": {
        "competitionId": 6987209,
        "day": null,
        "eventId": 10229612,
        "__typename": "CalendarResultsParameters"
      },
      "__typename": "CalendarCompetitionResults"
    }
  }
}