{
  "data": {
    "getCalendarCompetitionResults": {
      "competition": {
        "dateRange": "07\u201314 AUG 1983",
        "endDate": "1983-08-14",
        "name": "IAAF World Championships",
        "rankingCategory": "OW",
        "startDate": "1983-08-07",
        "venue": "Olympiastadion, Helsinki (FIN)",
        "__typename": "CalendarResultsCompetition"
      },
      "eventTitles": [
        {
          "rankingCategory": "OW",
          "eventTitle": null,
          "events": [
            {
              "event": "Men's Shot Put",
              "eventId": 10229619,
              "gender": "M",
              "isRelay": false,
              "perResultWind": false,
              "withWind": false,
              "summary": null,
              "races": [
                {
                  "date": "1983-08-07",
                  "day": 1,
                  "race": "Final",
                  "raceId": 10,
                  "raceNumber": 0,
                  "results": [
                    {
                      "competitor": {
                        "teamMembers": null,
                        "id": "1oxgbv8cr1fw1ovekivqvp",
                        "name": "Edward SARUL",
                        "iaafId": 7044,
                        "urlSlug": "poland/edward-sarul-014356533",
                        "birthDate": "16 NOV 1958",
                        "hasProfile": true,
                        "__typename": "CalendarResultsCompetitor"
                      },
                      "mark": "21.39",
                      "nationality": "POL",
                      "place": "1.",
                      "points": null,
                      "qualified": null,
                      "records": "",
                      "wind": null,
                      "remark": null,
                      "details": null,
                      "__typename": "CalendarResultsRaceResult"
                    },
                    {
                      "competitor": {
                        "teamMembers": null,
                        "id": "0o5f32hl40n96dai4c28v4l",
                        "name": "Ulf TIMMERMANN",
                        "iaafId": 2903,
                        "urlSlug": "germany/ulf-timmermann-014343030",
                        "birthDate": "01 NOV 1962",
                        "hasProfile": true,
                        "__typename": "CalendarResultsCompetitor"
                      },
                      "mark": "21.16",
                      "nationality": "GDR",
                      "place": "2.",
                      "points": null,
                      "qualified": null,
                      "records": "",
                      "wind": null,
                      "remark": null,
                      "details": null,
                      "__typename": "CalendarResultsRaceResult"
                    },
                    {
                      "competitor": {
                        "teamMembers": null,
                        "id": "r13j6rct1wmjbfg7g0gxd",
                        "name": "Remigius MACHURA",
                        "iaafId": 1683,
                        "urlSlug": "czech-republic/remigius-machura-14168584",
                        "birthDate": "03 JUL 1960",
                        "hasProfile": true,
                        "__typename": "CalendarResultsCompetitor"
                      },
                      "mark": "20.98",
                      "nationality": "TCH",
                      "place": "3.",
                      "points": null,
                      "qualified": null,
                      "records": "",
                      "wind": null,
                      "remark": null,
                      "details": null,
                      "__typename": "CalendarResultsRaceResult"
                    },
                    {
                      "competitor": {
                        "teamMembers": null,
                        "id": "v59xpsthf0c3znb1311x4j",
                        "name": "Dave LAUT",
                        "iaafId": 1580,
                        "urlSlug": "united-states/dave-laut-014349957",
                        "birthDate": "21 DEC 1956",
                        "hasProfile": true,
                        "__typename": "CalendarResultsCompetitor"
                      },
                      "mark": "20.60",
                      "nationality": "USA",
                      "place": "4.",
                      "points": null,
                      "qualified": null,
                      "records": "",
                      "wind": null,
                      "remark": null,
                      "details": null,
                      "__typename": "CalendarResultsRaceResult"
                    },
                    {
                      "competitor": {
                        "teamMembers": null,
                        "id": "b1ba9y7afgn6q2j6jgx3a",
                        "name": "J\u0101nis BOJ\u0100RS",
                        "iaafId": 295,
                        "urlSlug": "ussr/janis-bojars-014355294",
                        "birthDate": "12 MAY 1956",
                        "hasProfile": true,
                        "__typename": "CalendarResultsCompetitor"
                      },
                      "mark": "20.32",
                      "nationality": "URS",
                      "place": "5.",
                      "points": null,
                      "qualified": null,
                      "records": "",
                      "wind": null,
                      "remark": null,
                      "details": null,
                      "__typename": "CalendarResultsRaceResult"
                    },
                    {
                      "competitor": {
                        "teamMembers": null,
                        "id": "nexvlyzj7msl8rten3og7s",
                        "name": "Udo BEYER",
                        "iaafId": 257,
                        "urlSlug": "germany/udo-beyer-014348116",
                        "birthDate": "09 AUG 1955",
                        "hasProfile": true,
                        "__typename": "CalendarResultsCompetitor"
                      },
                      "mark": "20.09",
                      "nationality": "GDR",
                      "place": "6.",
                      "points": null,
                      "qualified": null,
                      "records": "",
                      "wind": null,
                      "remark": null,
                      "details": null,
                      "__typename": "CalendarResultsRaceResult"
                    },
                    {
                      "competitor": {
                        "teamMembers": null,
                        "id": "gzew6esllr9m0q6fwp799l",
                        "name": "Alessandro ANDREI",
                        "iaafId": 79,
                        "urlSlug": "italy/alessandro-andrei-014199461",
                        "birthDate": "03 JAN 1959",
                        "hasProfile": true,
                        "__typename": "CalendarResultsCompetitor"
                      },
                      "mark": "20.07",
                      "nationality": "ITA",
                      "place": "7.",
                      "points": null,
                      "qualified": null,
                      "records": "",
                      "wind": null,
                      "remark": null,
                      "details": null,
                      "__typename": "CalendarResultsRaceResult"
                    },
                    {
                      "competitor": {
                        "teamMembers": null,
                        "id": "yfdeu7artmrp3r13fsfr",
                        "name": "Aulis AKONNIEMI",
                        "iaafId": 20781,
                        "urlSlug": "finland/aulis-akonniemi-014345647",
                        "birthDate": "16 DEC 1958",
                        "hasProfile": true,
                        "__typename": "CalendarResultsCompetitor"
                      },
                      "mark": "19.85",
                      "nationality": "FIN",
                      "place": "8.",
                      "points": null,
                      "qualified": null,
                      "records": "",
                      "wind": null,
                      "remark": null,
                      "details": null,
                      "__typename": "CalendarResultsRaceResult"
                    },
                    {
                      "competitor": {
                        "teamMembers": null,
                        "id": "hvs5p2lja1c0np3l6mzhs3",
                        "name": "Vladimir MILI\u0106",
                        "iaafId": 6522,
                        "urlSlug": "yugoslavia/vladimir-milic-014350201",
                        "birthDate": "23 OCT 1955",
                        "hasProfile": true,
                        "__typename": "CalendarResultsCompetitor"
                      },
                      "mark": "19.71",
                      "nationality": "YUG",
                      "place": "9.",
                      "points": null,
                      "qualified": null,
                      "records": "",
                      "wind": null,
                      "remark": null,
                      "details": null,
                      "__typename": "CalendarResultsRaceResult"
                    },
                    {
                      "competitor": {
                        "teamMembers": null,
                        "id": "at0qoomgajmw7x0malwx4",
                        "name": "Mike LEHMANN",
                        "iaafId": 139153,
                        "urlSlug": "united-states/mike-lehmann-014350577",
                        "birthDate": "11 MAR 1960",
                        "hasProfile": true,
                        "__typename": "CalendarResultsCompetitor"
                      },
                      "mark": "19.69",
                      "nationality": "USA",
                      "place": "10.",
                      "points": null,
                      "qualified": null,
                      "records": "",
                      "wind": null,
                      "remark": null,
                      "details": null,
                      "__typename": "CalendarResultsRaceResult"
                    },
                    {
                      "competitor": {
                        "teamMembers": null,
                        "id": "ag3nc34v3cnsaikvgl0qy",
                        "name": "Josef KUBE\u0160",
                        "iaafId": 139155,
                        "urlSlug": "czechoslovakia/josef-kubes-14343641",
                        "birthDate": "02 SEP 1957",
                        "hasProfile": true,
                        "__typename": "CalendarResultsCompetitor"
                      },
                      "mark": "19.67",
                      "nationality": "TCH",
                      "place": "11.",
                      "points": null,
                      "qualified": null,
                      "records": "",
                      "wind": null,
                      "remark": null,
                      "details": null,
                      "__typename": "CalendarResultsRaceResult"
                    },
                    {
                      "competitor": {
                        "teamMembers": null,
                        "id": "7adh233cjj3xskfas0kqwm",
                        "name": "Ivan IVAN\u010cI\u0106",
                        "iaafId": 139154,
                        "urlSlug": "yugoslavia/ivan-ivancic-014356475",
                        "birthDate": "06 DEC 1937",
                        "hasProfile": true,
                        "__typename": "CalendarResultsCompetitor"
                      },
                      "mark": "19.52",
                      "nationality": "YUG",
                      "place": "12.",
                      "points": null,
                      "qualified": null,
                      "records": "",
                      "wind": null,
                      "remark": null,
                      "details": null,
                      "__typename": "CalendarResultsRaceResult"
                    }
                  ],
                  "startList": null,
                  "wind": null,
                  "__typename": "CalendarResultsRace"
                },
                {
                  "date": "1983-08-07",
                  "day": 1,
                  "race": "Qualification - Group",
                  "raceId": 71,
                  "raceNumber": 1,
                  "results": [
                    {
                      "competitor": {
                        "teamMembers": null,
                        "id": "7d7303eqvlikv18hnvhgpb",
                        "name": "Dave LAUT",
                        "iaafId": 1580,
                        "urlSlug": "united-states/dave-laut-014349957",
                        "birthDate": "21 DEC 1956",
                        "hasProfile": true,
                        "__typename": "CalendarResultsCompetitor"
                      },
                      "mark": "21.08",
                      "nationality": "USA",
                      "place": "1.",
                      "points": null,
                      "qualified": null,
                      "records": "",
                      "wind": null,
                      "remark": null,
                      "details": null,
                      "__typename": "CalendarResultsRaceResult"
                    },
                    {
                      "competitor": {
                        "teamMembers": null,
                        "id": "q4fkodv6a5rvngtjunvdj",
                        "name": "Remigius MACHURA",
                        "iaafId": 1683,
                        "urlSlug": "czech-republic/remigius-machura-14168584",
                        "birthDate": "03 JUL 1960",
                        "hasProfile": true,
                        "__typename": "CalendarResultsCompetitor"
                      },
                      "mark": "20.67",
                      "nationality": "TCH",
                      "place": "2.",
                      "points": null,
                      "qualified": null,
                      "records": "",
                      "wind": null,
                      "remark": null,
                      "details": null,
                      "__typename": "CalendarResultsRaceResult"
                    },
                    {
                      "competitor": {
                        "teamMembers": null,
                        "id": "mfrti05qmukgo990oiwxt9",
                        "name": "Ulf TIMMERMANN",
                        "iaafId": 2903,
                        "urlSlug": "germany/ulf-timmermann-014343030",
                        "birthDate": "01 NOV 1962",
                        "hasProfile": true,
                        "__typename": "CalendarResultsCompetitor"
                      },
                      "mark": "20.10",
                      "nationality": "GDR",
                      "place": "3.",
                      "points": null,
                      "qualified": null,
                      "records": "",
                      "wind": null,
                      "remark": null,
                      "details": null,
                      "__typename": "CalendarResultsRaceResult"
                    },
                    {
                      "competitor": {
                        "teamMembers": null,
                        "id": "nyh7ymbh5ph1p321wc7u5w",
                        "name": "J\u0101nis BOJ\u0100RS",
                        "iaafId": 295,
                        "urlSlug": "ussr/janis-bojars-014355294",
                        "birthDate": "12 MAY 1956",
                        "hasProfile": true,
                        "__typename": "CalendarResultsCompetitor"
                      },
                      "mark": "20.04",
                      "nationality": "URS",
                      "place": "4.",
                      "points": null,
                      "qualified": null,
                      "records": "",
                      "wind": null,
                      "remark": null,
                      "details": null,
                      "__typename": "CalendarResultsRaceResult"
                    },
                    {
                      "competitor": {
                        "teamMembers": null,
                        "id": "g3rbtebbn04aqc7yo420af",
                        "name": "Vladimir MILI\u0106",
                        "iaafId": 6522,
                        "urlSlug": "yugoslavia/vladimir-milic-014350201",
                        "birthDate": "23 OCT 1955",
                        "hasProfile": true,
                        "__typename": "CalendarResultsCompetitor"
                      },
                      "mark": "19.66",
                      "nationality": "YUG",
                      "place": "5.",
                      "points": null,
                      "qualified": null,
                      "records": "",
                      "wind": null,
                      "remark": null,
                      "details": null,
                      "__typename": "CalendarResultsRaceResult"
                    },
                    {
                      "competitor": {
                        "teamMembers": null,
                        "id": "mdagfx8vdw9bx671eg1slv",
                        "name": "Aulis AKONNIEMI",
                        "iaafId": 20781,
                        "urlSlug": "finland/aulis-akonniemi-014345647",
                        "birthDate": "16 DEC 1958",
                        "hasProfile": true,
                        "__typename": "CalendarResultsCompetitor"
                      },
                      "mark": "19.65",
                      "nationality": "FIN",
                      "place": "6.",
                      "points": null,
                      "qualified": null,
                      "records": "",
                      "wind": null,
                      "remark": null,
                      "details": null,
                      "__typename": "CalendarResultsRaceResult"
                    },
                    {
                      "competitor": {
                        "teamMembers": null,
                        "id": "5ei4aol6s53smc0m28evvj",
                        "name": "Alessandro ANDREI",
                        "iaafId": 79,
                        "urlSlug": "italy/alessandro-andrei-014199461",
                        "birthDate": "03 JAN 1959",
                        "hasProfile": true,
                        "__typename": "CalendarResultsCompetitor"
                      },
                      "mark": "19.57",
                      "nationality": "ITA",
                      "place": "7.",
                      "points": null,
                      "qualified": null,
                      "records": "",
                      "wind": null,
                      "remark": null,
                      "details": null,
                      "__typename": "CalendarResultsRaceResult"
                    },
                    {
                      "competitor": {
                        "teamMembers": null,
                        "id": "48kgej9rqkoy9uplc5hab",
                        "name": "Bishop DOLEGIEWICZ",
                        "iaafId": 5712,
                        "urlSlug": "canada/bishop-dolegiewicz-014359295",
                        "birthDate": "08 JUL 1953",
                        "hasProfile": true,
                        "__typename": "CalendarResultsCompetitor"
                      },
                      "mark": "18.68",
                      "nationality": "CAN",
                      "place": "8.",
                      "points": null,
                      "qualified": null,
                      "records": "",
                      "wind": null,
                      "remark": null,
                      "details": null,
                      "__typename": "CalendarResultsRaceResult"
                    },
                    {
                      "competitor": {
                        "teamMembers": null,
                        "id": "y64gs3h64i9loc8exsxqud",
                        "name": "Ahmed Kamel SHATTA",
                        "iaafId": 5569,
                        "urlSlug": "egypt/ahmed-kamel-shatta-014344701",
                        "birthDate": "23 JAN 1961",
                        "hasProfile": true,
                        "__typename": "CalendarResultsCompetitor"
                      },
                      "mark": "16.73",
                      "nationality": "EGY",
                      "place": "9.",
                      "points": null,
                      "qualified": null,
                      "records": "",
                      "wind": null,
                      "remark": null,
                      "details": null,
                      "__typename": "CalendarResultsRaceResult"
                    },
                    {
                      "competitor": {
                        "teamMembers": null,
                        "id": "uoubx3mdijlpkdkqehw0j",
                        "name": "Adnan HOURI",
                        "iaafId": 6035,
                        "urlSlug": "syria/adnan-houri-014550445",
                        "birthDate": "13 FEB 1955",
                        "hasProfile": true,
                        "__typename": "CalendarResultsCompetitor"
                      },
                      "mark": "NM",
                      "nationality": "SYR",
                      "place": "",
                      "points": null,
                      "qualified": null,
                      "records": "",
                      "wind": null,
                      "remark": null,
                      "details": null,
                      "__typename": "CalendarResultsRaceResult"
                    }
                  ],
                  "startList": null,
                  "wind": null,
                  "__typename": "CalendarResultsRace"
                },
                {
                  "date": "1983-08-07",
                  "day": 1,
                  "race": "Qualification - Group",
                  "raceId": 71,
                  "raceNumber": 2,
                  "results": [
                    {
                      "competitor": {
                        "teamMembers": null,
                        "id": "o7pyz0vlwyholx875ie4",
                        "name": "Edward SARUL",
                        "iaafId": 7044,
                        "urlSlug": "poland/edward-sarul-014356533",
                        "birthDate": "16 NOV 1958",
                        "hasProfile": true,
                        "__typename": "CalendarResultsCompetitor"
                      },
                      "mark": "20.82",
                      "nationality": "POL",
                      "place": "1.",
                      "points": null,
                      "qualified": null,
                      "records": "",
                      "wind": null,
                      "remark": null,
                      "details": null,
                      "__typename": "CalendarResultsRaceResult"
                    },
                    {
                      "competitor": {
                        "teamMembers": null,
                        "id": "0sa8iclxhyk8l80nj8kl2v",
                        "name": "Udo BEYER",
                        "iaafId": 257,
                        "urlSlug": "germany/udo-beyer-014348116",
                        "birthDate": "09 AUG 1955",
                        "hasProfile": true,
                        "__typename": "CalendarResultsCompetitor"
                      },
                      "mark": "20.29",
                      "nationality": "GDR",
                      "place": "2.",
                      "points": null,
                      "qualified": null,
                      "records": "",
                      "wind": null,
                      "remark": null,
                      "details": null,
                      "__typename": "CalendarResultsRaceResult"
                    },
                    {
                      "competitor": {
                        "teamMembers": null,
                        "id": "1d0wweoof964y5l8dzicxj",
                        "name": "Mike LEHMANN",
                        "iaafId": 139153,
                        "urlSlug": "united-states/mike-lehmann-014350577",
                        "birthDate": "11 MAR 1960",
                        "hasProfile": true,
                        "__typename": "CalendarResultsCompetitor"
                      },
                      "mark": "19.88",
                      "nationality": "USA",
                      "place": "3.",
                      "points": null,
                      "qualified": null,
                      "records": "",
                      "wind": null,
                      "remark": null,
                      "details": null,
                      "__typename": "CalendarResultsRaceResult"
                    },
                    {
                      "competitor": {
                        "teamMembers": null,
                        "id": "5v7njd5kxu3tsvvfq5n1wb",
                        "name": "Ivan IVAN\u010cI\u0106",
                        "iaafId": 139154,
                        "urlSlug": "yugoslavia/ivan-ivancic-014356475",
                        "birthDate": "06 DEC 1937",
                        "hasProfile": true,
                        "__typename": "CalendarResultsCompetitor"
                      },
                      "mark": "19.74",
                      "nationality": "YUG",
                      "place": "4.",
                      "points": null,
                      "qualified": null,
                      "records": "",
                      "wind": null,
                      "remark": null,
                      "details": null,
                      "__typename": "CalendarResultsRaceResult"
                    },
                    {
                      "competitor": {
                        "teamMembers": null,
                        "id": "vogfnpuve1onrj4h3fcpu",
                        "name": "Josef KUBE\u0160",
                        "iaafId": 139155,
                        "urlSlug": "czechoslovakia/josef-kubes-14343641",
                        "birthDate": "02 SEP 1957",
                        "hasProfile": true,
                        "__typename": "CalendarResultsCompetitor"
                      },
                      "mark": "19.73",
                      "nationality": "TCH",
                      "place": "5.",
                      "points": null,
                      "qualified": null,
                      "records": "",
                      "wind": null,
                      "remark": null,
                      "details": null,
                      "__typename": "CalendarResultsRaceResult"
                    },
                    {
                      "competitor": {
                        "teamMembers": null,
                        "id": "7ie955950sqmsf6a6wu5ub",
                        "name": "Kevin AKINS",
                        "iaafId": 137224,
                        "urlSlug": "united-states/kevin-akins-014349752",
                        "birthDate": "27 JAN 1960",
                        "hasProfile": true,
                        "__typename": "CalendarResultsCompetitor"
                      },
                      "mark": "19.48",
                      "nationality": "USA",
                      "place": "6.",
                      "points": null,
                      "qualified": null,
                      "records": "",
                      "wind": null,
                      "remark": null,
                      "details": null,
                      "__typename": "CalendarResultsRaceResult"
                    },
                    {
                      "competitor": {
                        "teamMembers": null,
                        "id": "hqun7j8x356pewcexht8u",
                        "name": "Erwin WEITZL",
                        "iaafId": 139156,
                        "urlSlug": "austria/erwin-weitzl-014351152",
                        "birthDate": "17 JUL 1960",
                        "hasProfile": true,
                        "__typename": "CalendarResultsCompetitor"
                      },
                      "mark": "19.23",
                      "nationality": "AUT",
                      "place": "7.",
                      "points": null,
                      "qualified": null,
                      "records": "",
                      "wind": null,
                      "remark": null,
                      "details": null,
                      "__typename": "CalendarResultsRaceResult"
                    },
                    {
                      "competitor": {
                        "teamMembers": null,
                        "id": "k2emm596gclbavito7dx",
                        "name": "Werner G\u00dcNTH\u00d6R",
                        "iaafId": 1060,
                        "urlSlug": "switzerland/werner-gunthor-014226080",
                        "birthDate": "01 JUN 1961",
                        "hasProfile": true,
                        "__typename": "CalendarResultsCompetitor"
                      },
                      "mark": "19.18",
                      "nationality": "SUI",
                      "place": "8.",
                      "points": null,
                      "qualified": null,
                      "records": "",
                      "wind": null,
                      "remark": null,
                      "details": null,
                      "__typename": "CalendarResultsRaceResult"
                    },
                    {
                      "competitor": {
                        "teamMembers": null,
                        "id": "jruknav5ccbzfy72m7g6md",
                        "name": "Bruno PAULETTO",
                        "iaafId": 16167,
                        "urlSlug": "canada/bruno-pauletto-014350954",
                        "birthDate": "21 JAN 1954",
                        "hasProfile": true,
                        "__typename": "CalendarResultsCompetitor"
                      },
                      "mark": "18.32",
                      "nationality": "CAN",
                      "place": "9.",
                      "points": null,
                      "qualified": null,
                      "records": "",
                      "wind": null,
                      "remark": null,
                      "details": null,
                      "__typename": "CalendarResultsRaceResult"
                    },
                    {
                      "competitor": {
                        "teamMembers": null,
                        "id": "j90n74nwazuy989srs9up",
                        "name": "Sergey SMIRNOV",
                        "iaafId": 2694,
                        "urlSlug": "russia/sergey-smirnov-014224076",
                        "birthDate": "17 SEP 1960",
                        "hasProfile": true,
                        "__typename": "CalendarResultsCompetitor"
                      },
                      "mark": "18.03",
                      "nationality": "URS",
                      "place": "10.",
                      "points": null,
                      "qualified": null,
                      "records": "",
                      "wind": null,
                      "remark": null,
                      "details": null,
                      "__typename": "CalendarResultsRaceResult"
                    }
                  ],
                  "startList": null,
                  "wind": null,
                  "__typename": "CalendarResultsRace"
                }
              ],
              "__typename": "CalendarResultsEvent"
            }
          ],
          "__typename": "CalendarResultsEventTitle"
        },
        {
          "rankingCategory": "OW",
          "eventTitle": "Combined Events",
          "events": [
            {
              "event": "Men's Shot Put",
              "eventId": 10229619,
              "gender": "M",
              "isRelay": false,
              "perResultWind": false,
              "withWind": false,
              "summary": [
                {
                  "competitor": {
                    "teamMembers": null,
                    "id": "14344538",
                    "name": "Steffen GRUMMT",
                    "iaafId": 20798,
                    "urlSlug": "german-dem-rep/steffen-grummt-014344538",
                    "birthDate": "05 SEP 1959",
                    "__typename": "CalendarResultsCompetitor"
                  },
                  "mark": "16.14",
                  "nationality": "GDR",
                  "placeInRace": "2.",
                  "placeInRound": "2.",
                  "points": 860,
                  "raceNumber": 0,
                  "records": "",
                  "wind": null,
                  "__typename": "CalendarResultsSummary"
                },
                {
                  "competitor": {
                    "teamMembers": null,
                    "id": "14355805",
                    "name": "J\u00fcrgen HINGSEN",
                    "iaafId": 20792,
                    "urlSlug": "fed-rep-german/jurgen-hingsen-014355805",
                    "birthDate": "15 APR 1958",
                    "__typename": "CalendarResultsCompetitor"
                  },
                  "mark": "15.66",
                  "nationality": "FRG",
                  "placeInRace": "3.",
                  "placeInRound": "3.",
                  "points": 830,
                  "raceNumber": 0,
                  "records": "",
                  "wind": null,
                  "__typename": "CalendarResultsSummary"
                },
                {
                  "competitor": {
                    "teamMembers": null,
                    "id": "14355218",
                    "name": "Daley THOMPSON",
                    "iaafId": 7575,
                    "urlSlug": "great-britain-ni/daley-thompson-014355218",
                    "birthDate": "30 JUL 1958",
                    "__typename": "CalendarResultsCompetitor"
                  },
                  "mark": "15.35",
                  "nationality": "GBR",
                  "placeInRace": "4.",
                  "placeInRound": "4.",
                  "points": 811,
                  "raceNumber": 0,
                  "records": "",
                  "wind": null,
                  "__typename": "CalendarResultsSummary"
                },
                {
                  "competitor": {
                    "teamMembers": null,
                    "id": "14357839",
                    "name": "Uwe FREIMUTH",
                    "iaafId": 7518,
                    "urlSlug": "german-dem-rep/uwe-freimuth-014357839",
                    "birthDate": "10 SEP 1961",
                    "__typename": "CalendarResultsCompetitor"
                  },
                  "mark": "15.25",
                  "nationality": "GDR",
                  "placeInRace": "5.",
                  "placeInRound": "5.",
                  "points": 805,
                  "raceNumber": 0,
                  "records": "",
                  "wind": null,
                  "__typename": "CalendarResultsSummary"
                },
                {
                  "competitor": {
                    "teamMembers": null,
                    "id": "14343032",
                    "name": "Siegfried WENTZ",
                    "iaafId": 5064,
                    "urlSlug": "fed-rep-german/siegfried-wentz-014343032",
                    "birthDate": "07 MAR 1960",
                    "__typename": "CalendarResultsCompetitor"
                  },
                  "mark": "15.11",
                  "nationality": "FRG",
                  "placeInRace": "6.",
                  "placeInRound": "6.",
                  "points": 796,
                  "raceNumber": 0,
                  "records": "",
                  "wind": null,
                  "__typename": "CalendarResultsSummary"
                },
                {
                  "competitor": {
                    "teamMembers": null,
                    "id": "14351604",
                    "name": "Grigoriy DEGTYARYOV",
                    "iaafId": 7512,
                    "urlSlug": "ussr/grigoriy-degtyaryov-014351604",
                    "birthDate": "16 AUG 1958",
                    "__typename": "CalendarResultsCompetitor"
                  },
                  "mark": "15.03",
                  "nationality": "URS",
                  "placeInRace": "7.",
                  "placeInRound": "7.",
                  "points": 792,
                  "raceNumber": 0,
                  "records": "",
                  "wind": null,
                  "__typename": "CalendarResultsSummary"
                },
                {
                  "competitor": {
                    "teamMembers": null,
                    "id": "14356411",
                    "name": "Guido KRATSCHMER",
                    "iaafId": 7532,
                    "urlSlug": "fed-rep-german/guido-kratschmer-014356411",
                    "birthDate": "10 JAN 1953",
                    "__typename": "CalendarResultsCompetitor"
                  },
                  "mark": "14.99",
                  "nationality": "FRG",
                  "placeInRace": "8.",
                  "placeInRound": "8.",
                  "points": 789,
                  "raceNumber": 0,
                  "records": "",
                  "wind": null,
                  "__typename": "CalendarResultsSummary"
                },
                {
                  "competitor": {
                    "teamMembers": null,
                    "id": "14352414",
                    "name": "Aleksandr NEVSKIY",
                    "iaafId": 20795,
                    "urlSlug": "ussr/aleksandr-nevskiy-014352414",
                    "birthDate": "21 FEB 1958",
                    "__typename": "CalendarResultsCompetitor"
                  },
                  "mark": "14.90",
                  "nationality": "URS",
                  "placeInRace": "9.",
                  "placeInRound": "9.",
                  "points": 784,
                  "raceNumber": 0,
                  "records": "",
                  "wind": null,
                  "__typename": "CalendarResultsSummary"
                },
                {
                  "competitor": {
                    "teamMembers": null,
                    "id": "14346661",
                    "name": "Stefan NIKLAUS",
                    "iaafId": 6714,
                    "urlSlug": "switzerland/stefan-niklaus-014346661",
                    "birthDate": "17 APR 1958",
                    "__typename": "CalendarResultsCompetitor"
                  },
                  "mark": "14.88",
                  "nationality": "SUI",
                  "placeInRace": "10.",
                  "placeInRound": "10.",
                  "points": 782,
                  "raceNumber": 0,
                  "records": "",
                  "wind": null,
                  "__typename": "CalendarResultsSummary"
                },
                {
                  "competitor": {
                    "teamMembers": null,
                    "id": "14559788",
                    "name": "Conny SILFVER",
                    "iaafId": 139226,
                    "urlSlug": "sweden/conny-silfver-014559788",
                    "birthDate": "18 OCT 1957",
                    "__typename": "CalendarResultsCompetitor"
                  },
                  "mark": "14.80",
                  "nationality": "SWE",
                  "placeInRace": "11.",
                  "placeInRound": "11.",
                  "points": 777,
                  "raceNumber": 0,
                  "records": "",
                  "wind": null,
                  "__typename": "CalendarResultsSummary"
                },
                {
                  "competitor": {
                    "teamMembers": null,
                    "id": "14559787",
                    "name": "Martin MACHURA",
                    "iaafId": 139225,
                    "urlSlug": "czechoslovakia/martin-machura-14559787",
                    "birthDate": "19 FEB 1958",
                    "__typename": "CalendarResultsCompetitor"
                  },
                  "mark": "14.45",
                  "nationality": "TCH",
                  "placeInRace": "12.",
                  "placeInRound": "12.",
                  "points": 756,
                  "raceNumber": 0,
                  "records": "",
                  "wind": null,
                  "__typename": "CalendarResultsSummary"
                },
                {
                  "competitor": {
                    "teamMembers": null,
                    "id": "14343751",
                    "name": "Torsten VOSS",
                    "iaafId": 5054,
                    "urlSlug": "germany/torsten-voss-014343751",
                    "birthDate": "24 MAR 1963",
                    "__typename": "CalendarResultsCompetitor"
                  },
                  "mark": "14.12",
                  "nationality": "GDR",
                  "placeInRace": "13.",
                  "placeInRound": "13.",
                  "points": 736,
                  "raceNumber": 0,
                  "records": "",
                  "wind": null,
                  "__typename": "CalendarResultsSummary"
                },
                {
                  "competitor": {
                    "teamMembers": null,
                    "id": "14559791",
                    "name": "Harri SUNDELL",
                    "iaafId": 139228,
                    "urlSlug": "finland/harri-sundell-014559791",
                    "birthDate": "03 JUN 1953",
                    "__typename": "CalendarResultsCompetitor"
                  },
                  "mark": "13.95",
                  "nationality": "FIN",
                  "placeInRace": "14.",
                  "placeInRound": "14.",
                  "points": 725,
                  "raceNumber": 0,
                  "records": "",
                  "wind": null,
                  "__typename": "CalendarResultsSummary"
                },
                {
                  "competitor": {
                    "teamMembers": null,
                    "id": "14559789",
                    "name": "Thrainn HAFSTEINSSON",
                    "iaafId": 5958,
                    "urlSlug": "iceland/thrainn-hafsteinsson-014559789",
                    "birthDate": "06 SEP 1957",
                    "__typename": "CalendarResultsCompetitor"
                  },
                  "mark": "13.80",
                  "nationality": "ISL",
                  "placeInRace": "15.",
                  "placeInRound": "15.",
                  "points": 716,
                  "raceNumber": 0,
                  "records": "",
                  "wind": null,
                  "__typename": "CalendarResultsSummary"
                },
                {
                  "competitor": {
                    "teamMembers": null,
                    "id": "14349256",
                    "name": "Dariusz LUDWIG",
                    "iaafId": 139224,
                    "urlSlug": "poland/dariusz-ludwig-014349256",
                    "birthDate": "25 FEB 1955",
                    "__typename": "CalendarResultsCompetitor"
                  },
                  "mark": "13.77",
                  "nationality": "POL",
                  "placeInRace": "16.",
                  "placeInRound": "16.",
                  "points": 714,
                  "raceNumber": 0,
                  "records": "",
                  "wind": null,
                  "__typename": "CalendarResultsSummary"
                },
                {
                  "competitor": {
                    "teamMembers": null,
                    "id": "14359388",
                    "name": "Konstantin AKHAPKIN",
                    "iaafId": 7496,
                    "urlSlug": "ussr/konstantin-akhapkin-014359388",
                    "birthDate": "19 JAN 1956",
                    "__typename": "CalendarResultsCompetitor"
                  },
                  "mark": "13.73",
                  "nationality": "URS",
                  "placeInRace": "17.",
                  "placeInRound": "17.",
                  "points": 712,
                  "raceNumber": 0,
                  "records": "",
                  "wind": null,
                  "__typename": "CalendarResultsSummary"
                },
                {
                  "competitor": {
                    "teamMembers": null,
                    "id": "14348097",
                    "name": "Mark ANDERSON",
                    "iaafId": 13676,
                    "urlSlug": "united-states/mark-anderson-014348097",
                    "birthDate": "03 NOV 1958",
                    "__typename": "CalendarResultsCompetitor"
                  },
                  "mark": "13.61",
                  "nationality": "USA",
                  "placeInRace": "18.",
                  "placeInRound": "18.",
                  "points": 704,
                  "raceNumber": 0,
                  "records": "",
                  "wind": null,
                  "__typename": "CalendarResultsSummary"
                },
                {
                  "competitor": {
                    "teamMembers": null,
                    "id": "14550120",
                    "name": "Trond SKRAMSTAD",
                    "iaafId": 7128,
                    "urlSlug": "norway/trond-skramstad-014550120",
                    "birthDate": "06 DEC 1960",
                    "__typename": "CalendarResultsCompetitor"
                  },
                  "mark": "13.53",
                  "nationality": "NOR",
                  "placeInRace": "19.",
                  "placeInRound": "19.",
                  "points": 700,
                  "raceNumber": 0,
                  "records": "",
                  "wind": null,
                  "__typename": "CalendarResultsSummary"
                },
                {
                  "competitor": {
                    "teamMembers": null,
                    "id": "14525388",
                    "name": "Jo\u0161ko VLA\u0160I\u0106",
                    "iaafId": 8496,
                    "urlSlug": "yugoslavia/josko-vlasic-014525388",
                    "birthDate": "22 JUL 1956",
                    "__typename": "CalendarResultsCompetitor"
                  },
                  "mark": "13.33",
                  "nationality": "YUG",
                  "placeInRace": "20.",
                  "placeInRound": "20.",
                  "points": 687,
                  "raceNumber": 0,
                  "records": "",
                  "wind": null,
                  "__typename": "CalendarResultsSummary"
                },
                {
                  "competitor": {
                    "teamMembers": null,
                    "id": "14524650",
                    "name": "Claudio ESCAURIZA",
                    "iaafId": 5769,
                    "urlSlug": "paraguay/claudio-escauriza-014524650",
                    "birthDate": "03 MAY 1958",
                    "__typename": "CalendarResultsCompetitor"
                  },
                  "mark": "13.23",
                  "nationality": "PAR",
                  "placeInRace": "21.",
                  "placeInRound": "21.",
                  "points": 681,
                  "raceNumber": 0,
                  "records": "",
                  "wind": null,
                  "__typename": "CalendarResultsSummary"
                },
                {
                  "competitor": {
                    "teamMembers": null,
                    "id": "14372667",
                    "name": "John CRIST",
                    "iaafId": 139229,
                    "urlSlug": "united-states/john-crist-014372667",
                    "birthDate": "28 AUG 1954",
                    "__typename": "CalendarResultsCompetitor"
                  },
                  "mark": "12.89",
                  "nationality": "USA",
                  "placeInRace": "22.",
                  "placeInRound": "22.",
                  "points": 661,
                  "raceNumber": 0,
                  "records": "",
                  "wind": null,
                  "__typename": "CalendarResultsSummary"
                },
                {
                  "competitor": {
                    "teamMembers": null,
                    "id": "14213842",
                    "name": "Robert DE WIT",
                    "iaafId": 4468,
                    "urlSlug": "netherlands/robert-de-wit-014213842",
                    "birthDate": "07 AUG 1962",
                    "__typename": "CalendarResultsCompetitor"
                  },
                  "mark": "12.73",
                  "nationality": "NED",
                  "placeInRace": "23.",
                  "placeInRound": "23.",
                  "points": 651,
                  "raceNumber": 0,
                  "records": "",
                  "wind": null,
                  "__typename": "CalendarResultsSummary"
                },
                {
                  "competitor": {
                    "teamMembers": null,
                    "id": "14559790",
                    "name": "Niulolo PELESIKOTI",
                    "iaafId": 139227,
                    "urlSlug": "tonga/niulolo-pelesikoti-014559790",
                    "birthDate": "1959",
                    "__typename": "CalendarResultsCompetitor"
                  },
                  "mark": "10.76",
                  "nationality": "TGA",
                  "placeInRace": "24.",
                  "placeInRound": "24.",
                  "points": 531,
                  "raceNumber": 0,
                  "records": "",
                  "wind": null,
                  "__typename": "CalendarResultsSummary"
                },
                {
                  "competitor": {
                    "teamMembers": null,
                    "id": "14387395",
                    "name": "Mahour Ahmed BACHA",
                    "iaafId": 6404,
                    "urlSlug": "algeria/mahour-ahmed-bacha-014387395",
                    "birthDate": "16 JUN 1961",
                    "__typename": "CalendarResultsCompetitor"
                  },
                  "mark": "DNS",
                  "nationality": "ALG",
                  "placeInRace": "",
                  "placeInRound": "",
                  "points": null,
                  "raceNumber": 0,
                  "records": "",
                  "wind": null,
                  "__typename": "CalendarResultsSummary"
                },
                {
                  "competitor": {
                    "teamMembers": null,
                    "id": "14550124",
                    "name": "\u00c1ngel D\u00cdAZ",
                    "iaafId": 5695,
                    "urlSlug": "guatemala/angel-diaz-014550124",
                    "birthDate": "29 OCT 1961",
                    "__typename": "CalendarResultsCompetitor"
                  },
                  "mark": "8.98",
                  "nationality": "GUA",
                  "placeInRace": "",
                  "placeInRound": "",
                  "points": 425,
                  "raceNumber": 0,
                  "records": "",
                  "wind": null,
                  "__typename": "CalendarResultsSummary"
                }
              ],
              "races": [
                {
                  "date": "1983-08-12",
                  "day": 6,
                  "race": "Combined - Group",
                  "raceId": 14,
                  "raceNumber": 0,
                  "results": [
                    {
                      "competitor": {
                        "teamMembers": null,
                        "id": "14344538",
                        "name": "Steffen GRUMMT",
                        "iaafId": 20798,
                        "urlSlug": "german-dem-rep/steffen-grummt-014344538",
                        "birthDate": "05 SEP 1959",
                        "hasProfile": true,
                        "__typename": "CalendarResultsCompetitor"
                      },
                      "mark": "16.14",
                      "nationality": "GDR",
                      "place": "2.",
                      "points": 860,
                      "qualified": null,
                      "records": "",
                      "wind": null,
                      "remark": null,
                      "details": null,
                      "__typename": "CalendarResultsRaceResult"
                    },
                    {
                      "competitor": {
                        "teamMembers": null,
                        "id": "14355805",
                        "name": "J\u00fcrgen HINGSEN",
                        "iaafId": 20792,
                        "urlSlug": "fed-rep-german/jurgen-hingsen-014355805",
                        "birthDate": "15 APR 1958",
                        "hasProfile": true,
                        "__typename": "CalendarResultsCompetitor"
                      },
                      "mark": "15.66",
                      "nationality": "FRG",
                      "place": "3.",
                      "points": 830,
                      "qualified": null,
                      "records": "",
                      "wind": null,
                      "remark": null,
                      "details": null,
                      "__typename": "CalendarResultsRaceResult"
                    },
                    {
                      "competitor": {
                        "teamMembers": null,
                        "id": "14355218",
                        "name": "Daley THOMPSON",
                        "iaafId": 7575,
                        "urlSlug": "great-britain-ni/daley-thompson-014355218",
                        "birthDate": "30 JUL 1958",
                        "hasProfile": true,
                        "__typename": "CalendarResultsCompetitor"
                      },
                      "mark": "15.35",
                      "nationality": "GBR",
                      "place": "4.",
                      "points": 811,
                      "qualified": null,
                      "records": "",
                      "wind": null,
                      "remark": null,
                      "details": null,
                      "__typename": "CalendarResultsRaceResult"
                    },
                    {
                      "competitor": {
                        "teamMembers": null,
                        "id": "14357839",
                        "name": "Uwe FREIMUTH",
                        "iaafId": 7518,
                        "urlSlug": "german-dem-rep/uwe-freimuth-014357839",
                        "birthDate": "10 SEP 1961",
                        "hasProfile": true,
                        "__typename": "CalendarResultsCompetitor"
                      },
                      "mark": "15.25",
                      "nationality": "GDR",
                      "place": "5.",
                      "points": 805,
                      "qualified": null,
                      "records": "",
                      "wind": null,
                      "remark": null,
                      "details": null,
                      "__typename": "CalendarResultsRaceResult"
                    },
                    {
                      "competitor": {
                        "teamMembers": null,
                        "id": "14343032",
                        "name": "Siegfried WENTZ",
                        "iaafId": 5064,
                        "urlSlug": "fed-rep-german/siegfried-wentz-014343032",
                        "birthDate": "07 MAR 1960",
                        "hasProfile": true,
                        "__typename": "CalendarResultsCompetitor"
                      },
                      "mark": "15.11",
                      "nationality": "FRG",
                      "place": "6.",
                      "points": 796,
                      "qualified": null,
                      "records": "",
                      "wind": null,
                      "remark": null,
                      "details": null,
                      "__typename": "CalendarResultsRaceResult"
                    },
                    {
                      "competitor": {
                        "teamMembers": null,
                        "id": "14351604",
                        "name": "Grigoriy DEGTYARYOV",
                        "iaafId": 7512,
                        "urlSlug": "ussr/grigoriy-degtyaryov-014351604",
                        "birthDate": "16 AUG 1958",
                        "hasProfile": true,
                        "__typename": "CalendarResultsCompetitor"
                      },
                      "mark": "15.03",
                      "nationality": "URS",
                      "place": "7.",
                      "points": 792,
                      "qualified": null,
                      "records": "",
                      "wind": null,
                      "remark": null,
                      "details": null,
                      "__typename": "CalendarResultsRaceResult"
                    },
                    {
                      "competitor": {
                        "teamMembers": null,
                        "id": "14356411",
                        "name": "Guido KRATSCHMER",
                        "iaafId": 7532,
                        "urlSlug": "fed-rep-german/guido-kratschmer-014356411",
                        "birthDate": "10 JAN 1953",
                        "hasProfile": true,
                        "__typename": "CalendarResultsCompetitor"
                      },
                      "mark": "14.99",
                      "nationality": "FRG",
                      "place": "8.",
                      "points": 789,
                      "qualified": null,
                      "records": "",
                      "wind": null,
                      "remark": null,
                      "details": null,
                      "__typename": "CalendarResultsRaceResult"
                    },
                    {
                      "competitor": {
                        "teamMembers": null,
                        "id": "14352414",
                        "name": "Aleksandr NEVSKIY",
                        "iaafId": 20795,
                        "urlSlug": "ussr/aleksandr-nevskiy-014352414",
                        "birthDate": "21 FEB 1958",
                        "hasProfile": true,
                        "__typename": "CalendarResultsCompetitor"
                      },
                      "mark": "14.90",
                      "nationality": "URS",
                      "place": "9.",
                      "points": 784,
                      "qualified": null,
                      "records": "",
                      "wind": null,
                      "remark": null,
                      "details": null,
                      "__typename": "CalendarResultsRaceResult"
                    },
                    {
                      "competitor": {
                        "teamMembers": null,
                        "id": "14346661",
                        "name": "Stefan NIKLAUS",
                        "iaafId": 6714,
                        "urlSlug": "switzerland/stefan-niklaus-014346661",
                        "birthDate": "17 APR 1958",
                        "hasProfile": true,
                        "__typename": "CalendarResultsCompetitor"
                      },
                      "mark": "14.88",
                      "nationality": "SUI",
                      "place": "10.",
                      "points": 782,
                      "qualified": null,
                      "records": "",
                      "wind": null,
                      "remark": null,
                      "details": null,
                      "__typename": "CalendarResultsRaceResult"
                    },
                    {
                      "competitor": {
                        "teamMembers": null,
                        "id": "14559788",
                        "name": "Conny SILFVER",
                        "iaafId": 139226,
                        "urlSlug": "sweden/conny-silfver-014559788",
                        "birthDate": "18 OCT 1957",
                        "hasProfile": true,
                        "__typename": "CalendarResultsCompetitor"
                      },
                      "mark": "14.80",
                      "nationality": "SWE",
                      "place": "11.",
                      "points": 777,
                      "qualified": null,
                      "records": "",
                      "wind": null,
                      "remark": null,
                      "details": null,
                      "__typename": "CalendarResultsRaceResult"
                    },
                    {
                      "competitor": {
                        "teamMembers": null,
                        "id": "14559787",
                        "name": "Martin MACHURA",
                        "iaafId": 139225,
                        "urlSlug": "czechoslovakia/martin-machura-14559787",
                        "birthDate": "19 FEB 1958",
                        "hasProfile": true,
                        "__typename": "CalendarResultsCompetitor"
                      },
                      "mark": "14.45",
                      "nationality": "TCH",
                      "place": "12.",
                      "points": 756,
                      "qualified": null,
                      "records": "",
                      "wind": null,
                      "remark": null,
                      "details": null,
                      "__typename": "CalendarResultsRaceResult"
                    },
                    {
                      "competitor": {
                        "teamMembers": null,
                        "id": "14343751",
                        "name": "Torsten VOSS",
                        "iaafId": 5054,
                        "urlSlug": "germany/torsten-voss-014343751",
                        "birthDate": "24 MAR 1963",
                        "hasProfile": true,
                        "__typename": "CalendarResultsCompetitor"
                      },
                      "mark": "14.12",
                      "nationality": "GDR",
                      "place": "13.",
                      "points": 736,
                      "qualified": null,
                      "records": "",
                      "wind": null,
                      "remark": null,
                      "details": null,
                      "__typename": "CalendarResultsRaceResult"
                    },
                    {
                      "competitor": {
                        "teamMembers": null,
                        "id": "14559791",
                        "name": "Harri SUNDELL",
                        "iaafId": 139228,
                        "urlSlug": "finland/harri-sundell-014559791",
                        "birthDate": "03 JUN 1953",
                        "hasProfile": true,
                        "__typename": "CalendarResultsCompetitor"
                      },
                      "mark": "13.95",
                      "nationality": "FIN",
                      "place": "14.",
                      "points": 725,
                      "qualified": null,
                      "records": "",
                      "wind": null,
                      "remark": null,
                      "details": null,
                      "__typename": "CalendarResultsRaceResult"
                    },
                    {
                      "competitor": {
                        "teamMembers": null,
                        "id": "14559789",
                        "name": "Thrainn HAFSTEINSSON",
                        "iaafId": 5958,
                        "urlSlug": "iceland/thrainn-hafsteinsson-014559789",
                        "birthDate": "06 SEP 1957",
                        "hasProfile": true,
                        "__typename": "CalendarResultsCompetitor"
                      },
                      "mark": "13.80",
                      "nationality": "ISL",
                      "place": "15.",
                      "points": 716,
                      "qualified": null,
                      "records": "",
                      "wind": null,
                      "remark": null,
                      "details": null,
                      "__typename": "CalendarResultsRaceResult"
                    },
                    {
                      "competitor": {
                        "teamMembers": null,
                        "id": "14349256",
                        "name": "Dariusz LUDWIG",
                        "iaafId": 139224,
                        "urlSlug": "poland/dariusz-ludwig-014349256",
                        "birthDate": "25 FEB 1955",
                        "hasProfile": true,
                        "__typename": "CalendarResultsCompetitor"
                      },
                      "mark": "13.77",
                      "nationality": "POL",
                      "place": "16.",
                      "points": 714,
                      "qualified": null,
                      "records": "",
                      "wind": null,
                      "remark": null,
                      "details": null,
                      "__typename": "CalendarResultsRaceResult"
                    },
                    {
                      "competitor": {
                        "teamMembers": null,
                        "id": "14359388",
                        "name": "Konstantin AKHAPKIN",
                        "iaafId": 7496,
                        "urlSlug": "ussr/konstantin-akhapkin-014359388",
                        "birthDate": "19 JAN 1956",
                        "hasProfile": true,
                        "__typename": "CalendarResultsCompetitor"
                      },
                      "mark": "13.73",
                      "nationality": "URS",
                      "place": "17.",
                      "points": 712,
                      "qualified": null,
                      "records": "",
                      "wind": null,
                      "remark": null,
                      "details": null,
                      "__typename": "CalendarResultsRaceResult"
                    },
                    {
                      "competitor": {
                        "teamMembers": null,
                        "id": "14348097",
                        "name": "Mark ANDERSON",
                        "iaafId": 13676,
                        "urlSlug": "united-states/mark-anderson-014348097",
                        "birthDate": "03 NOV 1958",
                        "hasProfile": true,
                        "__typename": "CalendarResultsCompetitor"
                      },
                      "mark": "13.61",
                      "nationality": "USA",
                      "place": "18.",
                      "points": 704,
                      "qualified": null,
                      "records": "",
                      "wind": null,
                      "remark": null,
                      "details": null,
                      "__typename": "CalendarResultsRaceResult"
                    },
                    {
                      "competitor": {
                        "teamMembers": null,
                        "id": "14550120",
                        "name": "Trond SKRAMSTAD",
                        "iaafId": 7128,
                        "urlSlug": "norway/trond-skramstad-014550120",
                        "birthDate": "06 DEC 1960",
                        "hasProfile": true,
                        "__typename": "CalendarResultsCompetitor"
                      },
                      "mark": "13.53",
                      "nationality": "NOR",
                      "place": "19.",
                      "points": 700,
                      "qualified": null,
                      "records": "",
                      "wind": null,
                      "remark": null,
                      "details": null,
                      "__typename": "CalendarResultsRaceResult"
                    },
                    {
                      "competitor": {
                        "teamMembers": null,
                        "id": "14525388",
                        "name": "Jo\u0161ko VLA\u0160I\u0106",
                        "iaafId": 8496,
                        "urlSlug": "yugoslavia/josko-vlasic-014525388",
                        "birthDate": "22 JUL 1956",
                        "hasProfile": true,
                        "__typename": "CalendarResultsCompetitor"
                      },
                      "mark": "13.33",
                      "nationality": "YUG",
                      "place": "20.",
                      "points": 687,
                      "qualified": null,
                      "records": "",
                      "wind": null,
                      "remark": null,
                      "details": null,
                      "__typename": "CalendarResultsRaceResult"
                    },
                    {
                      "competitor": {
                        "teamMembers": null,
                        "id": "14524650",
                        "name": "Claudio ESCAURIZA",
                        "iaafId": 5769,
                        "urlSlug": "paraguay/claudio-escauriza-014524650",
                        "birthDate": "03 MAY 1958",
                        "hasProfile": true,
                        "__typename": "CalendarResultsCompetitor"
                      },
                      "mark": "13.23",
                      "nationality": "PAR",
                      "place": "21.",
                      "points": 681,
                      "qualified": null,
                      "records": "",
                      "wind": null,
                      "remark": null,
                      "details": null,
                      "__typename": "CalendarResultsRaceResult"
                    },
                    {
                      "competitor": {
                        "teamMembers": null,
                        "id": "14372667",
                        "name": "John CRIST",
                        "iaafId": 139229,
                        "urlSlug": "united-states/john-crist-014372667",
                        "birthDate": "28 AUG 1954",
                        "hasProfile": true,
                        "__typename": "CalendarResultsCompetitor"
                      },
                      "mark": "12.89",
                      "nationality": "USA",
                      "place": "22.",
                      "points": 661,
                      "qualified": null,
                      "records": "",
                      "wind": null,
                      "remark": null,
                      "details": null,
                      "__typename": "CalendarResultsRaceResult"
                    },
                    {
                      "competitor": {
                        "teamMembers": null,
                        "id": "14213842",
                        "name": "Robert DE WIT",
                        "iaafId": 4468,
                        "urlSlug": "netherlands/robert-de-wit-014213842",
                        "birthDate": "07 AUG 1962",
                        "hasProfile": true,
                        "__typename": "CalendarResultsCompetitor"
                      },
                      "mark": "12.73",
                      "nationality": "NED",
                      "place": "23.",
                      "points": 651,
                      "qualified": null,
                      "records": "",
                      "wind": null,
                      "remark": null,
                      "details": null,
                      "__typename": "CalendarResultsRaceResult"
                    },
                    {
                      "competitor": {
                        "teamMembers": null,
                        "id": "14559790",
                        "name": "Niulolo PELESIKOTI",
                        "iaafId": 139227,
                        "urlSlug": "tonga/niulolo-pelesikoti-014559790",
                        "birthDate": "1959",
                        "hasProfile": true,
                        "__typename": "CalendarResultsCompetitor"
                      },
                      "mark": "10.76",
                      "nationality": "TGA",
                      "place": "24.",
                      "points": 531,
                      "qualified": null,
                      "records": "",
                      "wind": null,
                      "remark": null,
                      "details": null,
                      "__typename": "CalendarResultsRaceResult"
                    },
                    {
                      "competitor": {
                        "teamMembers": null,
                        "id": "14387395",
                        "name": "Mahour Ahmed BACHA",
                        "iaafId": 6404,
                        "urlSlug": "algeria/mahour-ahmed-bacha-014387395",
                        "birthDate": "16 JUN 1961",
                        "hasProfile": true,
                        "__typename": "CalendarResultsCompetitor"
                      },
                      "mark": "DNS",
                      "nationality": "ALG",
                      "place": "",
                      "points": null,
                      "qualified": null,
                      "records": "",
                      "wind": null,
                      "remark": null,
                      "details": null,
                      "__typename": "CalendarResultsRaceResult"
                    },
                    {
                      "competitor": {
                        "teamMembers": null,
                        "id": "14550124",
                        "name": "\u00c1ngel D\u00cdAZ",
                        "iaafId": 5695,
                        "urlSlug": "guatemala/angel-diaz-014550124",
                        "birthDate": "29 OCT 1961",
                        "hasProfile": true,
                        "__typename": "CalendarResultsCompetitor"
                      },
                      "mark": "8.98",
                      "nationality": "GUA",
                      "place": "",
                      "points": 425,
                      "qualified": null,
                      "records": "",
                      "wind": null,
                      "remark": null,
                      "details": null,
                      "__typename": "CalendarResultsRaceResult"
                    }
                  ],
                  "startList": null,
                  "wind": null,
                  "__typename": "CalendarResultsRace"
                }
              ],
              "__typename": "CalendarResultsEvent"
            }
          ],
          "__typename": "CalendarResultsEventTitle"
        }
      ],
      "options": {
        "days": [
          {
            "date": "07 AUG 1983",
            "day": 1,
            "__typename": "CalendarResultsOptionsDay"
          },
          {
            "date": "08 AUG 1983",
            "day": 2,
            "__typename": "CalendarResultsOptionsDay"
          },
          {
            "date": "09 AUG 1983",
            "day": 3,
            "__typename": "CalendarResultsOptionsDay"
          },
          {
            "date": "10 AUG 1983",
            "day": 4,
            "__typename": "CalendarResultsOptionsDay"
          },
          {
            "date": "12 AUG 1983",
            "day": 6,
            "__typename": "CalendarResultsOptionsDay"
          },
          {
            "date": "13 AUG 1983",
            "day": 7,
            "__typename": "CalendarResultsOptionsDay"
          },
          {
            "date": "14 AUG 1983",
            "day": 8,
            "__typename": "CalendarResultsOptionsDay"
          }
        ],
        "events": [
          {
            "gender": "W",
            "id": 10229509,
            "name": "Women's 100 Metres",
            "combined": null,
            "__typename": "CalendarResultsOptionEvent"
          },
          {
            "gender": "W",
            "id": 10229510,
            "name": "Women's 200 Metres",
            "combined": null,
            "__typename": "CalendarResultsOptionEvent"
          },
          {
            "gender": "W",
            "id": 10229515,
            "name": "Women's 300 Metres",
            "combined": null,
            "__typename": "CalendarResultsOptionEvent"
          },
          {
            "gender": "W",
            "id": 10229511,
            "name": "Women's 400 Metres",
            "combined": null,
            "__typename": "CalendarResultsOptionEvent"
          },
          {
            "gender": "W",
            "id": 10229512,
            "name": "Women's 800 Metres",
            "combined": null,
            "__typename": "CalendarResultsOptionEvent"
          },
          {
            "gender": "W",
            "id": 10229513,
            "name": "Women's 1500 Metres",
            "combined": null,
            "__typename": "CalendarResultsOptionEvent"
          },
          {
            "gender": "W",
            "id": 10229519,
            "name": "Women's 3000 Metres",
            "combined": null,
            "__typename": "CalendarResultsOptionEvent"
          },
          {
            "gender": "W",
            "id": 10229522,
            "name": "Women's 100 Metres Hurdles",
            "combined": null,
            "__typename": "CalendarResultsOptionEvent"
          },
          {
            "gender": "W",
            "id": 10229523,
            "name": "Women's 400 Metres Hurdles",
            "combined": null,
            "__typename": "CalendarResultsOptionEvent"
          },
          {
            "gender": "W",
            "id": 10229526,
            "name": "Women's High Jump",
            "combined": null,
            "__typename": "CalendarResultsOptionEvent"
          },
          {
            "gender": "W",
            "id": 10229528,
            "name": "Women's Long Jump",
            "combined": null,
            "__typename": "CalendarResultsOptionEvent"
          },
          {
            "gender": "W",
            "id": 10229530,
            "name": "Women's Shot Put",
            "combined": null,
            "__typename": "CalendarResultsOptionEvent"
          },
          {
            "gender": "W",
            "id": 10229531,
            "name": "Women's Discus Throw",
            "combined": null,
            "__typename": "CalendarResultsOptionEvent"
          },
          {
            "gender": "W",
            "id": 10229596,
            "name": "Women's Javelin Throw (old)",
            "combined": null,
            "__typename": "CalendarResultsOptionEvent"
          },
          {
            "gender": "W",
            "id": 10229534,
            "name": "Women's Marathon",
            "combined": null,
            "__typename": "CalendarResultsOptionEvent"
          },
          {
            "gender": "W",
            "id": 10229536,
            "name": "Women's Heptathlon",
            "combined": true,
            "__typename": "CalendarResultsOptionEvent"
          },
          {
            "gender": "W",
            "id": 204594,
            "name": "Women's 4x100 Metres Relay",
            "combined": null,
            "__typename": "CalendarResultsOptionEvent"
          },
          {
            "gender": "W",
            "id": 204596,
            "name": "Women's 4x400 Metres Relay",
            "combined": null,
            "__typename": "CalendarResultsOptionEvent"
          },
          {
            "gender": "M",
            "id": 10229630,
            "name": "Men's 100 Metres",
            "combined": null,
            "__typename": "CalendarResultsOptionEvent"
          },
          {
            "gender": "M",
            "id": 10229605,
            "name": "Men's 200 Metres",
            "combined": null,
            "__typename": "CalendarResultsOptionEvent"
          },
          {
            "gender": "M",
            "id": 10229631,
            "name": "Men's 400 Metres",
            "combined": null,
            "__typename": "CalendarResultsOptionEvent"
          },
          {
            "gender": "M",
            "id": 10229501,
            "name": "Men's 800 Metres",
            "combined": null,
            "__typename": "CalendarResultsOptionEvent"
          },
          {
            "gender": "M",
            "id": 10229502,
            "name": "Men's 1500 Metres",
            "combined": null,
            "__typename": "CalendarResultsOptionEvent"
          },
          {
            "gender": "M",
            "id": 10229609,
            "name": "Men's 5000 Metres",
            "combined": null,
            "__typename": "CalendarResultsOptionEvent"
          },
          {
            "gender": "M",
            "id": 10229610,
            "name": "Men's 10,000 Metres",
            "combined": null,
            "__typename": "CalendarResultsOptionEvent"
          },
          {
            "gender": "M",
            "id": 10229611,
            "name": "Men's 110 Metres Hurdles",
            "combined": null,
            "__typename": "CalendarResultsOptionEvent"
          },
          {
            "gender": "M",
            "id": 10229612,
            "name": "Men's 400 Metres Hurdles",
            "combined": null,
            "__typename": "CalendarResultsOptionEvent"
          },
          {
            "gender": "M",
            "id": 10229614,
            "name": "Men's 3000 Metres Steeplechase",
            "combined": null,
            "__typename": "CalendarResultsOptionEvent"
          },
          {
            "gender": "M",
            "id": 10229615,
            "name": "Men's High Jump",
            "combined": null,
            "__typename": "CalendarResultsOptionEvent"
          },
          {
            "gender": "M",
            "id": 10229616,
            "name": "Men's Pole Vault",
            "combined": null,
            "__typename": "CalendarResultsOptionEvent"
          },
          {
            "gender": "M",
            "id": 10229617,
            "name": "Men's Long Jump",
            "combined": null,
            "__typename": "CalendarResultsOptionEvent"
          },
          {
            "gender": "M",
            "id": 10229618,
            "name": "Men's Triple Jump",
            "combined": null,
            "__typename": "CalendarResultsOptionEvent"
          },
          {
            "gender": "M",
            "id": 10229619,
            "name": "Men's Shot Put",
            "combined": null,
            "__typename": "CalendarResultsOptionEvent"
          },
          {
            "gender": "M",
            "id": 10229620,
            "name": "Men's Discus Throw",
            "combined": null,
            "__typename": "CalendarResultsOptionEvent"
          },
          {
            "gender": "M",
            "id": 10229621,
            "name": "Men's Hammer Throw",
            "combined": null,
            "__typename": "CalendarResultsOptionEvent"
          },
          {
            "gender": "M",
            "id": 10229685,
            "name": "Men's Javelin Throw (old)",
            "combined": null,
            "__typename": "CalendarResultsOptionEvent"
          },
          {
            "gender": "M",
            "id": 10229634,
            "name": "Men's Marathon",
            "combined": null,
            "__typename": "CalendarResultsOptionEvent"
          },
          {
            "gender": "M",
            "id": 10229508,
            "name": "Men's 20 Kilometres Race Walk",
            "combined": null,
            "__typename": "CalendarResultsOptionEvent"
          },
          {
            "gender": "M",
            "id": 10229628,
            "name": "Men's 50 Kilometres Race Walk",
            "combined": null,
            "__typename": "CalendarResultsOptionEvent"
          },
          {
            "gender": "M",
            "id": 10229820,
            "name": "Men's Decathlon (62-84)",
            "combined": true,
            "__typename": "CalendarResultsOptionEvent"
          },
          {
            "gender": "M",
            "id": 10230027,
            "name": "Men's Decathlon (-1985)",
            "combined": true,
            "__typename": "CalendarResultsOptionEvent"
          },
          {
            "gender": "M",
            "id": 204593,
            "name": "Men's 4x100 Metres Relay",
            "combined": null,
            "__typename": "CalendarResultsOptionEvent"
          },
          {
            "gender": "M",
            "id": 204595,
            "name": "Men's 4x400 Metres Relay",
            "combined": null,
            "__typename": "CalendarResultsOptionEvent"
          }
        ],
        "__typename": "CalendarResultsOptions"
      },
      "parameters": {
        "competitionId": 6988504,
        "day": null,
        "eventId": 10229619,
        "__typename": "CalendarResultsParameters"
      },
      "__typename": "CalendarCompetitionResults"
    }
  }
}