{
  "data": {
    "getCalendarCompetitionResults": {
      "competition": {
        "dateRange": "07\u201314 AUG 1983",
        "endDate": "1983-08-14",
        "name": "IAAF World Championships",
        "rankingCategory": "OW",
        "startDate": "1983-08-07",
        "venue": "Olympiastadion, Helsinki (FIN)",
        "__typename": "CalendarResultsCompetition"
      },
      "eventTitles": [
        {
          "rankingCategory": "OW",
          "eventTitle": null,
          "events": [
            {
              "event": "Men's Triple Jump",
              "eventId": 10229618,
              "gender": "M",
              "isRelay": false,
              "perResultWind": true,
              "withWind": true,
              "summary": null,
              "races": [
                {
                  "date": "1983-08-08",
                  "day": 2,
                  "race": "Final",
                  "raceId": 10,
                  "raceNumber": 0,
                  "results": [
                    {
                      "competitor": {
                        "teamMembers": null,
                        "id": "ezu801al9162nstkfxcnrt",
                        "name": "Zdzis\u0142aw HOFFMANN",
                        "iaafId": 4608,
                        "urlSlug": "poland/zdzislaw-hoffmann-014356901",
                        "birthDate": "27 AUG 1959",
                        "hasProfile": true,
                        "__typename": "CalendarResultsCompetitor"
                      },
                      "mark": "17.42",
                      "nationality": "POL",
                      "place": "1.",
                      "points": null,
                      "qualified": null,
                      "records": "",
                      "wind": "+0.6",
                      "remark": null,
                      "details": null,
                      "__typename": "CalendarResultsRaceResult"
                    },
                    {
                      "competitor": {
                        "teamMembers": null,
                        "id": "n5inqzzx9wgrxwjscg7qa",
                        "name": "Willie BANKS",
                        "iaafId": 171,
                        "urlSlug": "united-states/willie-banks-014357995",
                        "birthDate": "11 MAR 1956",
                        "hasProfile": true,
                        "__typename": "CalendarResultsCompetitor"
                      },
                      "mark": "17.18",
                      "nationality": "USA",
                      "place": "2.",
                      "points": null,
                      "qualified": null,
                      "records": "",
                      "wind": "+0.4",
                      "remark": null,
                      "details": null,
                      "__typename": "CalendarResultsRaceResult"
                    },
                    {
                      "competitor": {
                        "teamMembers": null,
                        "id": "n3ip5d47t1cd8j1nzllg45",
                        "name": "Ajayi AGBEBAKU",
                        "iaafId": 5198,
                        "urlSlug": "nigeria/ajayi-agbebaku-014352217",
                        "birthDate": "06 DEC 1956",
                        "hasProfile": true,
                        "__typename": "CalendarResultsCompetitor"
                      },
                      "mark": "17.18",
                      "nationality": "NGR",
                      "place": "3.",
                      "points": null,
                      "qualified": null,
                      "records": "",
                      "wind": "+1.4",
                      "remark": null,
                      "details": null,
                      "__typename": "CalendarResultsRaceResult"
                    },
                    {
                      "competitor": {
                        "teamMembers": null,
                        "id": "l2ltka72rwb6gxt0p3wgr",
                        "name": "Mike CONLEY",
                        "iaafId": 532,
                        "urlSlug": "united-states/mike-conley-014235199",
                        "birthDate": "05 OCT 1962",
                        "hasProfile": true,
                        "__typename": "CalendarResultsCompetitor"
                      },
                      "mark": "17.13",
                      "nationality": "USA",
                      "place": "4.",
                      "points": null,
                      "qualified": null,
                      "records": "",
                      "wind": "+1.6",
                      "remark": null,
                      "details": null,
                      "__typename": "CalendarResultsRaceResult"
                    },
                    {
                      "competitor": {
                        "teamMembers": null,
                        "id": "a52x5w7qic7q2e6tr14osf",
                        "name": "Vlastimil MARINEC",
                        "iaafId": 20777,
                        "urlSlug": "czechoslovakia/vlastimil-marinec-14357492",
                        "birthDate": "09 JAN 1957",
                        "hasProfile": true,
                        "__typename": "CalendarResultsCompetitor"
                      },
                      "mark": "17.13",
                      "nationality": "TCH",
                      "place": "5.",
                      "points": null,
                      "qualified": null,
                      "records": "",
                      "wind": "0.0",
                      "remark": null,
                      "details": null,
                      "__typename": "CalendarResultsRaceResult"
                    },
                    {
                      "competitor": {
                        "teamMembers": null,
                        "id": "8q2u25gyazgw5xcnh0f9sr",
                        "name": "J\u00e1n \u010cADO",
                        "iaafId": 8391,
                        "urlSlug": "slovak-republic/jan-cado-14359037",
                        "birthDate": "07 MAY 1963",
                        "hasProfile": true,
                        "__typename": "CalendarResultsCompetitor"
                      },
                      "mark": "17.06",
                      "nationality": "TCH",
                      "place": "6.",
                      "points": null,
                      "qualified": null,
                      "records": "",
                      "wind": "+1.4",
                      "remark": null,
                      "details": null,
                      "__typename": "CalendarResultsRaceResult"
                    },
                    {
                      "competitor": {
                        "teamMembers": null,
                        "id": "4cj6rfpekxmbid4mexocn",
                        "name": "B\u00e9la BAKOSI",
                        "iaafId": 160,
                        "urlSlug": "hungary/bela-bakosi-014344276",
                        "birthDate": "18 JUN 1957",
                        "hasProfile": true,
                        "__typename": "CalendarResultsCompetitor"
                      },
                      "mark": "16.83",
                      "nationality": "HUN",
                      "place": "7.",
                      "points": null,
                      "qualified": null,
                      "records": "",
                      "wind": "0.0",
                      "remark": null,
                      "details": null,
                      "__typename": "CalendarResultsRaceResult"
                    },
                    {
                      "competitor": {
                        "teamMembers": null,
                        "id": "5r9mne610ql8itsjwr2bla",
                        "name": "Al JOYNER",
                        "iaafId": 20778,
                        "urlSlug": "united-states/al-joyner-014344637",
                        "birthDate": "19 JAN 1960",
                        "hasProfile": true,
                        "__typename": "CalendarResultsCompetitor"
                      },
                      "mark": "16.76",
                      "nationality": "USA",
                      "place": "8.",
                      "points": null,
                      "qualified": null,
                      "records": "",
                      "wind": "+0.2",
                      "remark": null,
                      "details": null,
                      "__typename": "CalendarResultsRaceResult"
                    },
                    {
                      "competitor": {
                        "teamMembers": null,
                        "id": "yzhk0htsiigjg3z15r01uq",
                        "name": "Peter BOUSCHEN",
                        "iaafId": 315,
                        "urlSlug": "fed-rep-german/peter-bouschen-014355882",
                        "birthDate": "16 MAY 1960",
                        "hasProfile": true,
                        "__typename": "CalendarResultsCompetitor"
                      },
                      "mark": "16.70",
                      "nationality": "FRG",
                      "place": "9.",
                      "points": null,
                      "qualified": null,
                      "records": "",
                      "wind": "+1.8",
                      "remark": null,
                      "details": null,
                      "__typename": "CalendarResultsRaceResult"
                    },
                    {
                      "competitor": {
                        "teamMembers": null,
                        "id": "9isiwohc34cob4dgvrlu",
                        "name": "Gennadiy VALYUKEVICH",
                        "iaafId": 9798,
                        "urlSlug": "ussr/gennadiy-valyukevich-014355191",
                        "birthDate": "01 JUN 1958",
                        "hasProfile": true,
                        "__typename": "CalendarResultsCompetitor"
                      },
                      "mark": "16.41",
                      "nationality": "URS",
                      "place": "10.",
                      "points": null,
                      "qualified": null,
                      "records": "",
                      "wind": "+2.6",
                      "remark": null,
                      "details": null,
                      "__typename": "CalendarResultsRaceResult"
                    },
                    {
                      "competitor": {
                        "teamMembers": null,
                        "id": "10l5nuyqhzpazwzwh39don",
                        "name": "Bedros BEDROSIAN",
                        "iaafId": 5399,
                        "urlSlug": "romania/bedros-bedrosian-014349318",
                        "birthDate": "21 MAY 1955",
                        "hasProfile": true,
                        "__typename": "CalendarResultsCompetitor"
                      },
                      "mark": "16.18",
                      "nationality": "ROU",
                      "place": "11.",
                      "points": null,
                      "qualified": null,
                      "records": "",
                      "wind": "+0.3",
                      "remark": null,
                      "details": null,
                      "__typename": "CalendarResultsRaceResult"
                    },
                    {
                      "competitor": {
                        "teamMembers": null,
                        "id": "o55x9ce2wt9npr1euoeula",
                        "name": "Steve HANNA",
                        "iaafId": 136562,
                        "urlSlug": "bahamas/steve-hanna-014345841",
                        "birthDate": "30 OCT 1958",
                        "hasProfile": true,
                        "__typename": "CalendarResultsCompetitor"
                      },
                      "mark": "14.96",
                      "nationality": "BAH",
                      "place": "12.",
                      "points": null,
                      "qualified": null,
                      "records": "",
                      "wind": "-1.0",
                      "remark": null,
                      "details": null,
                      "__typename": "CalendarResultsRaceResult"
                    },
                    {
                      "competitor": {
                        "teamMembers": null,
                        "id": "lbfop5i4uztz1a8n0agmn",
                        "name": "Gennadiy VALYUKEVICH",
                        "iaafId": 9798,
                        "urlSlug": "ussr/gennadiy-valyukevich-014355191",
                        "birthDate": "01 JUN 1958",
                        "hasProfile": true,
                        "__typename": "CalendarResultsCompetitor"
                      },
                      "mark": "16.33",
                      "nationality": "URS",
                      "place": "",
                      "points": null,
                      "qualified": null,
                      "records": "",
                      "wind": "+0.3",
                      "remark": null,
                      "details": null,
                      "__typename": "CalendarResultsRaceResult"
                    }
                  ],
                  "startList": null,
                  "wind": null,
                  "__typename": "CalendarResultsRace"
                },
                {
                  "date": "1983-08-07",
                  "day": 1,
                  "race": "Qualification - Group",
                  "raceId": 71,
                  "raceNumber": 1,
                  "results": [
                    {
                      "competitor": {
                        "teamMembers": null,
                        "id": "oodoyfq3b1b7bnsgme12n7",
                        "name": "Ajayi AGBEBAKU",
                        "iaafId": 5198,
                        "urlSlug": "nigeria/ajayi-agbebaku-014352217",
                        "birthDate": "06 DEC 1956",
                        "hasProfile": true,
                        "__typename": "CalendarResultsCompetitor"
                      },
                      "mark": "16.80",
                      "nationality": "NGR",
                      "place": "1.",
                      "points": null,
                      "qualified": null,
                      "records": "",
                      "wind": "-0.9",
                      "remark": null,
                      "details": null,
                      "__typename": "CalendarResultsRaceResult"
                    },
                    {
                      "competitor": {
                        "teamMembers": null,
                        "id": "tkewca2vmvpacd4u0eaavg",
                        "name": "Zdzis\u0142aw HOFFMANN",
                        "iaafId": 4608,
                        "urlSlug": "poland/zdzislaw-hoffmann-014356901",
                        "birthDate": "27 AUG 1959",
                        "hasProfile": true,
                        "__typename": "CalendarResultsCompetitor"
                      },
                      "mark": "16.72",
                      "nationality": "POL",
                      "place": "2.",
                      "points": null,
                      "qualified": null,
                      "records": "",
                      "wind": "-0.3",
                      "remark": null,
                      "details": null,
                      "__typename": "CalendarResultsRaceResult"
                    },
                    {
                      "competitor": {
                        "teamMembers": null,
                        "id": "zqbyqxkhp3s1fwjf1bjpi3",
                        "name": "Al JOYNER",
                        "iaafId": 20778,
                        "urlSlug": "united-states/al-joyner-014344637",
                        "birthDate": "19 JAN 1960",
                        "hasProfile": true,
                        "__typename": "CalendarResultsCompetitor"
                      },
                      "mark": "16.65",
                      "nationality": "USA",
                      "place": "3.",
                      "points": null,
                      "qualified": null,
                      "records": "",
                      "wind": "-0.2",
                      "remark": null,
                      "details": null,
                      "__typename": "CalendarResultsRaceResult"
                    },
                    {
                      "competitor": {
                        "teamMembers": null,
                        "id": "c1hdyldkbx9sws5usod92c",
                        "name": "Gennadiy VALYUKEVICH",
                        "iaafId": 9798,
                        "urlSlug": "ussr/gennadiy-valyukevich-014355191",
                        "birthDate": "01 JUN 1958",
                        "hasProfile": true,
                        "__typename": "CalendarResultsCompetitor"
                      },
                      "mark": "16.64",
                      "nationality": "URS",
                      "place": "4.",
                      "points": null,
                      "qualified": null,
                      "records": "",
                      "wind": "-0.4",
                      "remark": null,
                      "details": null,
                      "__typename": "CalendarResultsRaceResult"
                    },
                    {
                      "competitor": {
                        "teamMembers": null,
                        "id": "kraichnizhkidigq31azf",
                        "name": "Willie BANKS",
                        "iaafId": 171,
                        "urlSlug": "united-states/willie-banks-014357995",
                        "birthDate": "11 MAR 1956",
                        "hasProfile": true,
                        "__typename": "CalendarResultsCompetitor"
                      },
                      "mark": "16.58",
                      "nationality": "USA",
                      "place": "5.",
                      "points": null,
                      "qualified": null,
                      "records": "",
                      "wind": "-0.4",
                      "remark": null,
                      "details": null,
                      "__typename": "CalendarResultsRaceResult"
                    },
                    {
                      "competitor": {
                        "teamMembers": null,
                        "id": "tv7lmck0v3m8eeivobxtk",
                        "name": "J\u00e1n \u010cADO",
                        "iaafId": 8391,
                        "urlSlug": "slovak-republic/jan-cado-14359037",
                        "birthDate": "07 MAY 1963",
                        "hasProfile": true,
                        "__typename": "CalendarResultsCompetitor"
                      },
                      "mark": "16.50",
                      "nationality": "TCH",
                      "place": "6.",
                      "points": null,
                      "qualified": null,
                      "records": "",
                      "wind": "-1.4",
                      "remark": null,
                      "details": null,
                      "__typename": "CalendarResultsRaceResult"
                    },
                    {
                      "competitor": {
                        "teamMembers": null,
                        "id": "68uzyre1503rkd49cnn15g",
                        "name": "Bedros BEDROSIAN",
                        "iaafId": 5399,
                        "urlSlug": "romania/bedros-bedrosian-014349318",
                        "birthDate": "21 MAY 1955",
                        "hasProfile": true,
                        "__typename": "CalendarResultsCompetitor"
                      },
                      "mark": "16.43",
                      "nationality": "ROU",
                      "place": "7.",
                      "points": null,
                      "qualified": null,
                      "records": "",
                      "wind": "-0.5",
                      "remark": null,
                      "details": null,
                      "__typename": "CalendarResultsRaceResult"
                    },
                    {
                      "competitor": {
                        "teamMembers": null,
                        "id": "421wa3kx5eje1i925t0hmt",
                        "name": "B\u00e9la BAKOSI",
                        "iaafId": 160,
                        "urlSlug": "hungary/bela-bakosi-014344276",
                        "birthDate": "18 JUN 1957",
                        "hasProfile": true,
                        "__typename": "CalendarResultsCompetitor"
                      },
                      "mark": "16.41",
                      "nationality": "HUN",
                      "place": "8.",
                      "points": null,
                      "qualified": null,
                      "records": "",
                      "wind": "-0.3",
                      "remark": null,
                      "details": null,
                      "__typename": "CalendarResultsRaceResult"
                    },
                    {
                      "competitor": {
                        "teamMembers": null,
                        "id": "261q67wabnhbwkiwagh8tn",
                        "name": "Zhenxian ZOU",
                        "iaafId": 7474,
                        "urlSlug": "pr-of-china/zhenxian-zou-014349579",
                        "birthDate": "10 NOV 1955",
                        "hasProfile": true,
                        "__typename": "CalendarResultsCompetitor"
                      },
                      "mark": "16.17",
                      "nationality": "CHN",
                      "place": "9.",
                      "points": null,
                      "qualified": null,
                      "records": "",
                      "wind": "+0.3",
                      "remark": null,
                      "details": null,
                      "__typename": "CalendarResultsRaceResult"
                    },
                    {
                      "competitor": {
                        "teamMembers": null,
                        "id": "xcrwcld5vvqiaz0vwd0uco",
                        "name": "John HERBERT",
                        "iaafId": 1142,
                        "urlSlug": "great-britain-ni/john-herbert-014189543",
                        "birthDate": "20 APR 1962",
                        "hasProfile": true,
                        "__typename": "CalendarResultsCompetitor"
                      },
                      "mark": "16.12",
                      "nationality": "GBR",
                      "place": "10.",
                      "points": null,
                      "qualified": null,
                      "records": "",
                      "wind": "-1.7",
                      "remark": null,
                      "details": null,
                      "__typename": "CalendarResultsRaceResult"
                    },
                    {
                      "competitor": {
                        "teamMembers": null,
                        "id": "4dk3lf4avsdh9vlspxopw6",
                        "name": "Esa VIITASALO",
                        "iaafId": 169967,
                        "urlSlug": "finland/esa-viitasalo-014348353",
                        "birthDate": "19 MAY 1960",
                        "hasProfile": true,
                        "__typename": "CalendarResultsCompetitor"
                      },
                      "mark": "16.03",
                      "nationality": "FIN",
                      "place": "11.",
                      "points": null,
                      "qualified": null,
                      "records": "",
                      "wind": "-2.2",
                      "remark": null,
                      "details": null,
                      "__typename": "CalendarResultsRaceResult"
                    },
                    {
                      "competitor": {
                        "teamMembers": null,
                        "id": "29huezxfs7lty09wiar33h",
                        "name": "Wolfgang KNABE",
                        "iaafId": 169968,
                        "urlSlug": "germany/wolfgang-knabe-014192876",
                        "birthDate": "12 JUL 1959",
                        "hasProfile": true,
                        "__typename": "CalendarResultsCompetitor"
                      },
                      "mark": "15.61",
                      "nationality": "FRG",
                      "place": "12.",
                      "points": null,
                      "qualified": null,
                      "records": "",
                      "wind": "-2.0",
                      "remark": null,
                      "details": null,
                      "__typename": "CalendarResultsRaceResult"
                    },
                    {
                      "competitor": {
                        "teamMembers": null,
                        "id": "pzvb3191azhc4oc5b1qdb9",
                        "name": "Phillip OSWALD",
                        "iaafId": 6846,
                        "urlSlug": "montserrat/phillip-oswald-014559566",
                        "birthDate": "1962",
                        "hasProfile": true,
                        "__typename": "CalendarResultsCompetitor"
                      },
                      "mark": "13.96",
                      "nationality": "MNT",
                      "place": "13.",
                      "points": null,
                      "qualified": null,
                      "records": "",
                      "wind": "+0.6",
                      "remark": null,
                      "details": null,
                      "__typename": "CalendarResultsRaceResult"
                    },
                    {
                      "competitor": {
                        "teamMembers": null,
                        "id": "4rbvedto8gb4cremho9v56",
                        "name": "Adnan ABOU LAOUI",
                        "iaafId": 5175,
                        "urlSlug": "jordan/adnan-abou-laoui-014559557",
                        "birthDate": "03 FEB 1961",
                        "hasProfile": true,
                        "__typename": "CalendarResultsCompetitor"
                      },
                      "mark": "13.53",
                      "nationality": "JOR",
                      "place": "14.",
                      "points": null,
                      "qualified": null,
                      "records": "",
                      "wind": "-1.0",
                      "remark": null,
                      "details": null,
                      "__typename": "CalendarResultsRaceResult"
                    }
                  ],
                  "startList": null,
                  "wind": null,
                  "__typename": "CalendarResultsRace"
                },
                {
                  "date": "1983-08-07",
                  "day": 1,
                  "race": "Qualification - Group",
                  "raceId": 71,
                  "raceNumber": 2,
                  "results": [
                    {
                      "competitor": {
                        "teamMembers": null,
                        "id": "3d4zi4hxdfut895gqtr2nh",
                        "name": "Mike CONLEY",
                        "iaafId": 532,
                        "urlSlug": "united-states/mike-conley-014235199",
                        "birthDate": "05 OCT 1962",
                        "hasProfile": true,
                        "__typename": "CalendarResultsCompetitor"
                      },
                      "mark": "16.90",
                      "nationality": "USA",
                      "place": "1.",
                      "points": null,
                      "qualified": null,
                      "records": "",
                      "wind": "+0.4",
                      "remark": null,
                      "details": null,
                      "__typename": "CalendarResultsRaceResult"
                    },
                    {
                      "competitor": {
                        "teamMembers": null,
                        "id": "pyshvxcf9abzpiarsugyn",
                        "name": "Steve HANNA",
                        "iaafId": 136562,
                        "urlSlug": "bahamas/steve-hanna-014345841",
                        "birthDate": "30 OCT 1958",
                        "hasProfile": true,
                        "__typename": "CalendarResultsCompetitor"
                      },
                      "mark": "16.76",
                      "nationality": "BAH",
                      "place": "2.",
                      "points": null,
                      "qualified": null,
                      "records": "",
                      "wind": "-1.5",
                      "remark": null,
                      "details": null,
                      "__typename": "CalendarResultsRaceResult"
                    },
                    {
                      "competitor": {
                        "teamMembers": null,
                        "id": "29mysrucuyhtw86ea04hjh",
                        "name": "Peter BOUSCHEN",
                        "iaafId": 315,
                        "urlSlug": "fed-rep-german/peter-bouschen-014355882",
                        "birthDate": "16 MAY 1960",
                        "hasProfile": true,
                        "__typename": "CalendarResultsCompetitor"
                      },
                      "mark": "16.71",
                      "nationality": "FRG",
                      "place": "3.",
                      "points": null,
                      "qualified": null,
                      "records": "",
                      "wind": "-0.8",
                      "remark": null,
                      "details": null,
                      "__typename": "CalendarResultsRaceResult"
                    },
                    {
                      "competitor": {
                        "teamMembers": null,
                        "id": "zvsvpkxlk2k2oj6jrkrh9g",
                        "name": "Vlastimil MARINEC",
                        "iaafId": 20777,
                        "urlSlug": "czechoslovakia/vlastimil-marinec-14357492",
                        "birthDate": "09 JAN 1957",
                        "hasProfile": true,
                        "__typename": "CalendarResultsCompetitor"
                      },
                      "mark": "16.57",
                      "nationality": "TCH",
                      "place": "4.",
                      "points": null,
                      "qualified": null,
                      "records": "",
                      "wind": "+0.2",
                      "remark": null,
                      "details": null,
                      "__typename": "CalendarResultsRaceResult"
                    },
                    {
                      "competitor": {
                        "teamMembers": null,
                        "id": "tj0zi787gaeub749q20ihj",
                        "name": "Vasiliy GRISHCHENKOV",
                        "iaafId": 7521,
                        "urlSlug": "ussr/vasiliy-grishchenkov-014354303",
                        "birthDate": "23 JAN 1958",
                        "hasProfile": true,
                        "__typename": "CalendarResultsCompetitor"
                      },
                      "mark": "16.29",
                      "nationality": "URS",
                      "place": "5.",
                      "points": null,
                      "qualified": null,
                      "records": "",
                      "wind": "-0.7",
                      "remark": null,
                      "details": null,
                      "__typename": "CalendarResultsRaceResult"
                    },
                    {
                      "competitor": {
                        "teamMembers": null,
                        "id": "hagpdfc8ls91e04mbu3c8b",
                        "name": "Khristo MARKOV",
                        "iaafId": 1742,
                        "urlSlug": "bulgaria/khristo-markov-014174923",
                        "birthDate": "27 JAN 1965",
                        "hasProfile": true,
                        "__typename": "CalendarResultsCompetitor"
                      },
                      "mark": "16.25",
                      "nationality": "BUL",
                      "place": "6.",
                      "points": null,
                      "qualified": null,
                      "records": "",
                      "wind": "-0.3",
                      "remark": null,
                      "details": null,
                      "__typename": "CalendarResultsRaceResult"
                    },
                    {
                      "competitor": {
                        "teamMembers": null,
                        "id": "ynoxowttzhdpvrv98ksbk",
                        "name": "Keith CONNOR",
                        "iaafId": 5609,
                        "urlSlug": "great-britain-ni/keith-connor-014356472",
                        "birthDate": "16 SEP 1957",
                        "hasProfile": true,
                        "__typename": "CalendarResultsCompetitor"
                      },
                      "mark": "16.18",
                      "nationality": "GBR",
                      "place": "7.",
                      "points": null,
                      "qualified": null,
                      "records": "",
                      "wind": "+0.5",
                      "remark": null,
                      "details": null,
                      "__typename": "CalendarResultsRaceResult"
                    },
                    {
                      "competitor": {
                        "teamMembers": null,
                        "id": "7xuw50dt3d3x1ej2ggibdr",
                        "name": "Claes RAHM",
                        "iaafId": 2353,
                        "urlSlug": "sweden/claes-rahm-014227995",
                        "birthDate": "18 FEB 1964",
                        "hasProfile": true,
                        "__typename": "CalendarResultsCompetitor"
                      },
                      "mark": "16.07",
                      "nationality": "SWE",
                      "place": "8.",
                      "points": null,
                      "qualified": null,
                      "records": "",
                      "wind": "+0.7",
                      "remark": null,
                      "details": null,
                      "__typename": "CalendarResultsRaceResult"
                    },
                    {
                      "competitor": {
                        "teamMembers": null,
                        "id": "ck1xhlivlfkm45y0i0hqc",
                        "name": "Dan SIMION",
                        "iaafId": 169970,
                        "urlSlug": "romania/dan-simion-014359429",
                        "birthDate": "28 JAN 1958",
                        "hasProfile": true,
                        "__typename": "CalendarResultsCompetitor"
                      },
                      "mark": "15.96",
                      "nationality": "ROU",
                      "place": "9.",
                      "points": null,
                      "qualified": null,
                      "records": "",
                      "wind": "-0.9",
                      "remark": null,
                      "details": null,
                      "__typename": "CalendarResultsRaceResult"
                    },
                    {
                      "competitor": {
                        "teamMembers": null,
                        "id": "9t40nkh8tab798z9c6cvg6",
                        "name": "Mamadou DIALLO",
                        "iaafId": 169973,
                        "urlSlug": "senegal/mamadou-diallo-014356669",
                        "birthDate": "16 NOV 1954",
                        "hasProfile": true,
                        "__typename": "CalendarResultsCompetitor"
                      },
                      "mark": "15.67",
                      "nationality": "SEN",
                      "place": "10.",
                      "points": null,
                      "qualified": null,
                      "records": "",
                      "wind": "-0.2",
                      "remark": null,
                      "details": null,
                      "__typename": "CalendarResultsRaceResult"
                    },
                    {
                      "competitor": {
                        "teamMembers": null,
                        "id": "27pu7yco5occnsfbj9su76",
                        "name": "Jos\u00e9 QUINALIZA",
                        "iaafId": 6898,
                        "urlSlug": "ecuador/jose-quinaliza-014355464",
                        "birthDate": "21 JUL 1961",
                        "hasProfile": true,
                        "__typename": "CalendarResultsCompetitor"
                      },
                      "mark": "15.18",
                      "nationality": "ECU",
                      "place": "11.",
                      "points": null,
                      "qualified": null,
                      "records": "",
                      "wind": "-0.2",
                      "remark": null,
                      "details": null,
                      "__typename": "CalendarResultsRaceResult"
                    },
                    {
                      "competitor": {
                        "teamMembers": null,
                        "id": "5qtrmf0mh2xbpp88ku2yw5",
                        "name": "Dimitrios MIHAS",
                        "iaafId": 6520,
                        "urlSlug": "greece/dimitrios-mihas-014355159",
                        "birthDate": "07 JUN 1958",
                        "hasProfile": true,
                        "__typename": "CalendarResultsCompetitor"
                      },
                      "mark": "NM",
                      "nationality": "GRE",
                      "place": "",
                      "points": null,
                      "qualified": null,
                      "records": "",
                      "wind": "",
                      "remark": null,
                      "details": null,
                      "__typename": "CalendarResultsRaceResult"
                    },
                    {
                      "competitor": {
                        "teamMembers": null,
                        "id": "vs6n7gcxqla8bkhe9zoqz2",
                        "name": "Jos\u00e9 SALAZAR",
                        "iaafId": 137175,
                        "urlSlug": "venezuela/jose-salazar-014347186",
                        "birthDate": "12 SEP 1957",
                        "hasProfile": true,
                        "__typename": "CalendarResultsCompetitor"
                      },
                      "mark": "DNS",
                      "nationality": "VEN",
                      "place": "",
                      "points": null,
                      "qualified": null,
                      "records": "",
                      "wind": "",
                      "remark": null,
                      "details": null,
                      "__typename": "CalendarResultsRaceResult"
                    }
                  ],
                  "startList": null,
                  "wind": null,
                  "__typename": "CalendarResultsRace"
                }
              ],
              "__typename": "CalendarResultsEvent"
            }
          ],
          "__typename": "CalendarResultsEventTitle"
        }
      ],
      "options": {
        "days": [
          {
            "date": "07 AUG 1983",
            "day": 1,
            "__typename": "CalendarResultsOptionsDay"
          },
          {
            "date": "08 AUG 1983",
            "day": 2,
            "__typename": "CalendarResultsOptionsDay"
          },
          {
            "date": "09 AUG 1983",
            "day": 3,
            "__typename": "CalendarResultsOptionsDay"
          },
          {
            "date": "10 AUG 1983",
            "day": 4,
            "__typename": "CalendarResultsOptionsDay"
          },
          {
            "date": "12 AUG 1983",
            "day": 6,
            "__typename": "CalendarResultsOptionsDay"
          },
          {
            "date": "13 AUG 1983",
            "day": 7,
            "__typename": "CalendarResultsOptionsDay"
          },
          {
            "date": "14 AUG 1983",
            "day": 8,
            "__typename": "CalendarResultsOptionsDay"
          }
        ],
        "events": [
          {
            "gender": "W",
            "id": 10229509,
            "name": "Women's 100 Metres",
            "combined": null,
            "__typename": "CalendarResultsOptionEvent"
          },
          {
            "gender": "W",
            "id": 10229510,
            "name": "Women's 200 Metres",
            "combined": null,
            "__typename": "CalendarResultsOptionEvent"
          },
          {
            "gender": "W",
            "id": 10229515,
            "name": "Women's 300 Metres",
            "combined": null,
            "__typename": "CalendarResultsOptionEvent"
          },
          {
            "gender": "W",
            "id": 10229511,
            "name": "Women's 400 Metres",
            "combined": null,
            "__typename": "CalendarResultsOptionEvent"
          },
          {
            "gender": "W",
            "id": 10229512,
            "name": "Women's 800 Metres",
            "combined": null,
            "__typename": "CalendarResultsOptionEvent"
          },
          {
            "gender": "W",
            "id": 10229513,
            "name": "Women's 1500 Metres",
            "combined": null,
            "__typename": "CalendarResultsOptionEvent"
          },
          {
            "gender": "W",
            "id": 10229519,
            "name": "Women's 3000 Metres",
            "combined": null,
            "__typename": "CalendarResultsOptionEvent"
          },
          {
            "gender": "W",
            "id": 10229522,
            "name": "Women's 100 Metres Hurdles",
            "combined": null,
            "__typename": "CalendarResultsOptionEvent"
          },
          {
            "gender": "W",
            "id": 10229523,
            "name": "Women's 400 Metres Hurdles",
            "combined": null,
            "__typename": "CalendarResultsOptionEvent"
          },
          {
            "gender": "W",
            "id": 10229526,
            "name": "Women's High Jump",
            "combined": null,
            "__typename": "CalendarResultsOptionEvent"
          },
          {
            "gender": "W",
            "id": 10229528,
            "name": "Women's Long Jump",
            "combined": null,
            "__typename": "CalendarResultsOptionEvent"
          },
          {
            "gender": "W",
            "id": 10229530,
            "name": "Women's Shot Put",
            "combined": null,
            "__typename": "CalendarResultsOptionEvent"
          },
          {
            "gender": "W",
            "id": 10229531,
            "name": "Women's Discus Throw",
            "combined": null,
            "__typename": "CalendarResultsOptionEvent"
          },
          {
            "gender": "W",
            "id": 10229596,
            "name": "Women's Javelin Throw (old)",
            "combined": null,
            "__typename": "CalendarResultsOptionEvent"
          },
          {
            "gender": "W",
            "id": 10229534,
            "name": "Women's Marathon",
            "combined": null,
            "__typename": "CalendarResultsOptionEvent"
          },
          {
            "gender": "W",
            "id": 10229536,
            "name": "Women's Heptathlon",
            "combined": true,
            "__typename": "CalendarResultsOptionEvent"
          },
          {
            "gender": "W",
            "id": 204594,
            "name": "Women's 4x100 Metres Relay",
            "combined": null,
            "__typename": "CalendarResultsOptionEvent"
          },
          {
            "gender": "W",
            "id": 204596,
            "name": "Women's 4x400 Metres Relay",
            "combined": null,
            "__typename": "CalendarResultsOptionEvent"
          },
          {
            "gender": "M",
            "id": 10229630,
            "name": "Men's 100 Metres",
            "combined": null,
            "__typename": "CalendarResultsOptionEvent"
          },
          {
            "gender": "M",
            "id": 10229605,
            "name": "Men's 200 Metres",
            "combined": null,
            "__typename": "CalendarResultsOptionEvent"
          },
          {
            "gender": "M",
            "id": 10229631,
            "name": "Men's 400 Metres",
            "combined": null,
            "__typename": "CalendarResultsOptionEvent"
          },
          {
            "gender": "M",
            "id": 10229501,
            "name": "Men's 800 Metres",
            "combined": null,
            "__typename": "CalendarResultsOptionEvent"
          },
          {
            "gender": "M",
            "id": 10229502,
            "name": "Men's 1500 Metres",
            "combined": null,
            "__typename": "CalendarResultsOptionEvent"
          },
          {
            "gender": "M",
            "id": 10229609,
            "name": "Men's 5000 Metres",
            "combined": null,
            "__typename": "CalendarResultsOptionEvent"
          },
          {
            "gender": "M",
            "id": 10229610,
            "name": "Men's 10,000 Metres",
            "combined": null,
            "__typename": "CalendarResultsOptionEvent"
          },
          {
            "gender": "M",
            "id": 10229611,
            "name": "Men's 110 Metres Hurdles",
            "combined": null,
            "__typename": "CalendarResultsOptionEvent"
          },
          {
            "gender": "M",
            "id": 10229612,
            "name": "Men's 400 Metres Hurdles",
            "combined": null,
            "__typename": "CalendarResultsOptionEvent"
          },
          {
            "gender": "M",
            "id": 10229614,
            "name": "Men's 3000 Metres Steeplechase",
            "combined": null,
            "__typename": "CalendarResultsOptionEvent"
          },
          {
            "gender": "M",
            "id": 10229615,
            "name": "Men's High Jump",
            "combined": null,
            "__typename": "CalendarResultsOptionEvent"
          },
          {
            "gender": "M",
            "id": 10229616,
            "name": "Men's Pole Vault",
            "combined": null,
            "__typename": "CalendarResultsOptionEvent"
          },
          {
            "gender": "M",
            "id": 10229617,
            "name": "Men's Long Jump",
            "combined": null,
            "__typename": "CalendarResultsOptionEvent"
          },
          {
            "gender": "M",
            "id": 10229618,
            "name": "Men's Triple Jump",
            "combined": null,
            "__typename": "CalendarResultsOptionEvent"
          },
          {
            "gender": "M",
            "id": 10229619,
            "name": "Men's Shot Put",
            "combined": null,
            "__typename": "CalendarResultsOptionEvent"
          },
          {
            "gender": "M",
            "id": 10229620,
            "name": "Men's Discus Throw",
            "combined": null,
            "__typename": "CalendarResultsOptionEvent"
          },
          {
            "gender": "M",
            "id": 10229621,
            "name": "Men's Hammer Throw",
            "combined": null,
            "__typename": "CalendarResultsOptionEvent"
          },
          {
            "gender": "M",
            "id": 10229685,
            "name": "Men's Javelin Throw (old)",
            "combined": null,
            "__typename": "CalendarResultsOptionEvent"
          },
          {
            "gender": "M",
            "id": 10229634,
            "name": "Men's Marathon",
            "combined": null,
            "__typename": "CalendarResultsOptionEvent"
          },
          {
            "gender": "M",
            "id": 10229508,
            "name": "Men's 20 Kilometres Race Walk",
            "combined": null,
            "__typename": "CalendarResultsOptionEvent"
          },
          {
            "gender": "M",
            "id": 10229628,
            "name": "Men's 50 Kilometres Race Walk",
            "combined": null,
            "__typename": "CalendarResultsOptionEvent"
          },
          {
            "gender": "M",
            "id": 10229820,
            "name": "Men's Decathlon (62-84)",
            "combined": true,
            "__typename": "CalendarResultsOptionEvent"
          },
          {
            "gender": "M",
            "id": 10230027,
            "name": "Men's Decathlon (-1985)",
            "combined": true,
            "__typename": "CalendarResultsOptionEvent"
          },
          {
            "gender": "M",
            "id": 204593,
            "name": "Men's 4x100 Metres Relay",
            "combined": null,
            "__typename": "CalendarResultsOptionEvent"
          },
          {
            "gender": "M",
            "id": 204595,
            "name": "Men's 4x400 Metres Relay",
            "combined": null,
            "__typename": "CalendarResultsOptionEvent"
          }
        ],
        "__typename": "CalendarResultsOptions"
      },
      "parameters": {
        "competitionId": 6988504,
        "day": null,
        "eventId": 10229618,
        "__typename": "CalendarResultsParameters"
      },
      "__typename": "CalendarCompetitionResults"
    }
  }
}