{
  "data": {
    "getCalendarCompetitionResults": {
      "competition": {
        "dateRange": "14\u201322 AUG 1993",
        "endDate": "1993-08-22",
        "name": "IAAF World Championships",
        "rankingCategory": "OW",
        "startDate": "1993-08-14",
        "venue": "Gottlieb-Daimler Stadion, Stuttgart (GER)",
        "__typename": "CalendarResultsCompetition"
      },
      "eventTitles": [
        {
          "rankingCategory": "OW",
          "eventTitle": null,
          "events": [
            {
              "event": "Women's Triple Jump",
              "eventId": 10229529,
              "gender": "W",
              "isRelay": false,
              "perResultWind": true,
              "withWind": true,
              "summary": null,
              "races": [
                {
                  "date": "1993-08-21",
                  "day": 8,
                  "race": "Final",
                  "raceId": 10,
                  "raceNumber": 0,
                  "results": [
                    {
                      "competitor": {
                        "teamMembers": null,
                        "id": "mhgn1b9c2kp81c91igp65s",
                        "name": "Anna BIRYUKOVA",
                        "iaafId": 60425,
                        "urlSlug": "russia/anna-biryukova-014297396",
                        "birthDate": "27 SEP 1967",
                        "hasProfile": true,
                        "__typename": "CalendarResultsCompetitor"
                      },
                      "mark": "15.09",
                      "nationality": "RUS",
                      "place": "1.",
                      "points": null,
                      "qualified": null,
                      "records": "",
                      "wind": "+0.5",
                      "remark": null,
                      "details": null,
                      "__typename": "CalendarResultsRaceResult"
                    },
                    {
                      "competitor": {
                        "teamMembers": null,
                        "id": "lagadtsy0p5pbo8er03u",
                        "name": "Yolanda CHEN",
                        "iaafId": 60301,
                        "urlSlug": "russia/yolanda-chen-014297504",
                        "birthDate": "26 JUL 1961",
                        "hasProfile": true,
                        "__typename": "CalendarResultsCompetitor"
                      },
                      "mark": "14.70",
                      "nationality": "RUS",
                      "place": "2.",
                      "points": null,
                      "qualified": null,
                      "records": "",
                      "wind": "+0.1",
                      "remark": null,
                      "details": null,
                      "__typename": "CalendarResultsRaceResult"
                    },
                    {
                      "competitor": {
                        "teamMembers": null,
                        "id": "djt6mderteqzlfsggleuwp",
                        "name": "Iva PRANDZHEVA",
                        "iaafId": 63383,
                        "urlSlug": "bulgaria/iva-prandzheva-014268582",
                        "birthDate": "15 FEB 1972",
                        "hasProfile": true,
                        "__typename": "CalendarResultsCompetitor"
                      },
                      "mark": "14.23",
                      "nationality": "BUL",
                      "place": "3.",
                      "points": null,
                      "qualified": null,
                      "records": "",
                      "wind": "-0.2",
                      "remark": null,
                      "details": null,
                      "__typename": "CalendarResultsRaceResult"
                    },
                    {
                      "competitor": {
                        "teamMembers": null,
                        "id": "d3xt73pd33vjjmjjkungte",
                        "name": "Niurka MONTALVO",
                        "iaafId": 61290,
                        "urlSlug": "spain/niurka-montalvo-014260964",
                        "birthDate": "04 JUN 1968",
                        "hasProfile": true,
                        "__typename": "CalendarResultsCompetitor"
                      },
                      "mark": "14.22",
                      "nationality": "CUB",
                      "place": "4.",
                      "points": null,
                      "qualified": null,
                      "records": "",
                      "wind": "+0.2",
                      "remark": null,
                      "details": null,
                      "__typename": "CalendarResultsRaceResult"
                    },
                    {
                      "competitor": {
                        "teamMembers": null,
                        "id": "pz2kph5baeqb245u1hzkk",
                        "name": "Helga RADTKE",
                        "iaafId": 61562,
                        "urlSlug": "germany/helga-radtke-014279280",
                        "birthDate": "16 MAY 1962",
                        "hasProfile": true,
                        "__typename": "CalendarResultsCompetitor"
                      },
                      "mark": "14.19",
                      "nationality": "GER",
                      "place": "5.",
                      "points": null,
                      "qualified": null,
                      "records": "",
                      "wind": "+0.1",
                      "remark": null,
                      "details": null,
                      "__typename": "CalendarResultsRaceResult"
                    },
                    {
                      "competitor": {
                        "teamMembers": null,
                        "id": "qzjcs5fgo41n5pvbr7huv",
                        "name": "Antonella CAPRIOTTI",
                        "iaafId": 60277,
                        "urlSlug": "italy/antonella-capriotti-014283961",
                        "birthDate": "04 FEB 1962",
                        "hasProfile": true,
                        "__typename": "CalendarResultsCompetitor"
                      },
                      "mark": "14.18",
                      "nationality": "ITA",
                      "place": "6.",
                      "points": null,
                      "qualified": null,
                      "records": "",
                      "wind": "-0.1",
                      "remark": null,
                      "details": null,
                      "__typename": "CalendarResultsRaceResult"
                    },
                    {
                      "competitor": {
                        "teamMembers": null,
                        "id": "8d1a56u2h7j8yd5mf5m60w",
                        "name": "\u0160\u00e1rka KA\u0160P\u00c1RKOV\u00c1",
                        "iaafId": 65755,
                        "urlSlug": "czech-republic/sarka-kasparkova-14263025",
                        "birthDate": "20 MAY 1971",
                        "hasProfile": true,
                        "__typename": "CalendarResultsCompetitor"
                      },
                      "mark": "14.16",
                      "nationality": "CZE",
                      "place": "7.",
                      "points": null,
                      "qualified": null,
                      "records": "",
                      "wind": "+0.1",
                      "remark": null,
                      "details": null,
                      "__typename": "CalendarResultsRaceResult"
                    },
                    {
                      "competitor": {
                        "teamMembers": null,
                        "id": "0598hkp8ylfijet9eyqu3w",
                        "name": "Urszula W\u0141ODARCZYK",
                        "iaafId": 63563,
                        "urlSlug": "poland/urszula-wlodarczyk-014294657",
                        "birthDate": "22 DEC 1965",
                        "hasProfile": true,
                        "__typename": "CalendarResultsCompetitor"
                      },
                      "mark": "13.80",
                      "nationality": "POL",
                      "place": "8.",
                      "points": null,
                      "qualified": null,
                      "records": "",
                      "wind": "+0.8",
                      "remark": null,
                      "details": null,
                      "__typename": "CalendarResultsRaceResult"
                    },
                    {
                      "competitor": {
                        "teamMembers": null,
                        "id": "qvd69lzeo43qkdqi90iu2",
                        "name": "Michelle GRIFFITH-ROBINSON",
                        "iaafId": 67880,
                        "urlSlug": "great-britain-ni/michelle-griffith-robinson-014275187",
                        "birthDate": "06 OCT 1971",
                        "hasProfile": true,
                        "__typename": "CalendarResultsCompetitor"
                      },
                      "mark": "13.69",
                      "nationality": "GBR",
                      "place": "9.",
                      "points": null,
                      "qualified": null,
                      "records": "",
                      "wind": "+0.1",
                      "remark": null,
                      "details": null,
                      "__typename": "CalendarResultsRaceResult"
                    },
                    {
                      "competitor": {
                        "teamMembers": null,
                        "id": "yfj148mcw4uqyawluo34",
                        "name": "Jelena BLAZEVICA",
                        "iaafId": 68088,
                        "urlSlug": "latvia/jelena-blazevica-014289951",
                        "birthDate": "11 MAY 1970",
                        "hasProfile": true,
                        "__typename": "CalendarResultsCompetitor"
                      },
                      "mark": "13.57",
                      "nationality": "LAT",
                      "place": "10.",
                      "points": null,
                      "qualified": null,
                      "records": "",
                      "wind": "0.0",
                      "remark": null,
                      "details": null,
                      "__typename": "CalendarResultsRaceResult"
                    },
                    {
                      "competitor": {
                        "teamMembers": null,
                        "id": "49akiemhj5j2x305zaja83",
                        "name": "Ludmila NINOVA",
                        "iaafId": 61383,
                        "urlSlug": "austria/ludmila-ninova-014270831",
                        "birthDate": "25 JUN 1960",
                        "hasProfile": true,
                        "__typename": "CalendarResultsCompetitor"
                      },
                      "mark": "13.30",
                      "nationality": "AUT",
                      "place": "11.",
                      "points": null,
                      "qualified": null,
                      "records": "",
                      "wind": "+0.7",
                      "remark": null,
                      "details": null,
                      "__typename": "CalendarResultsRaceResult"
                    },
                    {
                      "competitor": {
                        "teamMembers": null,
                        "id": "66exc39nzlhs6bk96zscwr",
                        "name": "Monika TOTH",
                        "iaafId": 61925,
                        "urlSlug": "romania/monika-toth-014295989",
                        "birthDate": "07 MAR 1970",
                        "hasProfile": true,
                        "__typename": "CalendarResultsCompetitor"
                      },
                      "mark": "12.87",
                      "nationality": "ROU",
                      "place": "12.",
                      "points": null,
                      "qualified": null,
                      "records": "",
                      "wind": "-0.6",
                      "remark": null,
                      "details": null,
                      "__typename": "CalendarResultsRaceResult"
                    },
                    {
                      "competitor": {
                        "teamMembers": null,
                        "id": "wgl6d28gcplb6tgvxu7s6j",
                        "name": "Inna LASOVSKAYA",
                        "iaafId": 61049,
                        "urlSlug": "russia/inna-lasovskaya-014298414",
                        "birthDate": "17 DEC 1969",
                        "hasProfile": true,
                        "__typename": "CalendarResultsCompetitor"
                      },
                      "mark": "NM",
                      "nationality": "RUS",
                      "place": "",
                      "points": null,
                      "qualified": null,
                      "records": "",
                      "wind": "",
                      "remark": null,
                      "details": null,
                      "__typename": "CalendarResultsRaceResult"
                    }
                  ],
                  "startList": null,
                  "wind": null,
                  "__typename": "CalendarResultsRace"
                },
                {
                  "date": "1993-08-20",
                  "day": 7,
                  "race": "Qualification - Group",
                  "raceId": 71,
                  "raceNumber": 1,
                  "results": [
                    {
                      "competitor": {
                        "teamMembers": null,
                        "id": "qx8y71feq768kz1ud49eg",
                        "name": "Helga RADTKE",
                        "iaafId": 61562,
                        "urlSlug": "germany/helga-radtke-014279280",
                        "birthDate": "16 MAY 1962",
                        "hasProfile": true,
                        "__typename": "CalendarResultsCompetitor"
                      },
                      "mark": "14.14",
                      "nationality": "GER",
                      "place": "1.",
                      "points": null,
                      "qualified": null,
                      "records": "",
                      "wind": "+0.5",
                      "remark": null,
                      "details": null,
                      "__typename": "CalendarResultsRaceResult"
                    },
                    {
                      "competitor": {
                        "teamMembers": null,
                        "id": "r6iullqoi6p5s4qs9qbi9a",
                        "name": "Yolanda CHEN",
                        "iaafId": 60301,
                        "urlSlug": "russia/yolanda-chen-014297504",
                        "birthDate": "26 JUL 1961",
                        "hasProfile": true,
                        "__typename": "CalendarResultsCompetitor"
                      },
                      "mark": "14.09",
                      "nationality": "RUS",
                      "place": "2.",
                      "points": null,
                      "qualified": null,
                      "records": "",
                      "wind": "-0.8",
                      "remark": null,
                      "details": null,
                      "__typename": "CalendarResultsRaceResult"
                    },
                    {
                      "competitor": {
                        "teamMembers": null,
                        "id": "6wd20b3f8gygn5ladw9wej",
                        "name": "\u0160\u00e1rka KA\u0160P\u00c1RKOV\u00c1",
                        "iaafId": 65755,
                        "urlSlug": "czech-republic/sarka-kasparkova-14263025",
                        "birthDate": "20 MAY 1971",
                        "hasProfile": true,
                        "__typename": "CalendarResultsCompetitor"
                      },
                      "mark": "13.98",
                      "nationality": "CZE",
                      "place": "3.",
                      "points": null,
                      "qualified": null,
                      "records": "",
                      "wind": "-0.8",
                      "remark": null,
                      "details": null,
                      "__typename": "CalendarResultsRaceResult"
                    },
                    {
                      "competitor": {
                        "teamMembers": null,
                        "id": "b024qkx6p2tv03vtoxbybn",
                        "name": "Niurka MONTALVO",
                        "iaafId": 61290,
                        "urlSlug": "spain/niurka-montalvo-014260964",
                        "birthDate": "04 JUN 1968",
                        "hasProfile": true,
                        "__typename": "CalendarResultsCompetitor"
                      },
                      "mark": "13.68",
                      "nationality": "CUB",
                      "place": "4.",
                      "points": null,
                      "qualified": null,
                      "records": "",
                      "wind": "-0.2",
                      "remark": null,
                      "details": null,
                      "__typename": "CalendarResultsRaceResult"
                    },
                    {
                      "competitor": {
                        "teamMembers": null,
                        "id": "s8wvpzl7n2llmxri7yslq",
                        "name": "Ludmila NINOVA",
                        "iaafId": 61383,
                        "urlSlug": "austria/ludmila-ninova-014270831",
                        "birthDate": "25 JUN 1960",
                        "hasProfile": true,
                        "__typename": "CalendarResultsCompetitor"
                      },
                      "mark": "13.60",
                      "nationality": "AUT",
                      "place": "5.",
                      "points": null,
                      "qualified": null,
                      "records": "",
                      "wind": "+0.8",
                      "remark": null,
                      "details": null,
                      "__typename": "CalendarResultsRaceResult"
                    },
                    {
                      "competitor": {
                        "teamMembers": null,
                        "id": "wo2n1lqzcql2ycka1mq9",
                        "name": "Michelle GRIFFITH-ROBINSON",
                        "iaafId": 67880,
                        "urlSlug": "great-britain-ni/michelle-griffith-robinson-014275187",
                        "birthDate": "06 OCT 1971",
                        "hasProfile": true,
                        "__typename": "CalendarResultsCompetitor"
                      },
                      "mark": "13.48",
                      "nationality": "GBR",
                      "place": "6.",
                      "points": null,
                      "qualified": null,
                      "records": "",
                      "wind": "+0.2",
                      "remark": null,
                      "details": null,
                      "__typename": "CalendarResultsRaceResult"
                    },
                    {
                      "competitor": {
                        "teamMembers": null,
                        "id": "06fr3ve8e1mi40e2u14lfj",
                        "name": "Urszula W\u0141ODARCZYK",
                        "iaafId": 63563,
                        "urlSlug": "poland/urszula-wlodarczyk-014294657",
                        "birthDate": "22 DEC 1965",
                        "hasProfile": true,
                        "__typename": "CalendarResultsCompetitor"
                      },
                      "mark": "13.43",
                      "nationality": "POL",
                      "place": "7.",
                      "points": null,
                      "qualified": null,
                      "records": "",
                      "wind": "-0.3",
                      "remark": null,
                      "details": null,
                      "__typename": "CalendarResultsRaceResult"
                    },
                    {
                      "competitor": {
                        "teamMembers": null,
                        "id": "ks4vl2dc6ymx0uarbczs7l",
                        "name": "Jelena BLAZEVICA",
                        "iaafId": 68088,
                        "urlSlug": "latvia/jelena-blazevica-014289951",
                        "birthDate": "11 MAY 1970",
                        "hasProfile": true,
                        "__typename": "CalendarResultsCompetitor"
                      },
                      "mark": "13.43",
                      "nationality": "LAT",
                      "place": "8.",
                      "points": null,
                      "qualified": null,
                      "records": "",
                      "wind": "+0.6",
                      "remark": null,
                      "details": null,
                      "__typename": "CalendarResultsRaceResult"
                    },
                    {
                      "competitor": {
                        "teamMembers": null,
                        "id": "x1vz7h2p0rf5bi2jvfieky",
                        "name": "Mar\u00eda Concepci\u00f3n PAREDES",
                        "iaafId": 62557,
                        "urlSlug": "spain/maria-concepcion-paredes-014260831",
                        "birthDate": "19 JUL 1970",
                        "hasProfile": true,
                        "__typename": "CalendarResultsCompetitor"
                      },
                      "mark": "13.38",
                      "nationality": "ESP",
                      "place": "9.",
                      "points": null,
                      "qualified": null,
                      "records": "",
                      "wind": "-0.2",
                      "remark": null,
                      "details": null,
                      "__typename": "CalendarResultsRaceResult"
                    },
                    {
                      "competitor": {
                        "teamMembers": null,
                        "id": "cm07r2aigqootldy9thbg",
                        "name": "Sheila HUDSON",
                        "iaafId": 60799,
                        "urlSlug": "united-states/sheila-hudson-014313077",
                        "birthDate": "30 JUN 1967",
                        "hasProfile": true,
                        "__typename": "CalendarResultsCompetitor"
                      },
                      "mark": "13.29",
                      "nationality": "USA",
                      "place": "10.",
                      "points": null,
                      "qualified": null,
                      "records": "",
                      "wind": "-0.2",
                      "remark": null,
                      "details": null,
                      "__typename": "CalendarResultsRaceResult"
                    },
                    {
                      "competitor": {
                        "teamMembers": null,
                        "id": "hyva2blvlhn99nrtynj6hn",
                        "name": "Petra LOBINGER",
                        "iaafId": 67897,
                        "urlSlug": "germany/petra-lobinger-014278716",
                        "birthDate": "24 JAN 1967",
                        "hasProfile": true,
                        "__typename": "CalendarResultsCompetitor"
                      },
                      "mark": "13.22",
                      "nationality": "GER",
                      "place": "11.",
                      "points": null,
                      "qualified": null,
                      "records": "",
                      "wind": "+0.5",
                      "remark": null,
                      "details": null,
                      "__typename": "CalendarResultsRaceResult"
                    },
                    {
                      "competitor": {
                        "teamMembers": null,
                        "id": "u262f5cfqdp3t1q8ll2up7",
                        "name": "Marika SALMINEN",
                        "iaafId": 68254,
                        "urlSlug": "finland/marika-salminen-014259016",
                        "birthDate": "10 MAY 1971",
                        "hasProfile": true,
                        "__typename": "CalendarResultsCompetitor"
                      },
                      "mark": "12.69",
                      "nationality": "FIN",
                      "place": "12.",
                      "points": null,
                      "qualified": null,
                      "records": "",
                      "wind": "-0.2",
                      "remark": null,
                      "details": null,
                      "__typename": "CalendarResultsRaceResult"
                    },
                    {
                      "competitor": {
                        "teamMembers": null,
                        "id": "r6g1178sb4eycfuouaqcq",
                        "name": "Graciela ACOSTA",
                        "iaafId": 63630,
                        "urlSlug": "uruguay/graciela-acosta-014560678",
                        "birthDate": "1963",
                        "hasProfile": true,
                        "__typename": "CalendarResultsCompetitor"
                      },
                      "mark": "11.80",
                      "nationality": "URU",
                      "place": "13.",
                      "points": null,
                      "qualified": null,
                      "records": "",
                      "wind": "-0.3",
                      "remark": null,
                      "details": null,
                      "__typename": "CalendarResultsRaceResult"
                    },
                    {
                      "competitor": {
                        "teamMembers": null,
                        "id": "7mtcmm81w58fkzhncmfumb",
                        "name": "Ildik\u00f3 FEKETE",
                        "iaafId": 60532,
                        "urlSlug": "hungary/ildiko-fekete-014281511",
                        "birthDate": "12 NOV 1966",
                        "hasProfile": true,
                        "__typename": "CalendarResultsCompetitor"
                      },
                      "mark": "NM",
                      "nationality": "HUN",
                      "place": "",
                      "points": null,
                      "qualified": null,
                      "records": "",
                      "wind": "",
                      "remark": null,
                      "details": null,
                      "__typename": "CalendarResultsRaceResult"
                    },
                    {
                      "competitor": {
                        "teamMembers": null,
                        "id": "sx7xhx5jj7bnql4rmmmaa",
                        "name": "Sylvie KABOR\u00c9",
                        "iaafId": 67417,
                        "urlSlug": "burkina-faso/sylvie-kabore-014268512",
                        "birthDate": "14 FEB 1970",
                        "hasProfile": true,
                        "__typename": "CalendarResultsCompetitor"
                      },
                      "mark": "DNS",
                      "nationality": "BUR",
                      "place": "",
                      "points": null,
                      "qualified": null,
                      "records": "",
                      "wind": "NWI",
                      "remark": null,
                      "details": null,
                      "__typename": "CalendarResultsRaceResult"
                    }
                  ],
                  "startList": null,
                  "wind": null,
                  "__typename": "CalendarResultsRace"
                },
                {
                  "date": "1993-08-20",
                  "day": 7,
                  "race": "Qualification - Group",
                  "raceId": 71,
                  "raceNumber": 2,
                  "results": [
                    {
                      "competitor": {
                        "teamMembers": null,
                        "id": "ygtrmuxvzbov6nm435kqu",
                        "name": "Inna LASOVSKAYA",
                        "iaafId": 61049,
                        "urlSlug": "russia/inna-lasovskaya-014298414",
                        "birthDate": "17 DEC 1969",
                        "hasProfile": true,
                        "__typename": "CalendarResultsCompetitor"
                      },
                      "mark": "14.05",
                      "nationality": "RUS",
                      "place": "1.",
                      "points": null,
                      "qualified": null,
                      "records": "",
                      "wind": "-0.8",
                      "remark": null,
                      "details": null,
                      "__typename": "CalendarResultsRaceResult"
                    },
                    {
                      "competitor": {
                        "teamMembers": null,
                        "id": "459k872v1bui3qn4nhlays",
                        "name": "Anna BIRYUKOVA",
                        "iaafId": 60425,
                        "urlSlug": "russia/anna-biryukova-014297396",
                        "birthDate": "27 SEP 1967",
                        "hasProfile": true,
                        "__typename": "CalendarResultsCompetitor"
                      },
                      "mark": "13.85",
                      "nationality": "RUS",
                      "place": "2.",
                      "points": null,
                      "qualified": null,
                      "records": "",
                      "wind": "-0.5",
                      "remark": null,
                      "details": null,
                      "__typename": "CalendarResultsRaceResult"
                    },
                    {
                      "competitor": {
                        "teamMembers": null,
                        "id": "3dksjemr03rzpn2jbrz44",
                        "name": "Iva PRANDZHEVA",
                        "iaafId": 63383,
                        "urlSlug": "bulgaria/iva-prandzheva-014268582",
                        "birthDate": "15 FEB 1972",
                        "hasProfile": true,
                        "__typename": "CalendarResultsCompetitor"
                      },
                      "mark": "13.78",
                      "nationality": "BUL",
                      "place": "3.",
                      "points": null,
                      "qualified": null,
                      "records": "",
                      "wind": "-0.2",
                      "remark": null,
                      "details": null,
                      "__typename": "CalendarResultsRaceResult"
                    },
                    {
                      "competitor": {
                        "teamMembers": null,
                        "id": "e73z7eclj4j21vli9t5gia",
                        "name": "Antonella CAPRIOTTI",
                        "iaafId": 60277,
                        "urlSlug": "italy/antonella-capriotti-014283961",
                        "birthDate": "04 FEB 1962",
                        "hasProfile": true,
                        "__typename": "CalendarResultsCompetitor"
                      },
                      "mark": "13.52",
                      "nationality": "ITA",
                      "place": "4.",
                      "points": null,
                      "qualified": null,
                      "records": "",
                      "wind": "-0.1",
                      "remark": null,
                      "details": null,
                      "__typename": "CalendarResultsRaceResult"
                    },
                    {
                      "competitor": {
                        "teamMembers": null,
                        "id": "zokkev8oko9cc97pkn2bup",
                        "name": "Monika TOTH",
                        "iaafId": 61925,
                        "urlSlug": "romania/monika-toth-014295989",
                        "birthDate": "07 MAR 1970",
                        "hasProfile": true,
                        "__typename": "CalendarResultsCompetitor"
                      },
                      "mark": "13.48",
                      "nationality": "ROU",
                      "place": "5.",
                      "points": null,
                      "qualified": null,
                      "records": "",
                      "wind": "+0.4",
                      "remark": null,
                      "details": null,
                      "__typename": "CalendarResultsRaceResult"
                    },
                    {
                      "competitor": {
                        "teamMembers": null,
                        "id": "lbrhpki2jwnz66fushxv8h",
                        "name": "Rachel KIRBY",
                        "iaafId": 67890,
                        "urlSlug": "great-britain-ni/rachel-kirby-014275534",
                        "birthDate": "18 MAY 1969",
                        "hasProfile": true,
                        "__typename": "CalendarResultsCompetitor"
                      },
                      "mark": "13.33",
                      "nationality": "GBR",
                      "place": "6.",
                      "points": null,
                      "qualified": null,
                      "records": "",
                      "wind": "-0.1",
                      "remark": null,
                      "details": null,
                      "__typename": "CalendarResultsRaceResult"
                    },
                    {
                      "competitor": {
                        "teamMembers": null,
                        "id": "grmpkcblv1649navktwru",
                        "name": "Zhanna GUREYEVA",
                        "iaafId": 67446,
                        "urlSlug": "belarus/zhanna-gureyeva-014269890",
                        "birthDate": "10 JUN 1970",
                        "hasProfile": true,
                        "__typename": "CalendarResultsCompetitor"
                      },
                      "mark": "13.30",
                      "nationality": "BLR",
                      "place": "7.",
                      "points": null,
                      "qualified": null,
                      "records": "",
                      "wind": "+0.5",
                      "remark": null,
                      "details": null,
                      "__typename": "CalendarResultsRaceResult"
                    },
                    {
                      "competitor": {
                        "teamMembers": null,
                        "id": "10xmuy99pps3dhc0owfh18",
                        "name": "Caroline HONORE",
                        "iaafId": 68178,
                        "urlSlug": "france/caroline-honore-014257099",
                        "birthDate": "29 APR 1970",
                        "hasProfile": true,
                        "__typename": "CalendarResultsCompetitor"
                      },
                      "mark": "13.09",
                      "nationality": "FRA",
                      "place": "8.",
                      "points": null,
                      "qualified": null,
                      "records": "",
                      "wind": "-1.1",
                      "remark": null,
                      "details": null,
                      "__typename": "CalendarResultsRaceResult"
                    },
                    {
                      "competitor": {
                        "teamMembers": null,
                        "id": "n5xhx51basm9qgcqjx1y",
                        "name": "Renata NIELSEN",
                        "iaafId": 62518,
                        "urlSlug": "denmark/renata-nielsen-014262468",
                        "birthDate": "18 MAY 1966",
                        "hasProfile": true,
                        "__typename": "CalendarResultsCompetitor"
                      },
                      "mark": "12.96",
                      "nationality": "DEN",
                      "place": "9.",
                      "points": null,
                      "qualified": null,
                      "records": "",
                      "wind": "-0.2",
                      "remark": null,
                      "details": null,
                      "__typename": "CalendarResultsRaceResult"
                    },
                    {
                      "competitor": {
                        "teamMembers": null,
                        "id": "nicu2ednf4qkclpzzrnuzm",
                        "name": "Cynthea RHODES",
                        "iaafId": 67975,
                        "urlSlug": "united-states/cynthea-rhodes-014319800",
                        "birthDate": "30 SEP 1968",
                        "hasProfile": true,
                        "__typename": "CalendarResultsCompetitor"
                      },
                      "mark": "12.90",
                      "nationality": "USA",
                      "place": "10.",
                      "points": null,
                      "qualified": null,
                      "records": "",
                      "wind": "+0.4",
                      "remark": null,
                      "details": null,
                      "__typename": "CalendarResultsRaceResult"
                    },
                    {
                      "competitor": {
                        "teamMembers": null,
                        "id": "htfj97kc39k9ym1q4qzjaj",
                        "name": "Althea GILHARRY",
                        "iaafId": 64461,
                        "urlSlug": "belize/althea-gilharry-014549388",
                        "birthDate": "12 JAN 1970",
                        "hasProfile": true,
                        "__typename": "CalendarResultsCompetitor"
                      },
                      "mark": "12.17",
                      "nationality": "BIZ",
                      "place": "11.",
                      "points": null,
                      "qualified": null,
                      "records": "",
                      "wind": "+0.1",
                      "remark": null,
                      "details": null,
                      "__typename": "CalendarResultsRaceResult"
                    },
                    {
                      "competitor": {
                        "teamMembers": null,
                        "id": "vsfg7qzegmp4wpv7w9cb4s",
                        "name": "Anja VOKUHL",
                        "iaafId": 67902,
                        "urlSlug": "germany/anja-vokuhl-014344064",
                        "birthDate": "17 AUG 1973",
                        "hasProfile": true,
                        "__typename": "CalendarResultsCompetitor"
                      },
                      "mark": "NM",
                      "nationality": "GER",
                      "place": "",
                      "points": null,
                      "qualified": null,
                      "records": "",
                      "wind": "",
                      "remark": null,
                      "details": null,
                      "__typename": "CalendarResultsRaceResult"
                    },
                    {
                      "competitor": {
                        "teamMembers": null,
                        "id": "ot81jd81woscimn20qpos",
                        "name": "Andrea AVILA",
                        "iaafId": 67413,
                        "urlSlug": "argentina/andrea-avila-014272709",
                        "birthDate": "04 APR 1970",
                        "hasProfile": true,
                        "__typename": "CalendarResultsCompetitor"
                      },
                      "mark": "NM",
                      "nationality": "ARG",
                      "place": "",
                      "points": null,
                      "qualified": null,
                      "records": "",
                      "wind": "",
                      "remark": null,
                      "details": null,
                      "__typename": "CalendarResultsRaceResult"
                    },
                    {
                      "competitor": {
                        "teamMembers": null,
                        "id": "4fvow79o8lfb6ppuq4fg",
                        "name": "Ermalinda SHEHU",
                        "iaafId": 68201,
                        "urlSlug": "albania/ermalinda-shehu-014272907",
                        "birthDate": "22 MAY 1974",
                        "hasProfile": true,
                        "__typename": "CalendarResultsCompetitor"
                      },
                      "mark": "NM",
                      "nationality": "ALB",
                      "place": "",
                      "points": null,
                      "qualified": null,
                      "records": "",
                      "wind": "",
                      "remark": null,
                      "details": null,
                      "__typename": "CalendarResultsRaceResult"
                    },
                    {
                      "competitor": {
                        "teamMembers": null,
                        "id": "ci3vrp9kxggnfqmtzmhoq",
                        "name": "Agnieszka STA\u0143CZYK",
                        "iaafId": 68165,
                        "urlSlug": "poland/agnieszka-stanczyk-014351771",
                        "birthDate": "20 JAN 1971",
                        "hasProfile": true,
                        "__typename": "CalendarResultsCompetitor"
                      },
                      "mark": "DQ",
                      "nationality": "POL",
                      "place": " - ",
                      "points": null,
                      "qualified": null,
                      "records": "",
                      "wind": "NWI",
                      "remark": null,
                      "details": null,
                      "__typename": "CalendarResultsRaceResult"
                    }
                  ],
                  "startList": null,
                  "wind": null,
                  "__typename": "CalendarResultsRace"
                }
              ],
              "__typename": "CalendarResultsEvent"
            }
          ],
          "__typename": "CalendarResultsEventTitle"
        }
      ],
      "options": {
        "days": [
          {
            "date": "14 AUG 1993",
            "day": 1,
            "__typename": "CalendarResultsOptionsDay"
          },
          {
            "date": "15 AUG 1993",
            "day": 2,
            "__typename": "CalendarResultsOptionsDay"
          },
          {
            "date": "16 AUG 1993",
            "day": 3,
            "__typename": "CalendarResultsOptionsDay"
          },
          {
            "date": "17 AUG 1993",
            "day": 4,
            "__typename": "CalendarResultsOptionsDay"
          },
          {
            "date": "19 AUG 1993",
            "day": 6,
            "__typename": "CalendarResultsOptionsDay"
          },
          {
            "date": "20 AUG 1993",
            "day": 7,
            "__typename": "CalendarResultsOptionsDay"
          },
          {
            "date": "21 AUG 1993",
            "day": 8,
            "__typename": "CalendarResultsOptionsDay"
          },
          {
            "date": "22 AUG 1993",
            "day": 9,
            "__typename": "CalendarResultsOptionsDay"
          }
        ],
        "events": [
          {
            "gender": "W",
            "id": 10229684,
            "name": "Women's 60 Metres",
            "combined": null,
            "__typename": "CalendarResultsOptionEvent"
          },
          {
            "gender": "W",
            "id": 10229509,
            "name": "Women's 100 Metres",
            "combined": null,
            "__typename": "CalendarResultsOptionEvent"
          },
          {
            "gender": "W",
            "id": 10229510,
            "name": "Women's 200 Metres",
            "combined": null,
            "__typename": "CalendarResultsOptionEvent"
          },
          {
            "gender": "W",
            "id": 10229515,
            "name": "Women's 300 Metres",
            "combined": null,
            "__typename": "CalendarResultsOptionEvent"
          },
          {
            "gender": "W",
            "id": 10229511,
            "name": "Women's 400 Metres",
            "combined": null,
            "__typename": "CalendarResultsOptionEvent"
          },
          {
            "gender": "W",
            "id": 10229602,
            "name": "Women's 600 Metres",
            "combined": null,
            "__typename": "CalendarResultsOptionEvent"
          },
          {
            "gender": "W",
            "id": 10229512,
            "name": "Women's 800 Metres",
            "combined": null,
            "__typename": "CalendarResultsOptionEvent"
          },
          {
            "gender": "W",
            "id": 10229513,
            "name": "Women's 1500 Metres",
            "combined": null,
            "__typename": "CalendarResultsOptionEvent"
          },
          {
            "gender": "W",
            "id": 10229519,
            "name": "Women's 3000 Metres",
            "combined": null,
            "__typename": "CalendarResultsOptionEvent"
          },
          {
            "gender": "W",
            "id": 10229521,
            "name": "Women's 10,000 Metres",
            "combined": null,
            "__typename": "CalendarResultsOptionEvent"
          },
          {
            "gender": "W",
            "id": 10229522,
            "name": "Women's 100 Metres Hurdles",
            "combined": null,
            "__typename": "CalendarResultsOptionEvent"
          },
          {
            "gender": "W",
            "id": 10229523,
            "name": "Women's 400 Metres Hurdles",
            "combined": null,
            "__typename": "CalendarResultsOptionEvent"
          },
          {
            "gender": "W",
            "id": 10229526,
            "name": "Women's High Jump",
            "combined": null,
            "__typename": "CalendarResultsOptionEvent"
          },
          {
            "gender": "W",
            "id": 10229528,
            "name": "Women's Long Jump",
            "combined": null,
            "__typename": "CalendarResultsOptionEvent"
          },
          {
            "gender": "W",
            "id": 10229529,
            "name": "Women's Triple Jump",
            "combined": null,
            "__typename": "CalendarResultsOptionEvent"
          },
          {
            "gender": "W",
            "id": 10229530,
            "name": "Women's Shot Put",
            "combined": null,
            "__typename": "CalendarResultsOptionEvent"
          },
          {
            "gender": "W",
            "id": 10229531,
            "name": "Women's Discus Throw",
            "combined": null,
            "__typename": "CalendarResultsOptionEvent"
          },
          {
            "gender": "W",
            "id": 10229596,
            "name": "Women's Javelin Throw (old)",
            "combined": null,
            "__typename": "CalendarResultsOptionEvent"
          },
          {
            "gender": "W",
            "id": 10229534,
            "name": "Women's Marathon",
            "combined": null,
            "__typename": "CalendarResultsOptionEvent"
          },
          {
            "gender": "W",
            "id": 10229547,
            "name": "Women's 10 Kilometres Race Walk",
            "combined": null,
            "__typename": "CalendarResultsOptionEvent"
          },
          {
            "gender": "W",
            "id": 10229536,
            "name": "Women's Heptathlon",
            "combined": true,
            "__typename": "CalendarResultsOptionEvent"
          },
          {
            "gender": "W",
            "id": 204594,
            "name": "Women's 4x100 Metres Relay",
            "combined": null,
            "__typename": "CalendarResultsOptionEvent"
          },
          {
            "gender": "W",
            "id": 204596,
            "name": "Women's 4x400 Metres Relay",
            "combined": null,
            "__typename": "CalendarResultsOptionEvent"
          },
          {
            "gender": "M",
            "id": 10229683,
            "name": "Men's 60 Metres",
            "combined": null,
            "__typename": "CalendarResultsOptionEvent"
          },
          {
            "gender": "M",
            "id": 10229645,
            "name": "Men's 100 Yards",
            "combined": null,
            "__typename": "CalendarResultsOptionEvent"
          },
          {
            "gender": "M",
            "id": 10229630,
            "name": "Men's 100 Metres",
            "combined": null,
            "__typename": "CalendarResultsOptionEvent"
          },
          {
            "gender": "M",
            "id": 10229688,
            "name": "Men's 150 Metres",
            "combined": null,
            "__typename": "CalendarResultsOptionEvent"
          },
          {
            "gender": "M",
            "id": 10229605,
            "name": "Men's 200 Metres",
            "combined": null,
            "__typename": "CalendarResultsOptionEvent"
          },
          {
            "gender": "M",
            "id": 10229500,
            "name": "Men's 300 Metres",
            "combined": null,
            "__typename": "CalendarResultsOptionEvent"
          },
          {
            "gender": "M",
            "id": 10229631,
            "name": "Men's 400 Metres",
            "combined": null,
            "__typename": "CalendarResultsOptionEvent"
          },
          {
            "gender": "M",
            "id": 10229501,
            "name": "Men's 800 Metres",
            "combined": null,
            "__typename": "CalendarResultsOptionEvent"
          },
          {
            "gender": "M",
            "id": 10229502,
            "name": "Men's 1500 Metres",
            "combined": null,
            "__typename": "CalendarResultsOptionEvent"
          },
          {
            "gender": "M",
            "id": 10229607,
            "name": "Men's 3000 Metres",
            "combined": null,
            "__typename": "CalendarResultsOptionEvent"
          },
          {
            "gender": "M",
            "id": 10229608,
            "name": "Men's 2 Miles",
            "combined": null,
            "__typename": "CalendarResultsOptionEvent"
          },
          {
            "gender": "M",
            "id": 10229609,
            "name": "Men's 5000 Metres",
            "combined": null,
            "__typename": "CalendarResultsOptionEvent"
          },
          {
            "gender": "M",
            "id": 10229610,
            "name": "Men's 10,000 Metres",
            "combined": null,
            "__typename": "CalendarResultsOptionEvent"
          },
          {
            "gender": "M",
            "id": 10229611,
            "name": "Men's 110 Metres Hurdles",
            "combined": null,
            "__typename": "CalendarResultsOptionEvent"
          },
          {
            "gender": "M",
            "id": 10229612,
            "name": "Men's 400 Metres Hurdles",
            "combined": null,
            "__typename": "CalendarResultsOptionEvent"
          },
          {
            "gender": "M",
            "id": 10229613,
            "name": "Men's 2000 Metres Steeplechase",
            "combined": null,
            "__typename": "CalendarResultsOptionEvent"
          },
          {
            "gender": "M",
            "id": 10229614,
            "name": "Men's 3000 Metres Steeplechase",
            "combined": null,
            "__typename": "CalendarResultsOptionEvent"
          },
          {
            "gender": "M",
            "id": 10229615,
            "name": "Men's High Jump",
            "combined": null,
            "__typename": "CalendarResultsOptionEvent"
          },
          {
            "gender": "M",
            "id": 10229616,
            "name": "Men's Pole Vault",
            "combined": null,
            "__typename": "CalendarResultsOptionEvent"
          },
          {
            "gender": "M",
            "id": 10229617,
            "name": "Men's Long Jump",
            "combined": null,
            "__typename": "CalendarResultsOptionEvent"
          },
          {
            "gender": "M",
            "id": 10229618,
            "name": "Men's Triple Jump",
            "combined": null,
            "__typename": "CalendarResultsOptionEvent"
          },
          {
            "gender": "M",
            "id": 10229619,
            "name": "Men's Shot Put",
            "combined": null,
            "__typename": "CalendarResultsOptionEvent"
          },
          {
            "gender": "M",
            "id": 10229620,
            "name": "Men's Discus Throw",
            "combined": null,
            "__typename": "CalendarResultsOptionEvent"
          },
          {
            "gender": "M",
            "id": 10229621,
            "name": "Men's Hammer Throw",
            "combined": null,
            "__typename": "CalendarResultsOptionEvent"
          },
          {
            "gender": "M",
            "id": 10229636,
            "name": "Men's Javelin Throw",
            "combined": null,
            "__typename": "CalendarResultsOptionEvent"
          },
          {
            "gender": "M",
            "id": 10229634,
            "name": "Men's Marathon",
            "combined": null,
            "__typename": "CalendarResultsOptionEvent"
          },
          {
            "gender": "M",
            "id": 10229508,
            "name": "Men's 20 Kilometres Race Walk",
            "combined": null,
            "__typename": "CalendarResultsOptionEvent"
          },
          {
            "gender": "M",
            "id": 10229628,
            "name": "Men's 50 Kilometres Race Walk",
            "combined": null,
            "__typename": "CalendarResultsOptionEvent"
          },
          {
            "gender": "M",
            "id": 10229629,
            "name": "Men's Decathlon",
            "combined": true,
            "__typename": "CalendarResultsOptionEvent"
          },
          {
            "gender": "M",
            "id": 204593,
            "name": "Men's 4x100 Metres Relay",
            "combined": null,
            "__typename": "CalendarResultsOptionEvent"
          },
          {
            "gender": "M",
            "id": 204595,
            "name": "Men's 4x400 Metres Relay",
            "combined": null,
            "__typename": "CalendarResultsOptionEvent"
          }
        ],
        "__typename": "CalendarResultsOptions"
      },
      "parameters": {
        "competitionId": 6993598,
        "day": null,
        "eventId": 10229529,
        "__typename": "CalendarResultsParameters"
      },
      "__typename": "CalendarCompetitionResults"
    }
  }
}