{
  "data": {
    "getCalendarCompetitionResults": {
      "competition": {
        "dateRange": "05\u201313 AUG 1995",
        "endDate": "1995-08-13",
        "name": "IAAF World Championships",
        "rankingCategory": "OW",
        "startDate": "1995-08-05",
        "venue": "Ullevi Stadium, G\u00f6teborg (SWE)",
        "__typename": "CalendarResultsCompetition"
      },
      "eventTitles": [
        {
          "rankingCategory": "OW",
          "eventTitle": null,
          "events": [
            {
              "event": "Women's 400 Metres",
              "eventId": 10229511,
              "gender": "W",
              "isRelay": false,
              "perResultWind": false,
              "withWind": false,
              "summary": null,
              "races": [
                {
                  "date": "1995-08-08",
                  "day": 4,
                  "race": "Final",
                  "raceId": 10,
                  "raceNumber": 0,
                  "results": [
                    {
                      "competitor": {
                        "teamMembers": null,
                        "id": "x7bhmvyn5yi8b0n421y86q",
                        "name": "Marie-Jos\u00e9 P\u00c9REC",
                        "iaafId": 63353,
                        "urlSlug": "france/marie-jose-perec-014273468",
                        "birthDate": "09 MAY 1968",
                        "hasProfile": true,
                        "__typename": "CalendarResultsCompetitor"
                      },
                      "mark": "49.28",
                      "nationality": "FRA",
                      "place": "1.",
                      "points": null,
                      "qualified": null,
                      "records": "",
                      "wind": null,
                      "remark": null,
                      "details": null,
                      "__typename": "CalendarResultsRaceResult"
                    },
                    {
                      "competitor": {
                        "teamMembers": null,
                        "id": "zt01svxakala2mjrgsfxnr",
                        "name": "Pauline DAVIS-THOMPSON",
                        "iaafId": 60399,
                        "urlSlug": "bahamas/pauline-davis-thompson-014270646",
                        "birthDate": "09 JUL 1966",
                        "hasProfile": true,
                        "__typename": "CalendarResultsCompetitor"
                      },
                      "mark": "49.96",
                      "nationality": "BAH",
                      "place": "2.",
                      "points": null,
                      "qualified": null,
                      "records": "",
                      "wind": null,
                      "remark": null,
                      "details": null,
                      "__typename": "CalendarResultsRaceResult"
                    },
                    {
                      "competitor": {
                        "teamMembers": null,
                        "id": "citrd08l0do4gls606me2s",
                        "name": "Jearl MILES-CLARK",
                        "iaafId": 61258,
                        "urlSlug": "united-states/jearl-miles-clark-014316976",
                        "birthDate": "04 SEP 1966",
                        "hasProfile": true,
                        "__typename": "CalendarResultsCompetitor"
                      },
                      "mark": "50.00",
                      "nationality": "USA",
                      "place": "3.",
                      "points": null,
                      "qualified": null,
                      "records": "",
                      "wind": null,
                      "remark": null,
                      "details": null,
                      "__typename": "CalendarResultsRaceResult"
                    },
                    {
                      "competitor": {
                        "teamMembers": null,
                        "id": "e363xju1g8lgsr7lk5l2z4",
                        "name": "Cathy FREEMAN",
                        "iaafId": 63105,
                        "urlSlug": "australia/cathy-freeman-014272094",
                        "birthDate": "16 FEB 1973",
                        "hasProfile": true,
                        "__typename": "CalendarResultsCompetitor"
                      },
                      "mark": "50.60",
                      "nationality": "AUS",
                      "place": "4.",
                      "points": null,
                      "qualified": null,
                      "records": "",
                      "wind": null,
                      "remark": null,
                      "details": null,
                      "__typename": "CalendarResultsRaceResult"
                    },
                    {
                      "competitor": {
                        "teamMembers": null,
                        "id": "b9zjp20xv8g06ks8s8jw0gq",
                        "name": "Fatimat YUSUF",
                        "iaafId": 62127,
                        "urlSlug": "nigeria/fatimat-yusuf-014292537",
                        "birthDate": "02 MAY 1971",
                        "hasProfile": true,
                        "__typename": "CalendarResultsCompetitor"
                      },
                      "mark": "50.70",
                      "nationality": "NGR",
                      "place": "5.",
                      "points": null,
                      "qualified": null,
                      "records": "",
                      "wind": null,
                      "remark": null,
                      "details": null,
                      "__typename": "CalendarResultsRaceResult"
                    },
                    {
                      "competitor": {
                        "teamMembers": null,
                        "id": "m5toyoe1bus743thrtco9m",
                        "name": "Falilat OGUNKOYA-OSHEKU",
                        "iaafId": 63345,
                        "urlSlug": "nigeria/falilat-ogunkoya-osheku-014292474",
                        "birthDate": "05 DEC 1968",
                        "hasProfile": true,
                        "__typename": "CalendarResultsCompetitor"
                      },
                      "mark": "50.77",
                      "nationality": "NGR",
                      "place": "6.",
                      "points": null,
                      "qualified": null,
                      "records": "",
                      "wind": null,
                      "remark": null,
                      "details": null,
                      "__typename": "CalendarResultsRaceResult"
                    },
                    {
                      "competitor": {
                        "teamMembers": null,
                        "id": "qxvuir48xe9z2j80mgslp",
                        "name": "Maicel MALONE-WALLACE",
                        "iaafId": 61155,
                        "urlSlug": "united-states/maicel-malone-wallace-014315925",
                        "birthDate": "12 JUN 1969",
                        "hasProfile": true,
                        "__typename": "CalendarResultsCompetitor"
                      },
                      "mark": "50.99",
                      "nationality": "USA",
                      "place": "7.",
                      "points": null,
                      "qualified": null,
                      "records": "",
                      "wind": null,
                      "remark": null,
                      "details": null,
                      "__typename": "CalendarResultsRaceResult"
                    },
                    {
                      "competitor": {
                        "teamMembers": null,
                        "id": "ga1tyeh3fqix7cluhpdv08",
                        "name": "Sandie RICHARDS",
                        "iaafId": 61589,
                        "urlSlug": "jamaica/sandie-richards-014285873",
                        "birthDate": "06 NOV 1968",
                        "hasProfile": true,
                        "__typename": "CalendarResultsCompetitor"
                      },
                      "mark": "51.13",
                      "nationality": "JAM",
                      "place": "8.",
                      "points": null,
                      "qualified": null,
                      "records": "",
                      "wind": null,
                      "remark": null,
                      "details": null,
                      "__typename": "CalendarResultsRaceResult"
                    }
                  ],
                  "startList": null,
                  "wind": null,
                  "__typename": "CalendarResultsRace"
                },
                {
                  "date": "1995-08-06",
                  "day": 2,
                  "race": "Semifinal - Heat",
                  "raceId": 13,
                  "raceNumber": 1,
                  "results": [
                    {
                      "competitor": {
                        "teamMembers": null,
                        "id": "6zggp5eqskqfec5yxjn2h",
                        "name": "Cathy FREEMAN",
                        "iaafId": 63105,
                        "urlSlug": "australia/cathy-freeman-014272094",
                        "birthDate": "16 FEB 1973",
                        "hasProfile": true,
                        "__typename": "CalendarResultsCompetitor"
                      },
                      "mark": "50.49",
                      "nationality": "AUS",
                      "place": "1.",
                      "points": null,
                      "qualified": false,
                      "records": "",
                      "wind": null,
                      "remark": null,
                      "details": null,
                      "__typename": "CalendarResultsRaceResult"
                    },
                    {
                      "competitor": {
                        "teamMembers": null,
                        "id": "aqodkkzp2xuyvzrj7eu3s",
                        "name": "Fatimat YUSUF",
                        "iaafId": 62127,
                        "urlSlug": "nigeria/fatimat-yusuf-014292537",
                        "birthDate": "02 MAY 1971",
                        "hasProfile": true,
                        "__typename": "CalendarResultsCompetitor"
                      },
                      "mark": "50.56",
                      "nationality": "NGR",
                      "place": "2.",
                      "points": null,
                      "qualified": false,
                      "records": "",
                      "wind": null,
                      "remark": null,
                      "details": null,
                      "__typename": "CalendarResultsRaceResult"
                    },
                    {
                      "competitor": {
                        "teamMembers": null,
                        "id": "r5rjio5fgck44l0pov6w",
                        "name": "Sandie RICHARDS",
                        "iaafId": 61589,
                        "urlSlug": "jamaica/sandie-richards-014285873",
                        "birthDate": "06 NOV 1968",
                        "hasProfile": true,
                        "__typename": "CalendarResultsCompetitor"
                      },
                      "mark": "50.64",
                      "nationality": "JAM",
                      "place": "3.",
                      "points": null,
                      "qualified": false,
                      "records": "",
                      "wind": null,
                      "remark": null,
                      "details": null,
                      "__typename": "CalendarResultsRaceResult"
                    },
                    {
                      "competitor": {
                        "teamMembers": null,
                        "id": "nffp9891gz6tjoxxo6429",
                        "name": "Melanie NEEF",
                        "iaafId": 68407,
                        "urlSlug": "great-britain-ni/melanie-neef-014275889",
                        "birthDate": "26 MAY 1970",
                        "hasProfile": true,
                        "__typename": "CalendarResultsCompetitor"
                      },
                      "mark": "51.18",
                      "nationality": "GBR",
                      "place": "4.",
                      "points": null,
                      "qualified": null,
                      "records": "",
                      "wind": null,
                      "remark": null,
                      "details": null,
                      "__typename": "CalendarResultsRaceResult"
                    },
                    {
                      "competitor": {
                        "teamMembers": null,
                        "id": "x2ivx67oc2arcz46pfx05",
                        "name": "Yuliya SOTNIKOVA",
                        "iaafId": 75098,
                        "urlSlug": "russia/yuliya-sotnikova-014299449",
                        "birthDate": "18 NOV 1970",
                        "hasProfile": true,
                        "__typename": "CalendarResultsCompetitor"
                      },
                      "mark": "51.41",
                      "nationality": "RUS",
                      "place": "5.",
                      "points": null,
                      "qualified": null,
                      "records": "",
                      "wind": null,
                      "remark": null,
                      "details": null,
                      "__typename": "CalendarResultsRaceResult"
                    },
                    {
                      "competitor": {
                        "teamMembers": null,
                        "id": "b3viznm3ylh79bxquinkxo",
                        "name": "Kim GRAHAM",
                        "iaafId": 71321,
                        "urlSlug": "united-states/kim-graham-014311261",
                        "birthDate": "26 MAR 1971",
                        "hasProfile": true,
                        "__typename": "CalendarResultsCompetitor"
                      },
                      "mark": "51.77",
                      "nationality": "USA",
                      "place": "6.",
                      "points": null,
                      "qualified": null,
                      "records": "",
                      "wind": null,
                      "remark": null,
                      "details": null,
                      "__typename": "CalendarResultsRaceResult"
                    },
                    {
                      "competitor": {
                        "teamMembers": null,
                        "id": "3mwvu6uoz716a1807az7os",
                        "name": "Ximena RESTREPO",
                        "iaafId": 63399,
                        "urlSlug": "colombia/ximena-restrepo-014263930",
                        "birthDate": "10 MAR 1969",
                        "hasProfile": true,
                        "__typename": "CalendarResultsCompetitor"
                      },
                      "mark": "51.82",
                      "nationality": "COL",
                      "place": "7.",
                      "points": null,
                      "qualified": null,
                      "records": "",
                      "wind": null,
                      "remark": null,
                      "details": null,
                      "__typename": "CalendarResultsRaceResult"
                    },
                    {
                      "competitor": {
                        "teamMembers": null,
                        "id": "y7u8641q38d0fu0im7sgtga",
                        "name": "Li JING",
                        "iaafId": 80108,
                        "urlSlug": "pr-of-china/li-jing-014266151",
                        "birthDate": "14 FEB 1980",
                        "hasProfile": true,
                        "__typename": "CalendarResultsCompetitor"
                      },
                      "mark": "53.46",
                      "nationality": "CHN",
                      "place": "8.",
                      "points": null,
                      "qualified": null,
                      "records": "",
                      "wind": null,
                      "remark": null,
                      "details": null,
                      "__typename": "CalendarResultsRaceResult"
                    }
                  ],
                  "startList": null,
                  "wind": null,
                  "__typename": "CalendarResultsRace"
                },
                {
                  "date": "1995-08-06",
                  "day": 2,
                  "race": "Semifinal - Heat",
                  "raceId": 13,
                  "raceNumber": 2,
                  "results": [
                    {
                      "competitor": {
                        "teamMembers": null,
                        "id": "qqhsyt4dx3p6ev86fas9pp",
                        "name": "Pauline DAVIS-THOMPSON",
                        "iaafId": 60399,
                        "urlSlug": "bahamas/pauline-davis-thompson-014270646",
                        "birthDate": "09 JUL 1966",
                        "hasProfile": true,
                        "__typename": "CalendarResultsCompetitor"
                      },
                      "mark": "50.43",
                      "nationality": "BAH",
                      "place": "1.",
                      "points": null,
                      "qualified": false,
                      "records": "",
                      "wind": null,
                      "remark": null,
                      "details": null,
                      "__typename": "CalendarResultsRaceResult"
                    },
                    {
                      "competitor": {
                        "teamMembers": null,
                        "id": "i72ykew94z1ljbu18waz1",
                        "name": "Maicel MALONE-WALLACE",
                        "iaafId": 61155,
                        "urlSlug": "united-states/maicel-malone-wallace-014315925",
                        "birthDate": "12 JUN 1969",
                        "hasProfile": true,
                        "__typename": "CalendarResultsCompetitor"
                      },
                      "mark": "50.77",
                      "nationality": "USA",
                      "place": "2.",
                      "points": null,
                      "qualified": false,
                      "records": "",
                      "wind": null,
                      "remark": null,
                      "details": null,
                      "__typename": "CalendarResultsRaceResult"
                    },
                    {
                      "competitor": {
                        "teamMembers": null,
                        "id": "g3b66s4lqdxkzfxbqtceq",
                        "name": "Renee POETSCHKA",
                        "iaafId": 63377,
                        "urlSlug": "australia/renee-poetschka-14271459",
                        "birthDate": "01 MAY 1971",
                        "hasProfile": true,
                        "__typename": "CalendarResultsCompetitor"
                      },
                      "mark": "51.00",
                      "nationality": "AUS",
                      "place": "3.",
                      "points": null,
                      "qualified": null,
                      "records": "",
                      "wind": null,
                      "remark": null,
                      "details": null,
                      "__typename": "CalendarResultsRaceResult"
                    },
                    {
                      "competitor": {
                        "teamMembers": null,
                        "id": "xt8syrw527abklt19ysba",
                        "name": "Sandra MYERS",
                        "iaafId": 62514,
                        "urlSlug": "spain/sandra-myers-014260910",
                        "birthDate": "09 JAN 1961",
                        "hasProfile": true,
                        "__typename": "CalendarResultsCompetitor"
                      },
                      "mark": "51.03",
                      "nationality": "ESP",
                      "place": "4.",
                      "points": null,
                      "qualified": null,
                      "records": "",
                      "wind": null,
                      "remark": null,
                      "details": null,
                      "__typename": "CalendarResultsRaceResult"
                    },
                    {
                      "competitor": {
                        "teamMembers": null,
                        "id": "06flqxcdth7boobjnx0wrxg",
                        "name": "Nancy MCLEON",
                        "iaafId": 67135,
                        "urlSlug": "cuba/nancy-mcleon-014263482",
                        "birthDate": "01 MAY 1971",
                        "hasProfile": true,
                        "__typename": "CalendarResultsCompetitor"
                      },
                      "mark": "51.46",
                      "nationality": "CUB",
                      "place": "5.",
                      "points": null,
                      "qualified": null,
                      "records": "",
                      "wind": null,
                      "remark": null,
                      "details": null,
                      "__typename": "CalendarResultsRaceResult"
                    },
                    {
                      "competitor": {
                        "teamMembers": null,
                        "id": "z0zf30viejs29somayk1sb",
                        "name": "Daniela GEORGIEVA",
                        "iaafId": 75060,
                        "urlSlug": "bulgaria/daniela-georgieva-014268712",
                        "birthDate": "22 SEP 1969",
                        "hasProfile": true,
                        "__typename": "CalendarResultsCompetitor"
                      },
                      "mark": "51.65",
                      "nationality": "BUL",
                      "place": "6.",
                      "points": null,
                      "qualified": null,
                      "records": "",
                      "wind": null,
                      "remark": null,
                      "details": null,
                      "__typename": "CalendarResultsRaceResult"
                    },
                    {
                      "competitor": {
                        "teamMembers": null,
                        "id": "xrbphtlnyie8c4susk4qj",
                        "name": "Tatyana CHEBYKINA",
                        "iaafId": 75100,
                        "urlSlug": "russia/tatyana-chebykina-014297498",
                        "birthDate": "22 NOV 1968",
                        "hasProfile": true,
                        "__typename": "CalendarResultsCompetitor"
                      },
                      "mark": "51.67",
                      "nationality": "RUS",
                      "place": "7.",
                      "points": null,
                      "qualified": null,
                      "records": "",
                      "wind": null,
                      "remark": null,
                      "details": null,
                      "__typename": "CalendarResultsRaceResult"
                    },
                    {
                      "competitor": {
                        "teamMembers": null,
                        "id": "6fyom16t01tnbxy5j924w8",
                        "name": "Claudine WILLIAMS",
                        "iaafId": 67970,
                        "urlSlug": "jamaica/claudine-williams-014285995",
                        "birthDate": "08 JAN 1976",
                        "hasProfile": true,
                        "__typename": "CalendarResultsCompetitor"
                      },
                      "mark": "52.99",
                      "nationality": "JAM",
                      "place": "8.",
                      "points": null,
                      "qualified": null,
                      "records": "",
                      "wind": null,
                      "remark": null,
                      "details": null,
                      "__typename": "CalendarResultsRaceResult"
                    }
                  ],
                  "startList": null,
                  "wind": null,
                  "__typename": "CalendarResultsRace"
                },
                {
                  "date": "1995-08-06",
                  "day": 2,
                  "race": "Semifinal - Heat",
                  "raceId": 13,
                  "raceNumber": 3,
                  "results": [
                    {
                      "competitor": {
                        "teamMembers": null,
                        "id": "vckhbuhzh0eb99k7zjbdc",
                        "name": "Jearl MILES-CLARK",
                        "iaafId": 61258,
                        "urlSlug": "united-states/jearl-miles-clark-014316976",
                        "birthDate": "04 SEP 1966",
                        "hasProfile": true,
                        "__typename": "CalendarResultsCompetitor"
                      },
                      "mark": "50.39",
                      "nationality": "USA",
                      "place": "1.",
                      "points": null,
                      "qualified": false,
                      "records": "",
                      "wind": null,
                      "remark": null,
                      "details": null,
                      "__typename": "CalendarResultsRaceResult"
                    },
                    {
                      "competitor": {
                        "teamMembers": null,
                        "id": "140s0a2zcqdweq96hfk2xb",
                        "name": "Marie-Jos\u00e9 P\u00c9REC",
                        "iaafId": 63353,
                        "urlSlug": "france/marie-jose-perec-014273468",
                        "birthDate": "09 MAY 1968",
                        "hasProfile": true,
                        "__typename": "CalendarResultsCompetitor"
                      },
                      "mark": "50.42",
                      "nationality": "FRA",
                      "place": "2.",
                      "points": null,
                      "qualified": false,
                      "records": "",
                      "wind": null,
                      "remark": null,
                      "details": null,
                      "__typename": "CalendarResultsRaceResult"
                    },
                    {
                      "competitor": {
                        "teamMembers": null,
                        "id": "ryfu67oz3errjwgcqah1",
                        "name": "Falilat OGUNKOYA-OSHEKU",
                        "iaafId": 63345,
                        "urlSlug": "nigeria/falilat-ogunkoya-osheku-014292474",
                        "birthDate": "05 DEC 1968",
                        "hasProfile": true,
                        "__typename": "CalendarResultsCompetitor"
                      },
                      "mark": "50.85",
                      "nationality": "NGR",
                      "place": "3.",
                      "points": null,
                      "qualified": false,
                      "records": "",
                      "wind": null,
                      "remark": null,
                      "details": null,
                      "__typename": "CalendarResultsRaceResult"
                    },
                    {
                      "competitor": {
                        "teamMembers": null,
                        "id": "seu7gxthqkmg3dnj1w7",
                        "name": "Olga NAZAROVA",
                        "iaafId": 63328,
                        "urlSlug": "russia/olga-nazarova-014298709",
                        "birthDate": "01 JUN 1965",
                        "hasProfile": true,
                        "__typename": "CalendarResultsCompetitor"
                      },
                      "mark": "51.83",
                      "nationality": "RUS",
                      "place": "4.",
                      "points": null,
                      "qualified": null,
                      "records": "",
                      "wind": null,
                      "remark": null,
                      "details": null,
                      "__typename": "CalendarResultsRaceResult"
                    },
                    {
                      "competitor": {
                        "teamMembers": null,
                        "id": "782qg0e9996huo51xsfih",
                        "name": "Julia DUPORTY",
                        "iaafId": 67133,
                        "urlSlug": "cuba/julia-duporty-014263595",
                        "birthDate": "09 MAR 1971",
                        "hasProfile": true,
                        "__typename": "CalendarResultsCompetitor"
                      },
                      "mark": "51.85",
                      "nationality": "CUB",
                      "place": "5.",
                      "points": null,
                      "qualified": null,
                      "records": "",
                      "wind": null,
                      "remark": null,
                      "details": null,
                      "__typename": "CalendarResultsRaceResult"
                    },
                    {
                      "competitor": {
                        "teamMembers": null,
                        "id": "b85vfw1ceklmw1cgytjjja",
                        "name": "Uta ROHL\u00c4NDER",
                        "iaafId": 62615,
                        "urlSlug": "germany/uta-rohlander-014279419",
                        "birthDate": "30 JUN 1969",
                        "hasProfile": true,
                        "__typename": "CalendarResultsCompetitor"
                      },
                      "mark": "51.99",
                      "nationality": "GER",
                      "place": "6.",
                      "points": null,
                      "qualified": null,
                      "records": "",
                      "wind": null,
                      "remark": null,
                      "details": null,
                      "__typename": "CalendarResultsRaceResult"
                    },
                    {
                      "competitor": {
                        "teamMembers": null,
                        "id": "mv0zayidbp81bxshanvp55",
                        "name": "Olena RURAK",
                        "iaafId": 80100,
                        "urlSlug": "ukraine/olena-rurak-014304103",
                        "birthDate": "07 FEB 1972",
                        "hasProfile": true,
                        "__typename": "CalendarResultsCompetitor"
                      },
                      "mark": "52.01",
                      "nationality": "UKR",
                      "place": "7.",
                      "points": null,
                      "qualified": null,
                      "records": "",
                      "wind": null,
                      "remark": null,
                      "details": null,
                      "__typename": "CalendarResultsRaceResult"
                    },
                    {
                      "competitor": {
                        "teamMembers": null,
                        "id": "u84lg0i5ofady423ld95im",
                        "name": "Hengyun ZHANG",
                        "iaafId": 70240,
                        "urlSlug": "pr-of-china/hengyun-zhang-014264471",
                        "birthDate": "25 OCT 1974",
                        "hasProfile": true,
                        "__typename": "CalendarResultsCompetitor"
                      },
                      "mark": "52.59",
                      "nationality": "CHN",
                      "place": "8.",
                      "points": null,
                      "qualified": null,
                      "records": "",
                      "wind": null,
                      "remark": null,
                      "details": null,
                      "__typename": "CalendarResultsRaceResult"
                    }
                  ],
                  "startList": null,
                  "wind": null,
                  "__typename": "CalendarResultsRace"
                },
                {
                  "date": "1995-08-05",
                  "day": 1,
                  "race": "Round 1 - Heat",
                  "raceId": 11,
                  "raceNumber": 1,
                  "results": [
                    {
                      "competitor": {
                        "teamMembers": null,
                        "id": "y2qherokt0letbkd4o06pv",
                        "name": "Cathy FREEMAN",
                        "iaafId": 63105,
                        "urlSlug": "australia/cathy-freeman-014272094",
                        "birthDate": "16 FEB 1973",
                        "hasProfile": true,
                        "__typename": "CalendarResultsCompetitor"
                      },
                      "mark": "51.29",
                      "nationality": "AUS",
                      "place": "1.",
                      "points": null,
                      "qualified": false,
                      "records": "",
                      "wind": null,
                      "remark": null,
                      "details": null,
                      "__typename": "CalendarResultsRaceResult"
                    },
                    {
                      "competitor": {
                        "teamMembers": null,
                        "id": "l4rrngameor5tsltw1myqs",
                        "name": "Melanie NEEF",
                        "iaafId": 68407,
                        "urlSlug": "great-britain-ni/melanie-neef-014275889",
                        "birthDate": "26 MAY 1970",
                        "hasProfile": true,
                        "__typename": "CalendarResultsCompetitor"
                      },
                      "mark": "51.39",
                      "nationality": "GBR",
                      "place": "2.",
                      "points": null,
                      "qualified": false,
                      "records": "",
                      "wind": null,
                      "remark": null,
                      "details": null,
                      "__typename": "CalendarResultsRaceResult"
                    },
                    {
                      "competitor": {
                        "teamMembers": null,
                        "id": "8y7mab45zhs3flp8brj8tk",
                        "name": "Tatyana CHEBYKINA",
                        "iaafId": 75100,
                        "urlSlug": "russia/tatyana-chebykina-014297498",
                        "birthDate": "22 NOV 1968",
                        "hasProfile": true,
                        "__typename": "CalendarResultsCompetitor"
                      },
                      "mark": "51.58",
                      "nationality": "RUS",
                      "place": "3.",
                      "points": null,
                      "qualified": false,
                      "records": "",
                      "wind": null,
                      "remark": null,
                      "details": null,
                      "__typename": "CalendarResultsRaceResult"
                    },
                    {
                      "competitor": {
                        "teamMembers": null,
                        "id": "enjmymb1bre2ax5a6i8syv",
                        "name": "Linda KISABAKA",
                        "iaafId": 60942,
                        "urlSlug": "germany/linda-kisabaka-014278321",
                        "birthDate": "09 APR 1969",
                        "hasProfile": true,
                        "__typename": "CalendarResultsCompetitor"
                      },
                      "mark": "51.96",
                      "nationality": "GER",
                      "place": "4.",
                      "points": null,
                      "qualified": null,
                      "records": "",
                      "wind": null,
                      "remark": null,
                      "details": null,
                      "__typename": "CalendarResultsRaceResult"
                    },
                    {
                      "competitor": {
                        "teamMembers": null,
                        "id": "v5b3rzlorvb3fld864s1g1",
                        "name": "Idalmis BONNE",
                        "iaafId": 67881,
                        "urlSlug": "cuba/idalmis-bonne-014263669",
                        "birthDate": "02 FEB 1971",
                        "hasProfile": true,
                        "__typename": "CalendarResultsCompetitor"
                      },
                      "mark": "52.10",
                      "nationality": "CUB",
                      "place": "5.",
                      "points": null,
                      "qualified": null,
                      "records": "",
                      "wind": null,
                      "remark": null,
                      "details": null,
                      "__typename": "CalendarResultsRaceResult"
                    },
                    {
                      "competitor": {
                        "teamMembers": null,
                        "id": "6wt9hjyna1uu6k8gic0i8",
                        "name": "Zoila STEWART",
                        "iaafId": 64710,
                        "urlSlug": "costa-rica/zoila-stewart-014263872",
                        "birthDate": "01 NOV 1968",
                        "hasProfile": true,
                        "__typename": "CalendarResultsCompetitor"
                      },
                      "mark": "53.48",
                      "nationality": "CRC",
                      "place": "6.",
                      "points": null,
                      "qualified": null,
                      "records": "",
                      "wind": null,
                      "remark": null,
                      "details": null,
                      "__typename": "CalendarResultsRaceResult"
                    },
                    {
                      "competitor": {
                        "teamMembers": null,
                        "id": "san4tcmnyxfwiobejddk3g",
                        "name": "Pei-Ching HSU",
                        "iaafId": 67378,
                        "urlSlug": "chinese-taipei/pei-ching-hsu-014302838",
                        "birthDate": "24 OCT 1973",
                        "hasProfile": true,
                        "__typename": "CalendarResultsCompetitor"
                      },
                      "mark": "54.93",
                      "nationality": "TPE",
                      "place": "7.",
                      "points": null,
                      "qualified": null,
                      "records": "",
                      "wind": null,
                      "remark": null,
                      "details": null,
                      "__typename": "CalendarResultsRaceResult"
                    }
                  ],
                  "startList": null,
                  "wind": null,
                  "__typename": "CalendarResultsRace"
                },
                {
                  "date": "1995-08-05",
                  "day": 1,
                  "race": "Round 1 - Heat",
                  "raceId": 11,
                  "raceNumber": 2,
                  "results": [
                    {
                      "competitor": {
                        "teamMembers": null,
                        "id": "sqz20zn4s5bi2c2y4c64h9",
                        "name": "Maicel MALONE-WALLACE",
                        "iaafId": 61155,
                        "urlSlug": "united-states/maicel-malone-wallace-014315925",
                        "birthDate": "12 JUN 1969",
                        "hasProfile": true,
                        "__typename": "CalendarResultsCompetitor"
                      },
                      "mark": "51.22",
                      "nationality": "USA",
                      "place": "1.",
                      "points": null,
                      "qualified": false,
                      "records": "",
                      "wind": null,
                      "remark": null,
                      "details": null,
                      "__typename": "CalendarResultsRaceResult"
                    },
                    {
                      "competitor": {
                        "teamMembers": null,
                        "id": "a2kil5r57jpaby0e62rtn5",
                        "name": "Julia DUPORTY",
                        "iaafId": 67133,
                        "urlSlug": "cuba/julia-duporty-014263595",
                        "birthDate": "09 MAR 1971",
                        "hasProfile": true,
                        "__typename": "CalendarResultsCompetitor"
                      },
                      "mark": "51.55",
                      "nationality": "CUB",
                      "place": "2.",
                      "points": null,
                      "qualified": false,
                      "records": "",
                      "wind": null,
                      "remark": null,
                      "details": null,
                      "__typename": "CalendarResultsRaceResult"
                    },
                    {
                      "competitor": {
                        "teamMembers": null,
                        "id": "of0y0wn721h52sixyogf1u",
                        "name": "Olga NAZAROVA",
                        "iaafId": 63328,
                        "urlSlug": "russia/olga-nazarova-014298709",
                        "birthDate": "01 JUN 1965",
                        "hasProfile": true,
                        "__typename": "CalendarResultsCompetitor"
                      },
                      "mark": "51.55",
                      "nationality": "RUS",
                      "place": "3.",
                      "points": null,
                      "qualified": false,
                      "records": "",
                      "wind": null,
                      "remark": null,
                      "details": null,
                      "__typename": "CalendarResultsRaceResult"
                    },
                    {
                      "competitor": {
                        "teamMembers": null,
                        "id": "csz2dt0i1alhejpn9en687",
                        "name": "Olabisi AFOLABI",
                        "iaafId": 68237,
                        "urlSlug": "nigeria/olabisi-afolabi-014292322",
                        "birthDate": "31 OCT 1975",
                        "hasProfile": true,
                        "__typename": "CalendarResultsCompetitor"
                      },
                      "mark": "51.79",
                      "nationality": "NGR",
                      "place": "4.",
                      "points": null,
                      "qualified": null,
                      "records": "",
                      "wind": null,
                      "remark": null,
                      "details": null,
                      "__typename": "CalendarResultsRaceResult"
                    },
                    {
                      "competitor": {
                        "teamMembers": null,
                        "id": "ha13icye74qoaiw94jx87",
                        "name": "Grace BIRUNGI",
                        "iaafId": 68268,
                        "urlSlug": "uganda/grace-birungi-014303375",
                        "birthDate": "10 OCT 1973",
                        "hasProfile": true,
                        "__typename": "CalendarResultsCompetitor"
                      },
                      "mark": "53.92",
                      "nationality": "UGA",
                      "place": "5.",
                      "points": null,
                      "qualified": null,
                      "records": "",
                      "wind": null,
                      "remark": null,
                      "details": null,
                      "__typename": "CalendarResultsRaceResult"
                    },
                    {
                      "competitor": {
                        "teamMembers": null,
                        "id": "4gv5p66xa2heach03hinn6",
                        "name": "Ngozi MWANAMWAMBWA",
                        "iaafId": 67220,
                        "urlSlug": "zambia/ngozi-mwanamwambwa-014325328",
                        "birthDate": "25 FEB 1971",
                        "hasProfile": true,
                        "__typename": "CalendarResultsCompetitor"
                      },
                      "mark": "53.92",
                      "nationality": "ZAM",
                      "place": "6.",
                      "points": null,
                      "qualified": null,
                      "records": "",
                      "wind": null,
                      "remark": null,
                      "details": null,
                      "__typename": "CalendarResultsRaceResult"
                    },
                    {
                      "competitor": {
                        "teamMembers": null,
                        "id": "lphfw5f06ca10v29wjde6",
                        "name": "Xifang LU",
                        "iaafId": 80107,
                        "urlSlug": "pr-of-china/xifang-lu-014265680",
                        "birthDate": "16 DEC 1973",
                        "hasProfile": true,
                        "__typename": "CalendarResultsCompetitor"
                      },
                      "mark": "56.64",
                      "nationality": "CHN",
                      "place": "7.",
                      "points": null,
                      "qualified": null,
                      "records": "",
                      "wind": null,
                      "remark": null,
                      "details": null,
                      "__typename": "CalendarResultsRaceResult"
                    }
                  ],
                  "startList": null,
                  "wind": null,
                  "__typename": "CalendarResultsRace"
                },
                {
                  "date": "1995-08-05",
                  "day": 1,
                  "race": "Round 1 - Heat",
                  "raceId": 11,
                  "raceNumber": 3,
                  "results": [
                    {
                      "competitor": {
                        "teamMembers": null,
                        "id": "o2ntpso8epjkt54cklbvo",
                        "name": "Marie-Jos\u00e9 P\u00c9REC",
                        "iaafId": 63353,
                        "urlSlug": "france/marie-jose-perec-014273468",
                        "birthDate": "09 MAY 1968",
                        "hasProfile": true,
                        "__typename": "CalendarResultsCompetitor"
                      },
                      "mark": "51.24",
                      "nationality": "FRA",
                      "place": "1.",
                      "points": null,
                      "qualified": false,
                      "records": "",
                      "wind": null,
                      "remark": null,
                      "details": null,
                      "__typename": "CalendarResultsRaceResult"
                    },
                    {
                      "competitor": {
                        "teamMembers": null,
                        "id": "oyeoxxabibcaytlm6u72zp",
                        "name": "Yuliya SOTNIKOVA",
                        "iaafId": 75098,
                        "urlSlug": "russia/yuliya-sotnikova-014299449",
                        "birthDate": "18 NOV 1970",
                        "hasProfile": true,
                        "__typename": "CalendarResultsCompetitor"
                      },
                      "mark": "51.39",
                      "nationality": "RUS",
                      "place": "2.",
                      "points": null,
                      "qualified": false,
                      "records": "",
                      "wind": null,
                      "remark": null,
                      "details": null,
                      "__typename": "CalendarResultsRaceResult"
                    },
                    {
                      "competitor": {
                        "teamMembers": null,
                        "id": "k5ckycxzbvfd63bjkytor",
                        "name": "Hengyun ZHANG",
                        "iaafId": 70240,
                        "urlSlug": "pr-of-china/hengyun-zhang-014264471",
                        "birthDate": "25 OCT 1974",
                        "hasProfile": true,
                        "__typename": "CalendarResultsCompetitor"
                      },
                      "mark": "51.51",
                      "nationality": "CHN",
                      "place": "3.",
                      "points": null,
                      "qualified": false,
                      "records": "",
                      "wind": null,
                      "remark": null,
                      "details": null,
                      "__typename": "CalendarResultsRaceResult"
                    },
                    {
                      "competitor": {
                        "teamMembers": null,
                        "id": "y2fyxugpbvnbnl0a0ckw9",
                        "name": "Uta ROHL\u00c4NDER",
                        "iaafId": 62615,
                        "urlSlug": "germany/uta-rohlander-014279419",
                        "birthDate": "30 JUN 1969",
                        "hasProfile": true,
                        "__typename": "CalendarResultsCompetitor"
                      },
                      "mark": "51.68",
                      "nationality": "GER",
                      "place": "4.",
                      "points": null,
                      "qualified": false,
                      "records": "",
                      "wind": null,
                      "remark": null,
                      "details": null,
                      "__typename": "CalendarResultsRaceResult"
                    },
                    {
                      "competitor": {
                        "teamMembers": null,
                        "id": "69k8tj9nunlxq42m89t1hs",
                        "name": "Norfalia CARABALI",
                        "iaafId": 60278,
                        "urlSlug": "spain/norfalia-carabali-014261880",
                        "birthDate": "21 JAN 1964",
                        "hasProfile": true,
                        "__typename": "CalendarResultsCompetitor"
                      },
                      "mark": "51.96",
                      "nationality": "COL",
                      "place": "5.",
                      "points": null,
                      "qualified": null,
                      "records": "",
                      "wind": null,
                      "remark": null,
                      "details": null,
                      "__typename": "CalendarResultsRaceResult"
                    },
                    {
                      "competitor": {
                        "teamMembers": null,
                        "id": "l6qrshfvlscilt8oj47z7c",
                        "name": "\u00d6znur DURSUN",
                        "iaafId": 68388,
                        "urlSlug": "turkey/oznur-dursun-014303242",
                        "birthDate": "24 OCT 1971",
                        "hasProfile": true,
                        "__typename": "CalendarResultsCompetitor"
                      },
                      "mark": "54.21",
                      "nationality": "TUR",
                      "place": "6.",
                      "points": null,
                      "qualified": null,
                      "records": "",
                      "wind": null,
                      "remark": null,
                      "details": null,
                      "__typename": "CalendarResultsRaceResult"
                    },
                    {
                      "competitor": {
                        "teamMembers": null,
                        "id": "9iky0wi6gonahkio2jx1",
                        "name": "Kanan SOLAIMATHI",
                        "iaafId": 80546,
                        "urlSlug": "india/kanan-solaimathi-014283079",
                        "birthDate": "07 MAY 1977",
                        "hasProfile": true,
                        "__typename": "CalendarResultsCompetitor"
                      },
                      "mark": "DNS",
                      "nationality": "IND",
                      "place": "",
                      "points": null,
                      "qualified": null,
                      "records": "",
                      "wind": null,
                      "remark": null,
                      "details": null,
                      "__typename": "CalendarResultsRaceResult"
                    }
                  ],
                  "startList": null,
                  "wind": null,
                  "__typename": "CalendarResultsRace"
                },
                {
                  "date": "1995-08-05",
                  "day": 1,
                  "race": "Round 1 - Heat",
                  "raceId": 11,
                  "raceNumber": 4,
                  "results": [
                    {
                      "competitor": {
                        "teamMembers": null,
                        "id": "8duel5xwe37exzvlgamzd9",
                        "name": "Sandra MYERS",
                        "iaafId": 62514,
                        "urlSlug": "spain/sandra-myers-014260910",
                        "birthDate": "09 JAN 1961",
                        "hasProfile": true,
                        "__typename": "CalendarResultsCompetitor"
                      },
                      "mark": "51.18",
                      "nationality": "ESP",
                      "place": "1.",
                      "points": null,
                      "qualified": false,
                      "records": "",
                      "wind": null,
                      "remark": null,
                      "details": null,
                      "__typename": "CalendarResultsRaceResult"
                    },
                    {
                      "competitor": {
                        "teamMembers": null,
                        "id": "ibmbcm3bariwmb0xgdfvf",
                        "name": "Pauline DAVIS-THOMPSON",
                        "iaafId": 60399,
                        "urlSlug": "bahamas/pauline-davis-thompson-014270646",
                        "birthDate": "09 JUL 1966",
                        "hasProfile": true,
                        "__typename": "CalendarResultsCompetitor"
                      },
                      "mark": "51.21",
                      "nationality": "BAH",
                      "place": "2.",
                      "points": null,
                      "qualified": false,
                      "records": "",
                      "wind": null,
                      "remark": null,
                      "details": null,
                      "__typename": "CalendarResultsRaceResult"
                    },
                    {
                      "competitor": {
                        "teamMembers": null,
                        "id": "su57m88bx98397z6zxdm5g",
                        "name": "Kim GRAHAM",
                        "iaafId": 71321,
                        "urlSlug": "united-states/kim-graham-014311261",
                        "birthDate": "26 MAR 1971",
                        "hasProfile": true,
                        "__typename": "CalendarResultsCompetitor"
                      },
                      "mark": "51.39",
                      "nationality": "USA",
                      "place": "3.",
                      "points": null,
                      "qualified": false,
                      "records": "",
                      "wind": null,
                      "remark": null,
                      "details": null,
                      "__typename": "CalendarResultsRaceResult"
                    },
                    {
                      "competitor": {
                        "teamMembers": null,
                        "id": "161n822n6hvgr5pxp140z",
                        "name": "Li JING",
                        "iaafId": 80108,
                        "urlSlug": "pr-of-china/li-jing-014266151",
                        "birthDate": "14 FEB 1980",
                        "hasProfile": true,
                        "__typename": "CalendarResultsCompetitor"
                      },
                      "mark": "51.50",
                      "nationality": "CHN",
                      "place": "4.",
                      "points": null,
                      "qualified": false,
                      "records": "",
                      "wind": null,
                      "remark": null,
                      "details": null,
                      "__typename": "CalendarResultsRaceResult"
                    },
                    {
                      "competitor": {
                        "teamMembers": null,
                        "id": "q7io4e4uhiayuh5r0180x8",
                        "name": "Sandra KUSCHMANN",
                        "iaafId": 80094,
                        "urlSlug": "germany/sandra-kuschmann-014278581",
                        "birthDate": "15 FEB 1974",
                        "hasProfile": true,
                        "__typename": "CalendarResultsCompetitor"
                      },
                      "mark": "51.99",
                      "nationality": "GER",
                      "place": "5.",
                      "points": null,
                      "qualified": null,
                      "records": "",
                      "wind": null,
                      "remark": null,
                      "details": null,
                      "__typename": "CalendarResultsRaceResult"
                    },
                    {
                      "competitor": {
                        "teamMembers": null,
                        "id": "vbr46mi0hrsb0tb53o7ce",
                        "name": "Olga MOROZ",
                        "iaafId": 71279,
                        "urlSlug": "ukraine/olga-moroz-014303923",
                        "birthDate": "16 AUG 1970",
                        "hasProfile": true,
                        "__typename": "CalendarResultsCompetitor"
                      },
                      "mark": "52.31",
                      "nationality": "UKR",
                      "place": "6.",
                      "points": null,
                      "qualified": null,
                      "records": "",
                      "wind": null,
                      "remark": null,
                      "details": null,
                      "__typename": "CalendarResultsRaceResult"
                    },
                    {
                      "competitor": {
                        "teamMembers": null,
                        "id": "lbc4c5xj766k9484trofw",
                        "name": "Sharron MIFSUD CELECIA",
                        "iaafId": 64423,
                        "urlSlug": "gibraltar/sharron-mifsud-celecia-014378667",
                        "birthDate": "21 JUL 1969",
                        "hasProfile": true,
                        "__typename": "CalendarResultsCompetitor"
                      },
                      "mark": "61.03",
                      "nationality": "GIB",
                      "place": "7.",
                      "points": null,
                      "qualified": null,
                      "records": "",
                      "wind": null,
                      "remark": null,
                      "details": null,
                      "__typename": "CalendarResultsRaceResult"
                    },
                    {
                      "competitor": {
                        "teamMembers": null,
                        "id": "47zxidp027k4hs1ihyyqbo",
                        "name": "Kate CLARKE",
                        "iaafId": 80911,
                        "urlSlug": "liberia/kate-clarke-014378689",
                        "birthDate": "24 APR 1979",
                        "hasProfile": true,
                        "__typename": "CalendarResultsCompetitor"
                      },
                      "mark": "DNS",
                      "nationality": "LBR",
                      "place": "",
                      "points": null,
                      "qualified": null,
                      "records": "",
                      "wind": null,
                      "remark": null,
                      "details": null,
                      "__typename": "CalendarResultsRaceResult"
                    }
                  ],
                  "startList": null,
                  "wind": null,
                  "__typename": "CalendarResultsRace"
                },
                {
                  "date": "1995-08-05",
                  "day": 1,
                  "race": "Round 1 - Heat",
                  "raceId": 11,
                  "raceNumber": 5,
                  "results": [
                    {
                      "competitor": {
                        "teamMembers": null,
                        "id": "ucgtnolwjclqrdxi3e24i",
                        "name": "Falilat OGUNKOYA-OSHEKU",
                        "iaafId": 63345,
                        "urlSlug": "nigeria/falilat-ogunkoya-osheku-014292474",
                        "birthDate": "05 DEC 1968",
                        "hasProfile": true,
                        "__typename": "CalendarResultsCompetitor"
                      },
                      "mark": "50.72",
                      "nationality": "NGR",
                      "place": "1.",
                      "points": null,
                      "qualified": false,
                      "records": "",
                      "wind": null,
                      "remark": null,
                      "details": null,
                      "__typename": "CalendarResultsRaceResult"
                    },
                    {
                      "competitor": {
                        "teamMembers": null,
                        "id": "tm2fg3mysvjdg2uu3vom",
                        "name": "Jearl MILES-CLARK",
                        "iaafId": 61258,
                        "urlSlug": "united-states/jearl-miles-clark-014316976",
                        "birthDate": "04 SEP 1966",
                        "hasProfile": true,
                        "__typename": "CalendarResultsCompetitor"
                      },
                      "mark": "50.94",
                      "nationality": "USA",
                      "place": "2.",
                      "points": null,
                      "qualified": false,
                      "records": "",
                      "wind": null,
                      "remark": null,
                      "details": null,
                      "__typename": "CalendarResultsRaceResult"
                    },
                    {
                      "competitor": {
                        "teamMembers": null,
                        "id": "xu72lu99ao92b2s49icrco",
                        "name": "Claudine WILLIAMS",
                        "iaafId": 67970,
                        "urlSlug": "jamaica/claudine-williams-014285995",
                        "birthDate": "08 JAN 1976",
                        "hasProfile": true,
                        "__typename": "CalendarResultsCompetitor"
                      },
                      "mark": "51.32",
                      "nationality": "JAM",
                      "place": "3.",
                      "points": null,
                      "qualified": false,
                      "records": "",
                      "wind": null,
                      "remark": null,
                      "details": null,
                      "__typename": "CalendarResultsRaceResult"
                    },
                    {
                      "competitor": {
                        "teamMembers": null,
                        "id": "dcbdfu82sq8oioe0dg1jaf",
                        "name": "Nancy MCLEON",
                        "iaafId": 67135,
                        "urlSlug": "cuba/nancy-mcleon-014263482",
                        "birthDate": "01 MAY 1971",
                        "hasProfile": true,
                        "__typename": "CalendarResultsCompetitor"
                      },
                      "mark": "51.39",
                      "nationality": "CUB",
                      "place": "4.",
                      "points": null,
                      "qualified": false,
                      "records": "",
                      "wind": null,
                      "remark": null,
                      "details": null,
                      "__typename": "CalendarResultsRaceResult"
                    },
                    {
                      "competitor": {
                        "teamMembers": null,
                        "id": "f3rj5oz3u3kkqmsuc0kye",
                        "name": "Evelyn ELIEN",
                        "iaafId": 60498,
                        "urlSlug": "france/evelyn-elien-014257615",
                        "birthDate": "24 MAR 1964",
                        "hasProfile": true,
                        "__typename": "CalendarResultsCompetitor"
                      },
                      "mark": "53.34",
                      "nationality": "FRA",
                      "place": "5.",
                      "points": null,
                      "qualified": null,
                      "records": "",
                      "wind": null,
                      "remark": null,
                      "details": null,
                      "__typename": "CalendarResultsRaceResult"
                    },
                    {
                      "competitor": {
                        "teamMembers": null,
                        "id": "jn71f1ww0ua2w7fwm5i5q",
                        "name": "Marcy ADDY",
                        "iaafId": 62957,
                        "urlSlug": "ghana/marcy-addy-014280435",
                        "birthDate": "02 MAY 1963",
                        "hasProfile": true,
                        "__typename": "CalendarResultsCompetitor"
                      },
                      "mark": "54.29",
                      "nationality": "GHA",
                      "place": "6.",
                      "points": null,
                      "qualified": null,
                      "records": "",
                      "wind": null,
                      "remark": null,
                      "details": null,
                      "__typename": "CalendarResultsRaceResult"
                    },
                    {
                      "competitor": {
                        "teamMembers": null,
                        "id": "7w562lki8b7j7yt9e592we",
                        "name": "Bernice MORTON",
                        "iaafId": 68244,
                        "urlSlug": "saint-kitts-and-nevis/bernice-morton-14300053",
                        "birthDate": "1969",
                        "hasProfile": true,
                        "__typename": "CalendarResultsCompetitor"
                      },
                      "mark": "DQ",
                      "nationality": "SKN",
                      "place": "",
                      "points": null,
                      "qualified": null,
                      "records": "",
                      "wind": null,
                      "remark": null,
                      "details": null,
                      "__typename": "CalendarResultsRaceResult"
                    }
                  ],
                  "startList": null,
                  "wind": null,
                  "__typename": "CalendarResultsRace"
                },
                {
                  "date": "1995-08-05",
                  "day": 1,
                  "race": "Round 1 - Heat",
                  "raceId": 11,
                  "raceNumber": 6,
                  "results": [
                    {
                      "competitor": {
                        "teamMembers": null,
                        "id": "y9ji5ljrcubfog8oul9gb",
                        "name": "Sandie RICHARDS",
                        "iaafId": 61589,
                        "urlSlug": "jamaica/sandie-richards-014285873",
                        "birthDate": "06 NOV 1968",
                        "hasProfile": true,
                        "__typename": "CalendarResultsCompetitor"
                      },
                      "mark": "51.30",
                      "nationality": "JAM",
                      "place": "1.",
                      "points": null,
                      "qualified": false,
                      "records": "",
                      "wind": null,
                      "remark": null,
                      "details": null,
                      "__typename": "CalendarResultsRaceResult"
                    },
                    {
                      "competitor": {
                        "teamMembers": null,
                        "id": "mkvcfyifj1fd20celj0y",
                        "name": "Olena RURAK",
                        "iaafId": 80100,
                        "urlSlug": "ukraine/olena-rurak-014304103",
                        "birthDate": "07 FEB 1972",
                        "hasProfile": true,
                        "__typename": "CalendarResultsCompetitor"
                      },
                      "mark": "51.32",
                      "nationality": "UKR",
                      "place": "2.",
                      "points": null,
                      "qualified": false,
                      "records": "",
                      "wind": null,
                      "remark": null,
                      "details": null,
                      "__typename": "CalendarResultsRaceResult"
                    },
                    {
                      "competitor": {
                        "teamMembers": null,
                        "id": "rapxokohi8pr0p7idc4iqd",
                        "name": "Daniela GEORGIEVA",
                        "iaafId": 75060,
                        "urlSlug": "bulgaria/daniela-georgieva-014268712",
                        "birthDate": "22 SEP 1969",
                        "hasProfile": true,
                        "__typename": "CalendarResultsCompetitor"
                      },
                      "mark": "51.37",
                      "nationality": "BUL",
                      "place": "3.",
                      "points": null,
                      "qualified": false,
                      "records": "",
                      "wind": null,
                      "remark": null,
                      "details": null,
                      "__typename": "CalendarResultsRaceResult"
                    },
                    {
                      "competitor": {
                        "teamMembers": null,
                        "id": "ek9f7h7aisnj7ovp8wr4f",
                        "name": "Helena FUCHSOV\u00c1",
                        "iaafId": 80102,
                        "urlSlug": "czech-republic/helena-fuchsova-14263129",
                        "birthDate": "03 JUN 1965",
                        "hasProfile": true,
                        "__typename": "CalendarResultsCompetitor"
                      },
                      "mark": "51.96",
                      "nationality": "CZE",
                      "place": "4.",
                      "points": null,
                      "qualified": null,
                      "records": "",
                      "wind": null,
                      "remark": null,
                      "details": null,
                      "__typename": "CalendarResultsRaceResult"
                    },
                    {
                      "competitor": {
                        "teamMembers": null,
                        "id": "vg9wx0g7sqrthlc2cpv61l",
                        "name": "Lee NAYLOR",
                        "iaafId": 63326,
                        "urlSlug": "australia/lee-naylor-14271575",
                        "birthDate": "26 JAN 1971",
                        "hasProfile": true,
                        "__typename": "CalendarResultsCompetitor"
                      },
                      "mark": "52.37",
                      "nationality": "AUS",
                      "place": "5.",
                      "points": null,
                      "qualified": null,
                      "records": "",
                      "wind": null,
                      "remark": null,
                      "details": null,
                      "__typename": "CalendarResultsRaceResult"
                    },
                    {
                      "competitor": {
                        "teamMembers": null,
                        "id": "bkzlzw5f57f6vcqwk81xre",
                        "name": "Vernatta LESFORIS",
                        "iaafId": 80945,
                        "urlSlug": "saint-lucia/vernatta-lesforis-014290132",
                        "birthDate": "04 MAY 1975",
                        "hasProfile": true,
                        "__typename": "CalendarResultsCompetitor"
                      },
                      "mark": "56.43",
                      "nationality": "LCA",
                      "place": "6.",
                      "points": null,
                      "qualified": null,
                      "records": "",
                      "wind": null,
                      "remark": null,
                      "details": null,
                      "__typename": "CalendarResultsRaceResult"
                    },
                    {
                      "competitor": {
                        "teamMembers": null,
                        "id": "fcju3autjun2xvxmv8qj1",
                        "name": "Mirna EL LAZ",
                        "iaafId": 80548,
                        "urlSlug": "lebanon/mirna-el-laz-014378668",
                        "birthDate": "1975",
                        "hasProfile": true,
                        "__typename": "CalendarResultsCompetitor"
                      },
                      "mark": "59.96",
                      "nationality": "LBN",
                      "place": "7.",
                      "points": null,
                      "qualified": null,
                      "records": "",
                      "wind": null,
                      "remark": null,
                      "details": null,
                      "__typename": "CalendarResultsRaceResult"
                    },
                    {
                      "competitor": {
                        "teamMembers": null,
                        "id": "qkm92imvhqdu1n3yqkz64c",
                        "name": "Francine LANDRE",
                        "iaafId": 62598,
                        "urlSlug": "france/francine-landre-014256820",
                        "birthDate": "26 JUL 1970",
                        "hasProfile": true,
                        "__typename": "CalendarResultsCompetitor"
                      },
                      "mark": "DNF",
                      "nationality": "FRA",
                      "place": "",
                      "points": null,
                      "qualified": null,
                      "records": "",
                      "wind": null,
                      "remark": null,
                      "details": null,
                      "__typename": "CalendarResultsRaceResult"
                    }
                  ],
                  "startList": null,
                  "wind": null,
                  "__typename": "CalendarResultsRace"
                },
                {
                  "date": "1995-08-05",
                  "day": 1,
                  "race": "Round 1 - Heat",
                  "raceId": 11,
                  "raceNumber": 7,
                  "results": [
                    {
                      "competitor": {
                        "teamMembers": null,
                        "id": "604ldfbbluxgp0cn8ql1q",
                        "name": "Fatimat YUSUF",
                        "iaafId": 62127,
                        "urlSlug": "nigeria/fatimat-yusuf-014292537",
                        "birthDate": "02 MAY 1971",
                        "hasProfile": true,
                        "__typename": "CalendarResultsCompetitor"
                      },
                      "mark": "50.60",
                      "nationality": "NGR",
                      "place": "1.",
                      "points": null,
                      "qualified": false,
                      "records": "",
                      "wind": null,
                      "remark": null,
                      "details": null,
                      "__typename": "CalendarResultsRaceResult"
                    },
                    {
                      "competitor": {
                        "teamMembers": null,
                        "id": "gui3a2qnigv3j41pfcmly3",
                        "name": "Renee POETSCHKA",
                        "iaafId": 63377,
                        "urlSlug": "australia/renee-poetschka-14271459",
                        "birthDate": "01 MAY 1971",
                        "hasProfile": true,
                        "__typename": "CalendarResultsCompetitor"
                      },
                      "mark": "51.26",
                      "nationality": "AUS",
                      "place": "2.",
                      "points": null,
                      "qualified": false,
                      "records": "",
                      "wind": null,
                      "remark": null,
                      "details": null,
                      "__typename": "CalendarResultsRaceResult"
                    },
                    {
                      "competitor": {
                        "teamMembers": null,
                        "id": "tjg17ro09spbrzta8vxyt",
                        "name": "Ximena RESTREPO",
                        "iaafId": 63399,
                        "urlSlug": "colombia/ximena-restrepo-014263930",
                        "birthDate": "10 MAR 1969",
                        "hasProfile": true,
                        "__typename": "CalendarResultsCompetitor"
                      },
                      "mark": "51.57",
                      "nationality": "COL",
                      "place": "3.",
                      "points": null,
                      "qualified": false,
                      "records": "",
                      "wind": null,
                      "remark": null,
                      "details": null,
                      "__typename": "CalendarResultsRaceResult"
                    },
                    {
                      "competitor": {
                        "teamMembers": null,
                        "id": "hjmeuwg22jryavitsmmjo",
                        "name": "Ludmila FORMANOV\u00c1",
                        "iaafId": 67920,
                        "urlSlug": "czech-republic/ludmila-formanova-14263132",
                        "birthDate": "02 JAN 1974",
                        "hasProfile": true,
                        "__typename": "CalendarResultsCompetitor"
                      },
                      "mark": "52.05",
                      "nationality": "CZE",
                      "place": "4.",
                      "points": null,
                      "qualified": null,
                      "records": "",
                      "wind": null,
                      "remark": null,
                      "details": null,
                      "__typename": "CalendarResultsRaceResult"
                    },
                    {
                      "competitor": {
                        "teamMembers": null,
                        "id": "uz25sm2kde527rztviykw",
                        "name": "Merlene FRAZER",
                        "iaafId": 67084,
                        "urlSlug": "jamaica/merlene-frazer-014285679",
                        "birthDate": "27 DEC 1973",
                        "hasProfile": true,
                        "__typename": "CalendarResultsCompetitor"
                      },
                      "mark": "52.24",
                      "nationality": "JAM",
                      "place": "5.",
                      "points": null,
                      "qualified": null,
                      "records": "",
                      "wind": null,
                      "remark": null,
                      "details": null,
                      "__typename": "CalendarResultsRaceResult"
                    },
                    {
                      "competitor": {
                        "teamMembers": null,
                        "id": "8dlg7czmcoqr5hvejvdy0e",
                        "name": "Teodora KYRIAKOU",
                        "iaafId": 64261,
                        "urlSlug": "cyprus/teodora-kyriakou-014263307",
                        "birthDate": "03 JUL 1967",
                        "hasProfile": true,
                        "__typename": "CalendarResultsCompetitor"
                      },
                      "mark": "52.81",
                      "nationality": "CYP",
                      "place": "6.",
                      "points": null,
                      "qualified": null,
                      "records": "",
                      "wind": null,
                      "remark": null,
                      "details": null,
                      "__typename": "CalendarResultsRaceResult"
                    },
                    {
                      "competitor": {
                        "teamMembers": null,
                        "id": "83b2d4l4x5cvm6ciun3sp",
                        "name": "Mary Estelle KAPALU",
                        "iaafId": 67042,
                        "urlSlug": "vanuatu/mary-estelle-kapalu-014325084",
                        "birthDate": "11 AUG 1966",
                        "hasProfile": true,
                        "__typename": "CalendarResultsCompetitor"
                      },
                      "mark": "53.92",
                      "nationality": "VAN",
                      "place": "7.",
                      "points": null,
                      "qualified": null,
                      "records": "",
                      "wind": null,
                      "remark": null,
                      "details": null,
                      "__typename": "CalendarResultsRaceResult"
                    },
                    {
                      "competitor": {
                        "teamMembers": null,
                        "id": "99p3ozke5ur41b2y5gs7ge",
                        "name": "Bipendu MBOMBO",
                        "iaafId": 80547,
                        "urlSlug": "democ-republic-of-congo/bipendu-mbombo-014378669",
                        "birthDate": null,
                        "hasProfile": true,
                        "__typename": "CalendarResultsCompetitor"
                      },
                      "mark": "61.60",
                      "nationality": "COD",
                      "place": "8.",
                      "points": null,
                      "qualified": null,
                      "records": "",
                      "wind": null,
                      "remark": null,
                      "details": null,
                      "__typename": "CalendarResultsRaceResult"
                    }
                  ],
                  "startList": null,
                  "wind": null,
                  "__typename": "CalendarResultsRace"
                }
              ],
              "__typename": "CalendarResultsEvent"
            }
          ],
          "__typename": "CalendarResultsEventTitle"
        }
      ],
      "options": {
        "days": [
          {
            "date": "05 AUG 1995",
            "day": 1,
            "__typename": "CalendarResultsOptionsDay"
          },
          {
            "date": "06 AUG 1995",
            "day": 2,
            "__typename": "CalendarResultsOptionsDay"
          },
          {
            "date": "07 AUG 1995",
            "day": 3,
            "__typename": "CalendarResultsOptionsDay"
          },
          {
            "date": "08 AUG 1995",
            "day": 4,
            "__typename": "CalendarResultsOptionsDay"
          },
          {
            "date": "09 AUG 1995",
            "day": 5,
            "__typename": "CalendarResultsOptionsDay"
          },
          {
            "date": "10 AUG 1995",
            "day": 6,
            "__typename": "CalendarResultsOptionsDay"
          },
          {
            "date": "11 AUG 1995",
            "day": 7,
            "__typename": "CalendarResultsOptionsDay"
          },
          {
            "date": "12 AUG 1995",
            "day": 8,
            "__typename": "CalendarResultsOptionsDay"
          },
          {
            "date": "13 AUG 1995",
            "day": 9,
            "__typename": "CalendarResultsOptionsDay"
          }
        ],
        "events": [
          {
            "gender": "W",
            "id": 10229509,
            "name": "Women's 100 Metres",
            "combined": null,
            "__typename": "CalendarResultsOptionEvent"
          },
          {
            "gender": "W",
            "id": 10229510,
            "name": "Women's 200 Metres",
            "combined": null,
            "__typename": "CalendarResultsOptionEvent"
          },
          {
            "gender": "W",
            "id": 10229515,
            "name": "Women's 300 Metres",
            "combined": null,
            "__typename": "CalendarResultsOptionEvent"
          },
          {
            "gender": "W",
            "id": 10229511,
            "name": "Women's 400 Metres",
            "combined": null,
            "__typename": "CalendarResultsOptionEvent"
          },
          {
            "gender": "W",
            "id": 10229602,
            "name": "Women's 600 Metres",
            "combined": null,
            "__typename": "CalendarResultsOptionEvent"
          },
          {
            "gender": "W",
            "id": 10229512,
            "name": "Women's 800 Metres",
            "combined": null,
            "__typename": "CalendarResultsOptionEvent"
          },
          {
            "gender": "W",
            "id": 10229513,
            "name": "Women's 1500 Metres",
            "combined": null,
            "__typename": "CalendarResultsOptionEvent"
          },
          {
            "gender": "W",
            "id": 10229514,
            "name": "Women's 5000 Metres",
            "combined": null,
            "__typename": "CalendarResultsOptionEvent"
          },
          {
            "gender": "W",
            "id": 10229521,
            "name": "Women's 10,000 Metres",
            "combined": null,
            "__typename": "CalendarResultsOptionEvent"
          },
          {
            "gender": "W",
            "id": 10229522,
            "name": "Women's 100 Metres Hurdles",
            "combined": null,
            "__typename": "CalendarResultsOptionEvent"
          },
          {
            "gender": "W",
            "id": 10229523,
            "name": "Women's 400 Metres Hurdles",
            "combined": null,
            "__typename": "CalendarResultsOptionEvent"
          },
          {
            "gender": "W",
            "id": 10229526,
            "name": "Women's High Jump",
            "combined": null,
            "__typename": "CalendarResultsOptionEvent"
          },
          {
            "gender": "W",
            "id": 10229528,
            "name": "Women's Long Jump",
            "combined": null,
            "__typename": "CalendarResultsOptionEvent"
          },
          {
            "gender": "W",
            "id": 10229529,
            "name": "Women's Triple Jump",
            "combined": null,
            "__typename": "CalendarResultsOptionEvent"
          },
          {
            "gender": "W",
            "id": 10229530,
            "name": "Women's Shot Put",
            "combined": null,
            "__typename": "CalendarResultsOptionEvent"
          },
          {
            "gender": "W",
            "id": 10229531,
            "name": "Women's Discus Throw",
            "combined": null,
            "__typename": "CalendarResultsOptionEvent"
          },
          {
            "gender": "W",
            "id": 10229596,
            "name": "Women's Javelin Throw (old)",
            "combined": null,
            "__typename": "CalendarResultsOptionEvent"
          },
          {
            "gender": "W",
            "id": 10229534,
            "name": "Women's Marathon",
            "combined": null,
            "__typename": "CalendarResultsOptionEvent"
          },
          {
            "gender": "W",
            "id": 10229546,
            "name": "Women's 5 Kilometres Race Walk",
            "combined": null,
            "__typename": "CalendarResultsOptionEvent"
          },
          {
            "gender": "W",
            "id": 10229547,
            "name": "Women's 10 Kilometres Race Walk",
            "combined": null,
            "__typename": "CalendarResultsOptionEvent"
          },
          {
            "gender": "W",
            "id": 10229536,
            "name": "Women's Heptathlon",
            "combined": true,
            "__typename": "CalendarResultsOptionEvent"
          },
          {
            "gender": "W",
            "id": 204594,
            "name": "Women's 4x100 Metres Relay",
            "combined": null,
            "__typename": "CalendarResultsOptionEvent"
          },
          {
            "gender": "W",
            "id": 204596,
            "name": "Women's 4x400 Metres Relay",
            "combined": null,
            "__typename": "CalendarResultsOptionEvent"
          },
          {
            "gender": "M",
            "id": 10229630,
            "name": "Men's 100 Metres",
            "combined": null,
            "__typename": "CalendarResultsOptionEvent"
          },
          {
            "gender": "M",
            "id": 10229605,
            "name": "Men's 200 Metres",
            "combined": null,
            "__typename": "CalendarResultsOptionEvent"
          },
          {
            "gender": "M",
            "id": 10229500,
            "name": "Men's 300 Metres",
            "combined": null,
            "__typename": "CalendarResultsOptionEvent"
          },
          {
            "gender": "M",
            "id": 10229631,
            "name": "Men's 400 Metres",
            "combined": null,
            "__typename": "CalendarResultsOptionEvent"
          },
          {
            "gender": "M",
            "id": 10229501,
            "name": "Men's 800 Metres",
            "combined": null,
            "__typename": "CalendarResultsOptionEvent"
          },
          {
            "gender": "M",
            "id": 10229502,
            "name": "Men's 1500 Metres",
            "combined": null,
            "__typename": "CalendarResultsOptionEvent"
          },
          {
            "gender": "M",
            "id": 10229609,
            "name": "Men's 5000 Metres",
            "combined": null,
            "__typename": "CalendarResultsOptionEvent"
          },
          {
            "gender": "M",
            "id": 10229610,
            "name": "Men's 10,000 Metres",
            "combined": null,
            "__typename": "CalendarResultsOptionEvent"
          },
          {
            "gender": "M",
            "id": 10229611,
            "name": "Men's 110 Metres Hurdles",
            "combined": null,
            "__typename": "CalendarResultsOptionEvent"
          },
          {
            "gender": "M",
            "id": 10229612,
            "name": "Men's 400 Metres Hurdles",
            "combined": null,
            "__typename": "CalendarResultsOptionEvent"
          },
          {
            "gender": "M",
            "id": 10229613,
            "name": "Men's 2000 Metres Steeplechase",
            "combined": null,
            "__typename": "CalendarResultsOptionEvent"
          },
          {
            "gender": "M",
            "id": 10229614,
            "name": "Men's 3000 Metres Steeplechase",
            "combined": null,
            "__typename": "CalendarResultsOptionEvent"
          },
          {
            "gender": "M",
            "id": 10229615,
            "name": "Men's High Jump",
            "combined": null,
            "__typename": "CalendarResultsOptionEvent"
          },
          {
            "gender": "M",
            "id": 10229616,
            "name": "Men's Pole Vault",
            "combined": null,
            "__typename": "CalendarResultsOptionEvent"
          },
          {
            "gender": "M",
            "id": 10229617,
            "name": "Men's Long Jump",
            "combined": null,
            "__typename": "CalendarResultsOptionEvent"
          },
          {
            "gender": "M",
            "id": 10229618,
            "name": "Men's Triple Jump",
            "combined": null,
            "__typename": "CalendarResultsOptionEvent"
          },
          {
            "gender": "M",
            "id": 10229619,
            "name": "Men's Shot Put",
            "combined": null,
            "__typename": "CalendarResultsOptionEvent"
          },
          {
            "gender": "M",
            "id": 10229620,
            "name": "Men's Discus Throw",
            "combined": null,
            "__typename": "CalendarResultsOptionEvent"
          },
          {
            "gender": "M",
            "id": 10229621,
            "name": "Men's Hammer Throw",
            "combined": null,
            "__typename": "CalendarResultsOptionEvent"
          },
          {
            "gender": "M",
            "id": 10229636,
            "name": "Men's Javelin Throw",
            "combined": null,
            "__typename": "CalendarResultsOptionEvent"
          },
          {
            "gender": "M",
            "id": 10229634,
            "name": "Men's Marathon",
            "combined": null,
            "__typename": "CalendarResultsOptionEvent"
          },
          {
            "gender": "M",
            "id": 10229508,
            "name": "Men's 20 Kilometres Race Walk",
            "combined": null,
            "__typename": "CalendarResultsOptionEvent"
          },
          {
            "gender": "M",
            "id": 10229628,
            "name": "Men's 50 Kilometres Race Walk",
            "combined": null,
            "__typename": "CalendarResultsOptionEvent"
          },
          {
            "gender": "M",
            "id": 10229629,
            "name": "Men's Decathlon",
            "combined": true,
            "__typename": "CalendarResultsOptionEvent"
          },
          {
            "gender": "M",
            "id": 204593,
            "name": "Men's 4x100 Metres Relay",
            "combined": null,
            "__typename": "CalendarResultsOptionEvent"
          },
          {
            "gender": "M",
            "id": 204595,
            "name": "Men's 4x400 Metres Relay",
            "combined": null,
            "__typename": "CalendarResultsOptionEvent"
          }
        ],
        "__typename": "CalendarResultsOptions"
      },
      "parameters": {
        "competitionId": 6997728,
        "day": null,
        "eventId": 10229511,
        "__typename": "CalendarResultsParameters"
      },
      "__typename": "CalendarCompetitionResults"
    }
  }
}