{
  "data": {
    "getCalendarCompetitionResults": {
      "competition": {
        "dateRange": "05\u201313 AUG 1995",
        "endDate": "1995-08-13",
        "name": "IAAF World Championships",
        "rankingCategory": "OW",
        "startDate": "1995-08-05",
        "venue": "Ullevi Stadium, G\u00f6teborg (SWE)",
        "__typename": "CalendarResultsCompetition"
      },
      "eventTitles": [
        {
          "rankingCategory": "OW",
          "eventTitle": null,
          "events": [
            {
              "event": "Women's 1500 Metres",
              "eventId": 10229513,
              "gender": "W",
              "isRelay": false,
              "perResultWind": false,
              "withWind": false,
              "summary": null,
              "races": [
                {
                  "date": "1995-08-09",
                  "day": 5,
                  "race": "Final",
                  "raceId": 10,
                  "raceNumber": 0,
                  "results": [
                    {
                      "competitor": {
                        "teamMembers": null,
                        "id": "npa0l78rc2l5178j1yzjup",
                        "name": "Hassiba BOULMERKA",
                        "iaafId": 60203,
                        "urlSlug": "algeria/hassiba-boulmerka-014272850",
                        "birthDate": "10 JUL 1968",
                        "hasProfile": true,
                        "__typename": "CalendarResultsCompetitor"
                      },
                      "mark": "4:02.42",
                      "nationality": "ALG",
                      "place": "1.",
                      "points": null,
                      "qualified": null,
                      "records": "",
                      "wind": null,
                      "remark": null,
                      "details": null,
                      "__typename": "CalendarResultsRaceResult"
                    },
                    {
                      "competitor": {
                        "teamMembers": null,
                        "id": "blyrblloqudifugg706fc",
                        "name": "Kelly HOLMES",
                        "iaafId": 67889,
                        "urlSlug": "great-britain-ni/kelly-holmes-014275347",
                        "birthDate": "19 APR 1970",
                        "hasProfile": true,
                        "__typename": "CalendarResultsCompetitor"
                      },
                      "mark": "4:03.04",
                      "nationality": "GBR",
                      "place": "2.",
                      "points": null,
                      "qualified": null,
                      "records": "",
                      "wind": null,
                      "remark": null,
                      "details": null,
                      "__typename": "CalendarResultsRaceResult"
                    },
                    {
                      "competitor": {
                        "teamMembers": null,
                        "id": "yutsyzc96b9s9gvc4ya7u",
                        "name": "Carla SACRAMENTO",
                        "iaafId": 61644,
                        "urlSlug": "portugal/carla-sacramento-014295074",
                        "birthDate": "10 DEC 1971",
                        "hasProfile": true,
                        "__typename": "CalendarResultsCompetitor"
                      },
                      "mark": "4:03.79",
                      "nationality": "POR",
                      "place": "3.",
                      "points": null,
                      "qualified": null,
                      "records": "",
                      "wind": null,
                      "remark": null,
                      "details": null,
                      "__typename": "CalendarResultsRaceResult"
                    },
                    {
                      "competitor": {
                        "teamMembers": null,
                        "id": "6zuhqrdye5thuyaq6dr4fm",
                        "name": "Angela CHALMERS",
                        "iaafId": 60292,
                        "urlSlug": "canada/angela-chalmers-014268226",
                        "birthDate": "06 SEP 1963",
                        "hasProfile": true,
                        "__typename": "CalendarResultsCompetitor"
                      },
                      "mark": "4:04.74",
                      "nationality": "CAN",
                      "place": "4.",
                      "points": null,
                      "qualified": null,
                      "records": "",
                      "wind": null,
                      "remark": null,
                      "details": null,
                      "__typename": "CalendarResultsRaceResult"
                    },
                    {
                      "competitor": {
                        "teamMembers": null,
                        "id": "rqqzer938oeygrninsej",
                        "name": "Lyudmila BORISOVA",
                        "iaafId": 60194,
                        "urlSlug": "russia/lyudmila-borisova-014297437",
                        "birthDate": "03 AUG 1966",
                        "hasProfile": true,
                        "__typename": "CalendarResultsCompetitor"
                      },
                      "mark": "4:04.78",
                      "nationality": "RUS",
                      "place": "5.",
                      "points": null,
                      "qualified": null,
                      "records": "",
                      "wind": null,
                      "remark": null,
                      "details": null,
                      "__typename": "CalendarResultsRaceResult"
                    },
                    {
                      "competitor": {
                        "teamMembers": null,
                        "id": "ecug1mfvt7h10sfzhl1xfyj",
                        "name": "Anna BRZEZI\u0143SKA",
                        "iaafId": 75002,
                        "urlSlug": "new-zealand/anna-brzezinska-014292901",
                        "birthDate": "09 JAN 1971",
                        "hasProfile": true,
                        "__typename": "CalendarResultsCompetitor"
                      },
                      "mark": "4:05.65",
                      "nationality": "POL",
                      "place": "6.",
                      "points": null,
                      "qualified": null,
                      "records": "",
                      "wind": null,
                      "remark": null,
                      "details": null,
                      "__typename": "CalendarResultsRaceResult"
                    },
                    {
                      "competitor": {
                        "teamMembers": null,
                        "id": "9166jebgtqwfgfslfur86g",
                        "name": "Ruth WYSOCKI",
                        "iaafId": 62086,
                        "urlSlug": "united-states/ruth-wysocki-014324777",
                        "birthDate": "08 MAR 1957",
                        "hasProfile": true,
                        "__typename": "CalendarResultsCompetitor"
                      },
                      "mark": "4:07.08",
                      "nationality": "USA",
                      "place": "7.",
                      "points": null,
                      "qualified": null,
                      "records": "",
                      "wind": null,
                      "remark": null,
                      "details": null,
                      "__typename": "CalendarResultsRaceResult"
                    },
                    {
                      "competitor": {
                        "teamMembers": null,
                        "id": "i333n9vc5cftpuhvanll",
                        "name": "Maite Z\u00da\u00d1IGA",
                        "iaafId": 62151,
                        "urlSlug": "spain/maite-zuniga-014260211",
                        "birthDate": "28 DEC 1964",
                        "hasProfile": true,
                        "__typename": "CalendarResultsCompetitor"
                      },
                      "mark": "4:07.27",
                      "nationality": "ESP",
                      "place": "8.",
                      "points": null,
                      "qualified": null,
                      "records": "",
                      "wind": null,
                      "remark": null,
                      "details": null,
                      "__typename": "CalendarResultsRaceResult"
                    },
                    {
                      "competitor": {
                        "teamMembers": null,
                        "id": "nmj646qsirrw4d4jdyutj",
                        "name": "Lyudmila ROGACHOVA",
                        "iaafId": 61612,
                        "urlSlug": "russia/lyudmila-rogachova-014299071",
                        "birthDate": "30 OCT 1966",
                        "hasProfile": true,
                        "__typename": "CalendarResultsCompetitor"
                      },
                      "mark": "4:07.83",
                      "nationality": "RUS",
                      "place": "9.",
                      "points": null,
                      "qualified": null,
                      "records": "",
                      "wind": null,
                      "remark": null,
                      "details": null,
                      "__typename": "CalendarResultsRaceResult"
                    },
                    {
                      "competitor": {
                        "teamMembers": null,
                        "id": "srzq1fu1lp88h0j2calzf4",
                        "name": "Yvonne GRAHAM",
                        "iaafId": 68523,
                        "urlSlug": "jamaica/yvonne-graham-014285700",
                        "birthDate": "22 AUG 1965",
                        "hasProfile": true,
                        "__typename": "CalendarResultsCompetitor"
                      },
                      "mark": "4:08.01",
                      "nationality": "JAM",
                      "place": "10.",
                      "points": null,
                      "qualified": null,
                      "records": "",
                      "wind": null,
                      "remark": null,
                      "details": null,
                      "__typename": "CalendarResultsRaceResult"
                    },
                    {
                      "competitor": {
                        "teamMembers": null,
                        "id": "azz0cpqu4nv92svc2dkb8s",
                        "name": "Margarita MARUSOVA",
                        "iaafId": 135273,
                        "urlSlug": "russia/margarita-marusova-014298563",
                        "birthDate": "25 NOV 1967",
                        "hasProfile": true,
                        "__typename": "CalendarResultsCompetitor"
                      },
                      "mark": "4:11.64",
                      "nationality": "RUS",
                      "place": "11.",
                      "points": null,
                      "qualified": null,
                      "records": "",
                      "wind": null,
                      "remark": null,
                      "details": null,
                      "__typename": "CalendarResultsRaceResult"
                    },
                    {
                      "competitor": {
                        "teamMembers": null,
                        "id": "leghbfoxoza0m8yw7la9qn",
                        "name": "Ma\u0142gorzata RYDZ",
                        "iaafId": 61642,
                        "urlSlug": "poland/malgorzata-rydz-014294376",
                        "birthDate": "18 JAN 1967",
                        "hasProfile": true,
                        "__typename": "CalendarResultsCompetitor"
                      },
                      "mark": "4:20.83",
                      "nationality": "POL",
                      "place": "12.",
                      "points": null,
                      "qualified": null,
                      "records": "",
                      "wind": null,
                      "remark": null,
                      "details": null,
                      "__typename": "CalendarResultsRaceResult"
                    }
                  ],
                  "startList": null,
                  "wind": null,
                  "__typename": "CalendarResultsRace"
                },
                {
                  "date": "1995-08-07",
                  "day": 3,
                  "race": "Semifinal - Heat",
                  "raceId": 13,
                  "raceNumber": 1,
                  "results": [
                    {
                      "competitor": {
                        "teamMembers": null,
                        "id": "n2yyp50u37zk0cwdee2r",
                        "name": "Hassiba BOULMERKA",
                        "iaafId": 60203,
                        "urlSlug": "algeria/hassiba-boulmerka-014272850",
                        "birthDate": "10 JUL 1968",
                        "hasProfile": true,
                        "__typename": "CalendarResultsCompetitor"
                      },
                      "mark": "4:09.13",
                      "nationality": "ALG",
                      "place": "1.",
                      "points": null,
                      "qualified": false,
                      "records": "",
                      "wind": null,
                      "remark": null,
                      "details": null,
                      "__typename": "CalendarResultsRaceResult"
                    },
                    {
                      "competitor": {
                        "teamMembers": null,
                        "id": "igs03gqvcr7orm7rd1qmx",
                        "name": "Kelly HOLMES",
                        "iaafId": 67889,
                        "urlSlug": "great-britain-ni/kelly-holmes-014275347",
                        "birthDate": "19 APR 1970",
                        "hasProfile": true,
                        "__typename": "CalendarResultsCompetitor"
                      },
                      "mark": "4:09.15",
                      "nationality": "GBR",
                      "place": "2.",
                      "points": null,
                      "qualified": false,
                      "records": "",
                      "wind": null,
                      "remark": null,
                      "details": null,
                      "__typename": "CalendarResultsRaceResult"
                    },
                    {
                      "competitor": {
                        "teamMembers": null,
                        "id": "uiiwtwrvxbial5reatx38",
                        "name": "Carla SACRAMENTO",
                        "iaafId": 61644,
                        "urlSlug": "portugal/carla-sacramento-014295074",
                        "birthDate": "10 DEC 1971",
                        "hasProfile": true,
                        "__typename": "CalendarResultsCompetitor"
                      },
                      "mark": "4:10.03",
                      "nationality": "POR",
                      "place": "3.",
                      "points": null,
                      "qualified": false,
                      "records": "",
                      "wind": null,
                      "remark": null,
                      "details": null,
                      "__typename": "CalendarResultsRaceResult"
                    },
                    {
                      "competitor": {
                        "teamMembers": null,
                        "id": "1cxnztihb4vz2pimkmviyb",
                        "name": "Anna BRZEZI\u0143SKA",
                        "iaafId": 75002,
                        "urlSlug": "new-zealand/anna-brzezinska-014292901",
                        "birthDate": "09 JAN 1971",
                        "hasProfile": true,
                        "__typename": "CalendarResultsCompetitor"
                      },
                      "mark": "4:10.75",
                      "nationality": "POL",
                      "place": "4.",
                      "points": null,
                      "qualified": false,
                      "records": "",
                      "wind": null,
                      "remark": null,
                      "details": null,
                      "__typename": "CalendarResultsRaceResult"
                    },
                    {
                      "competitor": {
                        "teamMembers": null,
                        "id": "vtawxqe9sg57ljv7mvjsn",
                        "name": "Margarita MARUSOVA",
                        "iaafId": 135273,
                        "urlSlug": "russia/margarita-marusova-014298563",
                        "birthDate": "25 NOV 1967",
                        "hasProfile": true,
                        "__typename": "CalendarResultsCompetitor"
                      },
                      "mark": "4:10.92",
                      "nationality": "RUS",
                      "place": "5.",
                      "points": null,
                      "qualified": false,
                      "records": "",
                      "wind": null,
                      "remark": null,
                      "details": null,
                      "__typename": "CalendarResultsRaceResult"
                    },
                    {
                      "competitor": {
                        "teamMembers": null,
                        "id": "glxkr4naizntbudlgy3ib",
                        "name": "Blandine BITZNER-DUCRET",
                        "iaafId": 68180,
                        "urlSlug": "france/blandine-bitzner-ducret-014258443",
                        "birthDate": "01 DEC 1965",
                        "hasProfile": true,
                        "__typename": "CalendarResultsCompetitor"
                      },
                      "mark": "4:11.11",
                      "nationality": "FRA",
                      "place": "6.",
                      "points": null,
                      "qualified": null,
                      "records": "",
                      "wind": null,
                      "remark": null,
                      "details": null,
                      "__typename": "CalendarResultsRaceResult"
                    },
                    {
                      "competitor": {
                        "teamMembers": null,
                        "id": "9xw69hqxbkjg5fttvasup6",
                        "name": "Petya STRASHILOVA",
                        "iaafId": 66513,
                        "urlSlug": "bulgaria/petya-strashilova-014268548",
                        "birthDate": "18 MAR 1965",
                        "hasProfile": true,
                        "__typename": "CalendarResultsCompetitor"
                      },
                      "mark": "4:11.62",
                      "nationality": "BUL",
                      "place": "7.",
                      "points": null,
                      "qualified": null,
                      "records": "",
                      "wind": null,
                      "remark": null,
                      "details": null,
                      "__typename": "CalendarResultsRaceResult"
                    },
                    {
                      "competitor": {
                        "teamMembers": null,
                        "id": "ucat0v5gfdet1m9akzu0l",
                        "name": "Leah PELLS",
                        "iaafId": 61478,
                        "urlSlug": "canada/leah-pells-014267395",
                        "birthDate": "09 NOV 1964",
                        "hasProfile": true,
                        "__typename": "CalendarResultsCompetitor"
                      },
                      "mark": "4:12.07",
                      "nationality": "CAN",
                      "place": "8.",
                      "points": null,
                      "qualified": null,
                      "records": "",
                      "wind": null,
                      "remark": null,
                      "details": null,
                      "__typename": "CalendarResultsRaceResult"
                    },
                    {
                      "competitor": {
                        "teamMembers": null,
                        "id": "1aqaipt555sirwc14ivvu",
                        "name": "Sarah THORSETT",
                        "iaafId": 71497,
                        "urlSlug": "united-states/sarah-thorsett-014322790",
                        "birthDate": "18 MAR 1970",
                        "hasProfile": true,
                        "__typename": "CalendarResultsCompetitor"
                      },
                      "mark": "4:12.26",
                      "nationality": "USA",
                      "place": "9.",
                      "points": null,
                      "qualified": null,
                      "records": "",
                      "wind": null,
                      "remark": null,
                      "details": null,
                      "__typename": "CalendarResultsRaceResult"
                    },
                    {
                      "competitor": {
                        "teamMembers": null,
                        "id": "sob8eyjtxbj8m6am0xut63",
                        "name": "Theresia KIESL",
                        "iaafId": 62711,
                        "urlSlug": "austria/theresia-kiesl-014270893",
                        "birthDate": "26 OCT 1963",
                        "hasProfile": true,
                        "__typename": "CalendarResultsCompetitor"
                      },
                      "mark": "4:12.31",
                      "nationality": "AUT",
                      "place": "10.",
                      "points": null,
                      "qualified": null,
                      "records": "",
                      "wind": null,
                      "remark": null,
                      "details": null,
                      "__typename": "CalendarResultsRaceResult"
                    },
                    {
                      "competitor": {
                        "teamMembers": null,
                        "id": "xffi5p026uogj3ieeq5eeh",
                        "name": "Maria AKRAKA",
                        "iaafId": 60026,
                        "urlSlug": "sweden/maria-akraka-014301656",
                        "birthDate": "07 JUL 1966",
                        "hasProfile": true,
                        "__typename": "CalendarResultsCompetitor"
                      },
                      "mark": "4:13.16",
                      "nationality": "SWE",
                      "place": "11.",
                      "points": null,
                      "qualified": null,
                      "records": "",
                      "wind": null,
                      "remark": null,
                      "details": null,
                      "__typename": "CalendarResultsRaceResult"
                    },
                    {
                      "competitor": {
                        "teamMembers": null,
                        "id": "qppme2k7ns6xqyny3aw",
                        "name": "Marta DOM\u00cdNGUEZ",
                        "iaafId": 70338,
                        "urlSlug": "spain/marta-dominguez-014261710",
                        "birthDate": "03 NOV 1975",
                        "hasProfile": true,
                        "__typename": "CalendarResultsCompetitor"
                      },
                      "mark": "4:18.72",
                      "nationality": "ESP",
                      "place": "12.",
                      "points": null,
                      "qualified": null,
                      "records": "",
                      "wind": null,
                      "remark": null,
                      "details": null,
                      "__typename": "CalendarResultsRaceResult"
                    }
                  ],
                  "startList": null,
                  "wind": null,
                  "__typename": "CalendarResultsRace"
                },
                {
                  "date": "1995-08-07",
                  "day": 3,
                  "race": "Semifinal - Heat",
                  "raceId": 13,
                  "raceNumber": 2,
                  "results": [
                    {
                      "competitor": {
                        "teamMembers": null,
                        "id": "nicxpmt7wfffxltq6u27o",
                        "name": "Ma\u0142gorzata RYDZ",
                        "iaafId": 61642,
                        "urlSlug": "poland/malgorzata-rydz-014294376",
                        "birthDate": "18 JAN 1967",
                        "hasProfile": true,
                        "__typename": "CalendarResultsCompetitor"
                      },
                      "mark": "4:08.70",
                      "nationality": "POL",
                      "place": "1.",
                      "points": null,
                      "qualified": false,
                      "records": "",
                      "wind": null,
                      "remark": null,
                      "details": null,
                      "__typename": "CalendarResultsRaceResult"
                    },
                    {
                      "competitor": {
                        "teamMembers": null,
                        "id": "z9kblgmfcmabjum0iigab",
                        "name": "Lyudmila ROGACHOVA",
                        "iaafId": 61612,
                        "urlSlug": "russia/lyudmila-rogachova-014299071",
                        "birthDate": "30 OCT 1966",
                        "hasProfile": true,
                        "__typename": "CalendarResultsCompetitor"
                      },
                      "mark": "4:08.72",
                      "nationality": "RUS",
                      "place": "2.",
                      "points": null,
                      "qualified": false,
                      "records": "",
                      "wind": null,
                      "remark": null,
                      "details": null,
                      "__typename": "CalendarResultsRaceResult"
                    },
                    {
                      "competitor": {
                        "teamMembers": null,
                        "id": "5kxif268n65oa63yv2knr9",
                        "name": "Lyudmila BORISOVA",
                        "iaafId": 60194,
                        "urlSlug": "russia/lyudmila-borisova-014297437",
                        "birthDate": "03 AUG 1966",
                        "hasProfile": true,
                        "__typename": "CalendarResultsCompetitor"
                      },
                      "mark": "4:08.83",
                      "nationality": "RUS",
                      "place": "3.",
                      "points": null,
                      "qualified": false,
                      "records": "",
                      "wind": null,
                      "remark": null,
                      "details": null,
                      "__typename": "CalendarResultsRaceResult"
                    },
                    {
                      "competitor": {
                        "teamMembers": null,
                        "id": "bite4bjl6n4vq8s9u1w1ak",
                        "name": "Angela CHALMERS",
                        "iaafId": 60292,
                        "urlSlug": "canada/angela-chalmers-014268226",
                        "birthDate": "06 SEP 1963",
                        "hasProfile": true,
                        "__typename": "CalendarResultsCompetitor"
                      },
                      "mark": "4:08.92",
                      "nationality": "CAN",
                      "place": "4.",
                      "points": null,
                      "qualified": false,
                      "records": "",
                      "wind": null,
                      "remark": null,
                      "details": null,
                      "__typename": "CalendarResultsRaceResult"
                    },
                    {
                      "competitor": {
                        "teamMembers": null,
                        "id": "rpgb3hsares3d9s3tuoblc",
                        "name": "Ruth WYSOCKI",
                        "iaafId": 62086,
                        "urlSlug": "united-states/ruth-wysocki-014324777",
                        "birthDate": "08 MAR 1957",
                        "hasProfile": true,
                        "__typename": "CalendarResultsCompetitor"
                      },
                      "mark": "4:09.03",
                      "nationality": "USA",
                      "place": "5.",
                      "points": null,
                      "qualified": false,
                      "records": "",
                      "wind": null,
                      "remark": null,
                      "details": null,
                      "__typename": "CalendarResultsRaceResult"
                    },
                    {
                      "competitor": {
                        "teamMembers": null,
                        "id": "p3xwe4s0xaocolqmovlsy",
                        "name": "Maite Z\u00da\u00d1IGA",
                        "iaafId": 62151,
                        "urlSlug": "spain/maite-zuniga-014260211",
                        "birthDate": "28 DEC 1964",
                        "hasProfile": true,
                        "__typename": "CalendarResultsCompetitor"
                      },
                      "mark": "4:09.61",
                      "nationality": "ESP",
                      "place": "6.",
                      "points": null,
                      "qualified": false,
                      "records": "",
                      "wind": null,
                      "remark": null,
                      "details": null,
                      "__typename": "CalendarResultsRaceResult"
                    },
                    {
                      "competitor": {
                        "teamMembers": null,
                        "id": "87ai78s68yyokgr0cfp55o",
                        "name": "Yvonne GRAHAM",
                        "iaafId": 68523,
                        "urlSlug": "jamaica/yvonne-graham-014285700",
                        "birthDate": "22 AUG 1965",
                        "hasProfile": true,
                        "__typename": "CalendarResultsCompetitor"
                      },
                      "mark": "4:09.92",
                      "nationality": "JAM",
                      "place": "7.",
                      "points": null,
                      "qualified": false,
                      "records": "",
                      "wind": null,
                      "remark": null,
                      "details": null,
                      "__typename": "CalendarResultsRaceResult"
                    },
                    {
                      "competitor": {
                        "teamMembers": null,
                        "id": "jkm7l06f36lw4ytq0w6ey8",
                        "name": "Suzy FAVOR HAMILTON",
                        "iaafId": 62590,
                        "urlSlug": "united-states/suzy-favor-hamilton-014309954",
                        "birthDate": "08 AUG 1968",
                        "hasProfile": true,
                        "__typename": "CalendarResultsCompetitor"
                      },
                      "mark": "4:10.28",
                      "nationality": "USA",
                      "place": "8.",
                      "points": null,
                      "qualified": null,
                      "records": "",
                      "wind": null,
                      "remark": null,
                      "details": null,
                      "__typename": "CalendarResultsRaceResult"
                    },
                    {
                      "competitor": {
                        "teamMembers": null,
                        "id": "dxtm4z32prvvtdepau4bd",
                        "name": "Fr\u00e9d\u00e9rique QUENTIN",
                        "iaafId": 67069,
                        "urlSlug": "france/frederique-quentin-014273615",
                        "birthDate": "22 DEC 1969",
                        "hasProfile": true,
                        "__typename": "CalendarResultsCompetitor"
                      },
                      "mark": "4:11.66",
                      "nationality": "FRA",
                      "place": "9.",
                      "points": null,
                      "qualified": null,
                      "records": "",
                      "wind": null,
                      "remark": null,
                      "details": null,
                      "__typename": "CalendarResultsRaceResult"
                    },
                    {
                      "competitor": {
                        "teamMembers": null,
                        "id": "7qxrvgryphgo486t7yu36",
                        "name": "Kutre DULECHA",
                        "iaafId": 76249,
                        "urlSlug": "ethiopia/kutre-dulecha-014259869",
                        "birthDate": "22 AUG 1978",
                        "hasProfile": true,
                        "__typename": "CalendarResultsCompetitor"
                      },
                      "mark": "4:11.86",
                      "nationality": "ETH",
                      "place": "10.",
                      "points": null,
                      "qualified": null,
                      "records": "",
                      "wind": null,
                      "remark": null,
                      "details": null,
                      "__typename": "CalendarResultsRaceResult"
                    },
                    {
                      "competitor": {
                        "teamMembers": null,
                        "id": "xbmdlx0recpuu29qdmhri",
                        "name": "Yelena BYCHKOVSKAYA",
                        "iaafId": 68421,
                        "urlSlug": "belarus/yelena-bychkovskaya-014269953",
                        "birthDate": "04 MAR 1972",
                        "hasProfile": true,
                        "__typename": "CalendarResultsCompetitor"
                      },
                      "mark": "4:15.99",
                      "nationality": "BLR",
                      "place": "11.",
                      "points": null,
                      "qualified": null,
                      "records": "",
                      "wind": null,
                      "remark": null,
                      "details": null,
                      "__typename": "CalendarResultsRaceResult"
                    },
                    {
                      "competitor": {
                        "teamMembers": null,
                        "id": "yrg2fat5e58u37z3lfzoa",
                        "name": "Julia SAKARA",
                        "iaafId": 64737,
                        "urlSlug": "zimbabwe/julia-sakara-014325374",
                        "birthDate": "12 JUL 1969",
                        "hasProfile": true,
                        "__typename": "CalendarResultsCompetitor"
                      },
                      "mark": "4:16.67",
                      "nationality": "ZIM",
                      "place": "12.",
                      "points": null,
                      "qualified": null,
                      "records": "",
                      "wind": null,
                      "remark": null,
                      "details": null,
                      "__typename": "CalendarResultsRaceResult"
                    }
                  ],
                  "startList": null,
                  "wind": null,
                  "__typename": "CalendarResultsRace"
                },
                {
                  "date": "1995-08-06",
                  "day": 2,
                  "race": "Round 1 - Heat",
                  "raceId": 11,
                  "raceNumber": 1,
                  "results": [
                    {
                      "competitor": {
                        "teamMembers": null,
                        "id": "15el9w0zdbi2z7sjryvfib",
                        "name": "Hassiba BOULMERKA",
                        "iaafId": 60203,
                        "urlSlug": "algeria/hassiba-boulmerka-014272850",
                        "birthDate": "10 JUL 1968",
                        "hasProfile": true,
                        "__typename": "CalendarResultsCompetitor"
                      },
                      "mark": "4:11.34",
                      "nationality": "ALG",
                      "place": "1.",
                      "points": null,
                      "qualified": false,
                      "records": "",
                      "wind": null,
                      "remark": null,
                      "details": null,
                      "__typename": "CalendarResultsRaceResult"
                    },
                    {
                      "competitor": {
                        "teamMembers": null,
                        "id": "tn9cem5ectfjr6wfet46a",
                        "name": "Kelly HOLMES",
                        "iaafId": 67889,
                        "urlSlug": "great-britain-ni/kelly-holmes-014275347",
                        "birthDate": "19 APR 1970",
                        "hasProfile": true,
                        "__typename": "CalendarResultsCompetitor"
                      },
                      "mark": "4:11.87",
                      "nationality": "GBR",
                      "place": "2.",
                      "points": null,
                      "qualified": false,
                      "records": "",
                      "wind": null,
                      "remark": null,
                      "details": null,
                      "__typename": "CalendarResultsRaceResult"
                    },
                    {
                      "competitor": {
                        "teamMembers": null,
                        "id": "397sso49wt5xmhpi1k3crm",
                        "name": "Lyudmila BORISOVA",
                        "iaafId": 60194,
                        "urlSlug": "russia/lyudmila-borisova-014297437",
                        "birthDate": "03 AUG 1966",
                        "hasProfile": true,
                        "__typename": "CalendarResultsCompetitor"
                      },
                      "mark": "4:12.07",
                      "nationality": "RUS",
                      "place": "3.",
                      "points": null,
                      "qualified": false,
                      "records": "",
                      "wind": null,
                      "remark": null,
                      "details": null,
                      "__typename": "CalendarResultsRaceResult"
                    },
                    {
                      "competitor": {
                        "teamMembers": null,
                        "id": "7u70958xiy7if6th2sjwmh",
                        "name": "Sarah THORSETT",
                        "iaafId": 71497,
                        "urlSlug": "united-states/sarah-thorsett-014322790",
                        "birthDate": "18 MAR 1970",
                        "hasProfile": true,
                        "__typename": "CalendarResultsCompetitor"
                      },
                      "mark": "4:12.10",
                      "nationality": "USA",
                      "place": "4.",
                      "points": null,
                      "qualified": false,
                      "records": "",
                      "wind": null,
                      "remark": null,
                      "details": null,
                      "__typename": "CalendarResultsRaceResult"
                    },
                    {
                      "competitor": {
                        "teamMembers": null,
                        "id": "fxqymb5zkpe97qp62vhpm",
                        "name": "Carla SACRAMENTO",
                        "iaafId": 61644,
                        "urlSlug": "portugal/carla-sacramento-014295074",
                        "birthDate": "10 DEC 1971",
                        "hasProfile": true,
                        "__typename": "CalendarResultsCompetitor"
                      },
                      "mark": "4:12.12",
                      "nationality": "POR",
                      "place": "5.",
                      "points": null,
                      "qualified": false,
                      "records": "",
                      "wind": null,
                      "remark": null,
                      "details": null,
                      "__typename": "CalendarResultsRaceResult"
                    },
                    {
                      "competitor": {
                        "teamMembers": null,
                        "id": "4wa64bk2td9hvdup4pnhs",
                        "name": "Maite Z\u00da\u00d1IGA",
                        "iaafId": 62151,
                        "urlSlug": "spain/maite-zuniga-014260211",
                        "birthDate": "28 DEC 1964",
                        "hasProfile": true,
                        "__typename": "CalendarResultsCompetitor"
                      },
                      "mark": "4:12.30",
                      "nationality": "ESP",
                      "place": "6.",
                      "points": null,
                      "qualified": false,
                      "records": "",
                      "wind": null,
                      "remark": null,
                      "details": null,
                      "__typename": "CalendarResultsRaceResult"
                    },
                    {
                      "competitor": {
                        "teamMembers": null,
                        "id": "ztk5ppjaxfg84rtzez4sk",
                        "name": "Petya STRASHILOVA",
                        "iaafId": 66513,
                        "urlSlug": "bulgaria/petya-strashilova-014268548",
                        "birthDate": "18 MAR 1965",
                        "hasProfile": true,
                        "__typename": "CalendarResultsCompetitor"
                      },
                      "mark": "4:13.27",
                      "nationality": "BUL",
                      "place": "7.",
                      "points": null,
                      "qualified": false,
                      "records": "",
                      "wind": null,
                      "remark": null,
                      "details": null,
                      "__typename": "CalendarResultsRaceResult"
                    },
                    {
                      "competitor": {
                        "teamMembers": null,
                        "id": "nm0mxeowtg8qb342j6gi1",
                        "name": "Maria AKRAKA",
                        "iaafId": 60026,
                        "urlSlug": "sweden/maria-akraka-014301656",
                        "birthDate": "07 JUL 1966",
                        "hasProfile": true,
                        "__typename": "CalendarResultsCompetitor"
                      },
                      "mark": "4:13.38",
                      "nationality": "SWE",
                      "place": "8.",
                      "points": null,
                      "qualified": false,
                      "records": "",
                      "wind": null,
                      "remark": null,
                      "details": null,
                      "__typename": "CalendarResultsRaceResult"
                    },
                    {
                      "competitor": {
                        "teamMembers": null,
                        "id": "pqe1nw4gkvj3zb0vzm6tor",
                        "name": "Julia SAKARA",
                        "iaafId": 64737,
                        "urlSlug": "zimbabwe/julia-sakara-014325374",
                        "birthDate": "12 JUL 1969",
                        "hasProfile": true,
                        "__typename": "CalendarResultsCompetitor"
                      },
                      "mark": "4:15.02",
                      "nationality": "ZIM",
                      "place": "9.",
                      "points": null,
                      "qualified": false,
                      "records": "",
                      "wind": null,
                      "remark": null,
                      "details": null,
                      "__typename": "CalendarResultsRaceResult"
                    },
                    {
                      "competitor": {
                        "teamMembers": null,
                        "id": "vdl31eyf42irpocjbtqm2r",
                        "name": "Nirmala BHARATI",
                        "iaafId": 80944,
                        "urlSlug": "nepal/nirmala-bharati-014292305",
                        "birthDate": "21 JUL 1977",
                        "hasProfile": true,
                        "__typename": "CalendarResultsCompetitor"
                      },
                      "mark": "4:53.60",
                      "nationality": "NEP",
                      "place": "10.",
                      "points": null,
                      "qualified": null,
                      "records": "",
                      "wind": null,
                      "remark": null,
                      "details": null,
                      "__typename": "CalendarResultsRaceResult"
                    }
                  ],
                  "startList": null,
                  "wind": null,
                  "__typename": "CalendarResultsRace"
                },
                {
                  "date": "1995-08-06",
                  "day": 2,
                  "race": "Round 1 - Heat",
                  "raceId": 11,
                  "raceNumber": 2,
                  "results": [
                    {
                      "competitor": {
                        "teamMembers": null,
                        "id": "nlxsbsj3j5yqadhwn1ugd",
                        "name": "Kutre DULECHA",
                        "iaafId": 76249,
                        "urlSlug": "ethiopia/kutre-dulecha-014259869",
                        "birthDate": "22 AUG 1978",
                        "hasProfile": true,
                        "__typename": "CalendarResultsCompetitor"
                      },
                      "mark": "4:17.70",
                      "nationality": "ETH",
                      "place": "1.",
                      "points": null,
                      "qualified": false,
                      "records": "",
                      "wind": null,
                      "remark": null,
                      "details": null,
                      "__typename": "CalendarResultsRaceResult"
                    },
                    {
                      "competitor": {
                        "teamMembers": null,
                        "id": "p49oz22hzu9s4k674gf1z",
                        "name": "Lyudmila ROGACHOVA",
                        "iaafId": 61612,
                        "urlSlug": "russia/lyudmila-rogachova-014299071",
                        "birthDate": "30 OCT 1966",
                        "hasProfile": true,
                        "__typename": "CalendarResultsCompetitor"
                      },
                      "mark": "4:18.14",
                      "nationality": "RUS",
                      "place": "2.",
                      "points": null,
                      "qualified": false,
                      "records": "",
                      "wind": null,
                      "remark": null,
                      "details": null,
                      "__typename": "CalendarResultsRaceResult"
                    },
                    {
                      "competitor": {
                        "teamMembers": null,
                        "id": "gw88gtpmhlboyss02gc0h",
                        "name": "Ma\u0142gorzata RYDZ",
                        "iaafId": 61642,
                        "urlSlug": "poland/malgorzata-rydz-014294376",
                        "birthDate": "18 JAN 1967",
                        "hasProfile": true,
                        "__typename": "CalendarResultsCompetitor"
                      },
                      "mark": "4:18.40",
                      "nationality": "POL",
                      "place": "3.",
                      "points": null,
                      "qualified": false,
                      "records": "",
                      "wind": null,
                      "remark": null,
                      "details": null,
                      "__typename": "CalendarResultsRaceResult"
                    },
                    {
                      "competitor": {
                        "teamMembers": null,
                        "id": "5ta93cwh70cx8qlec1gg78",
                        "name": "Suzy FAVOR HAMILTON",
                        "iaafId": 62590,
                        "urlSlug": "united-states/suzy-favor-hamilton-014309954",
                        "birthDate": "08 AUG 1968",
                        "hasProfile": true,
                        "__typename": "CalendarResultsCompetitor"
                      },
                      "mark": "4:18.49",
                      "nationality": "USA",
                      "place": "4.",
                      "points": null,
                      "qualified": false,
                      "records": "",
                      "wind": null,
                      "remark": null,
                      "details": null,
                      "__typename": "CalendarResultsRaceResult"
                    },
                    {
                      "competitor": {
                        "teamMembers": null,
                        "id": "h63du20qt4se7dla9oleso",
                        "name": "Angela CHALMERS",
                        "iaafId": 60292,
                        "urlSlug": "canada/angela-chalmers-014268226",
                        "birthDate": "06 SEP 1963",
                        "hasProfile": true,
                        "__typename": "CalendarResultsCompetitor"
                      },
                      "mark": "4:18.77",
                      "nationality": "CAN",
                      "place": "5.",
                      "points": null,
                      "qualified": false,
                      "records": "",
                      "wind": null,
                      "remark": null,
                      "details": null,
                      "__typename": "CalendarResultsRaceResult"
                    },
                    {
                      "competitor": {
                        "teamMembers": null,
                        "id": "nl8qpfyfvmkk5fvghug6a",
                        "name": "Fr\u00e9d\u00e9rique QUENTIN",
                        "iaafId": 67069,
                        "urlSlug": "france/frederique-quentin-014273615",
                        "birthDate": "22 DEC 1969",
                        "hasProfile": true,
                        "__typename": "CalendarResultsCompetitor"
                      },
                      "mark": "4:18.86",
                      "nationality": "FRA",
                      "place": "6.",
                      "points": null,
                      "qualified": false,
                      "records": "",
                      "wind": null,
                      "remark": null,
                      "details": null,
                      "__typename": "CalendarResultsRaceResult"
                    },
                    {
                      "competitor": {
                        "teamMembers": null,
                        "id": "y5kva5q6wrrn1unzp6uqjd",
                        "name": "Yelena BYCHKOVSKAYA",
                        "iaafId": 68421,
                        "urlSlug": "belarus/yelena-bychkovskaya-014269953",
                        "birthDate": "04 MAR 1972",
                        "hasProfile": true,
                        "__typename": "CalendarResultsCompetitor"
                      },
                      "mark": "4:18.97",
                      "nationality": "BLR",
                      "place": "7.",
                      "points": null,
                      "qualified": false,
                      "records": "",
                      "wind": null,
                      "remark": null,
                      "details": null,
                      "__typename": "CalendarResultsRaceResult"
                    },
                    {
                      "competitor": {
                        "teamMembers": null,
                        "id": "a28npqg966jx7y3aqzjobm",
                        "name": "Svetlana MIROSHNIK",
                        "iaafId": 67937,
                        "urlSlug": "ukraine/svetlana-miroshnik-014303915",
                        "birthDate": "03 JUN 1968",
                        "hasProfile": true,
                        "__typename": "CalendarResultsCompetitor"
                      },
                      "mark": "4:19.12",
                      "nationality": "UKR",
                      "place": "8.",
                      "points": null,
                      "qualified": null,
                      "records": "",
                      "wind": null,
                      "remark": null,
                      "details": null,
                      "__typename": "CalendarResultsRaceResult"
                    },
                    {
                      "competitor": {
                        "teamMembers": null,
                        "id": "158scq5xgnklxnackiydak",
                        "name": "Khin Khin HTWE",
                        "iaafId": 64225,
                        "urlSlug": "myanmar/khin-khin-htwe-014291406",
                        "birthDate": "29 NOV 1962",
                        "hasProfile": true,
                        "__typename": "CalendarResultsCompetitor"
                      },
                      "mark": "4:26.69",
                      "nationality": "MYA",
                      "place": "9.",
                      "points": null,
                      "qualified": null,
                      "records": "",
                      "wind": null,
                      "remark": null,
                      "details": null,
                      "__typename": "CalendarResultsRaceResult"
                    },
                    {
                      "competitor": {
                        "teamMembers": null,
                        "id": "m6vk5gldqt47cl953pr42",
                        "name": "Rosemary OMUNDSEN",
                        "iaafId": 80149,
                        "urlSlug": "papua-new-guinea/rosemary-omundsen-014378693",
                        "birthDate": "06 JUN 1964",
                        "hasProfile": true,
                        "__typename": "CalendarResultsCompetitor"
                      },
                      "mark": "4:51.86",
                      "nationality": "PNG",
                      "place": "10.",
                      "points": null,
                      "qualified": null,
                      "records": "",
                      "wind": null,
                      "remark": null,
                      "details": null,
                      "__typename": "CalendarResultsRaceResult"
                    }
                  ],
                  "startList": null,
                  "wind": null,
                  "__typename": "CalendarResultsRace"
                },
                {
                  "date": "1995-08-06",
                  "day": 2,
                  "race": "Round 1 - Heat",
                  "raceId": 11,
                  "raceNumber": 3,
                  "results": [
                    {
                      "competitor": {
                        "teamMembers": null,
                        "id": "qq3wl8f3mgd82pgutfp3nr",
                        "name": "Yvonne GRAHAM",
                        "iaafId": 68523,
                        "urlSlug": "jamaica/yvonne-graham-014285700",
                        "birthDate": "22 AUG 1965",
                        "hasProfile": true,
                        "__typename": "CalendarResultsCompetitor"
                      },
                      "mark": "4:13.70",
                      "nationality": "JAM",
                      "place": "1.",
                      "points": null,
                      "qualified": false,
                      "records": "",
                      "wind": null,
                      "remark": null,
                      "details": null,
                      "__typename": "CalendarResultsRaceResult"
                    },
                    {
                      "competitor": {
                        "teamMembers": null,
                        "id": "dzx4680ugl904uudb2947mq",
                        "name": "Margarita MARUSOVA",
                        "iaafId": 135273,
                        "urlSlug": "russia/margarita-marusova-014298563",
                        "birthDate": "25 NOV 1967",
                        "hasProfile": true,
                        "__typename": "CalendarResultsCompetitor"
                      },
                      "mark": "4:13.91",
                      "nationality": "RUS",
                      "place": "2.",
                      "points": null,
                      "qualified": false,
                      "records": "",
                      "wind": null,
                      "remark": null,
                      "details": null,
                      "__typename": "CalendarResultsRaceResult"
                    },
                    {
                      "competitor": {
                        "teamMembers": null,
                        "id": "rvlfwvnh2ke78ujhbilz13",
                        "name": "Ruth WYSOCKI",
                        "iaafId": 62086,
                        "urlSlug": "united-states/ruth-wysocki-014324777",
                        "birthDate": "08 MAR 1957",
                        "hasProfile": true,
                        "__typename": "CalendarResultsCompetitor"
                      },
                      "mark": "4:13.93",
                      "nationality": "USA",
                      "place": "3.",
                      "points": null,
                      "qualified": false,
                      "records": "",
                      "wind": null,
                      "remark": null,
                      "details": null,
                      "__typename": "CalendarResultsRaceResult"
                    },
                    {
                      "competitor": {
                        "teamMembers": null,
                        "id": "d21tf2bp7aq615k7wuf2s",
                        "name": "Anna BRZEZI\u0143SKA",
                        "iaafId": 75002,
                        "urlSlug": "new-zealand/anna-brzezinska-014292901",
                        "birthDate": "09 JAN 1971",
                        "hasProfile": true,
                        "__typename": "CalendarResultsCompetitor"
                      },
                      "mark": "4:14.34",
                      "nationality": "POL",
                      "place": "4.",
                      "points": null,
                      "qualified": false,
                      "records": "",
                      "wind": null,
                      "remark": null,
                      "details": null,
                      "__typename": "CalendarResultsRaceResult"
                    },
                    {
                      "competitor": {
                        "teamMembers": null,
                        "id": "myquqd2yhfnedz2u4ydfrv",
                        "name": "Theresia KIESL",
                        "iaafId": 62711,
                        "urlSlug": "austria/theresia-kiesl-014270893",
                        "birthDate": "26 OCT 1963",
                        "hasProfile": true,
                        "__typename": "CalendarResultsCompetitor"
                      },
                      "mark": "4:14.52",
                      "nationality": "AUT",
                      "place": "5.",
                      "points": null,
                      "qualified": false,
                      "records": "",
                      "wind": null,
                      "remark": null,
                      "details": null,
                      "__typename": "CalendarResultsRaceResult"
                    },
                    {
                      "competitor": {
                        "teamMembers": null,
                        "id": "zydzafwbaka67b65st3vfn",
                        "name": "Leah PELLS",
                        "iaafId": 61478,
                        "urlSlug": "canada/leah-pells-014267395",
                        "birthDate": "09 NOV 1964",
                        "hasProfile": true,
                        "__typename": "CalendarResultsCompetitor"
                      },
                      "mark": "4:14.69",
                      "nationality": "CAN",
                      "place": "6.",
                      "points": null,
                      "qualified": false,
                      "records": "",
                      "wind": null,
                      "remark": null,
                      "details": null,
                      "__typename": "CalendarResultsRaceResult"
                    },
                    {
                      "competitor": {
                        "teamMembers": null,
                        "id": "nl0qq7qyzokxlwzg4qibj",
                        "name": "Blandine BITZNER-DUCRET",
                        "iaafId": 68180,
                        "urlSlug": "france/blandine-bitzner-ducret-014258443",
                        "birthDate": "01 DEC 1965",
                        "hasProfile": true,
                        "__typename": "CalendarResultsCompetitor"
                      },
                      "mark": "4:16.21",
                      "nationality": "FRA",
                      "place": "7.",
                      "points": null,
                      "qualified": false,
                      "records": "",
                      "wind": null,
                      "remark": null,
                      "details": null,
                      "__typename": "CalendarResultsRaceResult"
                    },
                    {
                      "competitor": {
                        "teamMembers": null,
                        "id": "26nb7sr3mv5ky6rwrjzai",
                        "name": "Marta DOM\u00cdNGUEZ",
                        "iaafId": 70338,
                        "urlSlug": "spain/marta-dominguez-014261710",
                        "birthDate": "03 NOV 1975",
                        "hasProfile": true,
                        "__typename": "CalendarResultsCompetitor"
                      },
                      "mark": "4:18.61",
                      "nationality": "ESP",
                      "place": "8.",
                      "points": null,
                      "qualified": false,
                      "records": "",
                      "wind": null,
                      "remark": null,
                      "details": null,
                      "__typename": "CalendarResultsRaceResult"
                    },
                    {
                      "competitor": {
                        "teamMembers": null,
                        "id": "dpdhkpbivobm0md2ufhwq",
                        "name": "Bigna SAMUEL",
                        "iaafId": 64749,
                        "urlSlug": "saint-vincent/bigna-samuel-014320533",
                        "birthDate": "11 SEP 1965",
                        "hasProfile": true,
                        "__typename": "CalendarResultsCompetitor"
                      },
                      "mark": "4:25.94",
                      "nationality": "USA",
                      "place": "9.",
                      "points": null,
                      "qualified": null,
                      "records": "",
                      "wind": null,
                      "remark": null,
                      "details": null,
                      "__typename": "CalendarResultsRaceResult"
                    },
                    {
                      "competitor": {
                        "teamMembers": null,
                        "id": "zzknktsplzn3b1npcwkqaw",
                        "name": "Nompumelelo ZWANE",
                        "iaafId": 80052,
                        "urlSlug": "eswatini/nompumelelo-zwane-014378694",
                        "birthDate": "25 MAR 1980",
                        "hasProfile": true,
                        "__typename": "CalendarResultsCompetitor"
                      },
                      "mark": "4:49.32",
                      "nationality": "SWZ",
                      "place": "10.",
                      "points": null,
                      "qualified": null,
                      "records": "",
                      "wind": null,
                      "remark": null,
                      "details": null,
                      "__typename": "CalendarResultsRaceResult"
                    }
                  ],
                  "startList": null,
                  "wind": null,
                  "__typename": "CalendarResultsRace"
                }
              ],
              "__typename": "CalendarResultsEvent"
            }
          ],
          "__typename": "CalendarResultsEventTitle"
        }
      ],
      "options": {
        "days": [
          {
            "date": "05 AUG 1995",
            "day": 1,
            "__typename": "CalendarResultsOptionsDay"
          },
          {
            "date": "06 AUG 1995",
            "day": 2,
            "__typename": "CalendarResultsOptionsDay"
          },
          {
            "date": "07 AUG 1995",
            "day": 3,
            "__typename": "CalendarResultsOptionsDay"
          },
          {
            "date": "08 AUG 1995",
            "day": 4,
            "__typename": "CalendarResultsOptionsDay"
          },
          {
            "date": "09 AUG 1995",
            "day": 5,
            "__typename": "CalendarResultsOptionsDay"
          },
          {
            "date": "10 AUG 1995",
            "day": 6,
            "__typename": "CalendarResultsOptionsDay"
          },
          {
            "date": "11 AUG 1995",
            "day": 7,
            "__typename": "CalendarResultsOptionsDay"
          },
          {
            "date": "12 AUG 1995",
            "day": 8,
            "__typename": "CalendarResultsOptionsDay"
          },
          {
            "date": "13 AUG 1995",
            "day": 9,
            "__typename": "CalendarResultsOptionsDay"
          }
        ],
        "events": [
          {
            "gender": "W",
            "id": 10229509,
            "name": "Women's 100 Metres",
            "combined": null,
            "__typename": "CalendarResultsOptionEvent"
          },
          {
            "gender": "W",
            "id": 10229510,
            "name": "Women's 200 Metres",
            "combined": null,
            "__typename": "CalendarResultsOptionEvent"
          },
          {
            "gender": "W",
            "id": 10229515,
            "name": "Women's 300 Metres",
            "combined": null,
            "__typename": "CalendarResultsOptionEvent"
          },
          {
            "gender": "W",
            "id": 10229511,
            "name": "Women's 400 Metres",
            "combined": null,
            "__typename": "CalendarResultsOptionEvent"
          },
          {
            "gender": "W",
            "id": 10229602,
            "name": "Women's 600 Metres",
            "combined": null,
            "__typename": "CalendarResultsOptionEvent"
          },
          {
            "gender": "W",
            "id": 10229512,
            "name": "Women's 800 Metres",
            "combined": null,
            "__typename": "CalendarResultsOptionEvent"
          },
          {
            "gender": "W",
            "id": 10229513,
            "name": "Women's 1500 Metres",
            "combined": null,
            "__typename": "CalendarResultsOptionEvent"
          },
          {
            "gender": "W",
            "id": 10229514,
            "name": "Women's 5000 Metres",
            "combined": null,
            "__typename": "CalendarResultsOptionEvent"
          },
          {
            "gender": "W",
            "id": 10229521,
            "name": "Women's 10,000 Metres",
            "combined": null,
            "__typename": "CalendarResultsOptionEvent"
          },
          {
            "gender": "W",
            "id": 10229522,
            "name": "Women's 100 Metres Hurdles",
            "combined": null,
            "__typename": "CalendarResultsOptionEvent"
          },
          {
            "gender": "W",
            "id": 10229523,
            "name": "Women's 400 Metres Hurdles",
            "combined": null,
            "__typename": "CalendarResultsOptionEvent"
          },
          {
            "gender": "W",
            "id": 10229526,
            "name": "Women's High Jump",
            "combined": null,
            "__typename": "CalendarResultsOptionEvent"
          },
          {
            "gender": "W",
            "id": 10229528,
            "name": "Women's Long Jump",
            "combined": null,
            "__typename": "CalendarResultsOptionEvent"
          },
          {
            "gender": "W",
            "id": 10229529,
            "name": "Women's Triple Jump",
            "combined": null,
            "__typename": "CalendarResultsOptionEvent"
          },
          {
            "gender": "W",
            "id": 10229530,
            "name": "Women's Shot Put",
            "combined": null,
            "__typename": "CalendarResultsOptionEvent"
          },
          {
            "gender": "W",
            "id": 10229531,
            "name": "Women's Discus Throw",
            "combined": null,
            "__typename": "CalendarResultsOptionEvent"
          },
          {
            "gender": "W",
            "id": 10229596,
            "name": "Women's Javelin Throw (old)",
            "combined": null,
            "__typename": "CalendarResultsOptionEvent"
          },
          {
            "gender": "W",
            "id": 10229534,
            "name": "Women's Marathon",
            "combined": null,
            "__typename": "CalendarResultsOptionEvent"
          },
          {
            "gender": "W",
            "id": 10229546,
            "name": "Women's 5 Kilometres Race Walk",
            "combined": null,
            "__typename": "CalendarResultsOptionEvent"
          },
          {
            "gender": "W",
            "id": 10229547,
            "name": "Women's 10 Kilometres Race Walk",
            "combined": null,
            "__typename": "CalendarResultsOptionEvent"
          },
          {
            "gender": "W",
            "id": 10229536,
            "name": "Women's Heptathlon",
            "combined": true,
            "__typename": "CalendarResultsOptionEvent"
          },
          {
            "gender": "W",
            "id": 204594,
            "name": "Women's 4x100 Metres Relay",
            "combined": null,
            "__typename": "CalendarResultsOptionEvent"
          },
          {
            "gender": "W",
            "id": 204596,
            "name": "Women's 4x400 Metres Relay",
            "combined": null,
            "__typename": "CalendarResultsOptionEvent"
          },
          {
            "gender": "M",
            "id": 10229630,
            "name": "Men's 100 Metres",
            "combined": null,
            "__typename": "CalendarResultsOptionEvent"
          },
          {
            "gender": "M",
            "id": 10229605,
            "name": "Men's 200 Metres",
            "combined": null,
            "__typename": "CalendarResultsOptionEvent"
          },
          {
            "gender": "M",
            "id": 10229500,
            "name": "Men's 300 Metres",
            "combined": null,
            "__typename": "CalendarResultsOptionEvent"
          },
          {
            "gender": "M",
            "id": 10229631,
            "name": "Men's 400 Metres",
            "combined": null,
            "__typename": "CalendarResultsOptionEvent"
          },
          {
            "gender": "M",
            "id": 10229501,
            "name": "Men's 800 Metres",
            "combined": null,
            "__typename": "CalendarResultsOptionEvent"
          },
          {
            "gender": "M",
            "id": 10229502,
            "name": "Men's 1500 Metres",
            "combined": null,
            "__typename": "CalendarResultsOptionEvent"
          },
          {
            "gender": "M",
            "id": 10229609,
            "name": "Men's 5000 Metres",
            "combined": null,
            "__typename": "CalendarResultsOptionEvent"
          },
          {
            "gender": "M",
            "id": 10229610,
            "name": "Men's 10,000 Metres",
            "combined": null,
            "__typename": "CalendarResultsOptionEvent"
          },
          {
            "gender": "M",
            "id": 10229611,
            "name": "Men's 110 Metres Hurdles",
            "combined": null,
            "__typename": "CalendarResultsOptionEvent"
          },
          {
            "gender": "M",
            "id": 10229612,
            "name": "Men's 400 Metres Hurdles",
            "combined": null,
            "__typename": "CalendarResultsOptionEvent"
          },
          {
            "gender": "M",
            "id": 10229613,
            "name": "Men's 2000 Metres Steeplechase",
            "combined": null,
            "__typename": "CalendarResultsOptionEvent"
          },
          {
            "gender": "M",
            "id": 10229614,
            "name": "Men's 3000 Metres Steeplechase",
            "combined": null,
            "__typename": "CalendarResultsOptionEvent"
          },
          {
            "gender": "M",
            "id": 10229615,
            "name": "Men's High Jump",
            "combined": null,
            "__typename": "CalendarResultsOptionEvent"
          },
          {
            "gender": "M",
            "id": 10229616,
            "name": "Men's Pole Vault",
            "combined": null,
            "__typename": "CalendarResultsOptionEvent"
          },
          {
            "gender": "M",
            "id": 10229617,
            "name": "Men's Long Jump",
            "combined": null,
            "__typename": "CalendarResultsOptionEvent"
          },
          {
            "gender": "M",
            "id": 10229618,
            "name": "Men's Triple Jump",
            "combined": null,
            "__typename": "CalendarResultsOptionEvent"
          },
          {
            "gender": "M",
            "id": 10229619,
            "name": "Men's Shot Put",
            "combined": null,
            "__typename": "CalendarResultsOptionEvent"
          },
          {
            "gender": "M",
            "id": 10229620,
            "name": "Men's Discus Throw",
            "combined": null,
            "__typename": "CalendarResultsOptionEvent"
          },
          {
            "gender": "M",
            "id": 10229621,
            "name": "Men's Hammer Throw",
            "combined": null,
            "__typename": "CalendarResultsOptionEvent"
          },
          {
            "gender": "M",
            "id": 10229636,
            "name": "Men's Javelin Throw",
            "combined": null,
            "__typename": "CalendarResultsOptionEvent"
          },
          {
            "gender": "M",
            "id": 10229634,
            "name": "Men's Marathon",
            "combined": null,
            "__typename": "CalendarResultsOptionEvent"
          },
          {
            "gender": "M",
            "id": 10229508,
            "name": "Men's 20 Kilometres Race Walk",
            "combined": null,
            "__typename": "CalendarResultsOptionEvent"
          },
          {
            "gender": "M",
            "id": 10229628,
            "name": "Men's 50 Kilometres Race Walk",
            "combined": null,
            "__typename": "CalendarResultsOptionEvent"
          },
          {
            "gender": "M",
            "id": 10229629,
            "name": "Men's Decathlon",
            "combined": true,
            "__typename": "CalendarResultsOptionEvent"
          },
          {
            "gender": "M",
            "id": 204593,
            "name": "Men's 4x100 Metres Relay",
            "combined": null,
            "__typename": "CalendarResultsOptionEvent"
          },
          {
            "gender": "M",
            "id": 204595,
            "name": "Men's 4x400 Metres Relay",
            "combined": null,
            "__typename": "CalendarResultsOptionEvent"
          }
        ],
        "__typename": "CalendarResultsOptions"
      },
      "parameters": {
        "competitionId": 6997728,
        "day": null,
        "eventId": 10229513,
        "__typename": "CalendarResultsParameters"
      },
      "__typename": "CalendarCompetitionResults"
    }
  }
}