{
  "data": {
    "getCalendarCompetitionResults": {
      "competition": {
        "dateRange": "15\u201323 AUG 2009",
        "endDate": "2009-08-23",
        "name": "IAAF World Championships",
        "rankingCategory": "OW",
        "startDate": "2009-08-15",
        "venue": "Olympiastadion, Berlin (GER)",
        "__typename": "CalendarResultsCompetition"
      },
      "eventTitles": [
        {
          "rankingCategory": "OW",
          "eventTitle": null,
          "events": [
            {
              "event": "Men's Triple Jump",
              "eventId": 10229618,
              "gender": "M",
              "isRelay": false,
              "perResultWind": true,
              "withWind": true,
              "summary": null,
              "races": [
                {
                  "date": "2009-08-18",
                  "day": 4,
                  "race": "Final",
                  "raceId": 10,
                  "raceNumber": 0,
                  "results": [
                    {
                      "competitor": {
                        "teamMembers": null,
                        "id": "m5p74a7iahnka47zwfe37d",
                        "name": "Phillips IDOWU",
                        "iaafId": 171962,
                        "urlSlug": "great-britain-ni/phillips-idowu-014189691",
                        "birthDate": "30 DEC 1978",
                        "hasProfile": true,
                        "__typename": "CalendarResultsCompetitor"
                      },
                      "mark": "17.73",
                      "nationality": "GBR",
                      "place": "1.",
                      "points": null,
                      "qualified": null,
                      "records": "",
                      "wind": "0.0",
                      "remark": null,
                      "details": null,
                      "__typename": "CalendarResultsRaceResult"
                    },
                    {
                      "competitor": {
                        "teamMembers": null,
                        "id": "nonxozeu6nn0jg80o6rz",
                        "name": "Nelson \u00c9VORA",
                        "iaafId": 183249,
                        "urlSlug": "portugal/nelson-evora-014218188",
                        "birthDate": "20 APR 1984",
                        "hasProfile": true,
                        "__typename": "CalendarResultsCompetitor"
                      },
                      "mark": "17.55",
                      "nationality": "POR",
                      "place": "2.",
                      "points": null,
                      "qualified": null,
                      "records": "",
                      "wind": "+0.1",
                      "remark": null,
                      "details": null,
                      "__typename": "CalendarResultsRaceResult"
                    },
                    {
                      "competitor": {
                        "teamMembers": null,
                        "id": "4rozsx6f2g5hf1pkgc7xb",
                        "name": "Alexis COPELLO",
                        "iaafId": 197592,
                        "urlSlug": "azerbaijan/alexis-copello-14169626",
                        "birthDate": "12 AUG 1985",
                        "hasProfile": true,
                        "__typename": "CalendarResultsCompetitor"
                      },
                      "mark": "17.36",
                      "nationality": "CUB",
                      "place": "3.",
                      "points": null,
                      "qualified": null,
                      "records": "",
                      "wind": "-0.1",
                      "remark": null,
                      "details": null,
                      "__typename": "CalendarResultsRaceResult"
                    },
                    {
                      "competitor": {
                        "teamMembers": null,
                        "id": "xgtenpka0bseoh3324k8x",
                        "name": "Leevan SANDS",
                        "iaafId": 134354,
                        "urlSlug": "bahamas/leevan-sands-014177958",
                        "birthDate": "16 AUG 1981",
                        "hasProfile": true,
                        "__typename": "CalendarResultsCompetitor"
                      },
                      "mark": "17.32",
                      "nationality": "BAH",
                      "place": "4.",
                      "points": null,
                      "qualified": null,
                      "records": "",
                      "wind": "-0.5",
                      "remark": null,
                      "details": null,
                      "__typename": "CalendarResultsRaceResult"
                    },
                    {
                      "competitor": {
                        "teamMembers": null,
                        "id": "723jke1sgkadm8kfuwlcl7",
                        "name": "David GIRAT",
                        "iaafId": 183903,
                        "urlSlug": "cuba/david-girat-014169551",
                        "birthDate": "26 AUG 1984",
                        "hasProfile": true,
                        "__typename": "CalendarResultsCompetitor"
                      },
                      "mark": "17.26",
                      "nationality": "CUB",
                      "place": "5.",
                      "points": null,
                      "qualified": null,
                      "records": "",
                      "wind": "0.0",
                      "remark": null,
                      "details": null,
                      "__typename": "CalendarResultsRaceResult"
                    },
                    {
                      "competitor": {
                        "teamMembers": null,
                        "id": "r9fbw5e4n9ni2lqtz1k4sq",
                        "name": "Yanxi LI",
                        "iaafId": 189524,
                        "urlSlug": "pr-of-china/yanxi-li-014172052",
                        "birthDate": "26 JUN 1984",
                        "hasProfile": true,
                        "__typename": "CalendarResultsCompetitor"
                      },
                      "mark": "17.23",
                      "nationality": "CHN",
                      "place": "6.",
                      "points": null,
                      "qualified": null,
                      "records": "",
                      "wind": "+1.1",
                      "remark": null,
                      "details": null,
                      "__typename": "CalendarResultsRaceResult"
                    },
                    {
                      "competitor": {
                        "teamMembers": null,
                        "id": "g83h89xfndjwd66kxtiai",
                        "name": "Igor SPASOVKHODSKIY",
                        "iaafId": 173832,
                        "urlSlug": "russia/igor-spasovkhodskiy-014224126",
                        "birthDate": "01 AUG 1979",
                        "hasProfile": true,
                        "__typename": "CalendarResultsCompetitor"
                      },
                      "mark": "16.91",
                      "nationality": "RUS",
                      "place": "7.",
                      "points": null,
                      "qualified": null,
                      "records": "",
                      "wind": "-0.3",
                      "remark": null,
                      "details": null,
                      "__typename": "CalendarResultsRaceResult"
                    },
                    {
                      "competitor": {
                        "teamMembers": null,
                        "id": "6fb9glk6zj5038jovj2tk0o",
                        "name": "Jadel GREG\u00d3RIO",
                        "iaafId": 177276,
                        "urlSlug": "brazil/jadel-gregorio-014175559",
                        "birthDate": "16 SEP 1980",
                        "hasProfile": true,
                        "__typename": "CalendarResultsCompetitor"
                      },
                      "mark": "16.89",
                      "nationality": "BRA",
                      "place": "8.",
                      "points": null,
                      "qualified": null,
                      "records": "",
                      "wind": "-0.1",
                      "remark": null,
                      "details": null,
                      "__typename": "CalendarResultsRaceResult"
                    },
                    {
                      "competitor": {
                        "teamMembers": null,
                        "id": "s94ur5w2ol5s0xuqh1awx",
                        "name": "Momchil KARAILIEV",
                        "iaafId": 170631,
                        "urlSlug": "bulgaria/momchil-karailiev-014174976",
                        "birthDate": "21 MAY 1982",
                        "hasProfile": true,
                        "__typename": "CalendarResultsCompetitor"
                      },
                      "mark": "16.82",
                      "nationality": "BUL",
                      "place": "9.",
                      "points": null,
                      "qualified": null,
                      "records": "",
                      "wind": "+0.3",
                      "remark": null,
                      "details": null,
                      "__typename": "CalendarResultsRaceResult"
                    },
                    {
                      "competitor": {
                        "teamMembers": null,
                        "id": "4qmlymvp67lv2aglpf53um",
                        "name": "Nathan DOUGLAS",
                        "iaafId": 196591,
                        "urlSlug": "great-britain-ni/nathan-douglas-014189084",
                        "birthDate": "04 DEC 1982",
                        "hasProfile": true,
                        "__typename": "CalendarResultsCompetitor"
                      },
                      "mark": "16.79",
                      "nationality": "GBR",
                      "place": "10.",
                      "points": null,
                      "qualified": null,
                      "records": "",
                      "wind": "-0.1",
                      "remark": null,
                      "details": null,
                      "__typename": "CalendarResultsRaceResult"
                    },
                    {
                      "competitor": {
                        "teamMembers": null,
                        "id": "ir23g1f4j8z2wvd0k1j9h",
                        "name": "Teddy TAMGHO",
                        "iaafId": 228286,
                        "urlSlug": "france/teddy-tamgho-14187757",
                        "birthDate": "15 JUN 1989",
                        "hasProfile": true,
                        "__typename": "CalendarResultsCompetitor"
                      },
                      "mark": "16.79",
                      "nationality": "FRA",
                      "place": "11.",
                      "points": null,
                      "qualified": null,
                      "records": "",
                      "wind": "-0.6",
                      "remark": null,
                      "details": null,
                      "__typename": "CalendarResultsRaceResult"
                    },
                    {
                      "competitor": {
                        "teamMembers": null,
                        "id": "5a4rsinr356neyfgvryzdn",
                        "name": "Dmitrij VA\u013dUKEVI\u010c",
                        "iaafId": 180309,
                        "urlSlug": "slovak-republic/dmitrij-valukevic-14227256",
                        "birthDate": "31 MAY 1981",
                        "hasProfile": true,
                        "__typename": "CalendarResultsCompetitor"
                      },
                      "mark": "16.54",
                      "nationality": "SVK",
                      "place": "12.",
                      "points": null,
                      "qualified": null,
                      "records": "",
                      "wind": "+0.3",
                      "remark": null,
                      "details": null,
                      "__typename": "CalendarResultsRaceResult"
                    }
                  ],
                  "startList": null,
                  "wind": null,
                  "__typename": "CalendarResultsRace"
                },
                {
                  "date": "2009-08-16",
                  "day": 2,
                  "race": "Qualification - Group",
                  "raceId": 71,
                  "raceNumber": 1,
                  "results": [
                    {
                      "competitor": {
                        "teamMembers": null,
                        "id": "trc1v2z1vg8jf1ptezctdr",
                        "name": "Phillips IDOWU",
                        "iaafId": 171962,
                        "urlSlug": "great-britain-ni/phillips-idowu-014189691",
                        "birthDate": "30 DEC 1978",
                        "hasProfile": true,
                        "__typename": "CalendarResultsCompetitor"
                      },
                      "mark": "17.32",
                      "nationality": "GBR",
                      "place": "1.",
                      "points": null,
                      "qualified": false,
                      "records": "",
                      "wind": "+0.3",
                      "remark": null,
                      "details": null,
                      "__typename": "CalendarResultsRaceResult"
                    },
                    {
                      "competitor": {
                        "teamMembers": null,
                        "id": "9qn966gonkaw8lrbkf31",
                        "name": "Leevan SANDS",
                        "iaafId": 134354,
                        "urlSlug": "bahamas/leevan-sands-014177958",
                        "birthDate": "16 AUG 1981",
                        "hasProfile": true,
                        "__typename": "CalendarResultsCompetitor"
                      },
                      "mark": "17.20",
                      "nationality": "BAH",
                      "place": "2.",
                      "points": null,
                      "qualified": false,
                      "records": "",
                      "wind": "-0.4",
                      "remark": null,
                      "details": null,
                      "__typename": "CalendarResultsRaceResult"
                    },
                    {
                      "competitor": {
                        "teamMembers": null,
                        "id": "mmi9e07s7tchpvp966p1gi",
                        "name": "David GIRAT",
                        "iaafId": 183903,
                        "urlSlug": "cuba/david-girat-014169551",
                        "birthDate": "26 AUG 1984",
                        "hasProfile": true,
                        "__typename": "CalendarResultsCompetitor"
                      },
                      "mark": "17.15",
                      "nationality": "CUB",
                      "place": "3.",
                      "points": null,
                      "qualified": false,
                      "records": "",
                      "wind": "-0.2",
                      "remark": null,
                      "details": null,
                      "__typename": "CalendarResultsRaceResult"
                    },
                    {
                      "competitor": {
                        "teamMembers": null,
                        "id": "k0u7c0htt4n6nd3guofvp",
                        "name": "Momchil KARAILIEV",
                        "iaafId": 170631,
                        "urlSlug": "bulgaria/momchil-karailiev-014174976",
                        "birthDate": "21 MAY 1982",
                        "hasProfile": true,
                        "__typename": "CalendarResultsCompetitor"
                      },
                      "mark": "17.07",
                      "nationality": "BUL",
                      "place": "4.",
                      "points": null,
                      "qualified": false,
                      "records": "",
                      "wind": "0.0",
                      "remark": null,
                      "details": null,
                      "__typename": "CalendarResultsRaceResult"
                    },
                    {
                      "competitor": {
                        "teamMembers": null,
                        "id": "ons374ugax8sofpowy0o8f",
                        "name": "Igor SPASOVKHODSKIY",
                        "iaafId": 173832,
                        "urlSlug": "russia/igor-spasovkhodskiy-014224126",
                        "birthDate": "01 AUG 1979",
                        "hasProfile": true,
                        "__typename": "CalendarResultsCompetitor"
                      },
                      "mark": "17.02",
                      "nationality": "RUS",
                      "place": "5.",
                      "points": null,
                      "qualified": false,
                      "records": "",
                      "wind": "+0.1",
                      "remark": null,
                      "details": null,
                      "__typename": "CalendarResultsRaceResult"
                    },
                    {
                      "competitor": {
                        "teamMembers": null,
                        "id": "howj77a7u4g85ajedtyvbq",
                        "name": "Nathan DOUGLAS",
                        "iaafId": 196591,
                        "urlSlug": "great-britain-ni/nathan-douglas-014189084",
                        "birthDate": "04 DEC 1982",
                        "hasProfile": true,
                        "__typename": "CalendarResultsCompetitor"
                      },
                      "mark": "17.00",
                      "nationality": "GBR",
                      "place": "6.",
                      "points": null,
                      "qualified": false,
                      "records": "",
                      "wind": "0.0",
                      "remark": null,
                      "details": null,
                      "__typename": "CalendarResultsRaceResult"
                    },
                    {
                      "competitor": {
                        "teamMembers": null,
                        "id": "z0fi2447eb8iiur0f9p3o",
                        "name": "Dmitrij VA\u013dUKEVI\u010c",
                        "iaafId": 180309,
                        "urlSlug": "slovak-republic/dmitrij-valukevic-14227256",
                        "birthDate": "31 MAY 1981",
                        "hasProfile": true,
                        "__typename": "CalendarResultsCompetitor"
                      },
                      "mark": "16.96",
                      "nationality": "SVK",
                      "place": "7.",
                      "points": null,
                      "qualified": false,
                      "records": "",
                      "wind": "-0.8",
                      "remark": null,
                      "details": null,
                      "__typename": "CalendarResultsRaceResult"
                    },
                    {
                      "competitor": {
                        "teamMembers": null,
                        "id": "4pnso3bcxlc9m4lboj6cen",
                        "name": "Onochie ACHIKE",
                        "iaafId": 14225,
                        "urlSlug": "great-britain-ni/onochie-achike-014188285",
                        "birthDate": "31 JAN 1975",
                        "hasProfile": true,
                        "__typename": "CalendarResultsCompetitor"
                      },
                      "mark": "16.94",
                      "nationality": "GBR",
                      "place": "8.",
                      "points": null,
                      "qualified": null,
                      "records": "",
                      "wind": "+0.3",
                      "remark": null,
                      "details": null,
                      "__typename": "CalendarResultsRaceResult"
                    },
                    {
                      "competitor": {
                        "teamMembers": null,
                        "id": "ivvhdb405yb4ldbpbkrx5c",
                        "name": "Fabrizio SCHEMBRI",
                        "iaafId": 197214,
                        "urlSlug": "italy/fabrizio-schembri-014201431",
                        "birthDate": "27 JAN 1981",
                        "hasProfile": true,
                        "__typename": "CalendarResultsCompetitor"
                      },
                      "mark": "16.88",
                      "nationality": "ITA",
                      "place": "9.",
                      "points": null,
                      "qualified": null,
                      "records": "",
                      "wind": "-0.4",
                      "remark": null,
                      "details": null,
                      "__typename": "CalendarResultsRaceResult"
                    },
                    {
                      "competitor": {
                        "teamMembers": null,
                        "id": "n3m1skl6qo6lu8l9196b4",
                        "name": "Yoandri BETANZOS",
                        "iaafId": 171692,
                        "urlSlug": "cuba/yoandri-betanzos-014169680",
                        "birthDate": "15 FEB 1982",
                        "hasProfile": true,
                        "__typename": "CalendarResultsCompetitor"
                      },
                      "mark": "16.77",
                      "nationality": "CUB",
                      "place": "10.",
                      "points": null,
                      "qualified": null,
                      "records": "",
                      "wind": "0.0",
                      "remark": null,
                      "details": null,
                      "__typename": "CalendarResultsRaceResult"
                    },
                    {
                      "competitor": {
                        "teamMembers": null,
                        "id": "wjfu7nxakih2sal6fwze6",
                        "name": "Dzmitry DZIATSUK",
                        "iaafId": 187889,
                        "urlSlug": "belarus/dzmitry-dziatsuk-014176953",
                        "birthDate": "09 APR 1985",
                        "hasProfile": true,
                        "__typename": "CalendarResultsCompetitor"
                      },
                      "mark": "16.58",
                      "nationality": "BLR",
                      "place": "11.",
                      "points": null,
                      "qualified": null,
                      "records": "",
                      "wind": "+0.5",
                      "remark": null,
                      "details": null,
                      "__typename": "CalendarResultsRaceResult"
                    },
                    {
                      "competitor": {
                        "teamMembers": null,
                        "id": "jsvqgc5vyul9w5hc6oexat",
                        "name": "Deokhyeon KIM",
                        "iaafId": 199274,
                        "urlSlug": "korea/deokhyeon-kim-014210240",
                        "birthDate": "08 DEC 1985",
                        "hasProfile": true,
                        "__typename": "CalendarResultsCompetitor"
                      },
                      "mark": "16.58",
                      "nationality": "KOR",
                      "place": "12.",
                      "points": null,
                      "qualified": null,
                      "records": "",
                      "wind": "-0.2",
                      "remark": null,
                      "details": null,
                      "__typename": "CalendarResultsRaceResult"
                    },
                    {
                      "competitor": {
                        "teamMembers": null,
                        "id": "y1rte2qd68np22lsfigs4",
                        "name": "Yevhen SEMENENKO",
                        "iaafId": 198417,
                        "urlSlug": "ukraine/yevhen-semenenko-014230538",
                        "birthDate": "17 JUL 1984",
                        "hasProfile": true,
                        "__typename": "CalendarResultsCompetitor"
                      },
                      "mark": "16.54",
                      "nationality": "UKR",
                      "place": "13.",
                      "points": null,
                      "qualified": null,
                      "records": "",
                      "wind": "+0.2",
                      "remark": null,
                      "details": null,
                      "__typename": "CalendarResultsRaceResult"
                    },
                    {
                      "competitor": {
                        "teamMembers": null,
                        "id": "jmk1ybv25xcm9y6yp9ohq",
                        "name": "Julian REID",
                        "iaafId": 208651,
                        "urlSlug": "great-britain-ni/julian-reid-014202188",
                        "birthDate": "23 SEP 1988",
                        "hasProfile": true,
                        "__typename": "CalendarResultsCompetitor"
                      },
                      "mark": "16.49",
                      "nationality": "JAM",
                      "place": "14.",
                      "points": null,
                      "qualified": null,
                      "records": "",
                      "wind": "+0.7",
                      "remark": null,
                      "details": null,
                      "__typename": "CalendarResultsRaceResult"
                    },
                    {
                      "competitor": {
                        "teamMembers": null,
                        "id": "5xhlpnqgr6igea3kwbhk5l",
                        "name": "Jefferson DIAS SABINO",
                        "iaafId": 180145,
                        "urlSlug": "brazil/jefferson-dias-sabino-014175785",
                        "birthDate": "04 NOV 1982",
                        "hasProfile": true,
                        "__typename": "CalendarResultsCompetitor"
                      },
                      "mark": "16.34",
                      "nationality": "BRA",
                      "place": "15.",
                      "points": null,
                      "qualified": null,
                      "records": "",
                      "wind": "-0.6",
                      "remark": null,
                      "details": null,
                      "__typename": "CalendarResultsRaceResult"
                    },
                    {
                      "competitor": {
                        "teamMembers": null,
                        "id": "rlcex5qcx1u1jxm7a0db",
                        "name": "Samyr LAINE",
                        "iaafId": 207497,
                        "urlSlug": "haiti/samyr-laine-014243516",
                        "birthDate": "17 JUL 1984",
                        "hasProfile": true,
                        "__typename": "CalendarResultsCompetitor"
                      },
                      "mark": "16.34",
                      "nationality": "HAI",
                      "place": "16.",
                      "points": null,
                      "qualified": null,
                      "records": "",
                      "wind": "0.0",
                      "remark": null,
                      "details": null,
                      "__typename": "CalendarResultsRaceResult"
                    },
                    {
                      "competitor": {
                        "teamMembers": null,
                        "id": "75u2b963qp9xi94meatnva",
                        "name": "Kenta BELL",
                        "iaafId": 138962,
                        "urlSlug": "united-states/kenta-bell-014232341",
                        "birthDate": "16 MAR 1977",
                        "hasProfile": true,
                        "__typename": "CalendarResultsCompetitor"
                      },
                      "mark": "16.32",
                      "nationality": "USA",
                      "place": "17.",
                      "points": null,
                      "qualified": null,
                      "records": "",
                      "wind": "0.0",
                      "remark": null,
                      "details": null,
                      "__typename": "CalendarResultsRaceResult"
                    },
                    {
                      "competitor": {
                        "teamMembers": null,
                        "id": "s4isnceh9okms4h3s4bm6",
                        "name": "Mohamed Youssef AL SAHABI SALMAN",
                        "iaafId": 247190,
                        "urlSlug": "bahrain/mohamed-youssef-al-sahabi-salman-014175142",
                        "birthDate": "26 JUL 1989",
                        "hasProfile": true,
                        "__typename": "CalendarResultsCompetitor"
                      },
                      "mark": "16.05",
                      "nationality": "BRN",
                      "place": "18.",
                      "points": null,
                      "qualified": null,
                      "records": "",
                      "wind": "+0.2",
                      "remark": null,
                      "details": null,
                      "__typename": "CalendarResultsRaceResult"
                    },
                    {
                      "competitor": {
                        "teamMembers": null,
                        "id": "uxtau2y70ohi0xbsp4745",
                        "name": "Vladimir LETNICOV",
                        "iaafId": 178374,
                        "urlSlug": "moldova/vladimir-letnicov-014212709",
                        "birthDate": "07 OCT 1981",
                        "hasProfile": true,
                        "__typename": "CalendarResultsCompetitor"
                      },
                      "mark": "15.88",
                      "nationality": "MDA",
                      "place": "19.",
                      "points": null,
                      "qualified": null,
                      "records": "",
                      "wind": "0.0",
                      "remark": null,
                      "details": null,
                      "__typename": "CalendarResultsRaceResult"
                    },
                    {
                      "competitor": {
                        "teamMembers": null,
                        "id": "n96x5gn4f0bblzoaqs1j16",
                        "name": "Fabrizio DONATO",
                        "iaafId": 137285,
                        "urlSlug": "italy/fabrizio-donato-014200237",
                        "birthDate": "14 AUG 1976",
                        "hasProfile": true,
                        "__typename": "CalendarResultsCompetitor"
                      },
                      "mark": "15.81",
                      "nationality": "ITA",
                      "place": "20.",
                      "points": null,
                      "qualified": null,
                      "records": "",
                      "wind": "0.0",
                      "remark": null,
                      "details": null,
                      "__typename": "CalendarResultsRaceResult"
                    },
                    {
                      "competitor": {
                        "teamMembers": null,
                        "id": "wwtupzhv4djsf6t39vqlh",
                        "name": "Andr\u00e9s CAPELL\u00c1N",
                        "iaafId": 184734,
                        "urlSlug": "spain/andres-capellan-014166959",
                        "birthDate": "10 JUN 1985",
                        "hasProfile": true,
                        "__typename": "CalendarResultsCompetitor"
                      },
                      "mark": "15.80",
                      "nationality": "ESP",
                      "place": "21.",
                      "points": null,
                      "qualified": null,
                      "records": "",
                      "wind": "-0.5",
                      "remark": null,
                      "details": null,
                      "__typename": "CalendarResultsRaceResult"
                    },
                    {
                      "competitor": {
                        "teamMembers": null,
                        "id": "rzn6mm5a81ayaimvg5ez7",
                        "name": "Yochai HALEVI",
                        "iaafId": 190217,
                        "urlSlug": "israel/yochai-halevi-014199274",
                        "birthDate": "10 MAY 1982",
                        "hasProfile": true,
                        "__typename": "CalendarResultsCompetitor"
                      },
                      "mark": "DNS",
                      "nationality": "ISR",
                      "place": "",
                      "points": null,
                      "qualified": null,
                      "records": "",
                      "wind": "",
                      "remark": null,
                      "details": null,
                      "__typename": "CalendarResultsRaceResult"
                    },
                    {
                      "competitor": {
                        "teamMembers": null,
                        "id": "hynd30zxejq1pabvva13b6",
                        "name": "Charles Michael FRIEDEK",
                        "iaafId": 50174,
                        "urlSlug": "germany/charles-michael-friedek-014192120",
                        "birthDate": "26 AUG 1971",
                        "hasProfile": true,
                        "__typename": "CalendarResultsCompetitor"
                      },
                      "mark": "NM",
                      "nationality": "GER",
                      "place": "",
                      "points": null,
                      "qualified": null,
                      "records": "",
                      "wind": "-0.2",
                      "remark": null,
                      "details": null,
                      "__typename": "CalendarResultsRaceResult"
                    }
                  ],
                  "startList": null,
                  "wind": null,
                  "__typename": "CalendarResultsRace"
                },
                {
                  "date": "2009-08-16",
                  "day": 2,
                  "race": "Qualification - Group",
                  "raceId": 71,
                  "raceNumber": 2,
                  "results": [
                    {
                      "competitor": {
                        "teamMembers": null,
                        "id": "kmb5txl5wflgkanlubkf6",
                        "name": "Nelson \u00c9VORA",
                        "iaafId": 183249,
                        "urlSlug": "portugal/nelson-evora-014218188",
                        "birthDate": "20 APR 1984",
                        "hasProfile": true,
                        "__typename": "CalendarResultsCompetitor"
                      },
                      "mark": "17.44",
                      "nationality": "POR",
                      "place": "1.",
                      "points": null,
                      "qualified": false,
                      "records": "",
                      "wind": "+0.6",
                      "remark": null,
                      "details": null,
                      "__typename": "CalendarResultsRaceResult"
                    },
                    {
                      "competitor": {
                        "teamMembers": null,
                        "id": "icbga8xryfskdmiubfdwk",
                        "name": "Yanxi LI",
                        "iaafId": 189524,
                        "urlSlug": "pr-of-china/yanxi-li-014172052",
                        "birthDate": "26 JUN 1984",
                        "hasProfile": true,
                        "__typename": "CalendarResultsCompetitor"
                      },
                      "mark": "17.27",
                      "nationality": "CHN",
                      "place": "2.",
                      "points": null,
                      "qualified": false,
                      "records": "",
                      "wind": "+0.9",
                      "remark": null,
                      "details": null,
                      "__typename": "CalendarResultsRaceResult"
                    },
                    {
                      "competitor": {
                        "teamMembers": null,
                        "id": "vqrlejyobwa3kgsv4ukkum",
                        "name": "Teddy TAMGHO",
                        "iaafId": 228286,
                        "urlSlug": "france/teddy-tamgho-14187757",
                        "birthDate": "15 JUN 1989",
                        "hasProfile": true,
                        "__typename": "CalendarResultsCompetitor"
                      },
                      "mark": "17.11",
                      "nationality": "FRA",
                      "place": "3.",
                      "points": null,
                      "qualified": false,
                      "records": "",
                      "wind": "+0.2",
                      "remark": null,
                      "details": null,
                      "__typename": "CalendarResultsRaceResult"
                    },
                    {
                      "competitor": {
                        "teamMembers": null,
                        "id": "p2kszcpl73l4kb7or6t19k",
                        "name": "Jadel GREG\u00d3RIO",
                        "iaafId": 177276,
                        "urlSlug": "brazil/jadel-gregorio-014175559",
                        "birthDate": "16 SEP 1980",
                        "hasProfile": true,
                        "__typename": "CalendarResultsCompetitor"
                      },
                      "mark": "17.06",
                      "nationality": "BRA",
                      "place": "4.",
                      "points": null,
                      "qualified": false,
                      "records": "",
                      "wind": "+0.8",
                      "remark": null,
                      "details": null,
                      "__typename": "CalendarResultsRaceResult"
                    },
                    {
                      "competitor": {
                        "teamMembers": null,
                        "id": "tymepih56dsuktypbag1d",
                        "name": "Alexis COPELLO",
                        "iaafId": 197592,
                        "urlSlug": "azerbaijan/alexis-copello-14169626",
                        "birthDate": "12 AUG 1985",
                        "hasProfile": true,
                        "__typename": "CalendarResultsCompetitor"
                      },
                      "mark": "16.99",
                      "nationality": "CUB",
                      "place": "5.",
                      "points": null,
                      "qualified": false,
                      "records": "",
                      "wind": "+0.2",
                      "remark": null,
                      "details": null,
                      "__typename": "CalendarResultsRaceResult"
                    },
                    {
                      "competitor": {
                        "teamMembers": null,
                        "id": "1vfnl6d1gg2hyextmu470vb",
                        "name": "Brandon ROULHAC",
                        "iaafId": 225304,
                        "urlSlug": "united-states/brandon-roulhac-014250099",
                        "birthDate": "13 DEC 1983",
                        "hasProfile": true,
                        "__typename": "CalendarResultsCompetitor"
                      },
                      "mark": "16.94",
                      "nationality": "USA",
                      "place": "6.",
                      "points": null,
                      "qualified": null,
                      "records": "",
                      "wind": "+0.5",
                      "remark": null,
                      "details": null,
                      "__typename": "CalendarResultsRaceResult"
                    },
                    {
                      "competitor": {
                        "teamMembers": null,
                        "id": "miokv95e8kgqanschxeev",
                        "name": "Tosin OKE",
                        "iaafId": 138388,
                        "urlSlug": "nigeria/tosin-oke-014190343",
                        "birthDate": "01 OCT 1980",
                        "hasProfile": true,
                        "__typename": "CalendarResultsCompetitor"
                      },
                      "mark": "16.87",
                      "nationality": "NGR",
                      "place": "7.",
                      "points": null,
                      "qualified": null,
                      "records": "",
                      "wind": "+0.5",
                      "remark": null,
                      "details": null,
                      "__typename": "CalendarResultsRaceResult"
                    },
                    {
                      "competitor": {
                        "teamMembers": null,
                        "id": "0hlg51tt56vejo7f1ld3ouj",
                        "name": "Randy LEWIS",
                        "iaafId": 137948,
                        "urlSlug": "grenada/randy-lewis-014195667",
                        "birthDate": "15 NOV 1978",
                        "hasProfile": true,
                        "__typename": "CalendarResultsCompetitor"
                      },
                      "mark": "16.73",
                      "nationality": "GRN",
                      "place": "8.",
                      "points": null,
                      "qualified": null,
                      "records": "",
                      "wind": "+0.2",
                      "remark": null,
                      "details": null,
                      "__typename": "CalendarResultsRaceResult"
                    },
                    {
                      "competitor": {
                        "teamMembers": null,
                        "id": "nqzoe1j4nifnc63uei10f",
                        "name": "Mykola SAVOLAINEN",
                        "iaafId": 177311,
                        "urlSlug": "ukraine/mykola-savolainen-014230526",
                        "birthDate": "25 MAR 1980",
                        "hasProfile": true,
                        "__typename": "CalendarResultsCompetitor"
                      },
                      "mark": "16.72",
                      "nationality": "UKR",
                      "place": "9.",
                      "points": null,
                      "qualified": null,
                      "records": "",
                      "wind": "+0.2",
                      "remark": null,
                      "details": null,
                      "__typename": "CalendarResultsRaceResult"
                    },
                    {
                      "competitor": {
                        "teamMembers": null,
                        "id": "zucdkrp0wrbt1vto7wentf",
                        "name": "Hugo CHILA",
                        "iaafId": 204214,
                        "urlSlug": "ecuador/hugo-chila-14167648",
                        "birthDate": "22 JUL 1987",
                        "hasProfile": true,
                        "__typename": "CalendarResultsCompetitor"
                      },
                      "mark": "16.70",
                      "nationality": "ECU",
                      "place": "10.",
                      "points": null,
                      "qualified": null,
                      "records": "",
                      "wind": "+0.2",
                      "remark": null,
                      "details": null,
                      "__typename": "CalendarResultsRaceResult"
                    },
                    {
                      "competitor": {
                        "teamMembers": null,
                        "id": "95uu1rq62fjxw79pau6em8",
                        "name": "Hugo MAMBA-SCHLICK",
                        "iaafId": 191207,
                        "urlSlug": "cameroon/hugo-mamba-schlick-014170245",
                        "birthDate": "01 FEB 1982",
                        "hasProfile": true,
                        "__typename": "CalendarResultsCompetitor"
                      },
                      "mark": "16.63",
                      "nationality": "CMR",
                      "place": "11.",
                      "points": null,
                      "qualified": null,
                      "records": "",
                      "wind": "-0.2",
                      "remark": null,
                      "details": null,
                      "__typename": "CalendarResultsRaceResult"
                    },
                    {
                      "competitor": {
                        "teamMembers": null,
                        "id": "a0jlesi4oarkkmymd396p",
                        "name": "Walter DAVIS",
                        "iaafId": 139553,
                        "urlSlug": "united-states/walter-davis-014236100",
                        "birthDate": "02 JUL 1979",
                        "hasProfile": true,
                        "__typename": "CalendarResultsCompetitor"
                      },
                      "mark": "16.62",
                      "nationality": "USA",
                      "place": "12.",
                      "points": null,
                      "qualified": null,
                      "records": "",
                      "wind": "+0.4",
                      "remark": null,
                      "details": null,
                      "__typename": "CalendarResultsRaceResult"
                    },
                    {
                      "competitor": {
                        "teamMembers": null,
                        "id": "ut4wq3mah4irpitni1fjc",
                        "name": "Alwyn JONES",
                        "iaafId": 199017,
                        "urlSlug": "australia/alwyn-jones-014179422",
                        "birthDate": "28 FEB 1985",
                        "hasProfile": true,
                        "__typename": "CalendarResultsCompetitor"
                      },
                      "mark": "16.57",
                      "nationality": "AUS",
                      "place": "13.",
                      "points": null,
                      "qualified": null,
                      "records": "",
                      "wind": "+0.3",
                      "remark": null,
                      "details": null,
                      "__typename": "CalendarResultsRaceResult"
                    },
                    {
                      "competitor": {
                        "teamMembers": null,
                        "id": "r8i1r1wzk3oo0rfh6l21o",
                        "name": "Viktor YASTREBOV",
                        "iaafId": 171238,
                        "urlSlug": "ukraine/viktor-yastrebov-014230787",
                        "birthDate": "13 JAN 1982",
                        "hasProfile": true,
                        "__typename": "CalendarResultsCompetitor"
                      },
                      "mark": "16.31",
                      "nationality": "UKR",
                      "place": "14.",
                      "points": null,
                      "qualified": null,
                      "records": "",
                      "wind": "-0.7",
                      "remark": null,
                      "details": null,
                      "__typename": "CalendarResultsRaceResult"
                    },
                    {
                      "competitor": {
                        "teamMembers": null,
                        "id": "cqd88zi8kdmvg3p3i5ewaa",
                        "name": "Yevgeniy PLOTNIR",
                        "iaafId": 176859,
                        "urlSlug": "russia/yevgeniy-plotnir-014223565",
                        "birthDate": "26 JUN 1977",
                        "hasProfile": true,
                        "__typename": "CalendarResultsCompetitor"
                      },
                      "mark": "16.29",
                      "nationality": "RUS",
                      "place": "15.",
                      "points": null,
                      "qualified": null,
                      "records": "",
                      "wind": "-0.5",
                      "remark": null,
                      "details": null,
                      "__typename": "CalendarResultsRaceResult"
                    },
                    {
                      "competitor": {
                        "teamMembers": null,
                        "id": "4dkyytyge9k2ydd1w57wpo",
                        "name": "Dimitrios TSIAMIS",
                        "iaafId": 178205,
                        "urlSlug": "greece/dimitrios-tsiamis-14195561",
                        "birthDate": "12 JAN 1982",
                        "hasProfile": true,
                        "__typename": "CalendarResultsCompetitor"
                      },
                      "mark": "16.23",
                      "nationality": "GRE",
                      "place": "16.",
                      "points": null,
                      "qualified": null,
                      "records": "",
                      "wind": "+0.2",
                      "remark": null,
                      "details": null,
                      "__typename": "CalendarResultsRaceResult"
                    },
                    {
                      "competitor": {
                        "teamMembers": null,
                        "id": "ekm2izgoynbncclbxi2xz",
                        "name": "Daniele GRECO",
                        "iaafId": 208183,
                        "urlSlug": "italy/daniele-greco-014200515",
                        "birthDate": "01 MAR 1989",
                        "hasProfile": true,
                        "__typename": "CalendarResultsCompetitor"
                      },
                      "mark": "16.18",
                      "nationality": "ITA",
                      "place": "17.",
                      "points": null,
                      "qualified": null,
                      "records": "",
                      "wind": "+0.1",
                      "remark": null,
                      "details": null,
                      "__typename": "CalendarResultsRaceResult"
                    },
                    {
                      "competitor": {
                        "teamMembers": null,
                        "id": "zcu8zox76grdzxq9ll98p8",
                        "name": "Yevgeniy EKTOV",
                        "iaafId": 210504,
                        "urlSlug": "kazakhstan/yevgeniy-ektov-014207161",
                        "birthDate": "01 SEP 1986",
                        "hasProfile": true,
                        "__typename": "CalendarResultsCompetitor"
                      },
                      "mark": "16.13",
                      "nationality": "KAZ",
                      "place": "18.",
                      "points": null,
                      "qualified": null,
                      "records": "",
                      "wind": "0.0",
                      "remark": null,
                      "details": null,
                      "__typename": "CalendarResultsRaceResult"
                    },
                    {
                      "competitor": {
                        "teamMembers": null,
                        "id": "5umdt6dt5qbu0eaddc52ds",
                        "name": "Mantas DILYS",
                        "iaafId": 184304,
                        "urlSlug": "lithuania/mantas-dilys-014211321",
                        "birthDate": "30 MAR 1984",
                        "hasProfile": true,
                        "__typename": "CalendarResultsCompetitor"
                      },
                      "mark": "16.09",
                      "nationality": "LTU",
                      "place": "19.",
                      "points": null,
                      "qualified": null,
                      "records": "",
                      "wind": "+0.7",
                      "remark": null,
                      "details": null,
                      "__typename": "CalendarResultsRaceResult"
                    },
                    {
                      "competitor": {
                        "teamMembers": null,
                        "id": "iqrmf6f8p3u37uob44aib",
                        "name": "Lauri LEIS",
                        "iaafId": 185497,
                        "urlSlug": "estonia/lauri-leis-014181046",
                        "birthDate": "07 OCT 1978",
                        "hasProfile": true,
                        "__typename": "CalendarResultsCompetitor"
                      },
                      "mark": "15.98",
                      "nationality": "EST",
                      "place": "20.",
                      "points": null,
                      "qualified": null,
                      "records": "",
                      "wind": "+0.4",
                      "remark": null,
                      "details": null,
                      "__typename": "CalendarResultsRaceResult"
                    },
                    {
                      "competitor": {
                        "teamMembers": null,
                        "id": "6cjxkxnrw8dz6l105hz2zs",
                        "name": "Van Hung NGUYEN",
                        "iaafId": 250212,
                        "urlSlug": "vietnam/van-hung-nguyen-014256319",
                        "birthDate": "04 MAR 1989",
                        "hasProfile": true,
                        "__typename": "CalendarResultsCompetitor"
                      },
                      "mark": "15.56",
                      "nationality": "VIE",
                      "place": "21.",
                      "points": null,
                      "qualified": null,
                      "records": "",
                      "wind": "-0.3",
                      "remark": null,
                      "details": null,
                      "__typename": "CalendarResultsRaceResult"
                    },
                    {
                      "competitor": {
                        "teamMembers": null,
                        "id": "cw6tmn1kaf9j13x9ume9ia",
                        "name": "Kuan Wong SI",
                        "iaafId": 250213,
                        "urlSlug": "macao/kuan-wong-si-014211726",
                        "birthDate": "22 JUL 1982",
                        "hasProfile": true,
                        "__typename": "CalendarResultsCompetitor"
                      },
                      "mark": "14.78",
                      "nationality": "MAC",
                      "place": "22.",
                      "points": null,
                      "qualified": null,
                      "records": "",
                      "wind": "0.0",
                      "remark": null,
                      "details": null,
                      "__typename": "CalendarResultsRaceResult"
                    },
                    {
                      "competitor": {
                        "teamMembers": null,
                        "id": "5pjxgd2tgutn5tgfah504a",
                        "name": "Leonardo Elis\u00e1rio DOS SANTOS",
                        "iaafId": 190102,
                        "urlSlug": "brazil/leonardo-elisario-dos-santos-014175705",
                        "birthDate": "07 MAY 1984",
                        "hasProfile": true,
                        "__typename": "CalendarResultsCompetitor"
                      },
                      "mark": "DQ",
                      "nationality": "BRA",
                      "place": " - ",
                      "points": null,
                      "qualified": null,
                      "records": "",
                      "wind": "+0.7",
                      "remark": null,
                      "details": null,
                      "__typename": "CalendarResultsRaceResult"
                    }
                  ],
                  "startList": null,
                  "wind": null,
                  "__typename": "CalendarResultsRace"
                }
              ],
              "__typename": "CalendarResultsEvent"
            }
          ],
          "__typename": "CalendarResultsEventTitle"
        }
      ],
      "options": {
        "days": [
          {
            "date": "15 AUG 2009",
            "day": 1,
            "__typename": "CalendarResultsOptionsDay"
          },
          {
            "date": "16 AUG 2009",
            "day": 2,
            "__typename": "CalendarResultsOptionsDay"
          },
          {
            "date": "17 AUG 2009",
            "day": 3,
            "__typename": "CalendarResultsOptionsDay"
          },
          {
            "date": "18 AUG 2009",
            "day": 4,
            "__typename": "CalendarResultsOptionsDay"
          },
          {
            "date": "19 AUG 2009",
            "day": 5,
            "__typename": "CalendarResultsOptionsDay"
          },
          {
            "date": "20 AUG 2009",
            "day": 6,
            "__typename": "CalendarResultsOptionsDay"
          },
          {
            "date": "21 AUG 2009",
            "day": 7,
            "__typename": "CalendarResultsOptionsDay"
          },
          {
            "date": "22 AUG 2009",
            "day": 8,
            "__typename": "CalendarResultsOptionsDay"
          },
          {
            "date": "23 AUG 2009",
            "day": 9,
            "__typename": "CalendarResultsOptionsDay"
          }
        ],
        "events": [
          {
            "gender": "W",
            "id": 10229509,
            "name": "Women's 100 Metres",
            "combined": null,
            "__typename": "CalendarResultsOptionEvent"
          },
          {
            "gender": "W",
            "id": 10229510,
            "name": "Women's 200 Metres",
            "combined": null,
            "__typename": "CalendarResultsOptionEvent"
          },
          {
            "gender": "W",
            "id": 10229511,
            "name": "Women's 400 Metres",
            "combined": null,
            "__typename": "CalendarResultsOptionEvent"
          },
          {
            "gender": "W",
            "id": 10229512,
            "name": "Women's 800 Metres",
            "combined": null,
            "__typename": "CalendarResultsOptionEvent"
          },
          {
            "gender": "W",
            "id": 10229513,
            "name": "Women's 1500 Metres",
            "combined": null,
            "__typename": "CalendarResultsOptionEvent"
          },
          {
            "gender": "W",
            "id": 10229514,
            "name": "Women's 5000 Metres",
            "combined": null,
            "__typename": "CalendarResultsOptionEvent"
          },
          {
            "gender": "W",
            "id": 10229521,
            "name": "Women's 10,000 Metres",
            "combined": null,
            "__typename": "CalendarResultsOptionEvent"
          },
          {
            "gender": "W",
            "id": 10229522,
            "name": "Women's 100 Metres Hurdles",
            "combined": null,
            "__typename": "CalendarResultsOptionEvent"
          },
          {
            "gender": "W",
            "id": 10229523,
            "name": "Women's 400 Metres Hurdles",
            "combined": null,
            "__typename": "CalendarResultsOptionEvent"
          },
          {
            "gender": "W",
            "id": 10229524,
            "name": "Women's 3000 Metres Steeplechase",
            "combined": null,
            "__typename": "CalendarResultsOptionEvent"
          },
          {
            "gender": "W",
            "id": 10229526,
            "name": "Women's High Jump",
            "combined": null,
            "__typename": "CalendarResultsOptionEvent"
          },
          {
            "gender": "W",
            "id": 10229527,
            "name": "Women's Pole Vault",
            "combined": null,
            "__typename": "CalendarResultsOptionEvent"
          },
          {
            "gender": "W",
            "id": 10229528,
            "name": "Women's Long Jump",
            "combined": null,
            "__typename": "CalendarResultsOptionEvent"
          },
          {
            "gender": "W",
            "id": 10229529,
            "name": "Women's Triple Jump",
            "combined": null,
            "__typename": "CalendarResultsOptionEvent"
          },
          {
            "gender": "W",
            "id": 10229530,
            "name": "Women's Shot Put",
            "combined": null,
            "__typename": "CalendarResultsOptionEvent"
          },
          {
            "gender": "W",
            "id": 10229531,
            "name": "Women's Discus Throw",
            "combined": null,
            "__typename": "CalendarResultsOptionEvent"
          },
          {
            "gender": "W",
            "id": 10229532,
            "name": "Women's Hammer Throw",
            "combined": null,
            "__typename": "CalendarResultsOptionEvent"
          },
          {
            "gender": "W",
            "id": 10229533,
            "name": "Women's Javelin Throw",
            "combined": null,
            "__typename": "CalendarResultsOptionEvent"
          },
          {
            "gender": "W",
            "id": 10229534,
            "name": "Women's Marathon",
            "combined": null,
            "__typename": "CalendarResultsOptionEvent"
          },
          {
            "gender": "W",
            "id": 10229535,
            "name": "Women's 20 Kilometres Race Walk",
            "combined": null,
            "__typename": "CalendarResultsOptionEvent"
          },
          {
            "gender": "W",
            "id": 10229536,
            "name": "Women's Heptathlon",
            "combined": true,
            "__typename": "CalendarResultsOptionEvent"
          },
          {
            "gender": "W",
            "id": 204594,
            "name": "Women's 4x100 Metres Relay",
            "combined": null,
            "__typename": "CalendarResultsOptionEvent"
          },
          {
            "gender": "W",
            "id": 204596,
            "name": "Women's 4x400 Metres Relay",
            "combined": null,
            "__typename": "CalendarResultsOptionEvent"
          },
          {
            "gender": "M",
            "id": 10229630,
            "name": "Men's 100 Metres",
            "combined": null,
            "__typename": "CalendarResultsOptionEvent"
          },
          {
            "gender": "M",
            "id": 10229605,
            "name": "Men's 200 Metres",
            "combined": null,
            "__typename": "CalendarResultsOptionEvent"
          },
          {
            "gender": "M",
            "id": 10229631,
            "name": "Men's 400 Metres",
            "combined": null,
            "__typename": "CalendarResultsOptionEvent"
          },
          {
            "gender": "M",
            "id": 10229501,
            "name": "Men's 800 Metres",
            "combined": null,
            "__typename": "CalendarResultsOptionEvent"
          },
          {
            "gender": "M",
            "id": 10229502,
            "name": "Men's 1500 Metres",
            "combined": null,
            "__typename": "CalendarResultsOptionEvent"
          },
          {
            "gender": "M",
            "id": 10229609,
            "name": "Men's 5000 Metres",
            "combined": null,
            "__typename": "CalendarResultsOptionEvent"
          },
          {
            "gender": "M",
            "id": 10229610,
            "name": "Men's 10,000 Metres",
            "combined": null,
            "__typename": "CalendarResultsOptionEvent"
          },
          {
            "gender": "M",
            "id": 10229611,
            "name": "Men's 110 Metres Hurdles",
            "combined": null,
            "__typename": "CalendarResultsOptionEvent"
          },
          {
            "gender": "M",
            "id": 10229612,
            "name": "Men's 400 Metres Hurdles",
            "combined": null,
            "__typename": "CalendarResultsOptionEvent"
          },
          {
            "gender": "M",
            "id": 10229614,
            "name": "Men's 3000 Metres Steeplechase",
            "combined": null,
            "__typename": "CalendarResultsOptionEvent"
          },
          {
            "gender": "M",
            "id": 10229615,
            "name": "Men's High Jump",
            "combined": null,
            "__typename": "CalendarResultsOptionEvent"
          },
          {
            "gender": "M",
            "id": 10229616,
            "name": "Men's Pole Vault",
            "combined": null,
            "__typename": "CalendarResultsOptionEvent"
          },
          {
            "gender": "M",
            "id": 10229617,
            "name": "Men's Long Jump",
            "combined": null,
            "__typename": "CalendarResultsOptionEvent"
          },
          {
            "gender": "M",
            "id": 10229618,
            "name": "Men's Triple Jump",
            "combined": null,
            "__typename": "CalendarResultsOptionEvent"
          },
          {
            "gender": "M",
            "id": 10229619,
            "name": "Men's Shot Put",
            "combined": null,
            "__typename": "CalendarResultsOptionEvent"
          },
          {
            "gender": "M",
            "id": 10229620,
            "name": "Men's Discus Throw",
            "combined": null,
            "__typename": "CalendarResultsOptionEvent"
          },
          {
            "gender": "M",
            "id": 10229621,
            "name": "Men's Hammer Throw",
            "combined": null,
            "__typename": "CalendarResultsOptionEvent"
          },
          {
            "gender": "M",
            "id": 10229636,
            "name": "Men's Javelin Throw",
            "combined": null,
            "__typename": "CalendarResultsOptionEvent"
          },
          {
            "gender": "M",
            "id": 10229634,
            "name": "Men's Marathon",
            "combined": null,
            "__typename": "CalendarResultsOptionEvent"
          },
          {
            "gender": "M",
            "id": 10229508,
            "name": "Men's 20 Kilometres Race Walk",
            "combined": null,
            "__typename": "CalendarResultsOptionEvent"
          },
          {
            "gender": "M",
            "id": 10229628,
            "name": "Men's 50 Kilometres Race Walk",
            "combined": null,
            "__typename": "CalendarResultsOptionEvent"
          },
          {
            "gender": "M",
            "id": 10229629,
            "name": "Men's Decathlon",
            "combined": true,
            "__typename": "CalendarResultsOptionEvent"
          },
          {
            "gender": "M",
            "id": 204593,
            "name": "Men's 4x100 Metres Relay",
            "combined": null,
            "__typename": "CalendarResultsOptionEvent"
          },
          {
            "gender": "M",
            "id": 204595,
            "name": "Men's 4x400 Metres Relay",
            "combined": null,
            "__typename": "CalendarResultsOptionEvent"
          }
        ],
        "__typename": "CalendarResultsOptions"
      },
      "parameters": {
        "competitionId": 6998524,
        "day": null,
        "eventId": 10229618,
        "__typename": "CalendarResultsParameters"
      },
      "__typename": "CalendarCompetitionResults"
    }
  }
}