{
  "data": {
    "getCalendarCompetitionResults": {
      "competition": {
        "dateRange": "15\u201323 AUG 2009",
        "endDate": "2009-08-23",
        "name": "IAAF World Championships",
        "rankingCategory": "OW",
        "startDate": "2009-08-15",
        "venue": "Olympiastadion, Berlin (GER)",
        "__typename": "CalendarResultsCompetition"
      },
      "eventTitles": [
        {
          "rankingCategory": "OW",
          "eventTitle": null,
          "events": [
            {
              "event": "Women's Pole Vault",
              "eventId": 10229527,
              "gender": "W",
              "isRelay": false,
              "perResultWind": false,
              "withWind": false,
              "summary": null,
              "races": [
                {
                  "date": "2009-08-17",
                  "day": 3,
                  "race": "Final",
                  "raceId": 10,
                  "raceNumber": 0,
                  "results": [
                    {
                      "competitor": {
                        "teamMembers": null,
                        "id": "pwklwc5iefgq0kii51wq8",
                        "name": "Anna ROGOWSKA",
                        "iaafId": 181016,
                        "urlSlug": "poland/anna-rogowska-014294343",
                        "birthDate": "21 MAY 1981",
                        "hasProfile": true,
                        "__typename": "CalendarResultsCompetitor"
                      },
                      "mark": "4.75",
                      "nationality": "POL",
                      "place": "1.",
                      "points": null,
                      "qualified": null,
                      "records": "",
                      "wind": null,
                      "remark": null,
                      "details": null,
                      "__typename": "CalendarResultsRaceResult"
                    },
                    {
                      "competitor": {
                        "teamMembers": null,
                        "id": "4yxl6f5fkzbypzwfw1vcxo",
                        "name": "Monika PYREK",
                        "iaafId": 134962,
                        "urlSlug": "poland/monika-pyrek-014294321",
                        "birthDate": "11 AUG 1980",
                        "hasProfile": true,
                        "__typename": "CalendarResultsCompetitor"
                      },
                      "mark": "4.65",
                      "nationality": "POL",
                      "place": "2.",
                      "points": null,
                      "qualified": null,
                      "records": "",
                      "wind": null,
                      "remark": null,
                      "details": null,
                      "__typename": "CalendarResultsRaceResult"
                    },
                    {
                      "competitor": {
                        "teamMembers": null,
                        "id": "8sxt294gs9o32n4avfm5to",
                        "name": "Chelsea JOHNSON",
                        "iaafId": 189931,
                        "urlSlug": "united-states/chelsea-johnson-014313690",
                        "birthDate": "20 DEC 1983",
                        "hasProfile": true,
                        "__typename": "CalendarResultsCompetitor"
                      },
                      "mark": "4.65",
                      "nationality": "USA",
                      "place": "2.",
                      "points": null,
                      "qualified": null,
                      "records": "",
                      "wind": null,
                      "remark": null,
                      "details": null,
                      "__typename": "CalendarResultsRaceResult"
                    },
                    {
                      "competitor": {
                        "teamMembers": null,
                        "id": "awk7p5dj7hcq07j9c2eiod",
                        "name": "Silke SPIEGELBURG",
                        "iaafId": 181116,
                        "urlSlug": "germany/silke-spiegelburg-014279851",
                        "birthDate": "17 MAR 1986",
                        "hasProfile": true,
                        "__typename": "CalendarResultsCompetitor"
                      },
                      "mark": "4.65",
                      "nationality": "GER",
                      "place": "4.",
                      "points": null,
                      "qualified": null,
                      "records": "",
                      "wind": null,
                      "remark": null,
                      "details": null,
                      "__typename": "CalendarResultsRaceResult"
                    },
                    {
                      "competitor": {
                        "teamMembers": null,
                        "id": "sg9znxqip7rs8yfnyryn",
                        "name": "Fabiana MURER",
                        "iaafId": 134530,
                        "urlSlug": "brazil/fabiana-murer-014269252",
                        "birthDate": "16 MAR 1981",
                        "hasProfile": true,
                        "__typename": "CalendarResultsCompetitor"
                      },
                      "mark": "4.55",
                      "nationality": "BRA",
                      "place": "5.",
                      "points": null,
                      "qualified": null,
                      "records": "",
                      "wind": null,
                      "remark": null,
                      "details": null,
                      "__typename": "CalendarResultsRaceResult"
                    },
                    {
                      "competitor": {
                        "teamMembers": null,
                        "id": "n3wwyt0s0tfknbk4fz6i2a",
                        "name": "Kate DENNISON",
                        "iaafId": 187219,
                        "urlSlug": "great-britain-ni/kate-dennison-014274879",
                        "birthDate": "07 MAY 1984",
                        "hasProfile": true,
                        "__typename": "CalendarResultsCompetitor"
                      },
                      "mark": "4.55",
                      "nationality": "GBR",
                      "place": "6.",
                      "points": null,
                      "qualified": null,
                      "records": "",
                      "wind": null,
                      "remark": null,
                      "details": null,
                      "__typename": "CalendarResultsRaceResult"
                    },
                    {
                      "competitor": {
                        "teamMembers": null,
                        "id": "u07ir033xxccss6srtgeq",
                        "name": "Tatyana POLNOVA",
                        "iaafId": 131293,
                        "urlSlug": "russia/tatyana-polnova-14298953",
                        "birthDate": "20 APR 1979",
                        "hasProfile": true,
                        "__typename": "CalendarResultsCompetitor"
                      },
                      "mark": "4.40",
                      "nationality": "RUS",
                      "place": "7.",
                      "points": null,
                      "qualified": null,
                      "records": "",
                      "wind": null,
                      "remark": null,
                      "details": null,
                      "__typename": "CalendarResultsRaceResult"
                    },
                    {
                      "competitor": {
                        "teamMembers": null,
                        "id": "10ehijacjq4axdj6nv9fj0m",
                        "name": "Anna BATTKE",
                        "iaafId": 204330,
                        "urlSlug": "germany/anna-battke-014276972",
                        "birthDate": "03 JAN 1985",
                        "hasProfile": true,
                        "__typename": "CalendarResultsCompetitor"
                      },
                      "mark": "4.40",
                      "nationality": "GER",
                      "place": "7.",
                      "points": null,
                      "qualified": null,
                      "records": "",
                      "wind": null,
                      "remark": null,
                      "details": null,
                      "__typename": "CalendarResultsRaceResult"
                    },
                    {
                      "competitor": {
                        "teamMembers": null,
                        "id": "dvr3ly7c5sh1kagl2q653lh",
                        "name": "Aleksandra KIRYASHOVA",
                        "iaafId": 184221,
                        "urlSlug": "russia/aleksandra-kiryashova-014298120",
                        "birthDate": "21 AUG 1985",
                        "hasProfile": true,
                        "__typename": "CalendarResultsCompetitor"
                      },
                      "mark": "4.40",
                      "nationality": "RUS",
                      "place": "9.",
                      "points": null,
                      "qualified": null,
                      "records": "",
                      "wind": null,
                      "remark": null,
                      "details": null,
                      "__typename": "CalendarResultsRaceResult"
                    },
                    {
                      "competitor": {
                        "teamMembers": null,
                        "id": "b7lzsrxradbajmz04l8jb",
                        "name": "Kristina GADSCHIEW",
                        "iaafId": 181168,
                        "urlSlug": "germany/kristina-gadschiew-014277659",
                        "birthDate": "03 JUL 1984",
                        "hasProfile": true,
                        "__typename": "CalendarResultsCompetitor"
                      },
                      "mark": "4.40",
                      "nationality": "GER",
                      "place": "10.",
                      "points": null,
                      "qualified": null,
                      "records": "",
                      "wind": null,
                      "remark": null,
                      "details": null,
                      "__typename": "CalendarResultsRaceResult"
                    },
                    {
                      "competitor": {
                        "teamMembers": null,
                        "id": "v631v9u7iknzstz7ousamo",
                        "name": "Yuliya GOLUBCHIKOVA",
                        "iaafId": 187318,
                        "urlSlug": "russia/yuliya-golubchikova-014297812",
                        "birthDate": "27 MAR 1983",
                        "hasProfile": true,
                        "__typename": "CalendarResultsCompetitor"
                      },
                      "mark": "DNS",
                      "nationality": "RUS",
                      "place": "",
                      "points": null,
                      "qualified": null,
                      "records": "",
                      "wind": null,
                      "remark": null,
                      "details": null,
                      "__typename": "CalendarResultsRaceResult"
                    },
                    {
                      "competitor": {
                        "teamMembers": null,
                        "id": "tb23eclnhtpsifjvu4m2",
                        "name": "Yelena ISINBAYEVA",
                        "iaafId": 134797,
                        "urlSlug": "russia/yelena-isinbayeva-014297931",
                        "birthDate": "03 JUN 1982",
                        "hasProfile": true,
                        "__typename": "CalendarResultsCompetitor"
                      },
                      "mark": "NM",
                      "nationality": "RUS",
                      "place": "",
                      "points": null,
                      "qualified": null,
                      "records": "",
                      "wind": null,
                      "remark": null,
                      "details": null,
                      "__typename": "CalendarResultsRaceResult"
                    }
                  ],
                  "startList": null,
                  "wind": null,
                  "__typename": "CalendarResultsRace"
                },
                {
                  "date": "2009-08-15",
                  "day": 1,
                  "race": "Qualification - Group",
                  "raceId": 71,
                  "raceNumber": 1,
                  "results": [
                    {
                      "competitor": {
                        "teamMembers": null,
                        "id": "6hfva8abwb9i0htjkb1ogi",
                        "name": "Anna ROGOWSKA",
                        "iaafId": 181016,
                        "urlSlug": "poland/anna-rogowska-014294343",
                        "birthDate": "21 MAY 1981",
                        "hasProfile": true,
                        "__typename": "CalendarResultsCompetitor"
                      },
                      "mark": "4.55",
                      "nationality": "POL",
                      "place": "1.",
                      "points": null,
                      "qualified": false,
                      "records": "",
                      "wind": null,
                      "remark": null,
                      "details": null,
                      "__typename": "CalendarResultsRaceResult"
                    },
                    {
                      "competitor": {
                        "teamMembers": null,
                        "id": "s7re8vxqux6zwtx6nxtib",
                        "name": "Yuliya GOLUBCHIKOVA",
                        "iaafId": 187318,
                        "urlSlug": "russia/yuliya-golubchikova-014297812",
                        "birthDate": "27 MAR 1983",
                        "hasProfile": true,
                        "__typename": "CalendarResultsCompetitor"
                      },
                      "mark": "4.55",
                      "nationality": "RUS",
                      "place": "1.",
                      "points": null,
                      "qualified": false,
                      "records": "",
                      "wind": null,
                      "remark": null,
                      "details": null,
                      "__typename": "CalendarResultsRaceResult"
                    },
                    {
                      "competitor": {
                        "teamMembers": null,
                        "id": "qfm0ne3cwujkernnvi98j",
                        "name": "Fabiana MURER",
                        "iaafId": 134530,
                        "urlSlug": "brazil/fabiana-murer-014269252",
                        "birthDate": "16 MAR 1981",
                        "hasProfile": true,
                        "__typename": "CalendarResultsCompetitor"
                      },
                      "mark": "4.55",
                      "nationality": "BRA",
                      "place": "1.",
                      "points": null,
                      "qualified": false,
                      "records": "",
                      "wind": null,
                      "remark": null,
                      "details": null,
                      "__typename": "CalendarResultsRaceResult"
                    },
                    {
                      "competitor": {
                        "teamMembers": null,
                        "id": "bw1nrk4pw6ruwoj8p39ve",
                        "name": "Kate DENNISON",
                        "iaafId": 187219,
                        "urlSlug": "great-britain-ni/kate-dennison-014274879",
                        "birthDate": "07 MAY 1984",
                        "hasProfile": true,
                        "__typename": "CalendarResultsCompetitor"
                      },
                      "mark": "4.55",
                      "nationality": "GBR",
                      "place": "4.",
                      "points": null,
                      "qualified": false,
                      "records": "",
                      "wind": null,
                      "remark": null,
                      "details": null,
                      "__typename": "CalendarResultsRaceResult"
                    },
                    {
                      "competitor": {
                        "teamMembers": null,
                        "id": "q7j713wn638ss8ug0qray8",
                        "name": "Anna BATTKE",
                        "iaafId": 204330,
                        "urlSlug": "germany/anna-battke-014276972",
                        "birthDate": "03 JAN 1985",
                        "hasProfile": true,
                        "__typename": "CalendarResultsCompetitor"
                      },
                      "mark": "4.55",
                      "nationality": "GER",
                      "place": "4.",
                      "points": null,
                      "qualified": false,
                      "records": "",
                      "wind": null,
                      "remark": null,
                      "details": null,
                      "__typename": "CalendarResultsRaceResult"
                    },
                    {
                      "competitor": {
                        "teamMembers": null,
                        "id": "1fgtbtrjer3v5dlyyunjzm",
                        "name": "Tatyana POLNOVA",
                        "iaafId": 131293,
                        "urlSlug": "russia/tatyana-polnova-14298953",
                        "birthDate": "20 APR 1979",
                        "hasProfile": true,
                        "__typename": "CalendarResultsCompetitor"
                      },
                      "mark": "4.55",
                      "nationality": "RUS",
                      "place": "6.",
                      "points": null,
                      "qualified": false,
                      "records": "",
                      "wind": null,
                      "remark": null,
                      "details": null,
                      "__typename": "CalendarResultsRaceResult"
                    },
                    {
                      "competitor": {
                        "teamMembers": null,
                        "id": "0vyk2wpqosx00ace3r8yxc66",
                        "name": "Anna GIORDANO BRUNO",
                        "iaafId": 180559,
                        "urlSlug": "italy/anna-giordano-bruno-014284452",
                        "birthDate": "13 DEC 1980",
                        "hasProfile": true,
                        "__typename": "CalendarResultsCompetitor"
                      },
                      "mark": "4.50",
                      "nationality": "ITA",
                      "place": "7.",
                      "points": null,
                      "qualified": null,
                      "records": "",
                      "wind": null,
                      "remark": null,
                      "details": null,
                      "__typename": "CalendarResultsRaceResult"
                    },
                    {
                      "competitor": {
                        "teamMembers": null,
                        "id": "4o6l9obaecj667t11qy88f",
                        "name": "Nicole B\u00dcCHLER",
                        "iaafId": 205796,
                        "urlSlug": "switzerland/nicole-buchler-014300685",
                        "birthDate": "17 DEC 1983",
                        "hasProfile": true,
                        "__typename": "CalendarResultsCompetitor"
                      },
                      "mark": "4.50",
                      "nationality": "SUI",
                      "place": "8.",
                      "points": null,
                      "qualified": null,
                      "records": "",
                      "wind": null,
                      "remark": null,
                      "details": null,
                      "__typename": "CalendarResultsRaceResult"
                    },
                    {
                      "competitor": {
                        "teamMembers": null,
                        "id": "ujpp1qq0vhghri4w298v4k",
                        "name": "Stacy DRAGILA",
                        "iaafId": 110083,
                        "urlSlug": "united-states/stacy-dragila-014309268",
                        "birthDate": "25 MAR 1971",
                        "hasProfile": true,
                        "__typename": "CalendarResultsCompetitor"
                      },
                      "mark": "4.25",
                      "nationality": "USA",
                      "place": "9.",
                      "points": null,
                      "qualified": null,
                      "records": "",
                      "wind": null,
                      "remark": null,
                      "details": null,
                      "__typename": "CalendarResultsRaceResult"
                    },
                    {
                      "competitor": {
                        "teamMembers": null,
                        "id": "vx610whnps0jsuva7h2fw",
                        "name": "Joanna PIWOWARSKA",
                        "iaafId": 171651,
                        "urlSlug": "poland/joanna-piwowarska-014294274",
                        "birthDate": "04 NOV 1983",
                        "hasProfile": true,
                        "__typename": "CalendarResultsCompetitor"
                      },
                      "mark": "4.25",
                      "nationality": "POL",
                      "place": "9.",
                      "points": null,
                      "qualified": null,
                      "records": "",
                      "wind": null,
                      "remark": null,
                      "details": null,
                      "__typename": "CalendarResultsRaceResult"
                    },
                    {
                      "competitor": {
                        "teamMembers": null,
                        "id": "7k6m83pj8ji0ghvcs34rjr",
                        "name": "Marianna ZAHARIADI",
                        "iaafId": 232570,
                        "urlSlug": "cyprus/marianna-zahariadi-014281013",
                        "birthDate": "25 FEB 1990",
                        "hasProfile": true,
                        "__typename": "CalendarResultsCompetitor"
                      },
                      "mark": "4.25",
                      "nationality": "CYP",
                      "place": "11.",
                      "points": null,
                      "qualified": null,
                      "records": "",
                      "wind": null,
                      "remark": null,
                      "details": null,
                      "__typename": "CalendarResultsRaceResult"
                    },
                    {
                      "competitor": {
                        "teamMembers": null,
                        "id": "mz0jdza1nflfsmhjcmidem",
                        "name": "Sandra Helena HOMO",
                        "iaafId": 176974,
                        "urlSlug": "portugal/sandra-helena-homo-014295122",
                        "birthDate": "29 MAY 1982",
                        "hasProfile": true,
                        "__typename": "CalendarResultsCompetitor"
                      },
                      "mark": "4.25",
                      "nationality": "POR",
                      "place": "12.",
                      "points": null,
                      "qualified": null,
                      "records": "",
                      "wind": null,
                      "remark": null,
                      "details": null,
                      "__typename": "CalendarResultsRaceResult"
                    },
                    {
                      "competitor": {
                        "teamMembers": null,
                        "id": "ko566qxkv2kwung4gf6cu",
                        "name": "Telie MATHIOT",
                        "iaafId": 199096,
                        "urlSlug": "france/telie-mathiot-014273075",
                        "birthDate": "25 MAY 1987",
                        "hasProfile": true,
                        "__typename": "CalendarResultsCompetitor"
                      },
                      "mark": "4.10",
                      "nationality": "FRA",
                      "place": "13.",
                      "points": null,
                      "qualified": null,
                      "records": "",
                      "wind": null,
                      "remark": null,
                      "details": null,
                      "__typename": "CalendarResultsRaceResult"
                    },
                    {
                      "competitor": {
                        "teamMembers": null,
                        "id": "vh275mgexcslkvjpvxf9e",
                        "name": "Romana MAL\u00c1\u010cOV\u00c1",
                        "iaafId": 225618,
                        "urlSlug": "czech-republic/romana-malacova-014262927",
                        "birthDate": "15 MAY 1987",
                        "hasProfile": true,
                        "__typename": "CalendarResultsCompetitor"
                      },
                      "mark": "4.10",
                      "nationality": "CZE",
                      "place": "14.",
                      "points": null,
                      "qualified": null,
                      "records": "",
                      "wind": null,
                      "remark": null,
                      "details": null,
                      "__typename": "CalendarResultsRaceResult"
                    },
                    {
                      "competitor": {
                        "teamMembers": null,
                        "id": "7241xncq8kntw7ptzj4t4m",
                        "name": "Shuying GAO",
                        "iaafId": 134261,
                        "urlSlug": "pr-of-china/shuying-gao-014266445",
                        "birthDate": "28 OCT 1979",
                        "hasProfile": true,
                        "__typename": "CalendarResultsCompetitor"
                      },
                      "mark": "NM",
                      "nationality": "CHN",
                      "place": "",
                      "points": null,
                      "qualified": null,
                      "records": "",
                      "wind": null,
                      "remark": null,
                      "details": null,
                      "__typename": "CalendarResultsRaceResult"
                    }
                  ],
                  "startList": null,
                  "wind": null,
                  "__typename": "CalendarResultsRace"
                },
                {
                  "date": "2009-08-15",
                  "day": 1,
                  "race": "Qualification - Group",
                  "raceId": 71,
                  "raceNumber": 2,
                  "results": [
                    {
                      "competitor": {
                        "teamMembers": null,
                        "id": "pd9b00o6s2c3a6xnq35oc6",
                        "name": "Silke SPIEGELBURG",
                        "iaafId": 181116,
                        "urlSlug": "germany/silke-spiegelburg-014279851",
                        "birthDate": "17 MAR 1986",
                        "hasProfile": true,
                        "__typename": "CalendarResultsCompetitor"
                      },
                      "mark": "4.55",
                      "nationality": "GER",
                      "place": "1.",
                      "points": null,
                      "qualified": false,
                      "records": "",
                      "wind": null,
                      "remark": null,
                      "details": null,
                      "__typename": "CalendarResultsRaceResult"
                    },
                    {
                      "competitor": {
                        "teamMembers": null,
                        "id": "xp99b8rvwtalvaxp9t5wml",
                        "name": "Yelena ISINBAYEVA",
                        "iaafId": 134797,
                        "urlSlug": "russia/yelena-isinbayeva-014297931",
                        "birthDate": "03 JUN 1982",
                        "hasProfile": true,
                        "__typename": "CalendarResultsCompetitor"
                      },
                      "mark": "4.55",
                      "nationality": "RUS",
                      "place": "1.",
                      "points": null,
                      "qualified": false,
                      "records": "",
                      "wind": null,
                      "remark": null,
                      "details": null,
                      "__typename": "CalendarResultsRaceResult"
                    },
                    {
                      "competitor": {
                        "teamMembers": null,
                        "id": "asx2c5ls4xrf5zefczfzrn",
                        "name": "Chelsea JOHNSON",
                        "iaafId": 189931,
                        "urlSlug": "united-states/chelsea-johnson-014313690",
                        "birthDate": "20 DEC 1983",
                        "hasProfile": true,
                        "__typename": "CalendarResultsCompetitor"
                      },
                      "mark": "4.55",
                      "nationality": "USA",
                      "place": "3.",
                      "points": null,
                      "qualified": false,
                      "records": "",
                      "wind": null,
                      "remark": null,
                      "details": null,
                      "__typename": "CalendarResultsRaceResult"
                    },
                    {
                      "competitor": {
                        "teamMembers": null,
                        "id": "2qss24gfafro082fbo3wr",
                        "name": "Monika PYREK",
                        "iaafId": 134962,
                        "urlSlug": "poland/monika-pyrek-014294321",
                        "birthDate": "11 AUG 1980",
                        "hasProfile": true,
                        "__typename": "CalendarResultsCompetitor"
                      },
                      "mark": "4.55",
                      "nationality": "POL",
                      "place": "4.",
                      "points": null,
                      "qualified": false,
                      "records": "",
                      "wind": null,
                      "remark": null,
                      "details": null,
                      "__typename": "CalendarResultsRaceResult"
                    },
                    {
                      "competitor": {
                        "teamMembers": null,
                        "id": "3v7wttvbhxkln1y73yhs9",
                        "name": "Aleksandra KIRYASHOVA",
                        "iaafId": 184221,
                        "urlSlug": "russia/aleksandra-kiryashova-014298120",
                        "birthDate": "21 AUG 1985",
                        "hasProfile": true,
                        "__typename": "CalendarResultsCompetitor"
                      },
                      "mark": "4.55",
                      "nationality": "RUS",
                      "place": "5.",
                      "points": null,
                      "qualified": false,
                      "records": "",
                      "wind": null,
                      "remark": null,
                      "details": null,
                      "__typename": "CalendarResultsRaceResult"
                    },
                    {
                      "competitor": {
                        "teamMembers": null,
                        "id": "sxdqa1qn277fb004nrsam",
                        "name": "Kristina GADSCHIEW",
                        "iaafId": 181168,
                        "urlSlug": "germany/kristina-gadschiew-014277659",
                        "birthDate": "03 JUL 1984",
                        "hasProfile": true,
                        "__typename": "CalendarResultsCompetitor"
                      },
                      "mark": "4.50",
                      "nationality": "GER",
                      "place": "6.",
                      "points": null,
                      "qualified": false,
                      "records": "",
                      "wind": null,
                      "remark": null,
                      "details": null,
                      "__typename": "CalendarResultsRaceResult"
                    },
                    {
                      "competitor": {
                        "teamMembers": null,
                        "id": "dz82ap6q9d63gjcp9rxffr",
                        "name": "Jillian SCHWARTZ",
                        "iaafId": 176152,
                        "urlSlug": "israel/jillian-schwartz-014320878",
                        "birthDate": "19 SEP 1979",
                        "hasProfile": true,
                        "__typename": "CalendarResultsCompetitor"
                      },
                      "mark": "4.50",
                      "nationality": "USA",
                      "place": "7.",
                      "points": null,
                      "qualified": null,
                      "records": "",
                      "wind": null,
                      "remark": null,
                      "details": null,
                      "__typename": "CalendarResultsRaceResult"
                    },
                    {
                      "competitor": {
                        "teamMembers": null,
                        "id": "8vwo9s97o78lnbppl5fu5f",
                        "name": "Kelsie HENDRY",
                        "iaafId": 186566,
                        "urlSlug": "canada/kelsie-hendry-014267872",
                        "birthDate": "29 JUN 1982",
                        "hasProfile": true,
                        "__typename": "CalendarResultsCompetitor"
                      },
                      "mark": "4.40",
                      "nationality": "CAN",
                      "place": "8.",
                      "points": null,
                      "qualified": null,
                      "records": "",
                      "wind": null,
                      "remark": null,
                      "details": null,
                      "__typename": "CalendarResultsRaceResult"
                    },
                    {
                      "competitor": {
                        "teamMembers": null,
                        "id": "6px0q2qly0a9egi4isobq",
                        "name": "Ji\u0159ina PT\u00c1\u010cN\u00cdKOV\u00c1",
                        "iaafId": 189541,
                        "urlSlug": "czech-republic/jirina-ptacnikova-14262790",
                        "birthDate": "20 MAY 1986",
                        "hasProfile": true,
                        "__typename": "CalendarResultsCompetitor"
                      },
                      "mark": "4.40",
                      "nationality": "CZE",
                      "place": "8.",
                      "points": null,
                      "qualified": null,
                      "records": "",
                      "wind": null,
                      "remark": null,
                      "details": null,
                      "__typename": "CalendarResultsRaceResult"
                    },
                    {
                      "competitor": {
                        "teamMembers": null,
                        "id": "kvwpvqfwzlmslkvseomkb",
                        "name": "Ling LI",
                        "iaafId": 225241,
                        "urlSlug": "pr-of-china/ling-li-14266007",
                        "birthDate": "06 JUL 1989",
                        "hasProfile": true,
                        "__typename": "CalendarResultsCompetitor"
                      },
                      "mark": "4.40",
                      "nationality": "CHN",
                      "place": "10.",
                      "points": null,
                      "qualified": null,
                      "records": "",
                      "wind": null,
                      "remark": null,
                      "details": null,
                      "__typename": "CalendarResultsRaceResult"
                    },
                    {
                      "competitor": {
                        "teamMembers": null,
                        "id": "o2odu6cdwijs7aflyfent9",
                        "name": "Nikoleta KYRIAKOPOULOU",
                        "iaafId": 202490,
                        "urlSlug": "greece/nikoleta-kyriakopoulou-14280697",
                        "birthDate": "21 MAR 1986",
                        "hasProfile": true,
                        "__typename": "CalendarResultsCompetitor"
                      },
                      "mark": "4.40",
                      "nationality": "GRE",
                      "place": "11.",
                      "points": null,
                      "qualified": null,
                      "records": "",
                      "wind": null,
                      "remark": null,
                      "details": null,
                      "__typename": "CalendarResultsRaceResult"
                    },
                    {
                      "competitor": {
                        "teamMembers": null,
                        "id": "yx3rv8hasemw9kngzwneh",
                        "name": "Minna NIKKANEN",
                        "iaafId": 197902,
                        "urlSlug": "finland/minna-nikkanen-014259185",
                        "birthDate": "09 APR 1988",
                        "hasProfile": true,
                        "__typename": "CalendarResultsCompetitor"
                      },
                      "mark": "4.40",
                      "nationality": "FIN",
                      "place": "12.",
                      "points": null,
                      "qualified": null,
                      "records": "",
                      "wind": null,
                      "remark": null,
                      "details": null,
                      "__typename": "CalendarResultsRaceResult"
                    },
                    {
                      "competitor": {
                        "teamMembers": null,
                        "id": "20jv2dqri8z5y9kjsb5596",
                        "name": "Naroa AGIRRE",
                        "iaafId": 137012,
                        "urlSlug": "spain/naroa-agirre-014262159",
                        "birthDate": "15 MAY 1979",
                        "hasProfile": true,
                        "__typename": "CalendarResultsCompetitor"
                      },
                      "mark": "4.40",
                      "nationality": "ESP",
                      "place": "13.",
                      "points": null,
                      "qualified": null,
                      "records": "",
                      "wind": null,
                      "remark": null,
                      "details": null,
                      "__typename": "CalendarResultsRaceResult"
                    },
                    {
                      "competitor": {
                        "teamMembers": null,
                        "id": "3y6soo0ytnrk411offyh",
                        "name": "Roslinda SAMSU",
                        "iaafId": 171113,
                        "urlSlug": "malaysia/roslinda-samsu-014290849",
                        "birthDate": "09 JUN 1982",
                        "hasProfile": true,
                        "__typename": "CalendarResultsCompetitor"
                      },
                      "mark": "4.25",
                      "nationality": "MAS",
                      "place": "14.",
                      "points": null,
                      "qualified": null,
                      "records": "",
                      "wind": null,
                      "remark": null,
                      "details": null,
                      "__typename": "CalendarResultsRaceResult"
                    },
                    {
                      "competitor": {
                        "teamMembers": null,
                        "id": "xfs03fllxscv8u9qc2hxwi",
                        "name": "Takayo KONDO",
                        "iaafId": 172769,
                        "urlSlug": "japan/takayo-kondo-014286906",
                        "birthDate": "17 NOV 1975",
                        "hasProfile": true,
                        "__typename": "CalendarResultsCompetitor"
                      },
                      "mark": "4.10",
                      "nationality": "JPN",
                      "place": "15.",
                      "points": null,
                      "qualified": null,
                      "records": "",
                      "wind": null,
                      "remark": null,
                      "details": null,
                      "__typename": "CalendarResultsRaceResult"
                    },
                    {
                      "competitor": {
                        "teamMembers": null,
                        "id": "t0p2prl2g29en102d34bnu",
                        "name": "Eun-ji LIM",
                        "iaafId": 243680,
                        "urlSlug": "korea/eun-ji-lim-014289820",
                        "birthDate": "02 APR 1989",
                        "hasProfile": true,
                        "__typename": "CalendarResultsCompetitor"
                      },
                      "mark": "4.10",
                      "nationality": "KOR",
                      "place": "16.",
                      "points": null,
                      "qualified": null,
                      "records": "",
                      "wind": null,
                      "remark": null,
                      "details": null,
                      "__typename": "CalendarResultsRaceResult"
                    }
                  ],
                  "startList": null,
                  "wind": null,
                  "__typename": "CalendarResultsRace"
                }
              ],
              "__typename": "CalendarResultsEvent"
            }
          ],
          "__typename": "CalendarResultsEventTitle"
        }
      ],
      "options": {
        "days": [
          {
            "date": "15 AUG 2009",
            "day": 1,
            "__typename": "CalendarResultsOptionsDay"
          },
          {
            "date": "16 AUG 2009",
            "day": 2,
            "__typename": "CalendarResultsOptionsDay"
          },
          {
            "date": "17 AUG 2009",
            "day": 3,
            "__typename": "CalendarResultsOptionsDay"
          },
          {
            "date": "18 AUG 2009",
            "day": 4,
            "__typename": "CalendarResultsOptionsDay"
          },
          {
            "date": "19 AUG 2009",
            "day": 5,
            "__typename": "CalendarResultsOptionsDay"
          },
          {
            "date": "20 AUG 2009",
            "day": 6,
            "__typename": "CalendarResultsOptionsDay"
          },
          {
            "date": "21 AUG 2009",
            "day": 7,
            "__typename": "CalendarResultsOptionsDay"
          },
          {
            "date": "22 AUG 2009",
            "day": 8,
            "__typename": "CalendarResultsOptionsDay"
          },
          {
            "date": "23 AUG 2009",
            "day": 9,
            "__typename": "CalendarResultsOptionsDay"
          }
        ],
        "events": [
          {
            "gender": "W",
            "id": 10229509,
            "name": "Women's 100 Metres",
            "combined": null,
            "__typename": "CalendarResultsOptionEvent"
          },
          {
            "gender": "W",
            "id": 10229510,
            "name": "Women's 200 Metres",
            "combined": null,
            "__typename": "CalendarResultsOptionEvent"
          },
          {
            "gender": "W",
            "id": 10229511,
            "name": "Women's 400 Metres",
            "combined": null,
            "__typename": "CalendarResultsOptionEvent"
          },
          {
            "gender": "W",
            "id": 10229512,
            "name": "Women's 800 Metres",
            "combined": null,
            "__typename": "CalendarResultsOptionEvent"
          },
          {
            "gender": "W",
            "id": 10229513,
            "name": "Women's 1500 Metres",
            "combined": null,
            "__typename": "CalendarResultsOptionEvent"
          },
          {
            "gender": "W",
            "id": 10229514,
            "name": "Women's 5000 Metres",
            "combined": null,
            "__typename": "CalendarResultsOptionEvent"
          },
          {
            "gender": "W",
            "id": 10229521,
            "name": "Women's 10,000 Metres",
            "combined": null,
            "__typename": "CalendarResultsOptionEvent"
          },
          {
            "gender": "W",
            "id": 10229522,
            "name": "Women's 100 Metres Hurdles",
            "combined": null,
            "__typename": "CalendarResultsOptionEvent"
          },
          {
            "gender": "W",
            "id": 10229523,
            "name": "Women's 400 Metres Hurdles",
            "combined": null,
            "__typename": "CalendarResultsOptionEvent"
          },
          {
            "gender": "W",
            "id": 10229524,
            "name": "Women's 3000 Metres Steeplechase",
            "combined": null,
            "__typename": "CalendarResultsOptionEvent"
          },
          {
            "gender": "W",
            "id": 10229526,
            "name": "Women's High Jump",
            "combined": null,
            "__typename": "CalendarResultsOptionEvent"
          },
          {
            "gender": "W",
            "id": 10229527,
            "name": "Women's Pole Vault",
            "combined": null,
            "__typename": "CalendarResultsOptionEvent"
          },
          {
            "gender": "W",
            "id": 10229528,
            "name": "Women's Long Jump",
            "combined": null,
            "__typename": "CalendarResultsOptionEvent"
          },
          {
            "gender": "W",
            "id": 10229529,
            "name": "Women's Triple Jump",
            "combined": null,
            "__typename": "CalendarResultsOptionEvent"
          },
          {
            "gender": "W",
            "id": 10229530,
            "name": "Women's Shot Put",
            "combined": null,
            "__typename": "CalendarResultsOptionEvent"
          },
          {
            "gender": "W",
            "id": 10229531,
            "name": "Women's Discus Throw",
            "combined": null,
            "__typename": "CalendarResultsOptionEvent"
          },
          {
            "gender": "W",
            "id": 10229532,
            "name": "Women's Hammer Throw",
            "combined": null,
            "__typename": "CalendarResultsOptionEvent"
          },
          {
            "gender": "W",
            "id": 10229533,
            "name": "Women's Javelin Throw",
            "combined": null,
            "__typename": "CalendarResultsOptionEvent"
          },
          {
            "gender": "W",
            "id": 10229534,
            "name": "Women's Marathon",
            "combined": null,
            "__typename": "CalendarResultsOptionEvent"
          },
          {
            "gender": "W",
            "id": 10229535,
            "name": "Women's 20 Kilometres Race Walk",
            "combined": null,
            "__typename": "CalendarResultsOptionEvent"
          },
          {
            "gender": "W",
            "id": 10229536,
            "name": "Women's Heptathlon",
            "combined": true,
            "__typename": "CalendarResultsOptionEvent"
          },
          {
            "gender": "W",
            "id": 204594,
            "name": "Women's 4x100 Metres Relay",
            "combined": null,
            "__typename": "CalendarResultsOptionEvent"
          },
          {
            "gender": "W",
            "id": 204596,
            "name": "Women's 4x400 Metres Relay",
            "combined": null,
            "__typename": "CalendarResultsOptionEvent"
          },
          {
            "gender": "M",
            "id": 10229630,
            "name": "Men's 100 Metres",
            "combined": null,
            "__typename": "CalendarResultsOptionEvent"
          },
          {
            "gender": "M",
            "id": 10229605,
            "name": "Men's 200 Metres",
            "combined": null,
            "__typename": "CalendarResultsOptionEvent"
          },
          {
            "gender": "M",
            "id": 10229631,
            "name": "Men's 400 Metres",
            "combined": null,
            "__typename": "CalendarResultsOptionEvent"
          },
          {
            "gender": "M",
            "id": 10229501,
            "name": "Men's 800 Metres",
            "combined": null,
            "__typename": "CalendarResultsOptionEvent"
          },
          {
            "gender": "M",
            "id": 10229502,
            "name": "Men's 1500 Metres",
            "combined": null,
            "__typename": "CalendarResultsOptionEvent"
          },
          {
            "gender": "M",
            "id": 10229609,
            "name": "Men's 5000 Metres",
            "combined": null,
            "__typename": "CalendarResultsOptionEvent"
          },
          {
            "gender": "M",
            "id": 10229610,
            "name": "Men's 10,000 Metres",
            "combined": null,
            "__typename": "CalendarResultsOptionEvent"
          },
          {
            "gender": "M",
            "id": 10229611,
            "name": "Men's 110 Metres Hurdles",
            "combined": null,
            "__typename": "CalendarResultsOptionEvent"
          },
          {
            "gender": "M",
            "id": 10229612,
            "name": "Men's 400 Metres Hurdles",
            "combined": null,
            "__typename": "CalendarResultsOptionEvent"
          },
          {
            "gender": "M",
            "id": 10229614,
            "name": "Men's 3000 Metres Steeplechase",
            "combined": null,
            "__typename": "CalendarResultsOptionEvent"
          },
          {
            "gender": "M",
            "id": 10229615,
            "name": "Men's High Jump",
            "combined": null,
            "__typename": "CalendarResultsOptionEvent"
          },
          {
            "gender": "M",
            "id": 10229616,
            "name": "Men's Pole Vault",
            "combined": null,
            "__typename": "CalendarResultsOptionEvent"
          },
          {
            "gender": "M",
            "id": 10229617,
            "name": "Men's Long Jump",
            "combined": null,
            "__typename": "CalendarResultsOptionEvent"
          },
          {
            "gender": "M",
            "id": 10229618,
            "name": "Men's Triple Jump",
            "combined": null,
            "__typename": "CalendarResultsOptionEvent"
          },
          {
            "gender": "M",
            "id": 10229619,
            "name": "Men's Shot Put",
            "combined": null,
            "__typename": "CalendarResultsOptionEvent"
          },
          {
            "gender": "M",
            "id": 10229620,
            "name": "Men's Discus Throw",
            "combined": null,
            "__typename": "CalendarResultsOptionEvent"
          },
          {
            "gender": "M",
            "id": 10229621,
            "name": "Men's Hammer Throw",
            "combined": null,
            "__typename": "CalendarResultsOptionEvent"
          },
          {
            "gender": "M",
            "id": 10229636,
            "name": "Men's Javelin Throw",
            "combined": null,
            "__typename": "CalendarResultsOptionEvent"
          },
          {
            "gender": "M",
            "id": 10229634,
            "name": "Men's Marathon",
            "combined": null,
            "__typename": "CalendarResultsOptionEvent"
          },
          {
            "gender": "M",
            "id": 10229508,
            "name": "Men's 20 Kilometres Race Walk",
            "combined": null,
            "__typename": "CalendarResultsOptionEvent"
          },
          {
            "gender": "M",
            "id": 10229628,
            "name": "Men's 50 Kilometres Race Walk",
            "combined": null,
            "__typename": "CalendarResultsOptionEvent"
          },
          {
            "gender": "M",
            "id": 10229629,
            "name": "Men's Decathlon",
            "combined": true,
            "__typename": "CalendarResultsOptionEvent"
          },
          {
            "gender": "M",
            "id": 204593,
            "name": "Men's 4x100 Metres Relay",
            "combined": null,
            "__typename": "CalendarResultsOptionEvent"
          },
          {
            "gender": "M",
            "id": 204595,
            "name": "Men's 4x400 Metres Relay",
            "combined": null,
            "__typename": "CalendarResultsOptionEvent"
          }
        ],
        "__typename": "CalendarResultsOptions"
      },
      "parameters": {
        "competitionId": 6998524,
        "day": null,
        "eventId": 10229527,
        "__typename": "CalendarResultsParameters"
      },
      "__typename": "CalendarCompetitionResults"
    }
  }
}