{
  "data": {
    "getCalendarCompetitionResults": {
      "competition": {
        "dateRange": "03\u201312 AUG 2012",
        "endDate": "2012-08-12",
        "name": "The XXX Olympic Games",
        "rankingCategory": "OW",
        "startDate": "2012-08-03",
        "venue": "Olympic Stadium, London (GBR)",
        "__typename": "CalendarResultsCompetition"
      },
      "eventTitles": [
        {
          "rankingCategory": "OW",
          "eventTitle": null,
          "events": [
            {
              "event": "Men's 50 Kilometres Race Walk",
              "eventId": 10229628,
              "gender": "M",
              "isRelay": false,
              "perResultWind": false,
              "withWind": false,
              "summary": null,
              "races": [
                {
                  "date": "2012-08-11",
                  "day": 9,
                  "race": "Final",
                  "raceId": 10,
                  "raceNumber": 0,
                  "results": [
                    {
                      "competitor": {
                        "teamMembers": null,
                        "id": "f38odfooc6t205zrn2zya1h",
                        "name": "Jared TALLENT",
                        "iaafId": 183786,
                        "urlSlug": "australia/jared-tallent-014178716",
                        "birthDate": "17 OCT 1984",
                        "hasProfile": true,
                        "__typename": "CalendarResultsCompetitor"
                      },
                      "mark": "3:36:53",
                      "nationality": "AUS",
                      "place": "1.",
                      "points": null,
                      "qualified": null,
                      "records": "",
                      "wind": null,
                      "remark": null,
                      "details": null,
                      "__typename": "CalendarResultsRaceResult"
                    },
                    {
                      "competitor": {
                        "teamMembers": null,
                        "id": "n0mjs5bjmqqlmdz16izl3",
                        "name": "Tianfeng SI",
                        "iaafId": 199935,
                        "urlSlug": "pr-of-china/tianfeng-si-014171534",
                        "birthDate": "17 JUN 1984",
                        "hasProfile": true,
                        "__typename": "CalendarResultsCompetitor"
                      },
                      "mark": "3:37:16",
                      "nationality": "CHN",
                      "place": "2.",
                      "points": null,
                      "qualified": null,
                      "records": "",
                      "wind": null,
                      "remark": null,
                      "details": null,
                      "__typename": "CalendarResultsRaceResult"
                    },
                    {
                      "competitor": {
                        "teamMembers": null,
                        "id": "80prmk77eybxvaxyitmn7",
                        "name": "Robert HEFFERNAN",
                        "iaafId": 139453,
                        "urlSlug": "ireland/robert-heffernan-014198907",
                        "birthDate": "28 FEB 1978",
                        "hasProfile": true,
                        "__typename": "CalendarResultsCompetitor"
                      },
                      "mark": "3:37:54",
                      "nationality": "IRL",
                      "place": "3.",
                      "points": null,
                      "qualified": null,
                      "records": "",
                      "wind": null,
                      "remark": null,
                      "details": null,
                      "__typename": "CalendarResultsRaceResult"
                    },
                    {
                      "competitor": {
                        "teamMembers": null,
                        "id": "eujirbrqka5myzrd2p061m",
                        "name": "Jianbo LI",
                        "iaafId": 199936,
                        "urlSlug": "pr-of-china/jianbo-li-014172144",
                        "birthDate": "14 NOV 1986",
                        "hasProfile": true,
                        "__typename": "CalendarResultsCompetitor"
                      },
                      "mark": "3:39:01",
                      "nationality": "CHN",
                      "place": "4.",
                      "points": null,
                      "qualified": null,
                      "records": "",
                      "wind": null,
                      "remark": null,
                      "details": null,
                      "__typename": "CalendarResultsRaceResult"
                    },
                    {
                      "competitor": {
                        "teamMembers": null,
                        "id": "22k5qmyi87ts0942q2pj2",
                        "name": "Matej T\u00d3TH",
                        "iaafId": 171179,
                        "urlSlug": "slovak-republic/matej-toth-14227241",
                        "birthDate": "10 FEB 1983",
                        "hasProfile": true,
                        "__typename": "CalendarResultsCompetitor"
                      },
                      "mark": "3:41:24",
                      "nationality": "SVK",
                      "place": "5.",
                      "points": null,
                      "qualified": null,
                      "records": "",
                      "wind": null,
                      "remark": null,
                      "details": null,
                      "__typename": "CalendarResultsRaceResult"
                    },
                    {
                      "competitor": {
                        "teamMembers": null,
                        "id": "vig3vwvlk4e6569wmxlaet",
                        "name": "\u0141ukasz NOWAK",
                        "iaafId": 241117,
                        "urlSlug": "poland/lukasz-nowak-014217267",
                        "birthDate": "18 DEC 1988",
                        "hasProfile": true,
                        "__typename": "CalendarResultsCompetitor"
                      },
                      "mark": "3:42:47",
                      "nationality": "POL",
                      "place": "6.",
                      "points": null,
                      "qualified": null,
                      "records": "",
                      "wind": null,
                      "remark": null,
                      "details": null,
                      "__typename": "CalendarResultsRaceResult"
                    },
                    {
                      "competitor": {
                        "teamMembers": null,
                        "id": "74q3nnauij96p72t1djjbm",
                        "name": "Koichiro MORIOKA",
                        "iaafId": 202435,
                        "urlSlug": "japan/koichiro-morioka-014204636",
                        "birthDate": "02 APR 1985",
                        "hasProfile": true,
                        "__typename": "CalendarResultsCompetitor"
                      },
                      "mark": "3:43:14",
                      "nationality": "JPN",
                      "place": "7.",
                      "points": null,
                      "qualified": null,
                      "records": "",
                      "wind": null,
                      "remark": null,
                      "details": null,
                      "__typename": "CalendarResultsRaceResult"
                    },
                    {
                      "competitor": {
                        "teamMembers": null,
                        "id": "hg541r8v3bdupd7njqh3zp",
                        "name": "Andr\u00e9 H\u00d6HNE",
                        "iaafId": 56258,
                        "urlSlug": "germany/andre-hohne-014192602",
                        "birthDate": "10 MAR 1978",
                        "hasProfile": true,
                        "__typename": "CalendarResultsCompetitor"
                      },
                      "mark": "3:44:26",
                      "nationality": "GER",
                      "place": "8.",
                      "points": null,
                      "qualified": null,
                      "records": "",
                      "wind": null,
                      "remark": null,
                      "details": null,
                      "__typename": "CalendarResultsRaceResult"
                    },
                    {
                      "competitor": {
                        "teamMembers": null,
                        "id": "7ksenpyicrmqfvwv4wv2er",
                        "name": "Bertrand MOULINET",
                        "iaafId": 224357,
                        "urlSlug": "france/bertrand-moulinet-014186661",
                        "birthDate": "06 JAN 1987",
                        "hasProfile": true,
                        "__typename": "CalendarResultsCompetitor"
                      },
                      "mark": "3:45:35",
                      "nationality": "FRA",
                      "place": "9.",
                      "points": null,
                      "qualified": null,
                      "records": "",
                      "wind": null,
                      "remark": null,
                      "details": null,
                      "__typename": "CalendarResultsRaceResult"
                    },
                    {
                      "competitor": {
                        "teamMembers": null,
                        "id": "pf1m70sdhwj1aptxokda",
                        "name": "Chilsung PARK",
                        "iaafId": 194699,
                        "urlSlug": "korea/chilsung-park-014210464",
                        "birthDate": "08 JUL 1982",
                        "hasProfile": true,
                        "__typename": "CalendarResultsCompetitor"
                      },
                      "mark": "3:45:55",
                      "nationality": "KOR",
                      "place": "10.",
                      "points": null,
                      "qualified": null,
                      "records": "",
                      "wind": null,
                      "remark": null,
                      "details": null,
                      "__typename": "CalendarResultsRaceResult"
                    },
                    {
                      "competitor": {
                        "teamMembers": null,
                        "id": "q0um4nooizarc6neoiu56g",
                        "name": "Ivan TROTSKI",
                        "iaafId": 133596,
                        "urlSlug": "belarus/ivan-trotski-014176499",
                        "birthDate": "27 MAY 1976",
                        "hasProfile": true,
                        "__typename": "CalendarResultsCompetitor"
                      },
                      "mark": "3:46:09",
                      "nationality": "BLR",
                      "place": "11.",
                      "points": null,
                      "qualified": null,
                      "records": "",
                      "wind": null,
                      "remark": null,
                      "details": null,
                      "__typename": "CalendarResultsRaceResult"
                    },
                    {
                      "competitor": {
                        "teamMembers": null,
                        "id": "u7dis7e36tm7r3izr6o4f4",
                        "name": "Jarkko KINNUNEN",
                        "iaafId": 184050,
                        "urlSlug": "finland/jarkko-kinnunen-14182049",
                        "birthDate": "19 JAN 1984",
                        "hasProfile": true,
                        "__typename": "CalendarResultsCompetitor"
                      },
                      "mark": "3:46:25",
                      "nationality": "FIN",
                      "place": "12.",
                      "points": null,
                      "qualified": null,
                      "records": "",
                      "wind": null,
                      "remark": null,
                      "details": null,
                      "__typename": "CalendarResultsRaceResult"
                    },
                    {
                      "competitor": {
                        "teamMembers": null,
                        "id": "nwnm3rhkjws3im3z8hmt9",
                        "name": "Horaci\u00f3 NAVA",
                        "iaafId": 171831,
                        "urlSlug": "mexico/horacio-nava-014213111",
                        "birthDate": "20 JAN 1982",
                        "hasProfile": true,
                        "__typename": "CalendarResultsCompetitor"
                      },
                      "mark": "3:46:59",
                      "nationality": "MEX",
                      "place": "13.",
                      "points": null,
                      "qualified": null,
                      "records": "",
                      "wind": null,
                      "remark": null,
                      "details": null,
                      "__typename": "CalendarResultsRaceResult"
                    },
                    {
                      "competitor": {
                        "teamMembers": null,
                        "id": "emmkyghb2hsiw6a14c44jd",
                        "name": "Marco DE LUCA",
                        "iaafId": 187806,
                        "urlSlug": "italy/marco-de-luca-014200128",
                        "birthDate": "12 MAY 1981",
                        "hasProfile": true,
                        "__typename": "CalendarResultsCompetitor"
                      },
                      "mark": "3:47:19",
                      "nationality": "ITA",
                      "place": "14.",
                      "points": null,
                      "qualified": null,
                      "records": "",
                      "wind": null,
                      "remark": null,
                      "details": null,
                      "__typename": "CalendarResultsRaceResult"
                    },
                    {
                      "competitor": {
                        "teamMembers": null,
                        "id": "0r3xca5ucjx8fe7ea8ag8ca",
                        "name": "Rafa\u0142 SIKORA",
                        "iaafId": 194789,
                        "urlSlug": "poland/rafal-sikora-014217545",
                        "birthDate": "17 FEB 1987",
                        "hasProfile": true,
                        "__typename": "CalendarResultsCompetitor"
                      },
                      "mark": "3:47:47",
                      "nationality": "POL",
                      "place": "15.",
                      "points": null,
                      "qualified": null,
                      "records": "",
                      "wind": null,
                      "remark": null,
                      "details": null,
                      "__typename": "CalendarResultsRaceResult"
                    },
                    {
                      "competitor": {
                        "teamMembers": null,
                        "id": "9ku8hvvs44gx0i5tndww3n",
                        "name": "Ihor HLAVAN",
                        "iaafId": 259610,
                        "urlSlug": "ukraine/ihor-hlavan-14424732",
                        "birthDate": "25 SEP 1990",
                        "hasProfile": true,
                        "__typename": "CalendarResultsCompetitor"
                      },
                      "mark": "3:48:07",
                      "nationality": "UKR",
                      "place": "16.",
                      "points": null,
                      "qualified": null,
                      "records": "",
                      "wind": null,
                      "remark": null,
                      "details": null,
                      "__typename": "CalendarResultsRaceResult"
                    },
                    {
                      "competitor": {
                        "teamMembers": null,
                        "id": "44wslvocaa63123sgjz1u5",
                        "name": "Jes\u00fas \u00c1ngel GARC\u00cdA",
                        "iaafId": 8897,
                        "urlSlug": "spain/jesus-angel-garcia-014166435",
                        "birthDate": "17 OCT 1969",
                        "hasProfile": true,
                        "__typename": "CalendarResultsCompetitor"
                      },
                      "mark": "3:48:32",
                      "nationality": "ESP",
                      "place": "17.",
                      "points": null,
                      "qualified": null,
                      "records": "",
                      "wind": null,
                      "remark": null,
                      "details": null,
                      "__typename": "CalendarResultsRaceResult"
                    },
                    {
                      "competitor": {
                        "teamMembers": null,
                        "id": "l8wp7obwgsr6lkztelrr5w",
                        "name": "Trond NYMARK",
                        "iaafId": 56326,
                        "urlSlug": "norway/trond-nymark-014215422",
                        "birthDate": "28 DEC 1976",
                        "hasProfile": true,
                        "__typename": "CalendarResultsCompetitor"
                      },
                      "mark": "3:48:37",
                      "nationality": "NOR",
                      "place": "18.",
                      "points": null,
                      "qualified": null,
                      "records": "",
                      "wind": null,
                      "remark": null,
                      "details": null,
                      "__typename": "CalendarResultsRaceResult"
                    },
                    {
                      "competitor": {
                        "teamMembers": null,
                        "id": "896ew9mzkvukws1giwiit",
                        "name": "Nathan DEAKES",
                        "iaafId": 56220,
                        "urlSlug": "australia/nathan-deakes-014179823",
                        "birthDate": "17 AUG 1977",
                        "hasProfile": true,
                        "__typename": "CalendarResultsCompetitor"
                      },
                      "mark": "3:48:45",
                      "nationality": "AUS",
                      "place": "19.",
                      "points": null,
                      "qualified": null,
                      "records": "",
                      "wind": null,
                      "remark": null,
                      "details": null,
                      "__typename": "CalendarResultsRaceResult"
                    },
                    {
                      "competitor": {
                        "teamMembers": null,
                        "id": "6p9zl03g88h0wk2c632usj",
                        "name": "Omar ZEPEDA",
                        "iaafId": 56275,
                        "urlSlug": "mexico/omar-zepeda-014213366",
                        "birthDate": "08 JUN 1977",
                        "hasProfile": true,
                        "__typename": "CalendarResultsCompetitor"
                      },
                      "mark": "3:49:14",
                      "nationality": "MEX",
                      "place": "20.",
                      "points": null,
                      "qualified": null,
                      "records": "",
                      "wind": null,
                      "remark": null,
                      "details": null,
                      "__typename": "CalendarResultsRaceResult"
                    },
                    {
                      "competitor": {
                        "teamMembers": null,
                        "id": "to3po867p8iweh0zzjkp",
                        "name": "Christopher LINKE",
                        "iaafId": 235066,
                        "urlSlug": "germany/christopher-linke-14193195",
                        "birthDate": "24 OCT 1988",
                        "hasProfile": true,
                        "__typename": "CalendarResultsCompetitor"
                      },
                      "mark": "3:49:19",
                      "nationality": "GER",
                      "place": "21.",
                      "points": null,
                      "qualified": null,
                      "records": "",
                      "wind": null,
                      "remark": null,
                      "details": null,
                      "__typename": "CalendarResultsRaceResult"
                    },
                    {
                      "competitor": {
                        "teamMembers": null,
                        "id": "spgorfze42noqgi6rglgkc",
                        "name": "Alexandros PAPAMICHAIL",
                        "iaafId": 201036,
                        "urlSlug": "greece/alexandros-papamichail-14195399",
                        "birthDate": "18 SEP 1988",
                        "hasProfile": true,
                        "__typename": "CalendarResultsCompetitor"
                      },
                      "mark": "3:49:56",
                      "nationality": "GRE",
                      "place": "22.",
                      "points": null,
                      "qualified": null,
                      "records": "",
                      "wind": null,
                      "remark": null,
                      "details": null,
                      "__typename": "CalendarResultsRaceResult"
                    },
                    {
                      "competitor": {
                        "teamMembers": null,
                        "id": "pgakxvkl29pbkl26w3vvzf",
                        "name": "Luke ADAMS",
                        "iaafId": 139065,
                        "urlSlug": "australia/luke-adams-014180221",
                        "birthDate": "22 OCT 1976",
                        "hasProfile": true,
                        "__typename": "CalendarResultsCompetitor"
                      },
                      "mark": "3:53:41",
                      "nationality": "AUS",
                      "place": "23.",
                      "points": null,
                      "qualified": null,
                      "records": "",
                      "wind": null,
                      "remark": null,
                      "details": null,
                      "__typename": "CalendarResultsRaceResult"
                    },
                    {
                      "competitor": {
                        "teamMembers": null,
                        "id": "2illmj3hn1lj4uovhb99vm",
                        "name": "Emerson HERNANDEZ",
                        "iaafId": 208023,
                        "urlSlug": "el-salvador/emerson-hernandez-014167372",
                        "birthDate": "20 JAN 1988",
                        "hasProfile": true,
                        "__typename": "CalendarResultsCompetitor"
                      },
                      "mark": "3:53:57",
                      "nationality": "ESA",
                      "place": "24.",
                      "points": null,
                      "qualified": null,
                      "records": "",
                      "wind": null,
                      "remark": null,
                      "details": null,
                      "__typename": "CalendarResultsRaceResult"
                    },
                    {
                      "competitor": {
                        "teamMembers": null,
                        "id": "lcj9006tx1lswngpq39fwc",
                        "name": "Jos\u00e9 LEYVER",
                        "iaafId": 240514,
                        "urlSlug": "mexico/jose-leyver-14213118",
                        "birthDate": "12 NOV 1985",
                        "hasProfile": true,
                        "__typename": "CalendarResultsCompetitor"
                      },
                      "mark": "3:55:00",
                      "nationality": "MEX",
                      "place": "25.",
                      "points": null,
                      "qualified": null,
                      "records": "",
                      "wind": null,
                      "remark": null,
                      "details": null,
                      "__typename": "CalendarResultsRaceResult"
                    },
                    {
                      "competitor": {
                        "teamMembers": null,
                        "id": "wl1aeoywi6lwsw3p1moxg9",
                        "name": "Brendan BOYCE",
                        "iaafId": 254889,
                        "urlSlug": "ireland/brendan-boyce-14327130",
                        "birthDate": "08 OCT 1986",
                        "hasProfile": true,
                        "__typename": "CalendarResultsCompetitor"
                      },
                      "mark": "3:55:01",
                      "nationality": "IRL",
                      "place": "26.",
                      "points": null,
                      "qualified": null,
                      "records": "",
                      "wind": null,
                      "remark": null,
                      "details": null,
                      "__typename": "CalendarResultsRaceResult"
                    },
                    {
                      "competitor": {
                        "teamMembers": null,
                        "id": "zd4zrw7b3ejgbrdtqtdtnv",
                        "name": "Quentin REW",
                        "iaafId": 262993,
                        "urlSlug": "new-zealand/quentin-rew-14406361",
                        "birthDate": "16 JUL 1984",
                        "hasProfile": true,
                        "__typename": "CalendarResultsCompetitor"
                      },
                      "mark": "3:55:03",
                      "nationality": "NZL",
                      "place": "27.",
                      "points": null,
                      "qualified": null,
                      "records": "",
                      "wind": null,
                      "remark": null,
                      "details": null,
                      "__typename": "CalendarResultsRaceResult"
                    },
                    {
                      "competitor": {
                        "teamMembers": null,
                        "id": "dqi0etljd2m5ajqdk90s",
                        "name": "Cedric HOUSSAYE",
                        "iaafId": 224352,
                        "urlSlug": "france/cedric-houssaye-014185401",
                        "birthDate": "13 DEC 1979",
                        "hasProfile": true,
                        "__typename": "CalendarResultsCompetitor"
                      },
                      "mark": "3:55:16",
                      "nationality": "FRA",
                      "place": "28.",
                      "points": null,
                      "qualified": null,
                      "records": "",
                      "wind": null,
                      "remark": null,
                      "details": null,
                      "__typename": "CalendarResultsRaceResult"
                    },
                    {
                      "competitor": {
                        "teamMembers": null,
                        "id": "viae8t2n9725q1hzk4kx7",
                        "name": "Marc MUNDELL",
                        "iaafId": 200915,
                        "urlSlug": "south-africa/marc-mundell-014220779",
                        "birthDate": "07 JUL 1983",
                        "hasProfile": true,
                        "__typename": "CalendarResultsCompetitor"
                      },
                      "mark": "3:55:32",
                      "nationality": "RSA",
                      "place": "29.",
                      "points": null,
                      "qualified": null,
                      "records": "",
                      "wind": null,
                      "remark": null,
                      "details": null,
                      "__typename": "CalendarResultsRaceResult"
                    },
                    {
                      "competitor": {
                        "teamMembers": null,
                        "id": "sxkab6289ygsyhg8or2wmm",
                        "name": "Fredy HERN\u00c1NDEZ",
                        "iaafId": 191235,
                        "urlSlug": "colombia/fredy-hernandez-014170106",
                        "birthDate": "25 APR 1978",
                        "hasProfile": true,
                        "__typename": "CalendarResultsCompetitor"
                      },
                      "mark": "3:56:00",
                      "nationality": "COL",
                      "place": "30.",
                      "points": null,
                      "qualified": null,
                      "records": "",
                      "wind": null,
                      "remark": null,
                      "details": null,
                      "__typename": "CalendarResultsRaceResult"
                    },
                    {
                      "competitor": {
                        "teamMembers": null,
                        "id": "27469az8rqao48n7p8hfi",
                        "name": "Jung-hyun YIM",
                        "iaafId": 198925,
                        "urlSlug": "korea/jung-hyun-yim-014210437",
                        "birthDate": "08 SEP 1987",
                        "hasProfile": true,
                        "__typename": "CalendarResultsCompetitor"
                      },
                      "mark": "3:56:34",
                      "nationality": "KOR",
                      "place": "31.",
                      "points": null,
                      "qualified": null,
                      "records": "",
                      "wind": null,
                      "remark": null,
                      "details": null,
                      "__typename": "CalendarResultsRaceResult"
                    },
                    {
                      "competitor": {
                        "teamMembers": null,
                        "id": "jj9s115c4l6n79243rg7j",
                        "name": "Serhiy BUDZA",
                        "iaafId": 199394,
                        "urlSlug": "ukraine/serhiy-budza-014229790",
                        "birthDate": "06 DEC 1984",
                        "hasProfile": true,
                        "__typename": "CalendarResultsCompetitor"
                      },
                      "mark": "3:56:35",
                      "nationality": "UKR",
                      "place": "32.",
                      "points": null,
                      "qualified": null,
                      "records": "",
                      "wind": null,
                      "remark": null,
                      "details": null,
                      "__typename": "CalendarResultsRaceResult"
                    },
                    {
                      "competitor": {
                        "teamMembers": null,
                        "id": "19urrfv625sh6vsplnxd5k",
                        "name": "Basanta Bahadur RANA",
                        "iaafId": 241440,
                        "urlSlug": "india/basanta-bahadur-rana-014197903",
                        "birthDate": "18 JAN 1984",
                        "hasProfile": true,
                        "__typename": "CalendarResultsCompetitor"
                      },
                      "mark": "3:56:48",
                      "nationality": "IND",
                      "place": "33.",
                      "points": null,
                      "qualified": null,
                      "records": "",
                      "wind": null,
                      "remark": null,
                      "details": null,
                      "__typename": "CalendarResultsRaceResult"
                    },
                    {
                      "competitor": {
                        "teamMembers": null,
                        "id": "7hcx6mvcey3msumuh0hs3",
                        "name": "Jianguo ZHAO",
                        "iaafId": 201058,
                        "urlSlug": "pr-of-china/jianguo-zhao-014170494",
                        "birthDate": "19 JAN 1988",
                        "hasProfile": true,
                        "__typename": "CalendarResultsCompetitor"
                      },
                      "mark": "3:56:59",
                      "nationality": "CHN",
                      "place": "34.",
                      "points": null,
                      "qualified": null,
                      "records": "",
                      "wind": null,
                      "remark": null,
                      "details": null,
                      "__typename": "CalendarResultsRaceResult"
                    },
                    {
                      "competitor": {
                        "teamMembers": null,
                        "id": "6feveq05co4d2w7hg2mip",
                        "name": "Dong-young KIM",
                        "iaafId": 182911,
                        "urlSlug": "korea/dong-young-kim-014210239",
                        "birthDate": "06 MAR 1980",
                        "hasProfile": true,
                        "__typename": "CalendarResultsCompetitor"
                      },
                      "mark": "3:57:33",
                      "nationality": "KOR",
                      "place": "35.",
                      "points": null,
                      "qualified": null,
                      "records": "",
                      "wind": null,
                      "remark": null,
                      "details": null,
                      "__typename": "CalendarResultsRaceResult"
                    },
                    {
                      "competitor": {
                        "teamMembers": null,
                        "id": "5755f1ye8ijpoknu604t3d",
                        "name": "Marius Iulian COCIORAN",
                        "iaafId": 228164,
                        "urlSlug": "romania/marius-iulian-cocioran-14219239",
                        "birthDate": "10 JUL 1983",
                        "hasProfile": true,
                        "__typename": "CalendarResultsCompetitor"
                      },
                      "mark": "3:57:52",
                      "nationality": "ROU",
                      "place": "36.",
                      "points": null,
                      "qualified": null,
                      "records": "",
                      "wind": null,
                      "remark": null,
                      "details": null,
                      "__typename": "CalendarResultsRaceResult"
                    },
                    {
                      "competitor": {
                        "teamMembers": null,
                        "id": "j42vswxsgjvt031pp82sq",
                        "name": "Pedro ISIDRO",
                        "iaafId": 240947,
                        "urlSlug": "portugal/pedro-isidro-014218292",
                        "birthDate": "17 JUL 1985",
                        "hasProfile": true,
                        "__typename": "CalendarResultsCompetitor"
                      },
                      "mark": "3:58:59",
                      "nationality": "POR",
                      "place": "37.",
                      "points": null,
                      "qualified": null,
                      "records": "",
                      "wind": null,
                      "remark": null,
                      "details": null,
                      "__typename": "CalendarResultsRaceResult"
                    },
                    {
                      "competitor": {
                        "teamMembers": null,
                        "id": "mhgo0dihq4gjfccvu3y5c",
                        "name": "Antti KEMPAS",
                        "iaafId": 187850,
                        "urlSlug": "finland/antti-kempas-014182026",
                        "birthDate": "03 OCT 1980",
                        "hasProfile": true,
                        "__typename": "CalendarResultsCompetitor"
                      },
                      "mark": "4:01:50",
                      "nationality": "FIN",
                      "place": "38.",
                      "points": null,
                      "qualified": null,
                      "records": "",
                      "wind": null,
                      "remark": null,
                      "details": null,
                      "__typename": "CalendarResultsRaceResult"
                    },
                    {
                      "competitor": {
                        "teamMembers": null,
                        "id": "gdq4xxsp0458llc6rmbm1t",
                        "name": "Mikel ODRIOZOLA",
                        "iaafId": 56243,
                        "urlSlug": "spain/mikel-odriozola-014165534",
                        "birthDate": "25 MAY 1973",
                        "hasProfile": true,
                        "__typename": "CalendarResultsCompetitor"
                      },
                      "mark": "4:02:48",
                      "nationality": "ESP",
                      "place": "39.",
                      "points": null,
                      "qualified": null,
                      "records": "",
                      "wind": null,
                      "remark": null,
                      "details": null,
                      "__typename": "CalendarResultsRaceResult"
                    },
                    {
                      "competitor": {
                        "teamMembers": null,
                        "id": "4sfzr0me4ef232vcysr6y4",
                        "name": "John NUNN",
                        "iaafId": 189315,
                        "urlSlug": "united-states/john-nunn-014247380",
                        "birthDate": "03 FEB 1978",
                        "hasProfile": true,
                        "__typename": "CalendarResultsCompetitor"
                      },
                      "mark": "4:03:28",
                      "nationality": "USA",
                      "place": "40.",
                      "points": null,
                      "qualified": null,
                      "records": "",
                      "wind": null,
                      "remark": null,
                      "details": null,
                      "__typename": "CalendarResultsRaceResult"
                    },
                    {
                      "competitor": {
                        "teamMembers": null,
                        "id": "wcg92ixdbma9rhwj20tjn",
                        "name": "Maciej ROSIEWICZ",
                        "iaafId": 186966,
                        "urlSlug": "georgia/maciej-rosiewicz-014217490",
                        "birthDate": "31 JUL 1977",
                        "hasProfile": true,
                        "__typename": "CalendarResultsCompetitor"
                      },
                      "mark": "4:05:20",
                      "nationality": "GEO",
                      "place": "41.",
                      "points": null,
                      "qualified": null,
                      "records": "",
                      "wind": null,
                      "remark": null,
                      "details": null,
                      "__typename": "CalendarResultsRaceResult"
                    },
                    {
                      "competitor": {
                        "teamMembers": null,
                        "id": "c85ozepkpoc0d9r7mlaxf9",
                        "name": "Igors KOZAKEVI\u010cS",
                        "iaafId": 224756,
                        "urlSlug": "latvia/igors-kozakevics-014210993",
                        "birthDate": "17 APR 1980",
                        "hasProfile": true,
                        "__typename": "CalendarResultsCompetitor"
                      },
                      "mark": "4:06:47",
                      "nationality": "LAT",
                      "place": "42.",
                      "points": null,
                      "qualified": null,
                      "records": "",
                      "wind": null,
                      "remark": null,
                      "details": null,
                      "__typename": "CalendarResultsRaceResult"
                    },
                    {
                      "competitor": {
                        "teamMembers": null,
                        "id": "y0z3wry9hrcfrwef1x2n9i",
                        "name": "Tadas \u0160U\u0160KEVI\u010cIUS",
                        "iaafId": 200701,
                        "urlSlug": "lithuania/tadas-suskevicius-014211577",
                        "birthDate": "22 MAY 1985",
                        "hasProfile": true,
                        "__typename": "CalendarResultsCompetitor"
                      },
                      "mark": "4:08:16",
                      "nationality": "LTU",
                      "place": "43.",
                      "points": null,
                      "qualified": null,
                      "records": "",
                      "wind": null,
                      "remark": null,
                      "details": null,
                      "__typename": "CalendarResultsRaceResult"
                    },
                    {
                      "competitor": {
                        "teamMembers": null,
                        "id": "5y2afq9btmw641i4o091ak",
                        "name": "Xavier MORENO",
                        "iaafId": 134887,
                        "urlSlug": "ecuador/xavier-moreno-014167621",
                        "birthDate": "15 NOV 1979",
                        "hasProfile": true,
                        "__typename": "CalendarResultsCompetitor"
                      },
                      "mark": "4:09:23",
                      "nationality": "ECU",
                      "place": "44.",
                      "points": null,
                      "qualified": null,
                      "records": "",
                      "wind": null,
                      "remark": null,
                      "details": null,
                      "__typename": "CalendarResultsRaceResult"
                    },
                    {
                      "competitor": {
                        "teamMembers": null,
                        "id": "fpp96s2peh8khr86fgev",
                        "name": "Milo\u0161 B\u00c1TOVSK\u00dd",
                        "iaafId": 134700,
                        "urlSlug": "slovak-republic/milos-batovsky-014226746",
                        "birthDate": "26 MAY 1979",
                        "hasProfile": true,
                        "__typename": "CalendarResultsCompetitor"
                      },
                      "mark": "4:09:32",
                      "nationality": "SVK",
                      "place": "45.",
                      "points": null,
                      "qualified": null,
                      "records": "",
                      "wind": null,
                      "remark": null,
                      "details": null,
                      "__typename": "CalendarResultsRaceResult"
                    },
                    {
                      "competitor": {
                        "teamMembers": null,
                        "id": "slm5c4dsdcwt8oxkj9mmd",
                        "name": "Vitaliy ANICHKIN",
                        "iaafId": 241444,
                        "urlSlug": "kazakhstan/vitaliy-anichkin-014207132",
                        "birthDate": "11 NOV 1988",
                        "hasProfile": true,
                        "__typename": "CalendarResultsCompetitor"
                      },
                      "mark": "4:14:09",
                      "nationality": "KAZ",
                      "place": "46.",
                      "points": null,
                      "qualified": null,
                      "records": "",
                      "wind": null,
                      "remark": null,
                      "details": null,
                      "__typename": "CalendarResultsRaceResult"
                    },
                    {
                      "competitor": {
                        "teamMembers": null,
                        "id": "5ml50fl2gzlgmzvih4sq6m",
                        "name": "Benjam\u00edn S\u00c1NCHEZ",
                        "iaafId": 184740,
                        "urlSlug": "spain/benjamin-sanchez-014165003",
                        "birthDate": "10 MAR 1985",
                        "hasProfile": true,
                        "__typename": "CalendarResultsCompetitor"
                      },
                      "mark": "4:14:40",
                      "nationality": "ESP",
                      "place": "47.",
                      "points": null,
                      "qualified": null,
                      "records": "",
                      "wind": null,
                      "remark": null,
                      "details": null,
                      "__typename": "CalendarResultsRaceResult"
                    },
                    {
                      "competitor": {
                        "teamMembers": null,
                        "id": "ahyy3unqprd7v0aw1kymsi",
                        "name": "Dominic KING",
                        "iaafId": 190111,
                        "urlSlug": "great-britain-ni/dominic-king-014189816",
                        "birthDate": "30 MAY 1983",
                        "hasProfile": true,
                        "__typename": "CalendarResultsCompetitor"
                      },
                      "mark": "4:15:05",
                      "nationality": "GBR",
                      "place": "48.",
                      "points": null,
                      "qualified": null,
                      "records": "",
                      "wind": null,
                      "remark": null,
                      "details": null,
                      "__typename": "CalendarResultsRaceResult"
                    },
                    {
                      "competitor": {
                        "teamMembers": null,
                        "id": "3dtgce650fb96aup42d81",
                        "name": "Jo\u00e3o VIEIRA",
                        "iaafId": 56349,
                        "urlSlug": "portugal/joao-vieira-14218673",
                        "birthDate": "20 FEB 1976",
                        "hasProfile": true,
                        "__typename": "CalendarResultsCompetitor"
                      },
                      "mark": "DNF",
                      "nationality": "POR",
                      "place": "",
                      "points": null,
                      "qualified": null,
                      "records": "",
                      "wind": null,
                      "remark": null,
                      "details": null,
                      "__typename": "CalendarResultsRaceResult"
                    },
                    {
                      "competitor": {
                        "teamMembers": null,
                        "id": "nq76lh02bykpj2gi065it",
                        "name": "Rafa\u0142 FEDACZY\u0143SKI",
                        "iaafId": 186962,
                        "urlSlug": "poland/rafal-fedaczynski-014216617",
                        "birthDate": "03 DEC 1980",
                        "hasProfile": true,
                        "__typename": "CalendarResultsCompetitor"
                      },
                      "mark": "DNF",
                      "nationality": "POL",
                      "place": "",
                      "points": null,
                      "qualified": null,
                      "records": "",
                      "wind": null,
                      "remark": null,
                      "details": null,
                      "__typename": "CalendarResultsRaceResult"
                    },
                    {
                      "competitor": {
                        "teamMembers": null,
                        "id": "i9f2382k8tpcf09acmsyad",
                        "name": "Nenad FILIPOVI\u0106",
                        "iaafId": 56332,
                        "urlSlug": "serbia/nenad-filipovic-014225315",
                        "birthDate": "05 OCT 1978",
                        "hasProfile": true,
                        "__typename": "CalendarResultsCompetitor"
                      },
                      "mark": "DNF",
                      "nationality": "SRB",
                      "place": "",
                      "points": null,
                      "qualified": null,
                      "records": "",
                      "wind": null,
                      "remark": null,
                      "details": null,
                      "__typename": "CalendarResultsRaceResult"
                    },
                    {
                      "competitor": {
                        "teamMembers": null,
                        "id": "38gdl4kb88p169ynhtntcn",
                        "name": "Takayuki TANII",
                        "iaafId": 170854,
                        "urlSlug": "japan/takayuki-tanii-014206350",
                        "birthDate": "14 FEB 1983",
                        "hasProfile": true,
                        "__typename": "CalendarResultsCompetitor"
                      },
                      "mark": "DNF",
                      "nationality": "JPN",
                      "place": "",
                      "points": null,
                      "qualified": null,
                      "records": "",
                      "wind": null,
                      "remark": null,
                      "details": null,
                      "__typename": "CalendarResultsRaceResult"
                    },
                    {
                      "competitor": {
                        "teamMembers": null,
                        "id": "40cee8epimc258gbsd6vn",
                        "name": "Sergey KIRDYAPKIN",
                        "iaafId": 186367,
                        "urlSlug": "russia/sergey-kirdyapkin-014222587",
                        "birthDate": "18 JUN 1980",
                        "hasProfile": true,
                        "__typename": "CalendarResultsCompetitor"
                      },
                      "mark": "DQ",
                      "nationality": "RUS",
                      "place": " - ",
                      "points": null,
                      "qualified": null,
                      "records": "",
                      "wind": null,
                      "remark": null,
                      "details": null,
                      "__typename": "CalendarResultsRaceResult"
                    },
                    {
                      "competitor": {
                        "teamMembers": null,
                        "id": "5dvz3ju5bo3tedr6zopnur",
                        "name": "Igor YEROKHIN",
                        "iaafId": 202559,
                        "urlSlug": "russia/igor-yerokhin-014224586",
                        "birthDate": "04 SEP 1985",
                        "hasProfile": true,
                        "__typename": "CalendarResultsCompetitor"
                      },
                      "mark": "DQ",
                      "nationality": "RUS",
                      "place": " - ",
                      "points": null,
                      "qualified": null,
                      "records": "",
                      "wind": null,
                      "remark": null,
                      "details": null,
                      "__typename": "CalendarResultsRaceResult"
                    },
                    {
                      "competitor": {
                        "teamMembers": null,
                        "id": "da89z2ucupmnrbb2fw8qge",
                        "name": "Sergey BAKULIN",
                        "iaafId": 219830,
                        "urlSlug": "russia/sergey-bakulin-014221742",
                        "birthDate": "13 NOV 1986",
                        "hasProfile": true,
                        "__typename": "CalendarResultsCompetitor"
                      },
                      "mark": "DQ",
                      "nationality": "RUS",
                      "place": " - ",
                      "points": null,
                      "qualified": null,
                      "records": "",
                      "wind": null,
                      "remark": null,
                      "details": null,
                      "__typename": "CalendarResultsRaceResult"
                    },
                    {
                      "competitor": {
                        "teamMembers": null,
                        "id": "7p8s7ehnmonw5b3rlcj6xg",
                        "name": "Yohann DINIZ",
                        "iaafId": 194743,
                        "urlSlug": "france/yohann-diniz-014184392",
                        "birthDate": "01 JAN 1978",
                        "hasProfile": true,
                        "__typename": "CalendarResultsCompetitor"
                      },
                      "mark": "DQ",
                      "nationality": "FRA",
                      "place": "",
                      "points": null,
                      "qualified": null,
                      "records": "",
                      "wind": null,
                      "remark": null,
                      "details": null,
                      "__typename": "CalendarResultsRaceResult"
                    },
                    {
                      "competitor": {
                        "teamMembers": null,
                        "id": "jda6ics5nym33wuvrflwl4",
                        "name": "Edward ARAYA",
                        "iaafId": 196606,
                        "urlSlug": "chile/edward-araya-014173166",
                        "birthDate": "14 FEB 1986",
                        "hasProfile": true,
                        "__typename": "CalendarResultsCompetitor"
                      },
                      "mark": "DQ",
                      "nationality": "CHI",
                      "place": "",
                      "points": null,
                      "qualified": null,
                      "records": "",
                      "wind": null,
                      "remark": null,
                      "details": null,
                      "__typename": "CalendarResultsRaceResult"
                    },
                    {
                      "competitor": {
                        "teamMembers": null,
                        "id": "r6541v6o9tee176t0o2ep",
                        "name": "Oleksiy KAZANIN",
                        "iaafId": 187987,
                        "urlSlug": "ukraine/oleksiy-kazanin-014230057",
                        "birthDate": "22 MAY 1982",
                        "hasProfile": true,
                        "__typename": "CalendarResultsCompetitor"
                      },
                      "mark": "DQ",
                      "nationality": "UKR",
                      "place": "",
                      "points": null,
                      "qualified": null,
                      "records": "",
                      "wind": null,
                      "remark": null,
                      "details": null,
                      "__typename": "CalendarResultsRaceResult"
                    },
                    {
                      "competitor": {
                        "teamMembers": null,
                        "id": "cv8jx7i6t6po3h6j486nbg",
                        "name": "Andr\u00e9s CHOCHO",
                        "iaafId": 189764,
                        "urlSlug": "ecuador/andres-chocho-14167649",
                        "birthDate": "04 NOV 1983",
                        "hasProfile": true,
                        "__typename": "CalendarResultsCompetitor"
                      },
                      "mark": "DQ",
                      "nationality": "ECU",
                      "place": "",
                      "points": null,
                      "qualified": null,
                      "records": "",
                      "wind": null,
                      "remark": null,
                      "details": null,
                      "__typename": "CalendarResultsRaceResult"
                    },
                    {
                      "competitor": {
                        "teamMembers": null,
                        "id": "odh5i6y756mvo37vqptxcq",
                        "name": "Colin GRIFFIN",
                        "iaafId": 171090,
                        "urlSlug": "ireland/colin-griffin-014198885",
                        "birthDate": "03 AUG 1982",
                        "hasProfile": true,
                        "__typename": "CalendarResultsCompetitor"
                      },
                      "mark": "DQ",
                      "nationality": "IRL",
                      "place": "",
                      "points": null,
                      "qualified": null,
                      "records": "",
                      "wind": null,
                      "remark": null,
                      "details": null,
                      "__typename": "CalendarResultsRaceResult"
                    },
                    {
                      "competitor": {
                        "teamMembers": null,
                        "id": "dhrkh0y4g07stlkdkvlzma",
                        "name": "\u00c9rick Bernab\u00e9 BARRONDO",
                        "iaafId": 260590,
                        "urlSlug": "guatemala/erick-bernabe-barrondo-14434925",
                        "birthDate": "14 JUN 1991",
                        "hasProfile": true,
                        "__typename": "CalendarResultsCompetitor"
                      },
                      "mark": "DQ",
                      "nationality": "GUA",
                      "place": "",
                      "points": null,
                      "qualified": null,
                      "records": "",
                      "wind": null,
                      "remark": null,
                      "details": null,
                      "__typename": "CalendarResultsRaceResult"
                    },
                    {
                      "competitor": {
                        "teamMembers": null,
                        "id": "xqot1jw1eepzyjunkw567b",
                        "name": "Jaime Daniel QUIYUCH",
                        "iaafId": 262949,
                        "urlSlug": "guatemala/jaime-daniel-quiyuch-014434924",
                        "birthDate": "24 APR 1980",
                        "hasProfile": true,
                        "__typename": "CalendarResultsCompetitor"
                      },
                      "mark": "DQ",
                      "nationality": "GUA",
                      "place": "",
                      "points": null,
                      "qualified": null,
                      "records": "",
                      "wind": null,
                      "remark": null,
                      "details": null,
                      "__typename": "CalendarResultsRaceResult"
                    },
                    {
                      "competitor": {
                        "teamMembers": null,
                        "id": "1wgti4t1xfpvdeibd7a58r",
                        "name": "Yuki YAMAZAKI",
                        "iaafId": 179953,
                        "urlSlug": "japan/yuki-yamazaki-014206933",
                        "birthDate": "16 JAN 1984",
                        "hasProfile": true,
                        "__typename": "CalendarResultsCompetitor"
                      },
                      "mark": "DQ",
                      "nationality": "JPN",
                      "place": "",
                      "points": null,
                      "qualified": null,
                      "records": "",
                      "wind": null,
                      "remark": null,
                      "details": null,
                      "__typename": "CalendarResultsRaceResult"
                    }
                  ],
                  "startList": null,
                  "wind": null,
                  "__typename": "CalendarResultsRace"
                }
              ],
              "__typename": "CalendarResultsEvent"
            }
          ],
          "__typename": "CalendarResultsEventTitle"
        }
      ],
      "options": {
        "days": [
          {
            "date": "03 AUG 2012",
            "day": 1,
            "__typename": "CalendarResultsOptionsDay"
          },
          {
            "date": "04 AUG 2012",
            "day": 2,
            "__typename": "CalendarResultsOptionsDay"
          },
          {
            "date": "05 AUG 2012",
            "day": 3,
            "__typename": "CalendarResultsOptionsDay"
          },
          {
            "date": "06 AUG 2012",
            "day": 4,
            "__typename": "CalendarResultsOptionsDay"
          },
          {
            "date": "07 AUG 2012",
            "day": 5,
            "__typename": "CalendarResultsOptionsDay"
          },
          {
            "date": "08 AUG 2012",
            "day": 6,
            "__typename": "CalendarResultsOptionsDay"
          },
          {
            "date": "09 AUG 2012",
            "day": 7,
            "__typename": "CalendarResultsOptionsDay"
          },
          {
            "date": "10 AUG 2012",
            "day": 8,
            "__typename": "CalendarResultsOptionsDay"
          },
          {
            "date": "11 AUG 2012",
            "day": 9,
            "__typename": "CalendarResultsOptionsDay"
          },
          {
            "date": "12 AUG 2012",
            "day": 10,
            "__typename": "CalendarResultsOptionsDay"
          }
        ],
        "events": [
          {
            "gender": "W",
            "id": 10229509,
            "name": "Women's 100 Metres",
            "combined": null,
            "__typename": "CalendarResultsOptionEvent"
          },
          {
            "gender": "W",
            "id": 10229510,
            "name": "Women's 200 Metres",
            "combined": null,
            "__typename": "CalendarResultsOptionEvent"
          },
          {
            "gender": "W",
            "id": 10229511,
            "name": "Women's 400 Metres",
            "combined": null,
            "__typename": "CalendarResultsOptionEvent"
          },
          {
            "gender": "W",
            "id": 10229512,
            "name": "Women's 800 Metres",
            "combined": null,
            "__typename": "CalendarResultsOptionEvent"
          },
          {
            "gender": "W",
            "id": 10229513,
            "name": "Women's 1500 Metres",
            "combined": null,
            "__typename": "CalendarResultsOptionEvent"
          },
          {
            "gender": "W",
            "id": 10229514,
            "name": "Women's 5000 Metres",
            "combined": null,
            "__typename": "CalendarResultsOptionEvent"
          },
          {
            "gender": "W",
            "id": 10229521,
            "name": "Women's 10,000 Metres",
            "combined": null,
            "__typename": "CalendarResultsOptionEvent"
          },
          {
            "gender": "W",
            "id": 10229522,
            "name": "Women's 100 Metres Hurdles",
            "combined": null,
            "__typename": "CalendarResultsOptionEvent"
          },
          {
            "gender": "W",
            "id": 10229523,
            "name": "Women's 400 Metres Hurdles",
            "combined": null,
            "__typename": "CalendarResultsOptionEvent"
          },
          {
            "gender": "W",
            "id": 10229524,
            "name": "Women's 3000 Metres Steeplechase",
            "combined": null,
            "__typename": "CalendarResultsOptionEvent"
          },
          {
            "gender": "W",
            "id": 10229526,
            "name": "Women's High Jump",
            "combined": null,
            "__typename": "CalendarResultsOptionEvent"
          },
          {
            "gender": "W",
            "id": 10229527,
            "name": "Women's Pole Vault",
            "combined": null,
            "__typename": "CalendarResultsOptionEvent"
          },
          {
            "gender": "W",
            "id": 10229528,
            "name": "Women's Long Jump",
            "combined": null,
            "__typename": "CalendarResultsOptionEvent"
          },
          {
            "gender": "W",
            "id": 10229529,
            "name": "Women's Triple Jump",
            "combined": null,
            "__typename": "CalendarResultsOptionEvent"
          },
          {
            "gender": "W",
            "id": 10229530,
            "name": "Women's Shot Put",
            "combined": null,
            "__typename": "CalendarResultsOptionEvent"
          },
          {
            "gender": "W",
            "id": 10229531,
            "name": "Women's Discus Throw",
            "combined": null,
            "__typename": "CalendarResultsOptionEvent"
          },
          {
            "gender": "W",
            "id": 10229532,
            "name": "Women's Hammer Throw",
            "combined": null,
            "__typename": "CalendarResultsOptionEvent"
          },
          {
            "gender": "W",
            "id": 10229533,
            "name": "Women's Javelin Throw",
            "combined": null,
            "__typename": "CalendarResultsOptionEvent"
          },
          {
            "gender": "W",
            "id": 10229543,
            "name": "Women's 30 Kilometres Road",
            "combined": null,
            "__typename": "CalendarResultsOptionEvent"
          },
          {
            "gender": "W",
            "id": 10229534,
            "name": "Women's Marathon",
            "combined": null,
            "__typename": "CalendarResultsOptionEvent"
          },
          {
            "gender": "W",
            "id": 10229547,
            "name": "Women's 10 Kilometres Race Walk",
            "combined": null,
            "__typename": "CalendarResultsOptionEvent"
          },
          {
            "gender": "W",
            "id": 10229535,
            "name": "Women's 20 Kilometres Race Walk",
            "combined": null,
            "__typename": "CalendarResultsOptionEvent"
          },
          {
            "gender": "W",
            "id": 10229536,
            "name": "Women's Heptathlon",
            "combined": true,
            "__typename": "CalendarResultsOptionEvent"
          },
          {
            "gender": "W",
            "id": 204594,
            "name": "Women's 4x100 Metres Relay",
            "combined": null,
            "__typename": "CalendarResultsOptionEvent"
          },
          {
            "gender": "W",
            "id": 204596,
            "name": "Women's 4x400 Metres Relay",
            "combined": null,
            "__typename": "CalendarResultsOptionEvent"
          },
          {
            "gender": "M",
            "id": 10229630,
            "name": "Men's 100 Metres",
            "combined": null,
            "__typename": "CalendarResultsOptionEvent"
          },
          {
            "gender": "M",
            "id": 10229605,
            "name": "Men's 200 Metres",
            "combined": null,
            "__typename": "CalendarResultsOptionEvent"
          },
          {
            "gender": "M",
            "id": 10229631,
            "name": "Men's 400 Metres",
            "combined": null,
            "__typename": "CalendarResultsOptionEvent"
          },
          {
            "gender": "M",
            "id": 10229501,
            "name": "Men's 800 Metres",
            "combined": null,
            "__typename": "CalendarResultsOptionEvent"
          },
          {
            "gender": "M",
            "id": 10229502,
            "name": "Men's 1500 Metres",
            "combined": null,
            "__typename": "CalendarResultsOptionEvent"
          },
          {
            "gender": "M",
            "id": 10229609,
            "name": "Men's 5000 Metres",
            "combined": null,
            "__typename": "CalendarResultsOptionEvent"
          },
          {
            "gender": "M",
            "id": 10229610,
            "name": "Men's 10,000 Metres",
            "combined": null,
            "__typename": "CalendarResultsOptionEvent"
          },
          {
            "gender": "M",
            "id": 10229611,
            "name": "Men's 110 Metres Hurdles",
            "combined": null,
            "__typename": "CalendarResultsOptionEvent"
          },
          {
            "gender": "M",
            "id": 10229612,
            "name": "Men's 400 Metres Hurdles",
            "combined": null,
            "__typename": "CalendarResultsOptionEvent"
          },
          {
            "gender": "M",
            "id": 10229614,
            "name": "Men's 3000 Metres Steeplechase",
            "combined": null,
            "__typename": "CalendarResultsOptionEvent"
          },
          {
            "gender": "M",
            "id": 10229615,
            "name": "Men's High Jump",
            "combined": null,
            "__typename": "CalendarResultsOptionEvent"
          },
          {
            "gender": "M",
            "id": 10229616,
            "name": "Men's Pole Vault",
            "combined": null,
            "__typename": "CalendarResultsOptionEvent"
          },
          {
            "gender": "M",
            "id": 10229617,
            "name": "Men's Long Jump",
            "combined": null,
            "__typename": "CalendarResultsOptionEvent"
          },
          {
            "gender": "M",
            "id": 10229618,
            "name": "Men's Triple Jump",
            "combined": null,
            "__typename": "CalendarResultsOptionEvent"
          },
          {
            "gender": "M",
            "id": 10229619,
            "name": "Men's Shot Put",
            "combined": null,
            "__typename": "CalendarResultsOptionEvent"
          },
          {
            "gender": "M",
            "id": 10229620,
            "name": "Men's Discus Throw",
            "combined": null,
            "__typename": "CalendarResultsOptionEvent"
          },
          {
            "gender": "M",
            "id": 10229621,
            "name": "Men's Hammer Throw",
            "combined": null,
            "__typename": "CalendarResultsOptionEvent"
          },
          {
            "gender": "M",
            "id": 10229636,
            "name": "Men's Javelin Throw",
            "combined": null,
            "__typename": "CalendarResultsOptionEvent"
          },
          {
            "gender": "M",
            "id": 10229634,
            "name": "Men's Marathon",
            "combined": null,
            "__typename": "CalendarResultsOptionEvent"
          },
          {
            "gender": "M",
            "id": 10229625,
            "name": "Men's 10 Kilometres Race Walk",
            "combined": null,
            "__typename": "CalendarResultsOptionEvent"
          },
          {
            "gender": "M",
            "id": 10229508,
            "name": "Men's 20 Kilometres Race Walk",
            "combined": null,
            "__typename": "CalendarResultsOptionEvent"
          },
          {
            "gender": "M",
            "id": 10229627,
            "name": "Men's 35 Kilometres Race Walk",
            "combined": null,
            "__typename": "CalendarResultsOptionEvent"
          },
          {
            "gender": "M",
            "id": 10229628,
            "name": "Men's 50 Kilometres Race Walk",
            "combined": null,
            "__typename": "CalendarResultsOptionEvent"
          },
          {
            "gender": "M",
            "id": 10229629,
            "name": "Men's Decathlon",
            "combined": true,
            "__typename": "CalendarResultsOptionEvent"
          },
          {
            "gender": "M",
            "id": 204593,
            "name": "Men's 4x100 Metres Relay",
            "combined": null,
            "__typename": "CalendarResultsOptionEvent"
          },
          {
            "gender": "M",
            "id": 204595,
            "name": "Men's 4x400 Metres Relay",
            "combined": null,
            "__typename": "CalendarResultsOptionEvent"
          }
        ],
        "__typename": "CalendarResultsOptions"
      },
      "parameters": {
        "competitionId": 6999193,
        "day": null,
        "eventId": 10229628,
        "__typename": "CalendarResultsParameters"
      },
      "__typename": "CalendarCompetitionResults"
    }
  }
}