{
  "data": {
    "getCalendarCompetitionResults": {
      "competition": {
        "dateRange": "27 AUG\u201304 SEP 2011",
        "endDate": "2011-09-04",
        "name": "IAAF World Championships",
        "rankingCategory": "OW",
        "startDate": "2011-08-27",
        "venue": "DS, Daegu (KOR)",
        "__typename": "CalendarResultsCompetition"
      },
      "eventTitles": [
        {
          "rankingCategory": "OW",
          "eventTitle": null,
          "events": [
            {
              "event": "Women's 5000 Metres",
              "eventId": 10229514,
              "gender": "W",
              "isRelay": false,
              "perResultWind": false,
              "withWind": false,
              "summary": null,
              "races": [
                {
                  "date": "2011-09-02",
                  "day": 7,
                  "race": "Final",
                  "raceId": 10,
                  "raceNumber": 0,
                  "results": [
                    {
                      "competitor": {
                        "teamMembers": null,
                        "id": "jsz52zszanm1tjjqwsoyas",
                        "name": "Vivian Jepkemei CHERUIYOT",
                        "iaafId": 132800,
                        "urlSlug": "kenya/vivian-jepkemei-cheruiyot-14288971",
                        "birthDate": "11 SEP 1983",
                        "hasProfile": true,
                        "__typename": "CalendarResultsCompetitor"
                      },
                      "mark": "14:55.36",
                      "nationality": "KEN",
                      "place": "1.",
                      "points": null,
                      "qualified": null,
                      "records": "",
                      "wind": null,
                      "remark": null,
                      "details": null,
                      "__typename": "CalendarResultsRaceResult"
                    },
                    {
                      "competitor": {
                        "teamMembers": null,
                        "id": "e9ikedyvwl5trjp98h35j",
                        "name": "Sylvia Jebiwot KIBET",
                        "iaafId": 171450,
                        "urlSlug": "kenya/sylvia-jebiwot-kibet-014289098",
                        "birthDate": "28 MAR 1984",
                        "hasProfile": true,
                        "__typename": "CalendarResultsCompetitor"
                      },
                      "mark": "14:56.21",
                      "nationality": "KEN",
                      "place": "2.",
                      "points": null,
                      "qualified": null,
                      "records": "",
                      "wind": null,
                      "remark": null,
                      "details": null,
                      "__typename": "CalendarResultsRaceResult"
                    },
                    {
                      "competitor": {
                        "teamMembers": null,
                        "id": "e6tlnb8v8c77v120g81hi",
                        "name": "Meseret DEFAR",
                        "iaafId": 171229,
                        "urlSlug": "ethiopia/meseret-defar-014259882",
                        "birthDate": "19 NOV 1983",
                        "hasProfile": true,
                        "__typename": "CalendarResultsCompetitor"
                      },
                      "mark": "14:56.94",
                      "nationality": "ETH",
                      "place": "3.",
                      "points": null,
                      "qualified": null,
                      "records": "",
                      "wind": null,
                      "remark": null,
                      "details": null,
                      "__typename": "CalendarResultsRaceResult"
                    },
                    {
                      "competitor": {
                        "teamMembers": null,
                        "id": "1dz5x8s8epdqb1d0kv35i",
                        "name": "Sentayehu EJIGU",
                        "iaafId": 184495,
                        "urlSlug": "ethiopia/sentayehu-ejigu-014259868",
                        "birthDate": "28 JUN 1985",
                        "hasProfile": true,
                        "__typename": "CalendarResultsCompetitor"
                      },
                      "mark": "14:59.99",
                      "nationality": "ETH",
                      "place": "4.",
                      "points": null,
                      "qualified": null,
                      "records": "",
                      "wind": null,
                      "remark": null,
                      "details": null,
                      "__typename": "CalendarResultsRaceResult"
                    },
                    {
                      "competitor": {
                        "teamMembers": null,
                        "id": "fpyqnr3xijj64bn207za",
                        "name": "Mercy CHERONO",
                        "iaafId": 233040,
                        "urlSlug": "kenya/mercy-cherono-14288952",
                        "birthDate": "07 MAY 1991",
                        "hasProfile": true,
                        "__typename": "CalendarResultsCompetitor"
                      },
                      "mark": "15:00.23",
                      "nationality": "KEN",
                      "place": "5.",
                      "points": null,
                      "qualified": null,
                      "records": "",
                      "wind": null,
                      "remark": null,
                      "details": null,
                      "__typename": "CalendarResultsRaceResult"
                    },
                    {
                      "competitor": {
                        "teamMembers": null,
                        "id": "98l19zyuohg9lbpoksllui",
                        "name": "Linet Chepkwemoi MASAI",
                        "iaafId": 232727,
                        "urlSlug": "kenya/linet-chepkwemoi-masai-014289264",
                        "birthDate": "05 DEC 1989",
                        "hasProfile": true,
                        "__typename": "CalendarResultsCompetitor"
                      },
                      "mark": "15:01.01",
                      "nationality": "KEN",
                      "place": "6.",
                      "points": null,
                      "qualified": null,
                      "records": "",
                      "wind": null,
                      "remark": null,
                      "details": null,
                      "__typename": "CalendarResultsRaceResult"
                    },
                    {
                      "competitor": {
                        "teamMembers": null,
                        "id": "3f4xez58s31eii9erf30jj",
                        "name": "Lauren FLESHMAN",
                        "iaafId": 174111,
                        "urlSlug": "united-states/lauren-fleshman-014310192",
                        "birthDate": "26 SEP 1981",
                        "hasProfile": true,
                        "__typename": "CalendarResultsCompetitor"
                      },
                      "mark": "15:09.25",
                      "nationality": "USA",
                      "place": "7.",
                      "points": null,
                      "qualified": null,
                      "records": "",
                      "wind": null,
                      "remark": null,
                      "details": null,
                      "__typename": "CalendarResultsRaceResult"
                    },
                    {
                      "competitor": {
                        "teamMembers": null,
                        "id": "77cwrrwcvtp66kunetojsc",
                        "name": "Genzebe DIBABA",
                        "iaafId": 226511,
                        "urlSlug": "ethiopia/genzebe-dibaba-14259874",
                        "birthDate": "08 FEB 1991",
                        "hasProfile": true,
                        "__typename": "CalendarResultsCompetitor"
                      },
                      "mark": "15:09.35",
                      "nationality": "ETH",
                      "place": "8.",
                      "points": null,
                      "qualified": null,
                      "records": "",
                      "wind": null,
                      "remark": null,
                      "details": null,
                      "__typename": "CalendarResultsRaceResult"
                    },
                    {
                      "competitor": {
                        "teamMembers": null,
                        "id": "2bghssrr6ego7s6ttuiar",
                        "name": "Tejitu DABA",
                        "iaafId": 246395,
                        "urlSlug": "bahrain/tejitu-daba-014383159",
                        "birthDate": "20 AUG 1991",
                        "hasProfile": true,
                        "__typename": "CalendarResultsCompetitor"
                      },
                      "mark": "15:14.62",
                      "nationality": "BRN",
                      "place": "9.",
                      "points": null,
                      "qualified": null,
                      "records": "",
                      "wind": null,
                      "remark": null,
                      "details": null,
                      "__typename": "CalendarResultsRaceResult"
                    },
                    {
                      "competitor": {
                        "teamMembers": null,
                        "id": "uwjcwpxdrqr1j9a2i71zhb",
                        "name": "Yelena ZADOROZHNAYA",
                        "iaafId": 137887,
                        "urlSlug": "russia/yelena-zadorozhnaya-014299842",
                        "birthDate": "03 DEC 1977",
                        "hasProfile": true,
                        "__typename": "CalendarResultsCompetitor"
                      },
                      "mark": "15:15.48",
                      "nationality": "RUS",
                      "place": "10.",
                      "points": null,
                      "qualified": null,
                      "records": "",
                      "wind": null,
                      "remark": null,
                      "details": null,
                      "__typename": "CalendarResultsRaceResult"
                    },
                    {
                      "competitor": {
                        "teamMembers": null,
                        "id": "4lhch7u07qxdpl5qzyj1wc",
                        "name": "Zakia Mrisho MOHAMED",
                        "iaafId": 179022,
                        "urlSlug": "tanzania/zakia-mrisho-mohamed-014302619",
                        "birthDate": "19 FEB 1984",
                        "hasProfile": true,
                        "__typename": "CalendarResultsCompetitor"
                      },
                      "mark": "15:18.81",
                      "nationality": "TAN",
                      "place": "11.",
                      "points": null,
                      "qualified": null,
                      "records": "",
                      "wind": null,
                      "remark": null,
                      "details": null,
                      "__typename": "CalendarResultsRaceResult"
                    },
                    {
                      "competitor": {
                        "teamMembers": null,
                        "id": "0kkv4wpad00b4pdrfzk4l3n",
                        "name": "Helen CLITHEROE",
                        "iaafId": 132823,
                        "urlSlug": "great-britain-ni/helen-clitheroe-14276033",
                        "birthDate": "02 JAN 1974",
                        "hasProfile": true,
                        "__typename": "CalendarResultsCompetitor"
                      },
                      "mark": "15:21.22",
                      "nationality": "GBR",
                      "place": "12.",
                      "points": null,
                      "qualified": null,
                      "records": "",
                      "wind": null,
                      "remark": null,
                      "details": null,
                      "__typename": "CalendarResultsRaceResult"
                    },
                    {
                      "competitor": {
                        "teamMembers": null,
                        "id": "5bvva8qheguri6zr0pwz7c",
                        "name": "Hitomi NIIYA",
                        "iaafId": 198871,
                        "urlSlug": "japan/hitomi-niiya-14287407",
                        "birthDate": "26 FEB 1988",
                        "hasProfile": true,
                        "__typename": "CalendarResultsCompetitor"
                      },
                      "mark": "15:41.67",
                      "nationality": "JPN",
                      "place": "13.",
                      "points": null,
                      "qualified": null,
                      "records": "",
                      "wind": null,
                      "remark": null,
                      "details": null,
                      "__typename": "CalendarResultsRaceResult"
                    },
                    {
                      "competitor": {
                        "teamMembers": null,
                        "id": "x5adh29y00pc4bphjsl12o",
                        "name": "Amy CRAGG",
                        "iaafId": 194201,
                        "urlSlug": "united-states/amy-cragg-014312171",
                        "birthDate": "21 JAN 1984",
                        "hasProfile": true,
                        "__typename": "CalendarResultsCompetitor"
                      },
                      "mark": "15:56.06",
                      "nationality": "USA",
                      "place": "14.",
                      "points": null,
                      "qualified": null,
                      "records": "",
                      "wind": null,
                      "remark": null,
                      "details": null,
                      "__typename": "CalendarResultsRaceResult"
                    },
                    {
                      "competitor": {
                        "teamMembers": null,
                        "id": "n8fwo4jmeil7i5uuxtvpew",
                        "name": "Yelizaveta GRECHISHNIKOVA",
                        "iaafId": 225838,
                        "urlSlug": "russia/yelizaveta-grechishnikova-014297847",
                        "birthDate": "12 DEC 1983",
                        "hasProfile": true,
                        "__typename": "CalendarResultsCompetitor"
                      },
                      "mark": "DQ",
                      "nationality": "RUS",
                      "place": " - ",
                      "points": null,
                      "qualified": null,
                      "records": "",
                      "wind": null,
                      "remark": null,
                      "details": null,
                      "__typename": "CalendarResultsRaceResult"
                    }
                  ],
                  "startList": null,
                  "wind": null,
                  "__typename": "CalendarResultsRace"
                },
                {
                  "date": "2011-08-30",
                  "day": 4,
                  "race": "Round 1 - Heat",
                  "raceId": 11,
                  "raceNumber": 1,
                  "results": [
                    {
                      "competitor": {
                        "teamMembers": null,
                        "id": "ibst29iqzsx5szw3w9ea8",
                        "name": "Meseret DEFAR",
                        "iaafId": 171229,
                        "urlSlug": "ethiopia/meseret-defar-014259882",
                        "birthDate": "19 NOV 1983",
                        "hasProfile": true,
                        "__typename": "CalendarResultsCompetitor"
                      },
                      "mark": "15:19.46",
                      "nationality": "ETH",
                      "place": "1.",
                      "points": null,
                      "qualified": false,
                      "records": "",
                      "wind": null,
                      "remark": null,
                      "details": null,
                      "__typename": "CalendarResultsRaceResult"
                    },
                    {
                      "competitor": {
                        "teamMembers": null,
                        "id": "pnalzbg573f9kw9d4ad9v4",
                        "name": "Mercy CHERONO",
                        "iaafId": 233040,
                        "urlSlug": "kenya/mercy-cherono-14288952",
                        "birthDate": "07 MAY 1991",
                        "hasProfile": true,
                        "__typename": "CalendarResultsCompetitor"
                      },
                      "mark": "15:20.01",
                      "nationality": "KEN",
                      "place": "2.",
                      "points": null,
                      "qualified": false,
                      "records": "",
                      "wind": null,
                      "remark": null,
                      "details": null,
                      "__typename": "CalendarResultsRaceResult"
                    },
                    {
                      "competitor": {
                        "teamMembers": null,
                        "id": "reninnmwlcnc12teol0ll7",
                        "name": "Sylvia Jebiwot KIBET",
                        "iaafId": 171450,
                        "urlSlug": "kenya/sylvia-jebiwot-kibet-014289098",
                        "birthDate": "28 MAR 1984",
                        "hasProfile": true,
                        "__typename": "CalendarResultsCompetitor"
                      },
                      "mark": "15:20.08",
                      "nationality": "KEN",
                      "place": "3.",
                      "points": null,
                      "qualified": false,
                      "records": "",
                      "wind": null,
                      "remark": null,
                      "details": null,
                      "__typename": "CalendarResultsRaceResult"
                    },
                    {
                      "competitor": {
                        "teamMembers": null,
                        "id": "idehlvposul5mlicb18sro",
                        "name": "Sentayehu EJIGU",
                        "iaafId": 184495,
                        "urlSlug": "ethiopia/sentayehu-ejigu-014259868",
                        "birthDate": "28 JUN 1985",
                        "hasProfile": true,
                        "__typename": "CalendarResultsCompetitor"
                      },
                      "mark": "15:20.13",
                      "nationality": "ETH",
                      "place": "4.",
                      "points": null,
                      "qualified": false,
                      "records": "",
                      "wind": null,
                      "remark": null,
                      "details": null,
                      "__typename": "CalendarResultsRaceResult"
                    },
                    {
                      "competitor": {
                        "teamMembers": null,
                        "id": "4ghxcg9l03iacvocijmwij",
                        "name": "Yelena ZADOROZHNAYA",
                        "iaafId": 137887,
                        "urlSlug": "russia/yelena-zadorozhnaya-014299842",
                        "birthDate": "03 DEC 1977",
                        "hasProfile": true,
                        "__typename": "CalendarResultsCompetitor"
                      },
                      "mark": "15:23.90",
                      "nationality": "RUS",
                      "place": "5.",
                      "points": null,
                      "qualified": false,
                      "records": "",
                      "wind": null,
                      "remark": null,
                      "details": null,
                      "__typename": "CalendarResultsRaceResult"
                    },
                    {
                      "competitor": {
                        "teamMembers": null,
                        "id": "iu24wjr2ej9wh05g5g7r5",
                        "name": "Amy CRAGG",
                        "iaafId": 194201,
                        "urlSlug": "united-states/amy-cragg-014312171",
                        "birthDate": "21 JAN 1984",
                        "hasProfile": true,
                        "__typename": "CalendarResultsCompetitor"
                      },
                      "mark": "15:29.49",
                      "nationality": "USA",
                      "place": "6.",
                      "points": null,
                      "qualified": false,
                      "records": "",
                      "wind": null,
                      "remark": null,
                      "details": null,
                      "__typename": "CalendarResultsRaceResult"
                    },
                    {
                      "competitor": {
                        "teamMembers": null,
                        "id": "zv82o5jqvgqmksl04aew",
                        "name": "Hitomi NIIYA",
                        "iaafId": 198871,
                        "urlSlug": "japan/hitomi-niiya-14287407",
                        "birthDate": "26 FEB 1988",
                        "hasProfile": true,
                        "__typename": "CalendarResultsCompetitor"
                      },
                      "mark": "15:31.09",
                      "nationality": "JPN",
                      "place": "7.",
                      "points": null,
                      "qualified": false,
                      "records": "",
                      "wind": null,
                      "remark": null,
                      "details": null,
                      "__typename": "CalendarResultsRaceResult"
                    },
                    {
                      "competitor": {
                        "teamMembers": null,
                        "id": "70siej3au1gj8993ezocas",
                        "name": "Helen CLITHEROE",
                        "iaafId": 132823,
                        "urlSlug": "great-britain-ni/helen-clitheroe-14276033",
                        "birthDate": "02 JAN 1974",
                        "hasProfile": true,
                        "__typename": "CalendarResultsCompetitor"
                      },
                      "mark": "15:37.73",
                      "nationality": "GBR",
                      "place": "8.",
                      "points": null,
                      "qualified": false,
                      "records": "",
                      "wind": null,
                      "remark": null,
                      "details": null,
                      "__typename": "CalendarResultsRaceResult"
                    },
                    {
                      "competitor": {
                        "teamMembers": null,
                        "id": "5ao8u2sjtvxirwlme7rtld",
                        "name": "Kayo SUGIHARA",
                        "iaafId": 195752,
                        "urlSlug": "japan/kayo-sugihara-014287914",
                        "birthDate": "24 FEB 1983",
                        "hasProfile": true,
                        "__typename": "CalendarResultsCompetitor"
                      },
                      "mark": "15:41.78",
                      "nationality": "JPN",
                      "place": "9.",
                      "points": null,
                      "qualified": null,
                      "records": "",
                      "wind": null,
                      "remark": null,
                      "details": null,
                      "__typename": "CalendarResultsRaceResult"
                    },
                    {
                      "competitor": {
                        "teamMembers": null,
                        "id": "skobbsqjpxbw8h6mypnzd",
                        "name": "Alia SAEED MOHAMMED",
                        "iaafId": 235683,
                        "urlSlug": "united-arab-emirates/alia-saeed-mohammed-14418938",
                        "birthDate": "18 MAY 1991",
                        "hasProfile": true,
                        "__typename": "CalendarResultsCompetitor"
                      },
                      "mark": "16:10.37",
                      "nationality": "UAE",
                      "place": "10.",
                      "points": null,
                      "qualified": null,
                      "records": "",
                      "wind": null,
                      "remark": null,
                      "details": null,
                      "__typename": "CalendarResultsRaceResult"
                    },
                    {
                      "competitor": {
                        "teamMembers": null,
                        "id": "7zmx6e537t50wdk0b75reh",
                        "name": "Pauline NIYONGERE",
                        "iaafId": 200520,
                        "urlSlug": "burundi/pauline-niyongere-014378780",
                        "birthDate": "12 APR 1988",
                        "hasProfile": true,
                        "__typename": "CalendarResultsCompetitor"
                      },
                      "mark": "17:23.56",
                      "nationality": "BDI",
                      "place": "11.",
                      "points": null,
                      "qualified": null,
                      "records": "",
                      "wind": null,
                      "remark": null,
                      "details": null,
                      "__typename": "CalendarResultsRaceResult"
                    },
                    {
                      "competitor": {
                        "teamMembers": null,
                        "id": "vq4w9m12azumsameaorxr",
                        "name": "Sabine FISCHER",
                        "iaafId": 171225,
                        "urlSlug": "switzerland/sabine-fischer-014300758",
                        "birthDate": "29 JUN 1973",
                        "hasProfile": true,
                        "__typename": "CalendarResultsCompetitor"
                      },
                      "mark": "DNS",
                      "nationality": "SUI",
                      "place": "",
                      "points": null,
                      "qualified": null,
                      "records": "",
                      "wind": null,
                      "remark": null,
                      "details": null,
                      "__typename": "CalendarResultsRaceResult"
                    }
                  ],
                  "startList": null,
                  "wind": null,
                  "__typename": "CalendarResultsRace"
                },
                {
                  "date": "2011-08-30",
                  "day": 4,
                  "race": "Round 1 - Heat",
                  "raceId": 11,
                  "raceNumber": 2,
                  "results": [
                    {
                      "competitor": {
                        "teamMembers": null,
                        "id": "94gi0eh6ssimmj52hru5x",
                        "name": "Genzebe DIBABA",
                        "iaafId": 226511,
                        "urlSlug": "ethiopia/genzebe-dibaba-14259874",
                        "birthDate": "08 FEB 1991",
                        "hasProfile": true,
                        "__typename": "CalendarResultsCompetitor"
                      },
                      "mark": "15:33.06",
                      "nationality": "ETH",
                      "place": "1.",
                      "points": null,
                      "qualified": false,
                      "records": "",
                      "wind": null,
                      "remark": null,
                      "details": null,
                      "__typename": "CalendarResultsRaceResult"
                    },
                    {
                      "competitor": {
                        "teamMembers": null,
                        "id": "ianvgog75vph381yl4nee",
                        "name": "Tejitu DABA",
                        "iaafId": 246395,
                        "urlSlug": "bahrain/tejitu-daba-014383159",
                        "birthDate": "20 AUG 1991",
                        "hasProfile": true,
                        "__typename": "CalendarResultsCompetitor"
                      },
                      "mark": "15:33.67",
                      "nationality": "BRN",
                      "place": "2.",
                      "points": null,
                      "qualified": false,
                      "records": "",
                      "wind": null,
                      "remark": null,
                      "details": null,
                      "__typename": "CalendarResultsRaceResult"
                    },
                    {
                      "competitor": {
                        "teamMembers": null,
                        "id": "vwcocgfuyukrqsl2vzmmyc",
                        "name": "Linet Chepkwemoi MASAI",
                        "iaafId": 232727,
                        "urlSlug": "kenya/linet-chepkwemoi-masai-014289264",
                        "birthDate": "05 DEC 1989",
                        "hasProfile": true,
                        "__typename": "CalendarResultsCompetitor"
                      },
                      "mark": "15:33.99",
                      "nationality": "KEN",
                      "place": "3.",
                      "points": null,
                      "qualified": false,
                      "records": "",
                      "wind": null,
                      "remark": null,
                      "details": null,
                      "__typename": "CalendarResultsRaceResult"
                    },
                    {
                      "competitor": {
                        "teamMembers": null,
                        "id": "wuzgypqxzbncpm9t1m8ly7",
                        "name": "Lauren FLESHMAN",
                        "iaafId": 174111,
                        "urlSlug": "united-states/lauren-fleshman-014310192",
                        "birthDate": "26 SEP 1981",
                        "hasProfile": true,
                        "__typename": "CalendarResultsCompetitor"
                      },
                      "mark": "15:34.04",
                      "nationality": "USA",
                      "place": "4.",
                      "points": null,
                      "qualified": false,
                      "records": "",
                      "wind": null,
                      "remark": null,
                      "details": null,
                      "__typename": "CalendarResultsRaceResult"
                    },
                    {
                      "competitor": {
                        "teamMembers": null,
                        "id": "vwrrgdhfh1jp76hxialvo",
                        "name": "Vivian Jepkemei CHERUIYOT",
                        "iaafId": 132800,
                        "urlSlug": "kenya/vivian-jepkemei-cheruiyot-14288971",
                        "birthDate": "11 SEP 1983",
                        "hasProfile": true,
                        "__typename": "CalendarResultsCompetitor"
                      },
                      "mark": "15:34.80",
                      "nationality": "KEN",
                      "place": "5.",
                      "points": null,
                      "qualified": false,
                      "records": "",
                      "wind": null,
                      "remark": null,
                      "details": null,
                      "__typename": "CalendarResultsRaceResult"
                    },
                    {
                      "competitor": {
                        "teamMembers": null,
                        "id": "yos8i39mj4l9ja410ok7sf",
                        "name": "Zakia Mrisho MOHAMED",
                        "iaafId": 179022,
                        "urlSlug": "tanzania/zakia-mrisho-mohamed-014302619",
                        "birthDate": "19 FEB 1984",
                        "hasProfile": true,
                        "__typename": "CalendarResultsCompetitor"
                      },
                      "mark": "15:35.37",
                      "nationality": "TAN",
                      "place": "6.",
                      "points": null,
                      "qualified": false,
                      "records": "",
                      "wind": null,
                      "remark": null,
                      "details": null,
                      "__typename": "CalendarResultsRaceResult"
                    },
                    {
                      "competitor": {
                        "teamMembers": null,
                        "id": "oifnp93996peo2v7t9kh",
                        "name": "Megumi KINUKAWA",
                        "iaafId": 223885,
                        "urlSlug": "japan/megumi-kinukawa-014286796",
                        "birthDate": "07 AUG 1989",
                        "hasProfile": true,
                        "__typename": "CalendarResultsCompetitor"
                      },
                      "mark": "15:38.23",
                      "nationality": "JPN",
                      "place": "7.",
                      "points": null,
                      "qualified": null,
                      "records": "",
                      "wind": null,
                      "remark": null,
                      "details": null,
                      "__typename": "CalendarResultsRaceResult"
                    },
                    {
                      "competitor": {
                        "teamMembers": null,
                        "id": "8gjc6ihg1pedfb5mwyxd4q",
                        "name": "Molly HUDDLE",
                        "iaafId": 193471,
                        "urlSlug": "united-states/molly-huddle-014313054",
                        "birthDate": "31 AUG 1984",
                        "hasProfile": true,
                        "__typename": "CalendarResultsCompetitor"
                      },
                      "mark": "15:42.00",
                      "nationality": "USA",
                      "place": "8.",
                      "points": null,
                      "qualified": null,
                      "records": "",
                      "wind": null,
                      "remark": null,
                      "details": null,
                      "__typename": "CalendarResultsRaceResult"
                    },
                    {
                      "competitor": {
                        "teamMembers": null,
                        "id": "rs5raj5ze6ghgzas1ldl4r",
                        "name": "Viktoriya POLYUDINA",
                        "iaafId": 242475,
                        "urlSlug": "kirghizistan/viktoriya-polyudina-014289563",
                        "birthDate": "29 JUN 1989",
                        "hasProfile": true,
                        "__typename": "CalendarResultsCompetitor"
                      },
                      "mark": "16:32.68",
                      "nationality": "KGZ",
                      "place": "9.",
                      "points": null,
                      "qualified": null,
                      "records": "",
                      "wind": null,
                      "remark": null,
                      "details": null,
                      "__typename": "CalendarResultsRaceResult"
                    },
                    {
                      "competitor": {
                        "teamMembers": null,
                        "id": "991d06eq0p6ugn2ke2m6d",
                        "name": "Yelizaveta GRECHISHNIKOVA",
                        "iaafId": 225838,
                        "urlSlug": "russia/yelizaveta-grechishnikova-014297847",
                        "birthDate": "12 DEC 1983",
                        "hasProfile": true,
                        "__typename": "CalendarResultsCompetitor"
                      },
                      "mark": "DQ",
                      "nationality": "RUS",
                      "place": " - ",
                      "points": null,
                      "qualified": false,
                      "records": "",
                      "wind": null,
                      "remark": null,
                      "details": null,
                      "__typename": "CalendarResultsRaceResult"
                    },
                    {
                      "competitor": {
                        "teamMembers": null,
                        "id": "j56plj4uixjxsz2s873hq",
                        "name": "Alemitu BEKELE",
                        "iaafId": 174980,
                        "urlSlug": "turkey/alemitu-bekele-014303217",
                        "birthDate": "17 SEP 1977",
                        "hasProfile": true,
                        "__typename": "CalendarResultsCompetitor"
                      },
                      "mark": "DQ",
                      "nationality": "TUR",
                      "place": " - ",
                      "points": null,
                      "qualified": null,
                      "records": "",
                      "wind": null,
                      "remark": null,
                      "details": null,
                      "__typename": "CalendarResultsRaceResult"
                    }
                  ],
                  "startList": null,
                  "wind": null,
                  "__typename": "CalendarResultsRace"
                }
              ],
              "__typename": "CalendarResultsEvent"
            }
          ],
          "__typename": "CalendarResultsEventTitle"
        }
      ],
      "options": {
        "days": [
          {
            "date": "27 AUG 2011",
            "day": 1,
            "__typename": "CalendarResultsOptionsDay"
          },
          {
            "date": "28 AUG 2011",
            "day": 2,
            "__typename": "CalendarResultsOptionsDay"
          },
          {
            "date": "29 AUG 2011",
            "day": 3,
            "__typename": "CalendarResultsOptionsDay"
          },
          {
            "date": "30 AUG 2011",
            "day": 4,
            "__typename": "CalendarResultsOptionsDay"
          },
          {
            "date": "31 AUG 2011",
            "day": 5,
            "__typename": "CalendarResultsOptionsDay"
          },
          {
            "date": "01 SEP 2011",
            "day": 6,
            "__typename": "CalendarResultsOptionsDay"
          },
          {
            "date": "02 SEP 2011",
            "day": 7,
            "__typename": "CalendarResultsOptionsDay"
          },
          {
            "date": "03 SEP 2011",
            "day": 8,
            "__typename": "CalendarResultsOptionsDay"
          },
          {
            "date": "04 SEP 2011",
            "day": 9,
            "__typename": "CalendarResultsOptionsDay"
          }
        ],
        "events": [
          {
            "gender": "W",
            "id": 10229509,
            "name": "Women's 100 Metres",
            "combined": null,
            "__typename": "CalendarResultsOptionEvent"
          },
          {
            "gender": "W",
            "id": 10229510,
            "name": "Women's 200 Metres",
            "combined": null,
            "__typename": "CalendarResultsOptionEvent"
          },
          {
            "gender": "W",
            "id": 10229511,
            "name": "Women's 400 Metres",
            "combined": null,
            "__typename": "CalendarResultsOptionEvent"
          },
          {
            "gender": "W",
            "id": 10229512,
            "name": "Women's 800 Metres",
            "combined": null,
            "__typename": "CalendarResultsOptionEvent"
          },
          {
            "gender": "W",
            "id": 10229513,
            "name": "Women's 1500 Metres",
            "combined": null,
            "__typename": "CalendarResultsOptionEvent"
          },
          {
            "gender": "W",
            "id": 10229514,
            "name": "Women's 5000 Metres",
            "combined": null,
            "__typename": "CalendarResultsOptionEvent"
          },
          {
            "gender": "W",
            "id": 10229521,
            "name": "Women's 10,000 Metres",
            "combined": null,
            "__typename": "CalendarResultsOptionEvent"
          },
          {
            "gender": "W",
            "id": 10229522,
            "name": "Women's 100 Metres Hurdles",
            "combined": null,
            "__typename": "CalendarResultsOptionEvent"
          },
          {
            "gender": "W",
            "id": 10229523,
            "name": "Women's 400 Metres Hurdles",
            "combined": null,
            "__typename": "CalendarResultsOptionEvent"
          },
          {
            "gender": "W",
            "id": 10229524,
            "name": "Women's 3000 Metres Steeplechase",
            "combined": null,
            "__typename": "CalendarResultsOptionEvent"
          },
          {
            "gender": "W",
            "id": 10230058,
            "name": "Women's 800 Metres T54",
            "combined": null,
            "__typename": "CalendarResultsOptionEvent"
          },
          {
            "gender": "W",
            "id": 10229526,
            "name": "Women's High Jump",
            "combined": null,
            "__typename": "CalendarResultsOptionEvent"
          },
          {
            "gender": "W",
            "id": 10229527,
            "name": "Women's Pole Vault",
            "combined": null,
            "__typename": "CalendarResultsOptionEvent"
          },
          {
            "gender": "W",
            "id": 10229528,
            "name": "Women's Long Jump",
            "combined": null,
            "__typename": "CalendarResultsOptionEvent"
          },
          {
            "gender": "W",
            "id": 10229529,
            "name": "Women's Triple Jump",
            "combined": null,
            "__typename": "CalendarResultsOptionEvent"
          },
          {
            "gender": "W",
            "id": 10229530,
            "name": "Women's Shot Put",
            "combined": null,
            "__typename": "CalendarResultsOptionEvent"
          },
          {
            "gender": "W",
            "id": 10229531,
            "name": "Women's Discus Throw",
            "combined": null,
            "__typename": "CalendarResultsOptionEvent"
          },
          {
            "gender": "W",
            "id": 10229532,
            "name": "Women's Hammer Throw",
            "combined": null,
            "__typename": "CalendarResultsOptionEvent"
          },
          {
            "gender": "W",
            "id": 10229533,
            "name": "Women's Javelin Throw",
            "combined": null,
            "__typename": "CalendarResultsOptionEvent"
          },
          {
            "gender": "W",
            "id": 10229534,
            "name": "Women's Marathon",
            "combined": null,
            "__typename": "CalendarResultsOptionEvent"
          },
          {
            "gender": "W",
            "id": 10229535,
            "name": "Women's 20 Kilometres Race Walk",
            "combined": null,
            "__typename": "CalendarResultsOptionEvent"
          },
          {
            "gender": "W",
            "id": 10229536,
            "name": "Women's Heptathlon",
            "combined": true,
            "__typename": "CalendarResultsOptionEvent"
          },
          {
            "gender": "W",
            "id": 204594,
            "name": "Women's 4x100 Metres Relay",
            "combined": null,
            "__typename": "CalendarResultsOptionEvent"
          },
          {
            "gender": "W",
            "id": 204596,
            "name": "Women's 4x400 Metres Relay",
            "combined": null,
            "__typename": "CalendarResultsOptionEvent"
          },
          {
            "gender": "M",
            "id": 10229630,
            "name": "Men's 100 Metres",
            "combined": null,
            "__typename": "CalendarResultsOptionEvent"
          },
          {
            "gender": "M",
            "id": 10229605,
            "name": "Men's 200 Metres",
            "combined": null,
            "__typename": "CalendarResultsOptionEvent"
          },
          {
            "gender": "M",
            "id": 10229631,
            "name": "Men's 400 Metres",
            "combined": null,
            "__typename": "CalendarResultsOptionEvent"
          },
          {
            "gender": "M",
            "id": 10229501,
            "name": "Men's 800 Metres",
            "combined": null,
            "__typename": "CalendarResultsOptionEvent"
          },
          {
            "gender": "M",
            "id": 10229502,
            "name": "Men's 1500 Metres",
            "combined": null,
            "__typename": "CalendarResultsOptionEvent"
          },
          {
            "gender": "M",
            "id": 10229609,
            "name": "Men's 5000 Metres",
            "combined": null,
            "__typename": "CalendarResultsOptionEvent"
          },
          {
            "gender": "M",
            "id": 10229610,
            "name": "Men's 10,000 Metres",
            "combined": null,
            "__typename": "CalendarResultsOptionEvent"
          },
          {
            "gender": "M",
            "id": 10229611,
            "name": "Men's 110 Metres Hurdles",
            "combined": null,
            "__typename": "CalendarResultsOptionEvent"
          },
          {
            "gender": "M",
            "id": 10229612,
            "name": "Men's 400 Metres Hurdles",
            "combined": null,
            "__typename": "CalendarResultsOptionEvent"
          },
          {
            "gender": "M",
            "id": 10229614,
            "name": "Men's 3000 Metres Steeplechase",
            "combined": null,
            "__typename": "CalendarResultsOptionEvent"
          },
          {
            "gender": "M",
            "id": 10230057,
            "name": "Men's 400 Metres T53",
            "combined": null,
            "__typename": "CalendarResultsOptionEvent"
          },
          {
            "gender": "M",
            "id": 10229615,
            "name": "Men's High Jump",
            "combined": null,
            "__typename": "CalendarResultsOptionEvent"
          },
          {
            "gender": "M",
            "id": 10229616,
            "name": "Men's Pole Vault",
            "combined": null,
            "__typename": "CalendarResultsOptionEvent"
          },
          {
            "gender": "M",
            "id": 10229617,
            "name": "Men's Long Jump",
            "combined": null,
            "__typename": "CalendarResultsOptionEvent"
          },
          {
            "gender": "M",
            "id": 10229618,
            "name": "Men's Triple Jump",
            "combined": null,
            "__typename": "CalendarResultsOptionEvent"
          },
          {
            "gender": "M",
            "id": 10229619,
            "name": "Men's Shot Put",
            "combined": null,
            "__typename": "CalendarResultsOptionEvent"
          },
          {
            "gender": "M",
            "id": 10229620,
            "name": "Men's Discus Throw",
            "combined": null,
            "__typename": "CalendarResultsOptionEvent"
          },
          {
            "gender": "M",
            "id": 10229621,
            "name": "Men's Hammer Throw",
            "combined": null,
            "__typename": "CalendarResultsOptionEvent"
          },
          {
            "gender": "M",
            "id": 10229636,
            "name": "Men's Javelin Throw",
            "combined": null,
            "__typename": "CalendarResultsOptionEvent"
          },
          {
            "gender": "M",
            "id": 10229634,
            "name": "Men's Marathon",
            "combined": null,
            "__typename": "CalendarResultsOptionEvent"
          },
          {
            "gender": "M",
            "id": 10229508,
            "name": "Men's 20 Kilometres Race Walk",
            "combined": null,
            "__typename": "CalendarResultsOptionEvent"
          },
          {
            "gender": "M",
            "id": 10229627,
            "name": "Men's 35 Kilometres Race Walk",
            "combined": null,
            "__typename": "CalendarResultsOptionEvent"
          },
          {
            "gender": "M",
            "id": 10229628,
            "name": "Men's 50 Kilometres Race Walk",
            "combined": null,
            "__typename": "CalendarResultsOptionEvent"
          },
          {
            "gender": "M",
            "id": 10229629,
            "name": "Men's Decathlon",
            "combined": true,
            "__typename": "CalendarResultsOptionEvent"
          },
          {
            "gender": "M",
            "id": 204593,
            "name": "Men's 4x100 Metres Relay",
            "combined": null,
            "__typename": "CalendarResultsOptionEvent"
          },
          {
            "gender": "M",
            "id": 204595,
            "name": "Men's 4x400 Metres Relay",
            "combined": null,
            "__typename": "CalendarResultsOptionEvent"
          }
        ],
        "__typename": "CalendarResultsOptions"
      },
      "parameters": {
        "competitionId": 7003367,
        "day": null,
        "eventId": 10229514,
        "__typename": "CalendarResultsParameters"
      },
      "__typename": "CalendarCompetitionResults"
    }
  }
}