{
  "data": {
    "getCalendarCompetitionResults": {
      "competition": {
        "dateRange": "10\u201318 AUG 2013",
        "endDate": "2013-08-18",
        "name": "IAAF World Championships",
        "rankingCategory": "OW",
        "startDate": "2013-08-10",
        "venue": "Luzhniki Stadion, Moskva (RUS)",
        "__typename": "CalendarResultsCompetition"
      },
      "eventTitles": [
        {
          "rankingCategory": "OW",
          "eventTitle": null,
          "events": [
            {
              "event": "Men's Marathon",
              "eventId": 10229634,
              "gender": "M",
              "isRelay": false,
              "perResultWind": false,
              "withWind": false,
              "summary": null,
              "races": [
                {
                  "date": "2013-08-17",
                  "day": 8,
                  "race": "Final",
                  "raceId": 10,
                  "raceNumber": 0,
                  "results": [
                    {
                      "competitor": {
                        "teamMembers": null,
                        "id": "y1c4vw1clabmlkcmwzjhw",
                        "name": "Stephen KIPROTICH",
                        "iaafId": 223768,
                        "urlSlug": "uganda/stephen-kiprotich-14229607",
                        "birthDate": "27 FEB 1989",
                        "hasProfile": true,
                        "__typename": "CalendarResultsCompetitor"
                      },
                      "mark": "2:09:51",
                      "nationality": "UGA",
                      "place": "1.",
                      "points": null,
                      "qualified": null,
                      "records": "",
                      "wind": null,
                      "remark": null,
                      "details": null,
                      "__typename": "CalendarResultsRaceResult"
                    },
                    {
                      "competitor": {
                        "teamMembers": null,
                        "id": "3iun60itm7d3q983y0c4ei",
                        "name": "Lelisa DESISA",
                        "iaafId": 250090,
                        "urlSlug": "ethiopia/lelisa-desisa-14377814",
                        "birthDate": "14 JAN 1990",
                        "hasProfile": true,
                        "__typename": "CalendarResultsCompetitor"
                      },
                      "mark": "2:10:12",
                      "nationality": "ETH",
                      "place": "2.",
                      "points": null,
                      "qualified": null,
                      "records": "",
                      "wind": null,
                      "remark": null,
                      "details": null,
                      "__typename": "CalendarResultsRaceResult"
                    },
                    {
                      "competitor": {
                        "teamMembers": null,
                        "id": "u5jexi80jfy3n64p1mvki",
                        "name": "Tadesse TOLA",
                        "iaafId": 223923,
                        "urlSlug": "ethiopia/tadesse-tola-014181703",
                        "birthDate": "31 OCT 1987",
                        "hasProfile": true,
                        "__typename": "CalendarResultsCompetitor"
                      },
                      "mark": "2:10:23",
                      "nationality": "ETH",
                      "place": "3.",
                      "points": null,
                      "qualified": null,
                      "records": "",
                      "wind": null,
                      "remark": null,
                      "details": null,
                      "__typename": "CalendarResultsRaceResult"
                    },
                    {
                      "competitor": {
                        "teamMembers": null,
                        "id": "7xdukru9ayei0430us74pl",
                        "name": "Tsegaye KEBEDE",
                        "iaafId": 238118,
                        "urlSlug": "ethiopia/tsegaye-kebede-014181360",
                        "birthDate": "15 JAN 1987",
                        "hasProfile": true,
                        "__typename": "CalendarResultsCompetitor"
                      },
                      "mark": "2:10:47",
                      "nationality": "ETH",
                      "place": "4.",
                      "points": null,
                      "qualified": null,
                      "records": "",
                      "wind": null,
                      "remark": null,
                      "details": null,
                      "__typename": "CalendarResultsRaceResult"
                    },
                    {
                      "competitor": {
                        "teamMembers": null,
                        "id": "3tct3rj9mktz9euj4il6",
                        "name": "Kentaro NAKAMOTO",
                        "iaafId": 223814,
                        "urlSlug": "japan/kentaro-nakamoto-014204862",
                        "birthDate": "07 DEC 1982",
                        "hasProfile": true,
                        "__typename": "CalendarResultsCompetitor"
                      },
                      "mark": "2:10:50",
                      "nationality": "JPN",
                      "place": "5.",
                      "points": null,
                      "qualified": null,
                      "records": "",
                      "wind": null,
                      "remark": null,
                      "details": null,
                      "__typename": "CalendarResultsRaceResult"
                    },
                    {
                      "competitor": {
                        "teamMembers": null,
                        "id": "zmevzao3xjjc9mju54z05w",
                        "name": "Solonei ROCHA DA SILVA",
                        "iaafId": 256509,
                        "urlSlug": "brazil/solonei-rocha-da-silva-014384012",
                        "birthDate": "18 APR 1982",
                        "hasProfile": true,
                        "__typename": "CalendarResultsCompetitor"
                      },
                      "mark": "2:11:40",
                      "nationality": "BRA",
                      "place": "6.",
                      "points": null,
                      "qualified": null,
                      "records": "",
                      "wind": null,
                      "remark": null,
                      "details": null,
                      "__typename": "CalendarResultsRaceResult"
                    },
                    {
                      "competitor": {
                        "teamMembers": null,
                        "id": "nojnlbkuusccz0v6txqjbg",
                        "name": "Paulo Roberto PAULA",
                        "iaafId": 256374,
                        "urlSlug": "brazil/paulo-roberto-paula-14175971",
                        "birthDate": "08 JUL 1979",
                        "hasProfile": true,
                        "__typename": "CalendarResultsCompetitor"
                      },
                      "mark": "2:11:40",
                      "nationality": "BRA",
                      "place": "7.",
                      "points": null,
                      "qualified": null,
                      "records": "",
                      "wind": null,
                      "remark": null,
                      "details": null,
                      "__typename": "CalendarResultsRaceResult"
                    },
                    {
                      "competitor": {
                        "teamMembers": null,
                        "id": "kgi7g7x59envwcft1i5hqc",
                        "name": "Yemane TSEGAY",
                        "iaafId": 241270,
                        "urlSlug": "ethiopia/yemane-tsegay-014327624",
                        "birthDate": "08 APR 1985",
                        "hasProfile": true,
                        "__typename": "CalendarResultsCompetitor"
                      },
                      "mark": "2:11:43",
                      "nationality": "ETH",
                      "place": "8.",
                      "points": null,
                      "qualified": null,
                      "records": "",
                      "wind": null,
                      "remark": null,
                      "details": null,
                      "__typename": "CalendarResultsRaceResult"
                    },
                    {
                      "competitor": {
                        "teamMembers": null,
                        "id": "6pykjvy72f83mnnjum57wl",
                        "name": "Peter Kimeli SOME",
                        "iaafId": 240524,
                        "urlSlug": "kenya/peter-kimeli-some-014326273",
                        "birthDate": "05 JUN 1990",
                        "hasProfile": true,
                        "__typename": "CalendarResultsCompetitor"
                      },
                      "mark": "2:11:47",
                      "nationality": "KEN",
                      "place": "9.",
                      "points": null,
                      "qualified": null,
                      "records": "",
                      "wind": null,
                      "remark": null,
                      "details": null,
                      "__typename": "CalendarResultsRaceResult"
                    },
                    {
                      "competitor": {
                        "teamMembers": null,
                        "id": "9yuxfxv33se2qsl0qasr2j",
                        "name": "Jackson KIPROP",
                        "iaafId": 248706,
                        "urlSlug": "uganda/jackson-kiprop-14229606",
                        "birthDate": "20 OCT 1986",
                        "hasProfile": true,
                        "__typename": "CalendarResultsCompetitor"
                      },
                      "mark": "2:12:12",
                      "nationality": "UGA",
                      "place": "10.",
                      "points": null,
                      "qualified": null,
                      "records": "",
                      "wind": null,
                      "remark": null,
                      "details": null,
                      "__typename": "CalendarResultsRaceResult"
                    },
                    {
                      "competitor": {
                        "teamMembers": null,
                        "id": "2u7gvg5ed0op7lz7yytegh",
                        "name": "Beraki BEYENE ZEREA",
                        "iaafId": 243806,
                        "urlSlug": "eritrea/beraki-beyene-zerea-014333943",
                        "birthDate": "06 FEB 1980",
                        "hasProfile": true,
                        "__typename": "CalendarResultsCompetitor"
                      },
                      "mark": "2:13:40",
                      "nationality": "ERI",
                      "place": "11.",
                      "points": null,
                      "qualified": null,
                      "records": "",
                      "wind": null,
                      "remark": null,
                      "details": null,
                      "__typename": "CalendarResultsRaceResult"
                    },
                    {
                      "competitor": {
                        "teamMembers": null,
                        "id": "qvc3svbho2stcqwnespm9c",
                        "name": "Bernard Kiprop KIPYEGO",
                        "iaafId": 201495,
                        "urlSlug": "kenya/bernard-kiprop-kipyego-014208525",
                        "birthDate": "16 JUL 1986",
                        "hasProfile": true,
                        "__typename": "CalendarResultsCompetitor"
                      },
                      "mark": "2:14:01",
                      "nationality": "KEN",
                      "place": "12.",
                      "points": null,
                      "qualified": null,
                      "records": "",
                      "wind": null,
                      "remark": null,
                      "details": null,
                      "__typename": "CalendarResultsRaceResult"
                    },
                    {
                      "competitor": {
                        "teamMembers": null,
                        "id": "ur78rojx5uavx5c5ey0un",
                        "name": "Jeffrey EGGLESTON",
                        "iaafId": 253168,
                        "urlSlug": "united-states/jeffrey-eggleston-014237136",
                        "birthDate": "01 OCT 1984",
                        "hasProfile": true,
                        "__typename": "CalendarResultsCompetitor"
                      },
                      "mark": "2:14:23",
                      "nationality": "USA",
                      "place": "13.",
                      "points": null,
                      "qualified": null,
                      "records": "",
                      "wind": null,
                      "remark": null,
                      "details": null,
                      "__typename": "CalendarResultsRaceResult"
                    },
                    {
                      "competitor": {
                        "teamMembers": null,
                        "id": "g0naa41jav9zkz5zovhfsr",
                        "name": "Masakazu FUJIWARA",
                        "iaafId": 174812,
                        "urlSlug": "japan/masakazu-fujiwara-014202728",
                        "birthDate": "06 MAR 1981",
                        "hasProfile": true,
                        "__typename": "CalendarResultsCompetitor"
                      },
                      "mark": "2:14:29",
                      "nationality": "JPN",
                      "place": "14.",
                      "points": null,
                      "qualified": null,
                      "records": "",
                      "wind": null,
                      "remark": null,
                      "details": null,
                      "__typename": "CalendarResultsRaceResult"
                    },
                    {
                      "competitor": {
                        "teamMembers": null,
                        "id": "5x3o0zn5pvnrds5rgkqe5",
                        "name": "Javier GUERRA",
                        "iaafId": 181721,
                        "urlSlug": "spain/javier-guerra-014166242",
                        "birthDate": "10 NOV 1983",
                        "hasProfile": true,
                        "__typename": "CalendarResultsCompetitor"
                      },
                      "mark": "2:14:33",
                      "nationality": "ESP",
                      "place": "15.",
                      "points": null,
                      "qualified": null,
                      "records": "",
                      "wind": null,
                      "remark": null,
                      "details": null,
                      "__typename": "CalendarResultsRaceResult"
                    },
                    {
                      "competitor": {
                        "teamMembers": null,
                        "id": "pbyu4d9d43of49ylv9pdw",
                        "name": "Samuel Tsegay TESFAMARIAM",
                        "iaafId": 205951,
                        "urlSlug": "sweden/samuel-tsegay-tesfamariam-14167392",
                        "birthDate": "24 FEB 1988",
                        "hasProfile": true,
                        "__typename": "CalendarResultsCompetitor"
                      },
                      "mark": "2:14:41",
                      "nationality": "ERI",
                      "place": "16.",
                      "points": null,
                      "qualified": null,
                      "records": "",
                      "wind": null,
                      "remark": null,
                      "details": null,
                      "__typename": "CalendarResultsRaceResult"
                    },
                    {
                      "competitor": {
                        "teamMembers": null,
                        "id": "yihjeua5bxja84s2sk2cof",
                        "name": "Kazuhiro MAEDA",
                        "iaafId": 179948,
                        "urlSlug": "japan/kazuhiro-maeda-014204255",
                        "birthDate": "19 APR 1981",
                        "hasProfile": true,
                        "__typename": "CalendarResultsCompetitor"
                      },
                      "mark": "2:15:25",
                      "nationality": "JPN",
                      "place": "17.",
                      "points": null,
                      "qualified": null,
                      "records": "",
                      "wind": null,
                      "remark": null,
                      "details": null,
                      "__typename": "CalendarResultsRaceResult"
                    },
                    {
                      "competitor": {
                        "teamMembers": null,
                        "id": "265akhwjvfxu036wsb2bj",
                        "name": "Yuki KAWAUCHI",
                        "iaafId": 234792,
                        "urlSlug": "japan/yuki-kawauchi-014203841",
                        "birthDate": "05 MAR 1987",
                        "hasProfile": true,
                        "__typename": "CalendarResultsCompetitor"
                      },
                      "mark": "2:15:35",
                      "nationality": "JPN",
                      "place": "18.",
                      "points": null,
                      "qualified": null,
                      "records": "",
                      "wind": null,
                      "remark": null,
                      "details": null,
                      "__typename": "CalendarResultsRaceResult"
                    },
                    {
                      "competitor": {
                        "teamMembers": null,
                        "id": "j95soej5t9hcs9qlgpq4bq",
                        "name": "Abraham KIPLIMO",
                        "iaafId": 208088,
                        "urlSlug": "uganda/abraham-kiplimo-014229602",
                        "birthDate": "14 APR 1989",
                        "hasProfile": true,
                        "__typename": "CalendarResultsCompetitor"
                      },
                      "mark": "2:16:25",
                      "nationality": "UGA",
                      "place": "19.",
                      "points": null,
                      "qualified": null,
                      "records": "",
                      "wind": null,
                      "remark": null,
                      "details": null,
                      "__typename": "CalendarResultsRaceResult"
                    },
                    {
                      "competitor": {
                        "teamMembers": null,
                        "id": "c4mxjq84gcrhbezyjinr79",
                        "name": "Robin WATSON",
                        "iaafId": 238400,
                        "urlSlug": "canada/robin-watson-014254398",
                        "birthDate": "23 JUN 1983",
                        "hasProfile": true,
                        "__typename": "CalendarResultsCompetitor"
                      },
                      "mark": "2:16:28",
                      "nationality": "CAN",
                      "place": "20.",
                      "points": null,
                      "qualified": null,
                      "records": "",
                      "wind": null,
                      "remark": null,
                      "details": null,
                      "__typename": "CalendarResultsRaceResult"
                    },
                    {
                      "competitor": {
                        "teamMembers": null,
                        "id": "g7p42x1ha5o0j91ijrx7",
                        "name": "Paul POLLOCK",
                        "iaafId": 205655,
                        "urlSlug": "ireland/paul-pollock-14199075",
                        "birthDate": "25 JUN 1986",
                        "hasProfile": true,
                        "__typename": "CalendarResultsCompetitor"
                      },
                      "mark": "2:16:42",
                      "nationality": "IRL",
                      "place": "21.",
                      "points": null,
                      "qualified": null,
                      "records": "",
                      "wind": null,
                      "remark": null,
                      "details": null,
                      "__typename": "CalendarResultsRaceResult"
                    },
                    {
                      "competitor": {
                        "teamMembers": null,
                        "id": "jwhw6txq9pwthga58uue",
                        "name": "Mustafa MOHAMED",
                        "iaafId": 132785,
                        "urlSlug": "sweden/mustafa-mohamed-014227863",
                        "birthDate": "01 MAR 1979",
                        "hasProfile": true,
                        "__typename": "CalendarResultsCompetitor"
                      },
                      "mark": "2:17:09",
                      "nationality": "SWE",
                      "place": "22.",
                      "points": null,
                      "qualified": null,
                      "records": "",
                      "wind": null,
                      "remark": null,
                      "details": null,
                      "__typename": "CalendarResultsRaceResult"
                    },
                    {
                      "competitor": {
                        "teamMembers": null,
                        "id": "jk7ybu6zprbooj73neq4e",
                        "name": "Martin DENT",
                        "iaafId": 55662,
                        "urlSlug": "australia/martin-dent-014179817",
                        "birthDate": "08 FEB 1979",
                        "hasProfile": true,
                        "__typename": "CalendarResultsCompetitor"
                      },
                      "mark": "2:17:11",
                      "nationality": "AUS",
                      "place": "23.",
                      "points": null,
                      "qualified": null,
                      "records": "",
                      "wind": null,
                      "remark": null,
                      "details": null,
                      "__typename": "CalendarResultsRaceResult"
                    },
                    {
                      "competitor": {
                        "teamMembers": null,
                        "id": "6bm1wdal0p83085oirntt8",
                        "name": "Aleksey SOKOLOV",
                        "iaafId": 245082,
                        "urlSlug": "russia/aleksey-sokolov-014224099",
                        "birthDate": "15 APR 1983",
                        "hasProfile": true,
                        "__typename": "CalendarResultsCompetitor"
                      },
                      "mark": "2:17:12",
                      "nationality": "RUS",
                      "place": "24.",
                      "points": null,
                      "qualified": null,
                      "records": "",
                      "wind": null,
                      "remark": null,
                      "details": null,
                      "__typename": "CalendarResultsRaceResult"
                    },
                    {
                      "competitor": {
                        "teamMembers": null,
                        "id": "666nzlhomr9be8oy5ky9i8",
                        "name": "Michael KIPYEGO",
                        "iaafId": 171458,
                        "urlSlug": "kenya/michael-kipyego-014208532",
                        "birthDate": "02 OCT 1983",
                        "hasProfile": true,
                        "__typename": "CalendarResultsCompetitor"
                      },
                      "mark": "2:17:47",
                      "nationality": "KEN",
                      "place": "25.",
                      "points": null,
                      "qualified": null,
                      "records": "",
                      "wind": null,
                      "remark": null,
                      "details": null,
                      "__typename": "CalendarResultsRaceResult"
                    },
                    {
                      "competitor": {
                        "teamMembers": null,
                        "id": "fs1ujmogz5rz65e34a7r",
                        "name": "Marius IONESCU",
                        "iaafId": 194045,
                        "urlSlug": "romania/marius-ionescu-14219367",
                        "birthDate": "18 DEC 1984",
                        "hasProfile": true,
                        "__typename": "CalendarResultsCompetitor"
                      },
                      "mark": "2:18:31",
                      "nationality": "ROU",
                      "place": "26.",
                      "points": null,
                      "qualified": null,
                      "records": "",
                      "wind": null,
                      "remark": null,
                      "details": null,
                      "__typename": "CalendarResultsRaceResult"
                    },
                    {
                      "competitor": {
                        "teamMembers": null,
                        "id": "ry9h65po15i8xlkc8vtze4",
                        "name": "Daniel TAPIA",
                        "iaafId": 265193,
                        "urlSlug": "united-states/daniel-tapia-014333954",
                        "birthDate": "21 APR 1987",
                        "hasProfile": true,
                        "__typename": "CalendarResultsCompetitor"
                      },
                      "mark": "2:18:32",
                      "nationality": "USA",
                      "place": "27.",
                      "points": null,
                      "qualified": null,
                      "records": "",
                      "wind": null,
                      "remark": null,
                      "details": null,
                      "__typename": "CalendarResultsRaceResult"
                    },
                    {
                      "competitor": {
                        "teamMembers": null,
                        "id": "80dpa9z5ri4v408ikoa529",
                        "name": "Benjamin MALATY",
                        "iaafId": 205742,
                        "urlSlug": "france/benjamin-malaty-014186225",
                        "birthDate": "07 MAY 1986",
                        "hasProfile": true,
                        "__typename": "CalendarResultsCompetitor"
                      },
                      "mark": "2:19:21",
                      "nationality": "FRA",
                      "place": "28.",
                      "points": null,
                      "qualified": null,
                      "records": "",
                      "wind": null,
                      "remark": null,
                      "details": null,
                      "__typename": "CalendarResultsRaceResult"
                    },
                    {
                      "competitor": {
                        "teamMembers": null,
                        "id": "2b5jjge6brr0pw97jdn5o3p",
                        "name": "Jordan CHIPAGANA",
                        "iaafId": 207554,
                        "urlSlug": "zambia/jordan-chipagana-014256421",
                        "birthDate": "12 NOV 1988",
                        "hasProfile": true,
                        "__typename": "CalendarResultsCompetitor"
                      },
                      "mark": "2:19:47",
                      "nationality": "ZAM",
                      "place": "29.",
                      "points": null,
                      "qualified": null,
                      "records": "",
                      "wind": null,
                      "remark": null,
                      "details": null,
                      "__typename": "CalendarResultsRaceResult"
                    },
                    {
                      "competitor": {
                        "teamMembers": null,
                        "id": "4fhx5fpkcxsqezumg86ios",
                        "name": "Miguel \u00c1ngel ALMACHI",
                        "iaafId": 243764,
                        "urlSlug": "ecuador/miguel-angel-almachi-014435653",
                        "birthDate": "02 MAY 1985",
                        "hasProfile": true,
                        "__typename": "CalendarResultsCompetitor"
                      },
                      "mark": "2:19:48",
                      "nationality": "ECU",
                      "place": "30.",
                      "points": null,
                      "qualified": null,
                      "records": "",
                      "wind": null,
                      "remark": null,
                      "details": null,
                      "__typename": "CalendarResultsRaceResult"
                    },
                    {
                      "competitor": {
                        "teamMembers": null,
                        "id": "shtrkep7a6gawz5vf604w",
                        "name": "Kiflom SIUM",
                        "iaafId": 233162,
                        "urlSlug": "eritrea/kiflom-sium-014167412",
                        "birthDate": "1987",
                        "hasProfile": true,
                        "__typename": "CalendarResultsCompetitor"
                      },
                      "mark": "2:20:01",
                      "nationality": "ERI",
                      "place": "31.",
                      "points": null,
                      "qualified": null,
                      "records": "",
                      "wind": null,
                      "remark": null,
                      "details": null,
                      "__typename": "CalendarResultsRaceResult"
                    },
                    {
                      "competitor": {
                        "teamMembers": null,
                        "id": "pe03nwqpa0f7d1hs1tn4oq",
                        "name": "Chia-Che CHANG",
                        "iaafId": 197790,
                        "urlSlug": "chinese-taipei/chia-che-chang-14228682",
                        "birthDate": "22 APR 1983",
                        "hasProfile": true,
                        "__typename": "CalendarResultsCompetitor"
                      },
                      "mark": "2:20:02",
                      "nationality": "TPE",
                      "place": "32.",
                      "points": null,
                      "qualified": null,
                      "records": "",
                      "wind": null,
                      "remark": null,
                      "details": null,
                      "__typename": "CalendarResultsRaceResult"
                    },
                    {
                      "competitor": {
                        "teamMembers": null,
                        "id": "06y4ggg42odyayrjfnhl2e",
                        "name": "Faustin MUSSA",
                        "iaafId": 247285,
                        "urlSlug": "tanzania/faustin-mussa-014366670",
                        "birthDate": "02 APR 1981",
                        "hasProfile": true,
                        "__typename": "CalendarResultsCompetitor"
                      },
                      "mark": "2:20:51",
                      "nationality": "TAN",
                      "place": "33.",
                      "points": null,
                      "qualified": null,
                      "records": "",
                      "wind": null,
                      "remark": null,
                      "details": null,
                      "__typename": "CalendarResultsRaceResult"
                    },
                    {
                      "competitor": {
                        "teamMembers": null,
                        "id": "tu09c4nxmpbe5yn625lv",
                        "name": "Christian KREIENB\u00dcHL",
                        "iaafId": 276797,
                        "urlSlug": "switzerland/christian-kreienbuhl-014369123",
                        "birthDate": "06 JUN 1981",
                        "hasProfile": true,
                        "__typename": "CalendarResultsCompetitor"
                      },
                      "mark": "2:21:17",
                      "nationality": "SUI",
                      "place": "34.",
                      "points": null,
                      "qualified": null,
                      "records": "",
                      "wind": null,
                      "remark": null,
                      "details": null,
                      "__typename": "CalendarResultsRaceResult"
                    },
                    {
                      "competitor": {
                        "teamMembers": null,
                        "id": "z5l5fxuhxz9r3qw5pk84p",
                        "name": "Ser-Od BAT-OCHIR",
                        "iaafId": 185147,
                        "urlSlug": "mongolia/ser-od-bat-ochir-14867157",
                        "birthDate": "07 OCT 1981",
                        "hasProfile": true,
                        "__typename": "CalendarResultsCompetitor"
                      },
                      "mark": "2:21:55",
                      "nationality": "MGL",
                      "place": "35.",
                      "points": null,
                      "qualified": null,
                      "records": "",
                      "wind": null,
                      "remark": null,
                      "details": null,
                      "__typename": "CalendarResultsRaceResult"
                    },
                    {
                      "competitor": {
                        "teamMembers": null,
                        "id": "xx1qspy31asu13wzmt3v",
                        "name": "Carlos TRUJILLO",
                        "iaafId": 245742,
                        "urlSlug": "guatemala/carlos-trujillo-014253496",
                        "birthDate": "17 JUL 1985",
                        "hasProfile": true,
                        "__typename": "CalendarResultsCompetitor"
                      },
                      "mark": "2:23:13",
                      "nationality": "USA",
                      "place": "36.",
                      "points": null,
                      "qualified": null,
                      "records": "",
                      "wind": null,
                      "remark": null,
                      "details": null,
                      "__typename": "CalendarResultsRaceResult"
                    },
                    {
                      "competitor": {
                        "teamMembers": null,
                        "id": "sp1mf2zynfq1mq18ucbadb",
                        "name": "Tilahun ALIYEV",
                        "iaafId": 254093,
                        "urlSlug": "azerbaijan/tilahun-aliyev-014374065",
                        "birthDate": "21 MAR 1990",
                        "hasProfile": true,
                        "__typename": "CalendarResultsCompetitor"
                      },
                      "mark": "2:23:32",
                      "nationality": "AZE",
                      "place": "37.",
                      "points": null,
                      "qualified": null,
                      "records": "",
                      "wind": null,
                      "remark": null,
                      "details": null,
                      "__typename": "CalendarResultsRaceResult"
                    },
                    {
                      "competitor": {
                        "teamMembers": null,
                        "id": "y9hf9c4ns7ha3gv1ihh76n",
                        "name": "Mohamed Ikoki MSANDEKI",
                        "iaafId": 203167,
                        "urlSlug": "tanzania/mohamed-ikoki-msandeki-014228372",
                        "birthDate": "03 DEC 1985",
                        "hasProfile": true,
                        "__typename": "CalendarResultsCompetitor"
                      },
                      "mark": "2:24:20",
                      "nationality": "TAN",
                      "place": "38.",
                      "points": null,
                      "qualified": null,
                      "records": "",
                      "wind": null,
                      "remark": null,
                      "details": null,
                      "__typename": "CalendarResultsRaceResult"
                    },
                    {
                      "competitor": {
                        "teamMembers": null,
                        "id": "v7mpxc4iklw22cmi88c5h",
                        "name": "Zohar ZIMRO",
                        "iaafId": 258676,
                        "urlSlug": "israel/zohar-zimro-014380641",
                        "birthDate": "15 JUN 1977",
                        "hasProfile": true,
                        "__typename": "CalendarResultsCompetitor"
                      },
                      "mark": "2:25:23",
                      "nationality": "ISR",
                      "place": "39.",
                      "points": null,
                      "qualified": null,
                      "records": "",
                      "wind": null,
                      "remark": null,
                      "details": null,
                      "__typename": "CalendarResultsRaceResult"
                    },
                    {
                      "competitor": {
                        "teamMembers": null,
                        "id": "ofscq4va5qj8slyvwkvvt5",
                        "name": "Michael OTT",
                        "iaafId": 280752,
                        "urlSlug": "switzerland/michael-ott-014367075",
                        "birthDate": "22 MAR 1982",
                        "hasProfile": true,
                        "__typename": "CalendarResultsCompetitor"
                      },
                      "mark": "2:26:02",
                      "nationality": "SUI",
                      "place": "40.",
                      "points": null,
                      "qualified": null,
                      "records": "",
                      "wind": null,
                      "remark": null,
                      "details": null,
                      "__typename": "CalendarResultsRaceResult"
                    },
                    {
                      "competitor": {
                        "teamMembers": null,
                        "id": "obneeua3mbmqkzdwmnax",
                        "name": "Vasil MATVIYCHUK",
                        "iaafId": 171236,
                        "urlSlug": "ukraine/vasil-matviychuk-014230279",
                        "birthDate": "13 JAN 1982",
                        "hasProfile": true,
                        "__typename": "CalendarResultsCompetitor"
                      },
                      "mark": "2:26:21",
                      "nationality": "UKR",
                      "place": "41.",
                      "points": null,
                      "qualified": null,
                      "records": "",
                      "wind": null,
                      "remark": null,
                      "details": null,
                      "__typename": "CalendarResultsRaceResult"
                    },
                    {
                      "competitor": {
                        "teamMembers": null,
                        "id": "or4140j3wykirxsn4d98",
                        "name": "Sibusiso NZIMA",
                        "iaafId": 245375,
                        "urlSlug": "south-africa/sibusiso-nzima-014220889",
                        "birthDate": "23 NOV 1986",
                        "hasProfile": true,
                        "__typename": "CalendarResultsCompetitor"
                      },
                      "mark": "2:26:32",
                      "nationality": "RSA",
                      "place": "42.",
                      "points": null,
                      "qualified": null,
                      "records": "",
                      "wind": null,
                      "remark": null,
                      "details": null,
                      "__typename": "CalendarResultsRaceResult"
                    },
                    {
                      "competitor": {
                        "teamMembers": null,
                        "id": "pgyek7sv1vkbb59fezfvx8",
                        "name": "Ji-hoon SUNG",
                        "iaafId": 280390,
                        "urlSlug": "korea/ji-hoon-sung-014383722",
                        "birthDate": "21 MAR 1991",
                        "hasProfile": true,
                        "__typename": "CalendarResultsCompetitor"
                      },
                      "mark": "2:26:43",
                      "nationality": "KOR",
                      "place": "43.",
                      "points": null,
                      "qualified": null,
                      "records": "",
                      "wind": null,
                      "remark": null,
                      "details": null,
                      "__typename": "CalendarResultsRaceResult"
                    },
                    {
                      "competitor": {
                        "teamMembers": null,
                        "id": "cs9kbzrojzxaoxjjhx1i",
                        "name": "Shujin YIN",
                        "iaafId": 243948,
                        "urlSlug": "pr-of-china/shujin-yin-014170777",
                        "birthDate": "26 JAN 1985",
                        "hasProfile": true,
                        "__typename": "CalendarResultsCompetitor"
                      },
                      "mark": "2:27:19",
                      "nationality": "CHN",
                      "place": "44.",
                      "points": null,
                      "qualified": null,
                      "records": "",
                      "wind": null,
                      "remark": null,
                      "details": null,
                      "__typename": "CalendarResultsRaceResult"
                    },
                    {
                      "competitor": {
                        "teamMembers": null,
                        "id": "fhaue3yvstjcock6chhhf",
                        "name": "Roman PRODIUS",
                        "iaafId": 240807,
                        "urlSlug": "moldova/roman-prodius-014212725",
                        "birthDate": "12 APR 1981",
                        "hasProfile": true,
                        "__typename": "CalendarResultsCompetitor"
                      },
                      "mark": "2:29:08",
                      "nationality": "MDA",
                      "place": "45.",
                      "points": null,
                      "qualified": null,
                      "records": "",
                      "wind": null,
                      "remark": null,
                      "details": null,
                      "__typename": "CalendarResultsRaceResult"
                    },
                    {
                      "competitor": {
                        "teamMembers": null,
                        "id": "5491h7ql0o5vwhsg53f2",
                        "name": "Hendrick RAMAALA",
                        "iaafId": 20185,
                        "urlSlug": "south-africa/hendrick-ramaala-014221015",
                        "birthDate": "02 FEB 1972",
                        "hasProfile": true,
                        "__typename": "CalendarResultsCompetitor"
                      },
                      "mark": "2:30:23",
                      "nationality": "RSA",
                      "place": "46.",
                      "points": null,
                      "qualified": null,
                      "records": "",
                      "wind": null,
                      "remark": null,
                      "details": null,
                      "__typename": "CalendarResultsRaceResult"
                    },
                    {
                      "competitor": {
                        "teamMembers": null,
                        "id": "bhmwxx6idk7cvkhsljj2il",
                        "name": "Sergiu CIOBANU",
                        "iaafId": 272204,
                        "urlSlug": "ireland/sergiu-ciobanu-014371665",
                        "birthDate": "10 AUG 1983",
                        "hasProfile": true,
                        "__typename": "CalendarResultsCompetitor"
                      },
                      "mark": "2:34:17",
                      "nationality": "MDA",
                      "place": "47.",
                      "points": null,
                      "qualified": null,
                      "records": "",
                      "wind": null,
                      "remark": null,
                      "details": null,
                      "__typename": "CalendarResultsRaceResult"
                    },
                    {
                      "competitor": {
                        "teamMembers": null,
                        "id": "bk7gumyqz4k85c9d5yorj",
                        "name": "Young-jin KIM",
                        "iaafId": 197797,
                        "urlSlug": "korea/young-jin-kim-014210330",
                        "birthDate": "27 SEP 1983",
                        "hasProfile": true,
                        "__typename": "CalendarResultsCompetitor"
                      },
                      "mark": "2:35:53",
                      "nationality": "KOR",
                      "place": "48.",
                      "points": null,
                      "qualified": null,
                      "records": "",
                      "wind": null,
                      "remark": null,
                      "details": null,
                      "__typename": "CalendarResultsRaceResult"
                    },
                    {
                      "competitor": {
                        "teamMembers": null,
                        "id": "oox0uf963yysh9cpa704q",
                        "name": "Shawn FORREST",
                        "iaafId": 181543,
                        "urlSlug": "australia/shawn-forrest-014179694",
                        "birthDate": "10 JUL 1983",
                        "hasProfile": true,
                        "__typename": "CalendarResultsCompetitor"
                      },
                      "mark": "2:39:09",
                      "nationality": "AUS",
                      "place": "49.",
                      "points": null,
                      "qualified": null,
                      "records": "",
                      "wind": null,
                      "remark": null,
                      "details": null,
                      "__typename": "CalendarResultsRaceResult"
                    },
                    {
                      "competitor": {
                        "teamMembers": null,
                        "id": "u1ava344uncgyqtm3q2hhv",
                        "name": "Mikhail KRASILOV",
                        "iaafId": 259485,
                        "urlSlug": "kazakhstan/mikhail-krasilov-014427079",
                        "birthDate": "05 MAR 1990",
                        "hasProfile": true,
                        "__typename": "CalendarResultsCompetitor"
                      },
                      "mark": "2:44:31",
                      "nationality": "KAZ",
                      "place": "50.",
                      "points": null,
                      "qualified": null,
                      "records": "",
                      "wind": null,
                      "remark": null,
                      "details": null,
                      "__typename": "CalendarResultsRaceResult"
                    },
                    {
                      "competitor": {
                        "teamMembers": null,
                        "id": "4ogq5qeou2ykr931dfvs2",
                        "name": "Wissam HOSNI",
                        "iaafId": 254719,
                        "urlSlug": "tunisia/wissam-hosni-014330386",
                        "birthDate": "08 MAR 1985",
                        "hasProfile": true,
                        "__typename": "CalendarResultsCompetitor"
                      },
                      "mark": "DNF",
                      "nationality": "TUN",
                      "place": "",
                      "points": null,
                      "qualified": null,
                      "records": "",
                      "wind": null,
                      "remark": null,
                      "details": null,
                      "__typename": "CalendarResultsRaceResult"
                    },
                    {
                      "competitor": {
                        "teamMembers": null,
                        "id": "albnzjdsthl8ljwbp80mi",
                        "name": "Jobo KHATOANE",
                        "iaafId": 271560,
                        "urlSlug": "lesotho/jobo-khatoane-014412723",
                        "birthDate": "08 JUN 1991",
                        "hasProfile": true,
                        "__typename": "CalendarResultsCompetitor"
                      },
                      "mark": "DNF",
                      "nationality": "LES",
                      "place": "",
                      "points": null,
                      "qualified": null,
                      "records": "",
                      "wind": null,
                      "remark": null,
                      "details": null,
                      "__typename": "CalendarResultsRaceResult"
                    },
                    {
                      "competitor": {
                        "teamMembers": null,
                        "id": "ukq45yr0p5c6ocg0livf",
                        "name": "Jean Pierre MVUYEKURE",
                        "iaafId": 202212,
                        "urlSlug": "rwanda/jean-pierre-mvuyekure-014224742",
                        "birthDate": "28 JUL 1987",
                        "hasProfile": true,
                        "__typename": "CalendarResultsCompetitor"
                      },
                      "mark": "DNF",
                      "nationality": "RWA",
                      "place": "",
                      "points": null,
                      "qualified": null,
                      "records": "",
                      "wind": null,
                      "remark": null,
                      "details": null,
                      "__typename": "CalendarResultsRaceResult"
                    },
                    {
                      "competitor": {
                        "teamMembers": null,
                        "id": "hbheydzkx5jeumj4ps7g15",
                        "name": "Tayeb FILALI",
                        "iaafId": 132714,
                        "urlSlug": "algeria/tayeb-filali-014201554",
                        "birthDate": "16 JAN 1979",
                        "hasProfile": true,
                        "__typename": "CalendarResultsCompetitor"
                      },
                      "mark": "DNF",
                      "nationality": "ALG",
                      "place": "",
                      "points": null,
                      "qualified": null,
                      "records": "",
                      "wind": null,
                      "remark": null,
                      "details": null,
                      "__typename": "CalendarResultsRaceResult"
                    },
                    {
                      "competitor": {
                        "teamMembers": null,
                        "id": "0s751b578jab5lngjyzx",
                        "name": "Nicholas KIPKEMBOI",
                        "iaafId": 271859,
                        "urlSlug": "kenya/nicholas-kipkemboi-014498757",
                        "birthDate": "05 JUL 1986",
                        "hasProfile": true,
                        "__typename": "CalendarResultsCompetitor"
                      },
                      "mark": "DNF",
                      "nationality": "KEN",
                      "place": "",
                      "points": null,
                      "qualified": null,
                      "records": "",
                      "wind": null,
                      "remark": null,
                      "details": null,
                      "__typename": "CalendarResultsRaceResult"
                    },
                    {
                      "competitor": {
                        "teamMembers": null,
                        "id": "svnfe5aymq9xxjybag6i",
                        "name": "Bernard Kiprop KOECH",
                        "iaafId": 256485,
                        "urlSlug": "kenya/bernard-kiprop-koech-14423647",
                        "birthDate": "31 JAN 1988",
                        "hasProfile": true,
                        "__typename": "CalendarResultsCompetitor"
                      },
                      "mark": "DNF",
                      "nationality": "KEN",
                      "place": "",
                      "points": null,
                      "qualified": null,
                      "records": "",
                      "wind": null,
                      "remark": null,
                      "details": null,
                      "__typename": "CalendarResultsRaceResult"
                    },
                    {
                      "competitor": {
                        "teamMembers": null,
                        "id": "7wdr12et7756oooohwnj7g",
                        "name": "Hiroyuki HORIBATA",
                        "iaafId": 240198,
                        "urlSlug": "japan/hiroyuki-horibata-014203151",
                        "birthDate": "28 OCT 1986",
                        "hasProfile": true,
                        "__typename": "CalendarResultsCompetitor"
                      },
                      "mark": "DNF",
                      "nationality": "JPN",
                      "place": "",
                      "points": null,
                      "qualified": null,
                      "records": "",
                      "wind": null,
                      "remark": null,
                      "details": null,
                      "__typename": "CalendarResultsRaceResult"
                    },
                    {
                      "competitor": {
                        "teamMembers": null,
                        "id": "q0q4z4bbpsnn2omo9p5ynk",
                        "name": "Jose Antonio URIBE MARINO",
                        "iaafId": 200303,
                        "urlSlug": "mexico/jose-antonio-uribe-marino-014382174",
                        "birthDate": "03 JAN 1986",
                        "hasProfile": true,
                        "__typename": "CalendarResultsCompetitor"
                      },
                      "mark": "DNF",
                      "nationality": "MEX",
                      "place": "",
                      "points": null,
                      "qualified": null,
                      "records": "",
                      "wind": null,
                      "remark": null,
                      "details": null,
                      "__typename": "CalendarResultsRaceResult"
                    },
                    {
                      "competitor": {
                        "teamMembers": null,
                        "id": "qbfh7qslmf0d29imrreskl",
                        "name": "Mohamed BILAL",
                        "iaafId": 254406,
                        "urlSlug": "morocco/mohamed-bilal-014335541",
                        "birthDate": "03 SEP 1982",
                        "hasProfile": true,
                        "__typename": "CalendarResultsCompetitor"
                      },
                      "mark": "DNF",
                      "nationality": "MAR",
                      "place": "",
                      "points": null,
                      "qualified": null,
                      "records": "",
                      "wind": null,
                      "remark": null,
                      "details": null,
                      "__typename": "CalendarResultsRaceResult"
                    },
                    {
                      "competitor": {
                        "teamMembers": null,
                        "id": "p0rsw2phtde438kk3n6sjd",
                        "name": "Feyisa LILESA",
                        "iaafId": 240626,
                        "urlSlug": "ethiopia/feyisa-lilesa-014181555",
                        "birthDate": "01 FEB 1990",
                        "hasProfile": true,
                        "__typename": "CalendarResultsCompetitor"
                      },
                      "mark": "DNF",
                      "nationality": "ETH",
                      "place": "",
                      "points": null,
                      "qualified": null,
                      "records": "",
                      "wind": null,
                      "remark": null,
                      "details": null,
                      "__typename": "CalendarResultsRaceResult"
                    },
                    {
                      "competitor": {
                        "teamMembers": null,
                        "id": "31x1exf5p4hsftli2j24yd",
                        "name": "Ayad LAMDASSEM",
                        "iaafId": 174957,
                        "urlSlug": "spain/ayad-lamdassem-14166054",
                        "birthDate": "11 OCT 1981",
                        "hasProfile": true,
                        "__typename": "CalendarResultsCompetitor"
                      },
                      "mark": "DNF",
                      "nationality": "ESP",
                      "place": "",
                      "points": null,
                      "qualified": null,
                      "records": "",
                      "wind": null,
                      "remark": null,
                      "details": null,
                      "__typename": "CalendarResultsRaceResult"
                    },
                    {
                      "competitor": {
                        "teamMembers": null,
                        "id": "337niqyguza6isy7iihg0n",
                        "name": "Yared ASMEROM",
                        "iaafId": 203351,
                        "urlSlug": "eritrea/yared-asmerom-014167431",
                        "birthDate": "04 FEB 1980",
                        "hasProfile": true,
                        "__typename": "CalendarResultsCompetitor"
                      },
                      "mark": "DNF",
                      "nationality": "ERI",
                      "place": "",
                      "points": null,
                      "qualified": null,
                      "records": "",
                      "wind": null,
                      "remark": null,
                      "details": null,
                      "__typename": "CalendarResultsRaceResult"
                    },
                    {
                      "competitor": {
                        "teamMembers": null,
                        "id": "m8yhwv1bzje1scw123wm",
                        "name": "Yonas KIFLE",
                        "iaafId": 137880,
                        "urlSlug": "eritrea/yonas-kifle-014167417",
                        "birthDate": "05 NOV 1977",
                        "hasProfile": true,
                        "__typename": "CalendarResultsCompetitor"
                      },
                      "mark": "DNF",
                      "nationality": "ERI",
                      "place": "",
                      "points": null,
                      "qualified": null,
                      "records": "",
                      "wind": null,
                      "remark": null,
                      "details": null,
                      "__typename": "CalendarResultsRaceResult"
                    },
                    {
                      "competitor": {
                        "teamMembers": null,
                        "id": "k52f52wyd8ko48idqgduwj",
                        "name": "Michel BUTTER",
                        "iaafId": 200351,
                        "urlSlug": "netherlands/michel-butter-014213746",
                        "birthDate": "05 NOV 1985",
                        "hasProfile": true,
                        "__typename": "CalendarResultsCompetitor"
                      },
                      "mark": "DNF",
                      "nationality": "NED",
                      "place": "",
                      "points": null,
                      "qualified": null,
                      "records": "",
                      "wind": null,
                      "remark": null,
                      "details": null,
                      "__typename": "CalendarResultsRaceResult"
                    },
                    {
                      "competitor": {
                        "teamMembers": null,
                        "id": "g47nzbfmyqmgaofhxx9oj7",
                        "name": "Hermano FERREIRA",
                        "iaafId": 186779,
                        "urlSlug": "portugal/hermano-ferreira-014218210",
                        "birthDate": "16 NOV 1982",
                        "hasProfile": true,
                        "__typename": "CalendarResultsCompetitor"
                      },
                      "mark": "DNF",
                      "nationality": "POR",
                      "place": "",
                      "points": null,
                      "qualified": null,
                      "records": "",
                      "wind": null,
                      "remark": null,
                      "details": null,
                      "__typename": "CalendarResultsRaceResult"
                    },
                    {
                      "competitor": {
                        "teamMembers": null,
                        "id": "wtsdmupq7gr5hca8el17",
                        "name": "Aadam Ismaeel KHAMIS",
                        "iaafId": 207647,
                        "urlSlug": "bahrain/aadam-ismaeel-khamis-014175124",
                        "birthDate": "12 FEB 1989",
                        "hasProfile": true,
                        "__typename": "CalendarResultsCompetitor"
                      },
                      "mark": "DNF",
                      "nationality": "BRN",
                      "place": "",
                      "points": null,
                      "qualified": null,
                      "records": "",
                      "wind": null,
                      "remark": null,
                      "details": null,
                      "__typename": "CalendarResultsRaceResult"
                    },
                    {
                      "competitor": {
                        "teamMembers": null,
                        "id": "w3xjtg8srq7ct6w7sks33",
                        "name": "Cephas PASIPAMIRE",
                        "iaafId": 234978,
                        "urlSlug": "zimbabwe/cephas-pasipamire-014489231",
                        "birthDate": "25 SEP 1975",
                        "hasProfile": true,
                        "__typename": "CalendarResultsCompetitor"
                      },
                      "mark": "DNS",
                      "nationality": "ZIM",
                      "place": "",
                      "points": null,
                      "qualified": null,
                      "records": "",
                      "wind": null,
                      "remark": null,
                      "details": null,
                      "__typename": "CalendarResultsRaceResult"
                    },
                    {
                      "competitor": {
                        "teamMembers": null,
                        "id": "23o1kvqqmvs1vc2gwipp8l",
                        "name": "Tsepo MATHIBELLE",
                        "iaafId": 262569,
                        "urlSlug": "lesotho/tsepo-mathibelle-14412724",
                        "birthDate": "30 JUN 1991",
                        "hasProfile": true,
                        "__typename": "CalendarResultsCompetitor"
                      },
                      "mark": "DNF",
                      "nationality": "LES",
                      "place": "",
                      "points": null,
                      "qualified": null,
                      "records": "",
                      "wind": null,
                      "remark": null,
                      "details": null,
                      "__typename": "CalendarResultsRaceResult"
                    },
                    {
                      "competitor": {
                        "teamMembers": null,
                        "id": "k2yj2w9bebk66khp70c4c",
                        "name": "Jeremias SALOJ",
                        "iaafId": 273925,
                        "urlSlug": "guatemala/jeremias-saloj-014375103",
                        "birthDate": "22 JAN 1988",
                        "hasProfile": true,
                        "__typename": "CalendarResultsCompetitor"
                      },
                      "mark": "DQ",
                      "nationality": "GUA",
                      "place": " - ",
                      "points": null,
                      "qualified": null,
                      "records": "",
                      "wind": null,
                      "remark": null,
                      "details": null,
                      "__typename": "CalendarResultsRaceResult"
                    },
                    {
                      "competitor": {
                        "teamMembers": null,
                        "id": "q44zkk13yotxrps7g3gl",
                        "name": "Hafid CHANI",
                        "iaafId": 262106,
                        "urlSlug": "morocco/hafid-chani-014438377",
                        "birthDate": "12 FEB 1986",
                        "hasProfile": true,
                        "__typename": "CalendarResultsCompetitor"
                      },
                      "mark": "DQ",
                      "nationality": "MAR",
                      "place": " - ",
                      "points": null,
                      "qualified": null,
                      "records": "",
                      "wind": null,
                      "remark": null,
                      "details": null,
                      "__typename": "CalendarResultsRaceResult"
                    }
                  ],
                  "startList": null,
                  "wind": null,
                  "__typename": "CalendarResultsRace"
                }
              ],
              "__typename": "CalendarResultsEvent"
            }
          ],
          "__typename": "CalendarResultsEventTitle"
        }
      ],
      "options": {
        "days": [
          {
            "date": "10 AUG 2013",
            "day": 1,
            "__typename": "CalendarResultsOptionsDay"
          },
          {
            "date": "11 AUG 2013",
            "day": 2,
            "__typename": "CalendarResultsOptionsDay"
          },
          {
            "date": "12 AUG 2013",
            "day": 3,
            "__typename": "CalendarResultsOptionsDay"
          },
          {
            "date": "13 AUG 2013",
            "day": 4,
            "__typename": "CalendarResultsOptionsDay"
          },
          {
            "date": "14 AUG 2013",
            "day": 5,
            "__typename": "CalendarResultsOptionsDay"
          },
          {
            "date": "15 AUG 2013",
            "day": 6,
            "__typename": "CalendarResultsOptionsDay"
          },
          {
            "date": "16 AUG 2013",
            "day": 7,
            "__typename": "CalendarResultsOptionsDay"
          },
          {
            "date": "17 AUG 2013",
            "day": 8,
            "__typename": "CalendarResultsOptionsDay"
          },
          {
            "date": "18 AUG 2013",
            "day": 9,
            "__typename": "CalendarResultsOptionsDay"
          }
        ],
        "events": [
          {
            "gender": "W",
            "id": 10229509,
            "name": "Women's 100 Metres",
            "combined": null,
            "__typename": "CalendarResultsOptionEvent"
          },
          {
            "gender": "W",
            "id": 10229510,
            "name": "Women's 200 Metres",
            "combined": null,
            "__typename": "CalendarResultsOptionEvent"
          },
          {
            "gender": "W",
            "id": 10229511,
            "name": "Women's 400 Metres",
            "combined": null,
            "__typename": "CalendarResultsOptionEvent"
          },
          {
            "gender": "W",
            "id": 10229512,
            "name": "Women's 800 Metres",
            "combined": null,
            "__typename": "CalendarResultsOptionEvent"
          },
          {
            "gender": "W",
            "id": 10229513,
            "name": "Women's 1500 Metres",
            "combined": null,
            "__typename": "CalendarResultsOptionEvent"
          },
          {
            "gender": "W",
            "id": 10229514,
            "name": "Women's 5000 Metres",
            "combined": null,
            "__typename": "CalendarResultsOptionEvent"
          },
          {
            "gender": "W",
            "id": 10229521,
            "name": "Women's 10,000 Metres",
            "combined": null,
            "__typename": "CalendarResultsOptionEvent"
          },
          {
            "gender": "W",
            "id": 10229522,
            "name": "Women's 100 Metres Hurdles",
            "combined": null,
            "__typename": "CalendarResultsOptionEvent"
          },
          {
            "gender": "W",
            "id": 10229523,
            "name": "Women's 400 Metres Hurdles",
            "combined": null,
            "__typename": "CalendarResultsOptionEvent"
          },
          {
            "gender": "W",
            "id": 10229524,
            "name": "Women's 3000 Metres Steeplechase",
            "combined": null,
            "__typename": "CalendarResultsOptionEvent"
          },
          {
            "gender": "W",
            "id": 10229526,
            "name": "Women's High Jump",
            "combined": null,
            "__typename": "CalendarResultsOptionEvent"
          },
          {
            "gender": "W",
            "id": 10229527,
            "name": "Women's Pole Vault",
            "combined": null,
            "__typename": "CalendarResultsOptionEvent"
          },
          {
            "gender": "W",
            "id": 10229528,
            "name": "Women's Long Jump",
            "combined": null,
            "__typename": "CalendarResultsOptionEvent"
          },
          {
            "gender": "W",
            "id": 10229529,
            "name": "Women's Triple Jump",
            "combined": null,
            "__typename": "CalendarResultsOptionEvent"
          },
          {
            "gender": "W",
            "id": 10229530,
            "name": "Women's Shot Put",
            "combined": null,
            "__typename": "CalendarResultsOptionEvent"
          },
          {
            "gender": "W",
            "id": 10229531,
            "name": "Women's Discus Throw",
            "combined": null,
            "__typename": "CalendarResultsOptionEvent"
          },
          {
            "gender": "W",
            "id": 10229532,
            "name": "Women's Hammer Throw",
            "combined": null,
            "__typename": "CalendarResultsOptionEvent"
          },
          {
            "gender": "W",
            "id": 10229533,
            "name": "Women's Javelin Throw",
            "combined": null,
            "__typename": "CalendarResultsOptionEvent"
          },
          {
            "gender": "W",
            "id": 10229534,
            "name": "Women's Marathon",
            "combined": null,
            "__typename": "CalendarResultsOptionEvent"
          },
          {
            "gender": "W",
            "id": 10229535,
            "name": "Women's 20 Kilometres Race Walk",
            "combined": null,
            "__typename": "CalendarResultsOptionEvent"
          },
          {
            "gender": "W",
            "id": 10229536,
            "name": "Women's Heptathlon",
            "combined": true,
            "__typename": "CalendarResultsOptionEvent"
          },
          {
            "gender": "W",
            "id": 204594,
            "name": "Women's 4x100 Metres Relay",
            "combined": null,
            "__typename": "CalendarResultsOptionEvent"
          },
          {
            "gender": "W",
            "id": 204596,
            "name": "Women's 4x400 Metres Relay",
            "combined": null,
            "__typename": "CalendarResultsOptionEvent"
          },
          {
            "gender": "M",
            "id": 10229630,
            "name": "Men's 100 Metres",
            "combined": null,
            "__typename": "CalendarResultsOptionEvent"
          },
          {
            "gender": "M",
            "id": 10229605,
            "name": "Men's 200 Metres",
            "combined": null,
            "__typename": "CalendarResultsOptionEvent"
          },
          {
            "gender": "M",
            "id": 10229631,
            "name": "Men's 400 Metres",
            "combined": null,
            "__typename": "CalendarResultsOptionEvent"
          },
          {
            "gender": "M",
            "id": 10229501,
            "name": "Men's 800 Metres",
            "combined": null,
            "__typename": "CalendarResultsOptionEvent"
          },
          {
            "gender": "M",
            "id": 10229502,
            "name": "Men's 1500 Metres",
            "combined": null,
            "__typename": "CalendarResultsOptionEvent"
          },
          {
            "gender": "M",
            "id": 10229609,
            "name": "Men's 5000 Metres",
            "combined": null,
            "__typename": "CalendarResultsOptionEvent"
          },
          {
            "gender": "M",
            "id": 10229610,
            "name": "Men's 10,000 Metres",
            "combined": null,
            "__typename": "CalendarResultsOptionEvent"
          },
          {
            "gender": "M",
            "id": 10229611,
            "name": "Men's 110 Metres Hurdles",
            "combined": null,
            "__typename": "CalendarResultsOptionEvent"
          },
          {
            "gender": "M",
            "id": 10229612,
            "name": "Men's 400 Metres Hurdles",
            "combined": null,
            "__typename": "CalendarResultsOptionEvent"
          },
          {
            "gender": "M",
            "id": 10229614,
            "name": "Men's 3000 Metres Steeplechase",
            "combined": null,
            "__typename": "CalendarResultsOptionEvent"
          },
          {
            "gender": "M",
            "id": 10229615,
            "name": "Men's High Jump",
            "combined": null,
            "__typename": "CalendarResultsOptionEvent"
          },
          {
            "gender": "M",
            "id": 10229616,
            "name": "Men's Pole Vault",
            "combined": null,
            "__typename": "CalendarResultsOptionEvent"
          },
          {
            "gender": "M",
            "id": 10229617,
            "name": "Men's Long Jump",
            "combined": null,
            "__typename": "CalendarResultsOptionEvent"
          },
          {
            "gender": "M",
            "id": 10229618,
            "name": "Men's Triple Jump",
            "combined": null,
            "__typename": "CalendarResultsOptionEvent"
          },
          {
            "gender": "M",
            "id": 10229619,
            "name": "Men's Shot Put",
            "combined": null,
            "__typename": "CalendarResultsOptionEvent"
          },
          {
            "gender": "M",
            "id": 10229620,
            "name": "Men's Discus Throw",
            "combined": null,
            "__typename": "CalendarResultsOptionEvent"
          },
          {
            "gender": "M",
            "id": 10229621,
            "name": "Men's Hammer Throw",
            "combined": null,
            "__typename": "CalendarResultsOptionEvent"
          },
          {
            "gender": "M",
            "id": 10229636,
            "name": "Men's Javelin Throw",
            "combined": null,
            "__typename": "CalendarResultsOptionEvent"
          },
          {
            "gender": "M",
            "id": 10229634,
            "name": "Men's Marathon",
            "combined": null,
            "__typename": "CalendarResultsOptionEvent"
          },
          {
            "gender": "M",
            "id": 10229508,
            "name": "Men's 20 Kilometres Race Walk",
            "combined": null,
            "__typename": "CalendarResultsOptionEvent"
          },
          {
            "gender": "M",
            "id": 10229628,
            "name": "Men's 50 Kilometres Race Walk",
            "combined": null,
            "__typename": "CalendarResultsOptionEvent"
          },
          {
            "gender": "M",
            "id": 10229629,
            "name": "Men's Decathlon",
            "combined": true,
            "__typename": "CalendarResultsOptionEvent"
          },
          {
            "gender": "M",
            "id": 204593,
            "name": "Men's 4x100 Metres Relay",
            "combined": null,
            "__typename": "CalendarResultsOptionEvent"
          },
          {
            "gender": "M",
            "id": 204595,
            "name": "Men's 4x400 Metres Relay",
            "combined": null,
            "__typename": "CalendarResultsOptionEvent"
          }
        ],
        "__typename": "CalendarResultsOptions"
      },
      "parameters": {
        "competitionId": 7003368,
        "day": null,
        "eventId": 10229634,
        "__typename": "CalendarResultsParameters"
      },
      "__typename": "CalendarCompetitionResults"
    }
  }
}