{
  "data": {
    "getCalendarCompetitionResults": {
      "competition": {
        "dateRange": "10\u201318 AUG 2013",
        "endDate": "2013-08-18",
        "name": "IAAF World Championships",
        "rankingCategory": "OW",
        "startDate": "2013-08-10",
        "venue": "Luzhniki Stadion, Moskva (RUS)",
        "__typename": "CalendarResultsCompetition"
      },
      "eventTitles": [
        {
          "rankingCategory": "OW",
          "eventTitle": null,
          "events": [
            {
              "event": "Women's 400 Metres Hurdles",
              "eventId": 10229523,
              "gender": "W",
              "isRelay": false,
              "perResultWind": false,
              "withWind": false,
              "summary": null,
              "races": [
                {
                  "date": "2013-08-15",
                  "day": 6,
                  "race": "Final",
                  "raceId": 10,
                  "raceNumber": 0,
                  "results": [
                    {
                      "competitor": {
                        "teamMembers": null,
                        "id": "1pei1bswihtjzwfdtbdy",
                        "name": "Zuzana HEJNOV\u00c1",
                        "iaafId": 190430,
                        "urlSlug": "czech-republic/zuzana-hejnova-14263088",
                        "birthDate": "19 DEC 1986",
                        "hasProfile": true,
                        "__typename": "CalendarResultsCompetitor"
                      },
                      "mark": "52.83",
                      "nationality": "CZE",
                      "place": "1.",
                      "points": null,
                      "qualified": null,
                      "records": "",
                      "wind": null,
                      "remark": null,
                      "details": null,
                      "__typename": "CalendarResultsRaceResult"
                    },
                    {
                      "competitor": {
                        "teamMembers": null,
                        "id": "5zxj5xrkizfqym6ljnmphm",
                        "name": "Dalilah MUHAMMAD",
                        "iaafId": 219379,
                        "urlSlug": "united-states/dalilah-muhammad-14317560",
                        "birthDate": "07 FEB 1990",
                        "hasProfile": true,
                        "__typename": "CalendarResultsCompetitor"
                      },
                      "mark": "54.09",
                      "nationality": "USA",
                      "place": "2.",
                      "points": null,
                      "qualified": null,
                      "records": "",
                      "wind": null,
                      "remark": null,
                      "details": null,
                      "__typename": "CalendarResultsRaceResult"
                    },
                    {
                      "competitor": {
                        "teamMembers": null,
                        "id": "49ovyp2m5dzqap6u760svd",
                        "name": "Lashinda DEMUS",
                        "iaafId": 173392,
                        "urlSlug": "united-states/lashinda-demus-014308886",
                        "birthDate": "10 MAR 1983",
                        "hasProfile": true,
                        "__typename": "CalendarResultsCompetitor"
                      },
                      "mark": "54.27",
                      "nationality": "USA",
                      "place": "3.",
                      "points": null,
                      "qualified": null,
                      "records": "",
                      "wind": null,
                      "remark": null,
                      "details": null,
                      "__typename": "CalendarResultsRaceResult"
                    },
                    {
                      "competitor": {
                        "teamMembers": null,
                        "id": "28ew2qut3ze23iy1r50bc",
                        "name": "Eilidh DOYLE",
                        "iaafId": 198360,
                        "urlSlug": "great-britain-ni/eilidh-doyle-014274691",
                        "birthDate": "20 FEB 1987",
                        "hasProfile": true,
                        "__typename": "CalendarResultsCompetitor"
                      },
                      "mark": "54.86",
                      "nationality": "GBR",
                      "place": "4.",
                      "points": null,
                      "qualified": null,
                      "records": "",
                      "wind": null,
                      "remark": null,
                      "details": null,
                      "__typename": "CalendarResultsRaceResult"
                    },
                    {
                      "competitor": {
                        "teamMembers": null,
                        "id": "29q75sfz7of7ei90ljijo3",
                        "name": "Anna RYZHYKOVA",
                        "iaafId": 237898,
                        "urlSlug": "ukraine/anna-ryzhykova-14304336",
                        "birthDate": "24 NOV 1989",
                        "hasProfile": true,
                        "__typename": "CalendarResultsCompetitor"
                      },
                      "mark": "55.01",
                      "nationality": "UKR",
                      "place": "5.",
                      "points": null,
                      "qualified": null,
                      "records": "",
                      "wind": null,
                      "remark": null,
                      "details": null,
                      "__typename": "CalendarResultsRaceResult"
                    },
                    {
                      "competitor": {
                        "teamMembers": null,
                        "id": "g0li3fkvr99ujpgd5osa9",
                        "name": "Perri SHAKES-DRAYTON",
                        "iaafId": 226698,
                        "urlSlug": "great-britain-ni/perri-shakes-drayton-14276312",
                        "birthDate": "21 DEC 1988",
                        "hasProfile": true,
                        "__typename": "CalendarResultsCompetitor"
                      },
                      "mark": "56.25",
                      "nationality": "GBR",
                      "place": "6.",
                      "points": null,
                      "qualified": null,
                      "records": "",
                      "wind": null,
                      "remark": null,
                      "details": null,
                      "__typename": "CalendarResultsRaceResult"
                    },
                    {
                      "competitor": {
                        "teamMembers": null,
                        "id": "fzw5951h0pat9boqlknxn",
                        "name": "Nickiesha WILSON",
                        "iaafId": 206160,
                        "urlSlug": "jamaica/nickiesha-wilson-014286013",
                        "birthDate": "28 JUL 1986",
                        "hasProfile": true,
                        "__typename": "CalendarResultsCompetitor"
                      },
                      "mark": "57.34",
                      "nationality": "JAM",
                      "place": "7.",
                      "points": null,
                      "qualified": null,
                      "records": "",
                      "wind": null,
                      "remark": null,
                      "details": null,
                      "__typename": "CalendarResultsRaceResult"
                    },
                    {
                      "competitor": {
                        "teamMembers": null,
                        "id": "79g1knqqyfpl8jk20x0l",
                        "name": "Hanna TITIMETS",
                        "iaafId": 228566,
                        "urlSlug": "ukraine/hanna-titimets-014304260",
                        "birthDate": "05 MAR 1989",
                        "hasProfile": true,
                        "__typename": "CalendarResultsCompetitor"
                      },
                      "mark": "DQ",
                      "nationality": "UKR",
                      "place": " - ",
                      "points": null,
                      "qualified": null,
                      "records": "",
                      "wind": null,
                      "remark": null,
                      "details": null,
                      "__typename": "CalendarResultsRaceResult"
                    }
                  ],
                  "startList": null,
                  "wind": null,
                  "__typename": "CalendarResultsRace"
                },
                {
                  "date": "2013-08-13",
                  "day": 4,
                  "race": "Semifinal - Heat",
                  "raceId": 13,
                  "raceNumber": 1,
                  "results": [
                    {
                      "competitor": {
                        "teamMembers": null,
                        "id": "83qk6w2wkgvfcuoan83v3b",
                        "name": "Zuzana HEJNOV\u00c1",
                        "iaafId": 190430,
                        "urlSlug": "czech-republic/zuzana-hejnova-14263088",
                        "birthDate": "19 DEC 1986",
                        "hasProfile": true,
                        "__typename": "CalendarResultsCompetitor"
                      },
                      "mark": "53.52",
                      "nationality": "CZE",
                      "place": "1.",
                      "points": null,
                      "qualified": false,
                      "records": "",
                      "wind": null,
                      "remark": null,
                      "details": null,
                      "__typename": "CalendarResultsRaceResult"
                    },
                    {
                      "competitor": {
                        "teamMembers": null,
                        "id": "t3h2udjwprih5u5a3qxh4",
                        "name": "Dalilah MUHAMMAD",
                        "iaafId": 219379,
                        "urlSlug": "united-states/dalilah-muhammad-14317560",
                        "birthDate": "07 FEB 1990",
                        "hasProfile": true,
                        "__typename": "CalendarResultsCompetitor"
                      },
                      "mark": "54.08",
                      "nationality": "USA",
                      "place": "2.",
                      "points": null,
                      "qualified": false,
                      "records": "",
                      "wind": null,
                      "remark": null,
                      "details": null,
                      "__typename": "CalendarResultsRaceResult"
                    },
                    {
                      "competitor": {
                        "teamMembers": null,
                        "id": "ncnhmc0zt9b3krk6a6f1d",
                        "name": "Eilidh DOYLE",
                        "iaafId": 198360,
                        "urlSlug": "great-britain-ni/eilidh-doyle-014274691",
                        "birthDate": "20 FEB 1987",
                        "hasProfile": true,
                        "__typename": "CalendarResultsCompetitor"
                      },
                      "mark": "54.32",
                      "nationality": "GBR",
                      "place": "3.",
                      "points": null,
                      "qualified": false,
                      "records": "",
                      "wind": null,
                      "remark": null,
                      "details": null,
                      "__typename": "CalendarResultsRaceResult"
                    },
                    {
                      "competitor": {
                        "teamMembers": null,
                        "id": "k718rju62nn1xdax58sojg",
                        "name": "Anna RYZHYKOVA",
                        "iaafId": 237898,
                        "urlSlug": "ukraine/anna-ryzhykova-14304336",
                        "birthDate": "24 NOV 1989",
                        "hasProfile": true,
                        "__typename": "CalendarResultsCompetitor"
                      },
                      "mark": "54.92",
                      "nationality": "UKR",
                      "place": "4.",
                      "points": null,
                      "qualified": false,
                      "records": "",
                      "wind": null,
                      "remark": null,
                      "details": null,
                      "__typename": "CalendarResultsRaceResult"
                    },
                    {
                      "competitor": {
                        "teamMembers": null,
                        "id": "v5qwrjeedp9hzvhb8h8nd",
                        "name": "Nickiesha WILSON",
                        "iaafId": 206160,
                        "urlSlug": "jamaica/nickiesha-wilson-014286013",
                        "birthDate": "28 JUL 1986",
                        "hasProfile": true,
                        "__typename": "CalendarResultsCompetitor"
                      },
                      "mark": "54.94",
                      "nationality": "JAM",
                      "place": "5.",
                      "points": null,
                      "qualified": false,
                      "records": "",
                      "wind": null,
                      "remark": null,
                      "details": null,
                      "__typename": "CalendarResultsRaceResult"
                    },
                    {
                      "competitor": {
                        "teamMembers": null,
                        "id": "y0bh95xu2ooz2z4sb92a5q",
                        "name": "Meghan BEESLEY",
                        "iaafId": 231331,
                        "urlSlug": "great-britain-ni/meghan-beesley-014274466",
                        "birthDate": "15 NOV 1989",
                        "hasProfile": true,
                        "__typename": "CalendarResultsCompetitor"
                      },
                      "mark": "54.97",
                      "nationality": "GBR",
                      "place": "6.",
                      "points": null,
                      "qualified": null,
                      "records": "",
                      "wind": null,
                      "remark": null,
                      "details": null,
                      "__typename": "CalendarResultsRaceResult"
                    },
                    {
                      "competitor": {
                        "teamMembers": null,
                        "id": "rp2fega4x69plvvgdrxay",
                        "name": "Christine SPENCE",
                        "iaafId": 201500,
                        "urlSlug": "united-states/christine-spence-014321791",
                        "birthDate": "25 NOV 1981",
                        "hasProfile": true,
                        "__typename": "CalendarResultsCompetitor"
                      },
                      "mark": "58.35",
                      "nationality": "USA",
                      "place": "7.",
                      "points": null,
                      "qualified": null,
                      "records": "",
                      "wind": null,
                      "remark": null,
                      "details": null,
                      "__typename": "CalendarResultsRaceResult"
                    },
                    {
                      "competitor": {
                        "teamMembers": null,
                        "id": "duw6uzceeg7uqcsegvshde",
                        "name": "Irina KOLESNICHENKO",
                        "iaafId": 227237,
                        "urlSlug": "russia/irina-kolesnichenko-014297577",
                        "birthDate": "27 MAY 1988",
                        "hasProfile": true,
                        "__typename": "CalendarResultsCompetitor"
                      },
                      "mark": "DQ",
                      "nationality": "RUS",
                      "place": " - ",
                      "points": null,
                      "qualified": null,
                      "records": "",
                      "wind": null,
                      "remark": null,
                      "details": null,
                      "__typename": "CalendarResultsRaceResult"
                    }
                  ],
                  "startList": null,
                  "wind": null,
                  "__typename": "CalendarResultsRace"
                },
                {
                  "date": "2013-08-13",
                  "day": 4,
                  "race": "Semifinal - Heat",
                  "raceId": 13,
                  "raceNumber": 2,
                  "results": [
                    {
                      "competitor": {
                        "teamMembers": null,
                        "id": "tue0jsptv4ktkmkyv9sjll",
                        "name": "Perri SHAKES-DRAYTON",
                        "iaafId": 226698,
                        "urlSlug": "great-britain-ni/perri-shakes-drayton-14276312",
                        "birthDate": "21 DEC 1988",
                        "hasProfile": true,
                        "__typename": "CalendarResultsCompetitor"
                      },
                      "mark": "53.92",
                      "nationality": "GBR",
                      "place": "1.",
                      "points": null,
                      "qualified": false,
                      "records": "",
                      "wind": null,
                      "remark": null,
                      "details": null,
                      "__typename": "CalendarResultsRaceResult"
                    },
                    {
                      "competitor": {
                        "teamMembers": null,
                        "id": "olo2qljjsjrj7lmptdhi",
                        "name": "Lashinda DEMUS",
                        "iaafId": 173392,
                        "urlSlug": "united-states/lashinda-demus-014308886",
                        "birthDate": "10 MAR 1983",
                        "hasProfile": true,
                        "__typename": "CalendarResultsCompetitor"
                      },
                      "mark": "54.22",
                      "nationality": "USA",
                      "place": "2.",
                      "points": null,
                      "qualified": false,
                      "records": "",
                      "wind": null,
                      "remark": null,
                      "details": null,
                      "__typename": "CalendarResultsRaceResult"
                    },
                    {
                      "competitor": {
                        "teamMembers": null,
                        "id": "9r2kehjyb94y8whgk009x",
                        "name": "Denisa ROSOLOV\u00c1",
                        "iaafId": 184087,
                        "urlSlug": "czech-republic/denisa-rosolova-14262688",
                        "birthDate": "21 AUG 1986",
                        "hasProfile": true,
                        "__typename": "CalendarResultsCompetitor"
                      },
                      "mark": "55.14",
                      "nationality": "CZE",
                      "place": "3.",
                      "points": null,
                      "qualified": null,
                      "records": "",
                      "wind": null,
                      "remark": null,
                      "details": null,
                      "__typename": "CalendarResultsRaceResult"
                    },
                    {
                      "competitor": {
                        "teamMembers": null,
                        "id": "7cvnom1wy45cwyjyt3rnt4",
                        "name": "Ristananna TRACEY",
                        "iaafId": 247856,
                        "urlSlug": "jamaica/ristananna-tracey-14367593",
                        "birthDate": "09 MAY 1992",
                        "hasProfile": true,
                        "__typename": "CalendarResultsCompetitor"
                      },
                      "mark": "55.43",
                      "nationality": "JAM",
                      "place": "4.",
                      "points": null,
                      "qualified": null,
                      "records": "",
                      "wind": null,
                      "remark": null,
                      "details": null,
                      "__typename": "CalendarResultsRaceResult"
                    },
                    {
                      "competitor": {
                        "teamMembers": null,
                        "id": "491rszkuu1vev9ynwdb0a",
                        "name": "Lauren BODEN",
                        "iaafId": 204562,
                        "urlSlug": "australia/lauren-boden-014272431",
                        "birthDate": "03 AUG 1988",
                        "hasProfile": true,
                        "__typename": "CalendarResultsCompetitor"
                      },
                      "mark": "55.75",
                      "nationality": "AUS",
                      "place": "5.",
                      "points": null,
                      "qualified": null,
                      "records": "",
                      "wind": null,
                      "remark": null,
                      "details": null,
                      "__typename": "CalendarResultsRaceResult"
                    },
                    {
                      "competitor": {
                        "teamMembers": null,
                        "id": "vrw5s1htncag8rimjlpek",
                        "name": "Vanya STAMBOLOVA",
                        "iaafId": 170641,
                        "urlSlug": "bulgaria/vanya-stambolova-014268563",
                        "birthDate": "28 NOV 1983",
                        "hasProfile": true,
                        "__typename": "CalendarResultsCompetitor"
                      },
                      "mark": "56.58",
                      "nationality": "BUL",
                      "place": "6.",
                      "points": null,
                      "qualified": null,
                      "records": "",
                      "wind": null,
                      "remark": null,
                      "details": null,
                      "__typename": "CalendarResultsRaceResult"
                    },
                    {
                      "competitor": {
                        "teamMembers": null,
                        "id": "4tnlceqs67whgsucolqkdn",
                        "name": "Hanna TITIMETS",
                        "iaafId": 228566,
                        "urlSlug": "ukraine/hanna-titimets-014304260",
                        "birthDate": "05 MAR 1989",
                        "hasProfile": true,
                        "__typename": "CalendarResultsCompetitor"
                      },
                      "mark": "DQ",
                      "nationality": "UKR",
                      "place": " - ",
                      "points": null,
                      "qualified": false,
                      "records": "",
                      "wind": null,
                      "remark": null,
                      "details": null,
                      "__typename": "CalendarResultsRaceResult"
                    },
                    {
                      "competitor": {
                        "teamMembers": null,
                        "id": "ncii73sxafhgvnqykdi9od",
                        "name": "Natalya ANTYUKH",
                        "iaafId": 178158,
                        "urlSlug": "russia/natalya-antyukh-014297264",
                        "birthDate": "26 JUN 1981",
                        "hasProfile": true,
                        "__typename": "CalendarResultsCompetitor"
                      },
                      "mark": "DQ",
                      "nationality": "RUS",
                      "place": " - ",
                      "points": null,
                      "qualified": null,
                      "records": "",
                      "wind": null,
                      "remark": null,
                      "details": null,
                      "__typename": "CalendarResultsRaceResult"
                    }
                  ],
                  "startList": null,
                  "wind": null,
                  "__typename": "CalendarResultsRace"
                },
                {
                  "date": "2013-08-12",
                  "day": 3,
                  "race": "Round 1 - Heat",
                  "raceId": 11,
                  "raceNumber": 1,
                  "results": [
                    {
                      "competitor": {
                        "teamMembers": null,
                        "id": "pxw8dqb00gmkqhvi3ki4",
                        "name": "Denisa ROSOLOV\u00c1",
                        "iaafId": 184087,
                        "urlSlug": "czech-republic/denisa-rosolova-14262688",
                        "birthDate": "21 AUG 1986",
                        "hasProfile": true,
                        "__typename": "CalendarResultsCompetitor"
                      },
                      "mark": "55.44",
                      "nationality": "CZE",
                      "place": "1.",
                      "points": null,
                      "qualified": false,
                      "records": "",
                      "wind": null,
                      "remark": null,
                      "details": null,
                      "__typename": "CalendarResultsRaceResult"
                    },
                    {
                      "competitor": {
                        "teamMembers": null,
                        "id": "32e8kturn3t49xbbwrwnvj",
                        "name": "Meghan BEESLEY",
                        "iaafId": 231331,
                        "urlSlug": "great-britain-ni/meghan-beesley-014274466",
                        "birthDate": "15 NOV 1989",
                        "hasProfile": true,
                        "__typename": "CalendarResultsCompetitor"
                      },
                      "mark": "55.45",
                      "nationality": "GBR",
                      "place": "2.",
                      "points": null,
                      "qualified": false,
                      "records": "",
                      "wind": null,
                      "remark": null,
                      "details": null,
                      "__typename": "CalendarResultsRaceResult"
                    },
                    {
                      "competitor": {
                        "teamMembers": null,
                        "id": "xlrlbum3lurkalwmo9ih",
                        "name": "Vanya STAMBOLOVA",
                        "iaafId": 170641,
                        "urlSlug": "bulgaria/vanya-stambolova-014268563",
                        "birthDate": "28 NOV 1983",
                        "hasProfile": true,
                        "__typename": "CalendarResultsCompetitor"
                      },
                      "mark": "55.91",
                      "nationality": "BUL",
                      "place": "3.",
                      "points": null,
                      "qualified": false,
                      "records": "",
                      "wind": null,
                      "remark": null,
                      "details": null,
                      "__typename": "CalendarResultsRaceResult"
                    },
                    {
                      "competitor": {
                        "teamMembers": null,
                        "id": "klbv60420tq64hi6tezotb",
                        "name": "Satomi KUBOKURA",
                        "iaafId": 194767,
                        "urlSlug": "japan/satomi-kubokura-014286933",
                        "birthDate": "27 APR 1982",
                        "hasProfile": true,
                        "__typename": "CalendarResultsCompetitor"
                      },
                      "mark": "56.33",
                      "nationality": "JPN",
                      "place": "4.",
                      "points": null,
                      "qualified": null,
                      "records": "",
                      "wind": null,
                      "remark": null,
                      "details": null,
                      "__typename": "CalendarResultsRaceResult"
                    },
                    {
                      "competitor": {
                        "teamMembers": null,
                        "id": "y2lherx5sq8ltfnunil",
                        "name": "Axelle DAUWENS",
                        "iaafId": 257524,
                        "urlSlug": "belgium/axelle-dauwens-014378548",
                        "birthDate": "01 DEC 1990",
                        "hasProfile": true,
                        "__typename": "CalendarResultsCompetitor"
                      },
                      "mark": "56.85",
                      "nationality": "BEL",
                      "place": "5.",
                      "points": null,
                      "qualified": null,
                      "records": "",
                      "wind": null,
                      "remark": null,
                      "details": null,
                      "__typename": "CalendarResultsRaceResult"
                    },
                    {
                      "competitor": {
                        "teamMembers": null,
                        "id": "910phwpti7oug4hx3jx8",
                        "name": "Hayat LAMBARKI",
                        "iaafId": 208939,
                        "urlSlug": "morocco/hayat-lambarki-014290713",
                        "birthDate": "18 MAY 1988",
                        "hasProfile": true,
                        "__typename": "CalendarResultsCompetitor"
                      },
                      "mark": "58.00",
                      "nationality": "MAR",
                      "place": "6.",
                      "points": null,
                      "qualified": null,
                      "records": "",
                      "wind": null,
                      "remark": null,
                      "details": null,
                      "__typename": "CalendarResultsRaceResult"
                    },
                    {
                      "competitor": {
                        "teamMembers": null,
                        "id": "awty5sym9ll6r01yng3hf5",
                        "name": "Georganne MOLINE",
                        "iaafId": 254252,
                        "urlSlug": "united-states/georganne-moline-014362616",
                        "birthDate": "06 MAR 1990",
                        "hasProfile": true,
                        "__typename": "CalendarResultsCompetitor"
                      },
                      "mark": "59.05",
                      "nationality": "USA",
                      "place": "7.",
                      "points": null,
                      "qualified": null,
                      "records": "",
                      "wind": null,
                      "remark": null,
                      "details": null,
                      "__typename": "CalendarResultsRaceResult"
                    },
                    {
                      "competitor": {
                        "teamMembers": null,
                        "id": "vjw7aj4dl4rflkdelx5s4r",
                        "name": "Kaliese SPENCER",
                        "iaafId": 224149,
                        "urlSlug": "jamaica/kaliese-carter-14285929",
                        "birthDate": "06 MAY 1987",
                        "hasProfile": true,
                        "__typename": "CalendarResultsCompetitor"
                      },
                      "mark": "DQ",
                      "nationality": "JAM",
                      "place": "",
                      "points": null,
                      "qualified": null,
                      "records": "",
                      "wind": null,
                      "remark": null,
                      "details": null,
                      "__typename": "CalendarResultsRaceResult"
                    }
                  ],
                  "startList": null,
                  "wind": null,
                  "__typename": "CalendarResultsRace"
                },
                {
                  "date": "2013-08-12",
                  "day": 3,
                  "race": "Round 1 - Heat",
                  "raceId": 11,
                  "raceNumber": 2,
                  "results": [
                    {
                      "competitor": {
                        "teamMembers": null,
                        "id": "p61n8mu4ma4lrrpkby5u3",
                        "name": "Zuzana HEJNOV\u00c1",
                        "iaafId": 190430,
                        "urlSlug": "czech-republic/zuzana-hejnova-14263088",
                        "birthDate": "19 DEC 1986",
                        "hasProfile": true,
                        "__typename": "CalendarResultsCompetitor"
                      },
                      "mark": "55.25",
                      "nationality": "CZE",
                      "place": "1.",
                      "points": null,
                      "qualified": false,
                      "records": "",
                      "wind": null,
                      "remark": null,
                      "details": null,
                      "__typename": "CalendarResultsRaceResult"
                    },
                    {
                      "competitor": {
                        "teamMembers": null,
                        "id": "2wjdb7uca0x45uwvv5z3ew",
                        "name": "Nickiesha WILSON",
                        "iaafId": 206160,
                        "urlSlug": "jamaica/nickiesha-wilson-014286013",
                        "birthDate": "28 JUL 1986",
                        "hasProfile": true,
                        "__typename": "CalendarResultsCompetitor"
                      },
                      "mark": "55.75",
                      "nationality": "JAM",
                      "place": "2.",
                      "points": null,
                      "qualified": false,
                      "records": "",
                      "wind": null,
                      "remark": null,
                      "details": null,
                      "__typename": "CalendarResultsRaceResult"
                    },
                    {
                      "competitor": {
                        "teamMembers": null,
                        "id": "8fnrpi85gmscpo3a9b56nj",
                        "name": "Christine SPENCE",
                        "iaafId": 201500,
                        "urlSlug": "united-states/christine-spence-014321791",
                        "birthDate": "25 NOV 1981",
                        "hasProfile": true,
                        "__typename": "CalendarResultsCompetitor"
                      },
                      "mark": "55.96",
                      "nationality": "USA",
                      "place": "3.",
                      "points": null,
                      "qualified": false,
                      "records": "",
                      "wind": null,
                      "remark": null,
                      "details": null,
                      "__typename": "CalendarResultsRaceResult"
                    },
                    {
                      "competitor": {
                        "teamMembers": null,
                        "id": "5hmtjiqmp3m3evupbe3d",
                        "name": "Anastasiya OTT",
                        "iaafId": 208998,
                        "urlSlug": "russia/anastasiya-ott-14298810",
                        "birthDate": "07 SEP 1988",
                        "hasProfile": true,
                        "__typename": "CalendarResultsCompetitor"
                      },
                      "mark": "56.39",
                      "nationality": "RUS",
                      "place": "4.",
                      "points": null,
                      "qualified": null,
                      "records": "",
                      "wind": null,
                      "remark": null,
                      "details": null,
                      "__typename": "CalendarResultsRaceResult"
                    },
                    {
                      "competitor": {
                        "teamMembers": null,
                        "id": "351sha9tmihk1fdficlf5p",
                        "name": "Annerie MOOLMAN",
                        "iaafId": 235616,
                        "urlSlug": "south-africa/annerie-moolman-014296271",
                        "birthDate": "09 AUG 1990",
                        "hasProfile": true,
                        "__typename": "CalendarResultsCompetitor"
                      },
                      "mark": "57.90",
                      "nationality": "RSA",
                      "place": "5.",
                      "points": null,
                      "qualified": null,
                      "records": "",
                      "wind": null,
                      "remark": null,
                      "details": null,
                      "__typename": "CalendarResultsRaceResult"
                    },
                    {
                      "competitor": {
                        "teamMembers": null,
                        "id": "3zd59ir9v5cumz7iz0m9",
                        "name": "Amaliya SHAROYAN",
                        "iaafId": 258637,
                        "urlSlug": "armenia/amaliya-sharoyan-014272549",
                        "birthDate": "19 JUN 1988",
                        "hasProfile": true,
                        "__typename": "CalendarResultsCompetitor"
                      },
                      "mark": "57.97",
                      "nationality": "ARM",
                      "place": "6.",
                      "points": null,
                      "qualified": null,
                      "records": "",
                      "wind": null,
                      "remark": null,
                      "details": null,
                      "__typename": "CalendarResultsRaceResult"
                    },
                    {
                      "competitor": {
                        "teamMembers": null,
                        "id": "9f780t4w6sdsc23m0nbfv",
                        "name": "Hanna TITIMETS",
                        "iaafId": 228566,
                        "urlSlug": "ukraine/hanna-titimets-014304260",
                        "birthDate": "05 MAR 1989",
                        "hasProfile": true,
                        "__typename": "CalendarResultsCompetitor"
                      },
                      "mark": "DQ",
                      "nationality": "UKR",
                      "place": " - ",
                      "points": null,
                      "qualified": false,
                      "records": "",
                      "wind": null,
                      "remark": null,
                      "details": null,
                      "__typename": "CalendarResultsRaceResult"
                    },
                    {
                      "competitor": {
                        "teamMembers": null,
                        "id": "x9cmhcltligmxjfmc2cjlo",
                        "name": "Ajoke ODUMOSU",
                        "iaafId": 196018,
                        "urlSlug": "nigeria/ajoke-odumosu-014292468",
                        "birthDate": "27 OCT 1987",
                        "hasProfile": true,
                        "__typename": "CalendarResultsCompetitor"
                      },
                      "mark": "DQ",
                      "nationality": "NGR",
                      "place": "",
                      "points": null,
                      "qualified": null,
                      "records": "",
                      "wind": null,
                      "remark": null,
                      "details": null,
                      "__typename": "CalendarResultsRaceResult"
                    }
                  ],
                  "startList": null,
                  "wind": null,
                  "__typename": "CalendarResultsRace"
                },
                {
                  "date": "2013-08-12",
                  "day": 3,
                  "race": "Round 1 - Heat",
                  "raceId": 11,
                  "raceNumber": 3,
                  "results": [
                    {
                      "competitor": {
                        "teamMembers": null,
                        "id": "2m62pziqfosbw7wiph0pc6",
                        "name": "Perri SHAKES-DRAYTON",
                        "iaafId": 226698,
                        "urlSlug": "great-britain-ni/perri-shakes-drayton-14276312",
                        "birthDate": "21 DEC 1988",
                        "hasProfile": true,
                        "__typename": "CalendarResultsCompetitor"
                      },
                      "mark": "54.42",
                      "nationality": "GBR",
                      "place": "1.",
                      "points": null,
                      "qualified": false,
                      "records": "",
                      "wind": null,
                      "remark": null,
                      "details": null,
                      "__typename": "CalendarResultsRaceResult"
                    },
                    {
                      "competitor": {
                        "teamMembers": null,
                        "id": "niu20o4b425a9l3265lyt",
                        "name": "Lashinda DEMUS",
                        "iaafId": 173392,
                        "urlSlug": "united-states/lashinda-demus-014308886",
                        "birthDate": "10 MAR 1983",
                        "hasProfile": true,
                        "__typename": "CalendarResultsCompetitor"
                      },
                      "mark": "54.94",
                      "nationality": "USA",
                      "place": "2.",
                      "points": null,
                      "qualified": false,
                      "records": "",
                      "wind": null,
                      "remark": null,
                      "details": null,
                      "__typename": "CalendarResultsRaceResult"
                    },
                    {
                      "competitor": {
                        "teamMembers": null,
                        "id": "wtzy8tmzwurbx6bgg5255c",
                        "name": "Lauren BODEN",
                        "iaafId": 204562,
                        "urlSlug": "australia/lauren-boden-014272431",
                        "birthDate": "03 AUG 1988",
                        "hasProfile": true,
                        "__typename": "CalendarResultsCompetitor"
                      },
                      "mark": "55.37",
                      "nationality": "AUS",
                      "place": "3.",
                      "points": null,
                      "qualified": false,
                      "records": "",
                      "wind": null,
                      "remark": null,
                      "details": null,
                      "__typename": "CalendarResultsRaceResult"
                    },
                    {
                      "competitor": {
                        "teamMembers": null,
                        "id": "b6qh2ucy8l77mhmnxq72c",
                        "name": "Ristananna TRACEY",
                        "iaafId": 247856,
                        "urlSlug": "jamaica/ristananna-tracey-14367593",
                        "birthDate": "09 MAY 1992",
                        "hasProfile": true,
                        "__typename": "CalendarResultsCompetitor"
                      },
                      "mark": "55.94",
                      "nationality": "JAM",
                      "place": "4.",
                      "points": null,
                      "qualified": false,
                      "records": "",
                      "wind": null,
                      "remark": null,
                      "details": null,
                      "__typename": "CalendarResultsRaceResult"
                    },
                    {
                      "competitor": {
                        "teamMembers": null,
                        "id": "vkcbxzt7kra8fdfdtf8p4n",
                        "name": "Phara ANACHARSIS",
                        "iaafId": 190078,
                        "urlSlug": "france/phara-anacharsis-14258762",
                        "birthDate": "17 DEC 1983",
                        "hasProfile": true,
                        "__typename": "CalendarResultsCompetitor"
                      },
                      "mark": "56.73",
                      "nationality": "FRA",
                      "place": "5.",
                      "points": null,
                      "qualified": null,
                      "records": "",
                      "wind": null,
                      "remark": null,
                      "details": null,
                      "__typename": "CalendarResultsRaceResult"
                    },
                    {
                      "competitor": {
                        "teamMembers": null,
                        "id": "b5wzs6hxiru5tjss0zhdi8",
                        "name": "Sparkle MC KNIGHT",
                        "iaafId": 252979,
                        "urlSlug": "trinidad-and-tobago/sparkle-mc-knight-14303028",
                        "birthDate": "21 DEC 1991",
                        "hasProfile": true,
                        "__typename": "CalendarResultsCompetitor"
                      },
                      "mark": "58.85",
                      "nationality": "TTO",
                      "place": "6.",
                      "points": null,
                      "qualified": null,
                      "records": "",
                      "wind": null,
                      "remark": null,
                      "details": null,
                      "__typename": "CalendarResultsRaceResult"
                    },
                    {
                      "competitor": {
                        "teamMembers": null,
                        "id": "jx57nkwig4czplu9zokzn8",
                        "name": "Natalya ANTYUKH",
                        "iaafId": 178158,
                        "urlSlug": "russia/natalya-antyukh-014297264",
                        "birthDate": "26 JUN 1981",
                        "hasProfile": true,
                        "__typename": "CalendarResultsCompetitor"
                      },
                      "mark": "DQ",
                      "nationality": "RUS",
                      "place": " - ",
                      "points": null,
                      "qualified": false,
                      "records": "",
                      "wind": null,
                      "remark": null,
                      "details": null,
                      "__typename": "CalendarResultsRaceResult"
                    },
                    {
                      "competitor": {
                        "teamMembers": null,
                        "id": "afcwx20iygb6uyvpgbcfhr",
                        "name": "Christine Sonali MERRILL",
                        "iaafId": 256842,
                        "urlSlug": "sri-lanka/christine-sonali-merrill-014316872",
                        "birthDate": "20 AUG 1987",
                        "hasProfile": true,
                        "__typename": "CalendarResultsCompetitor"
                      },
                      "mark": "DQ",
                      "nationality": "SRI",
                      "place": "",
                      "points": null,
                      "qualified": null,
                      "records": "",
                      "wind": null,
                      "remark": null,
                      "details": null,
                      "__typename": "CalendarResultsRaceResult"
                    }
                  ],
                  "startList": null,
                  "wind": null,
                  "__typename": "CalendarResultsRace"
                },
                {
                  "date": "2013-08-12",
                  "day": 3,
                  "race": "Round 1 - Heat",
                  "raceId": 11,
                  "raceNumber": 4,
                  "results": [
                    {
                      "competitor": {
                        "teamMembers": null,
                        "id": "tu7kxv7pwl8rs3r88m9xm",
                        "name": "Dalilah MUHAMMAD",
                        "iaafId": 219379,
                        "urlSlug": "united-states/dalilah-muhammad-14317560",
                        "birthDate": "07 FEB 1990",
                        "hasProfile": true,
                        "__typename": "CalendarResultsCompetitor"
                      },
                      "mark": "54.90",
                      "nationality": "USA",
                      "place": "1.",
                      "points": null,
                      "qualified": false,
                      "records": "",
                      "wind": null,
                      "remark": null,
                      "details": null,
                      "__typename": "CalendarResultsRaceResult"
                    },
                    {
                      "competitor": {
                        "teamMembers": null,
                        "id": "9vz72rvnggomq80l7ubys",
                        "name": "Eilidh DOYLE",
                        "iaafId": 198360,
                        "urlSlug": "great-britain-ni/eilidh-doyle-014274691",
                        "birthDate": "20 FEB 1987",
                        "hasProfile": true,
                        "__typename": "CalendarResultsCompetitor"
                      },
                      "mark": "55.17",
                      "nationality": "GBR",
                      "place": "2.",
                      "points": null,
                      "qualified": false,
                      "records": "",
                      "wind": null,
                      "remark": null,
                      "details": null,
                      "__typename": "CalendarResultsRaceResult"
                    },
                    {
                      "competitor": {
                        "teamMembers": null,
                        "id": "rdcexosftocj49ju31fay",
                        "name": "Anna RYZHYKOVA",
                        "iaafId": 237898,
                        "urlSlug": "ukraine/anna-ryzhykova-14304336",
                        "birthDate": "24 NOV 1989",
                        "hasProfile": true,
                        "__typename": "CalendarResultsCompetitor"
                      },
                      "mark": "55.73",
                      "nationality": "UKR",
                      "place": "3.",
                      "points": null,
                      "qualified": false,
                      "records": "",
                      "wind": null,
                      "remark": null,
                      "details": null,
                      "__typename": "CalendarResultsRaceResult"
                    },
                    {
                      "competitor": {
                        "teamMembers": null,
                        "id": "mag84x88pfbeyhyrvm8r",
                        "name": "Jennifer ROCKWELL-GROSSARTH",
                        "iaafId": 203938,
                        "urlSlug": "italy/jennifer-rockwell-grossarth-014320111",
                        "birthDate": "18 MAY 1983",
                        "hasProfile": true,
                        "__typename": "CalendarResultsCompetitor"
                      },
                      "mark": "56.53",
                      "nationality": "ITA",
                      "place": "4.",
                      "points": null,
                      "qualified": null,
                      "records": "",
                      "wind": null,
                      "remark": null,
                      "details": null,
                      "__typename": "CalendarResultsRaceResult"
                    },
                    {
                      "competitor": {
                        "teamMembers": null,
                        "id": "jaeh2yolln17ms54fj3tzh",
                        "name": "Danielle DOWIE",
                        "iaafId": 241383,
                        "urlSlug": "jamaica/danielle-dowie-014285658",
                        "birthDate": "05 MAY 1992",
                        "hasProfile": true,
                        "__typename": "CalendarResultsCompetitor"
                      },
                      "mark": "57.03",
                      "nationality": "JAM",
                      "place": "5.",
                      "points": null,
                      "qualified": null,
                      "records": "",
                      "wind": null,
                      "remark": null,
                      "details": null,
                      "__typename": "CalendarResultsRaceResult"
                    },
                    {
                      "competitor": {
                        "teamMembers": null,
                        "id": "qpr6o6t5hj9qry8uda38e",
                        "name": "Ugonna NDU",
                        "iaafId": 252397,
                        "urlSlug": "nigeria/ugonna-ndu-014335833",
                        "birthDate": "27 JUN 1991",
                        "hasProfile": true,
                        "__typename": "CalendarResultsCompetitor"
                      },
                      "mark": "57.27",
                      "nationality": "NGR",
                      "place": "6.",
                      "points": null,
                      "qualified": null,
                      "records": "",
                      "wind": null,
                      "remark": null,
                      "details": null,
                      "__typename": "CalendarResultsRaceResult"
                    },
                    {
                      "competitor": {
                        "teamMembers": null,
                        "id": "ha6vda68a5d28agis8hqdg",
                        "name": "Noelle MONTCALM",
                        "iaafId": 250115,
                        "urlSlug": "canada/noelle-montcalm-14267493",
                        "birthDate": "03 APR 1988",
                        "hasProfile": true,
                        "__typename": "CalendarResultsCompetitor"
                      },
                      "mark": "57.50",
                      "nationality": "CAN",
                      "place": "7.",
                      "points": null,
                      "qualified": null,
                      "records": "",
                      "wind": null,
                      "remark": null,
                      "details": null,
                      "__typename": "CalendarResultsRaceResult"
                    },
                    {
                      "competitor": {
                        "teamMembers": null,
                        "id": "0d023jfm4l2fnzpvolmh58",
                        "name": "Irina KOLESNICHENKO",
                        "iaafId": 227237,
                        "urlSlug": "russia/irina-kolesnichenko-014297577",
                        "birthDate": "27 MAY 1988",
                        "hasProfile": true,
                        "__typename": "CalendarResultsCompetitor"
                      },
                      "mark": "DQ",
                      "nationality": "RUS",
                      "place": " - ",
                      "points": null,
                      "qualified": false,
                      "records": "",
                      "wind": null,
                      "remark": null,
                      "details": null,
                      "__typename": "CalendarResultsRaceResult"
                    }
                  ],
                  "startList": null,
                  "wind": null,
                  "__typename": "CalendarResultsRace"
                }
              ],
              "__typename": "CalendarResultsEvent"
            }
          ],
          "__typename": "CalendarResultsEventTitle"
        }
      ],
      "options": {
        "days": [
          {
            "date": "10 AUG 2013",
            "day": 1,
            "__typename": "CalendarResultsOptionsDay"
          },
          {
            "date": "11 AUG 2013",
            "day": 2,
            "__typename": "CalendarResultsOptionsDay"
          },
          {
            "date": "12 AUG 2013",
            "day": 3,
            "__typename": "CalendarResultsOptionsDay"
          },
          {
            "date": "13 AUG 2013",
            "day": 4,
            "__typename": "CalendarResultsOptionsDay"
          },
          {
            "date": "14 AUG 2013",
            "day": 5,
            "__typename": "CalendarResultsOptionsDay"
          },
          {
            "date": "15 AUG 2013",
            "day": 6,
            "__typename": "CalendarResultsOptionsDay"
          },
          {
            "date": "16 AUG 2013",
            "day": 7,
            "__typename": "CalendarResultsOptionsDay"
          },
          {
            "date": "17 AUG 2013",
            "day": 8,
            "__typename": "CalendarResultsOptionsDay"
          },
          {
            "date": "18 AUG 2013",
            "day": 9,
            "__typename": "CalendarResultsOptionsDay"
          }
        ],
        "events": [
          {
            "gender": "W",
            "id": 10229509,
            "name": "Women's 100 Metres",
            "combined": null,
            "__typename": "CalendarResultsOptionEvent"
          },
          {
            "gender": "W",
            "id": 10229510,
            "name": "Women's 200 Metres",
            "combined": null,
            "__typename": "CalendarResultsOptionEvent"
          },
          {
            "gender": "W",
            "id": 10229511,
            "name": "Women's 400 Metres",
            "combined": null,
            "__typename": "CalendarResultsOptionEvent"
          },
          {
            "gender": "W",
            "id": 10229512,
            "name": "Women's 800 Metres",
            "combined": null,
            "__typename": "CalendarResultsOptionEvent"
          },
          {
            "gender": "W",
            "id": 10229513,
            "name": "Women's 1500 Metres",
            "combined": null,
            "__typename": "CalendarResultsOptionEvent"
          },
          {
            "gender": "W",
            "id": 10229514,
            "name": "Women's 5000 Metres",
            "combined": null,
            "__typename": "CalendarResultsOptionEvent"
          },
          {
            "gender": "W",
            "id": 10229521,
            "name": "Women's 10,000 Metres",
            "combined": null,
            "__typename": "CalendarResultsOptionEvent"
          },
          {
            "gender": "W",
            "id": 10229522,
            "name": "Women's 100 Metres Hurdles",
            "combined": null,
            "__typename": "CalendarResultsOptionEvent"
          },
          {
            "gender": "W",
            "id": 10229523,
            "name": "Women's 400 Metres Hurdles",
            "combined": null,
            "__typename": "CalendarResultsOptionEvent"
          },
          {
            "gender": "W",
            "id": 10229524,
            "name": "Women's 3000 Metres Steeplechase",
            "combined": null,
            "__typename": "CalendarResultsOptionEvent"
          },
          {
            "gender": "W",
            "id": 10229526,
            "name": "Women's High Jump",
            "combined": null,
            "__typename": "CalendarResultsOptionEvent"
          },
          {
            "gender": "W",
            "id": 10229527,
            "name": "Women's Pole Vault",
            "combined": null,
            "__typename": "CalendarResultsOptionEvent"
          },
          {
            "gender": "W",
            "id": 10229528,
            "name": "Women's Long Jump",
            "combined": null,
            "__typename": "CalendarResultsOptionEvent"
          },
          {
            "gender": "W",
            "id": 10229529,
            "name": "Women's Triple Jump",
            "combined": null,
            "__typename": "CalendarResultsOptionEvent"
          },
          {
            "gender": "W",
            "id": 10229530,
            "name": "Women's Shot Put",
            "combined": null,
            "__typename": "CalendarResultsOptionEvent"
          },
          {
            "gender": "W",
            "id": 10229531,
            "name": "Women's Discus Throw",
            "combined": null,
            "__typename": "CalendarResultsOptionEvent"
          },
          {
            "gender": "W",
            "id": 10229532,
            "name": "Women's Hammer Throw",
            "combined": null,
            "__typename": "CalendarResultsOptionEvent"
          },
          {
            "gender": "W",
            "id": 10229533,
            "name": "Women's Javelin Throw",
            "combined": null,
            "__typename": "CalendarResultsOptionEvent"
          },
          {
            "gender": "W",
            "id": 10229534,
            "name": "Women's Marathon",
            "combined": null,
            "__typename": "CalendarResultsOptionEvent"
          },
          {
            "gender": "W",
            "id": 10229535,
            "name": "Women's 20 Kilometres Race Walk",
            "combined": null,
            "__typename": "CalendarResultsOptionEvent"
          },
          {
            "gender": "W",
            "id": 10229536,
            "name": "Women's Heptathlon",
            "combined": true,
            "__typename": "CalendarResultsOptionEvent"
          },
          {
            "gender": "W",
            "id": 204594,
            "name": "Women's 4x100 Metres Relay",
            "combined": null,
            "__typename": "CalendarResultsOptionEvent"
          },
          {
            "gender": "W",
            "id": 204596,
            "name": "Women's 4x400 Metres Relay",
            "combined": null,
            "__typename": "CalendarResultsOptionEvent"
          },
          {
            "gender": "M",
            "id": 10229630,
            "name": "Men's 100 Metres",
            "combined": null,
            "__typename": "CalendarResultsOptionEvent"
          },
          {
            "gender": "M",
            "id": 10229605,
            "name": "Men's 200 Metres",
            "combined": null,
            "__typename": "CalendarResultsOptionEvent"
          },
          {
            "gender": "M",
            "id": 10229631,
            "name": "Men's 400 Metres",
            "combined": null,
            "__typename": "CalendarResultsOptionEvent"
          },
          {
            "gender": "M",
            "id": 10229501,
            "name": "Men's 800 Metres",
            "combined": null,
            "__typename": "CalendarResultsOptionEvent"
          },
          {
            "gender": "M",
            "id": 10229502,
            "name": "Men's 1500 Metres",
            "combined": null,
            "__typename": "CalendarResultsOptionEvent"
          },
          {
            "gender": "M",
            "id": 10229609,
            "name": "Men's 5000 Metres",
            "combined": null,
            "__typename": "CalendarResultsOptionEvent"
          },
          {
            "gender": "M",
            "id": 10229610,
            "name": "Men's 10,000 Metres",
            "combined": null,
            "__typename": "CalendarResultsOptionEvent"
          },
          {
            "gender": "M",
            "id": 10229611,
            "name": "Men's 110 Metres Hurdles",
            "combined": null,
            "__typename": "CalendarResultsOptionEvent"
          },
          {
            "gender": "M",
            "id": 10229612,
            "name": "Men's 400 Metres Hurdles",
            "combined": null,
            "__typename": "CalendarResultsOptionEvent"
          },
          {
            "gender": "M",
            "id": 10229614,
            "name": "Men's 3000 Metres Steeplechase",
            "combined": null,
            "__typename": "CalendarResultsOptionEvent"
          },
          {
            "gender": "M",
            "id": 10229615,
            "name": "Men's High Jump",
            "combined": null,
            "__typename": "CalendarResultsOptionEvent"
          },
          {
            "gender": "M",
            "id": 10229616,
            "name": "Men's Pole Vault",
            "combined": null,
            "__typename": "CalendarResultsOptionEvent"
          },
          {
            "gender": "M",
            "id": 10229617,
            "name": "Men's Long Jump",
            "combined": null,
            "__typename": "CalendarResultsOptionEvent"
          },
          {
            "gender": "M",
            "id": 10229618,
            "name": "Men's Triple Jump",
            "combined": null,
            "__typename": "CalendarResultsOptionEvent"
          },
          {
            "gender": "M",
            "id": 10229619,
            "name": "Men's Shot Put",
            "combined": null,
            "__typename": "CalendarResultsOptionEvent"
          },
          {
            "gender": "M",
            "id": 10229620,
            "name": "Men's Discus Throw",
            "combined": null,
            "__typename": "CalendarResultsOptionEvent"
          },
          {
            "gender": "M",
            "id": 10229621,
            "name": "Men's Hammer Throw",
            "combined": null,
            "__typename": "CalendarResultsOptionEvent"
          },
          {
            "gender": "M",
            "id": 10229636,
            "name": "Men's Javelin Throw",
            "combined": null,
            "__typename": "CalendarResultsOptionEvent"
          },
          {
            "gender": "M",
            "id": 10229634,
            "name": "Men's Marathon",
            "combined": null,
            "__typename": "CalendarResultsOptionEvent"
          },
          {
            "gender": "M",
            "id": 10229508,
            "name": "Men's 20 Kilometres Race Walk",
            "combined": null,
            "__typename": "CalendarResultsOptionEvent"
          },
          {
            "gender": "M",
            "id": 10229628,
            "name": "Men's 50 Kilometres Race Walk",
            "combined": null,
            "__typename": "CalendarResultsOptionEvent"
          },
          {
            "gender": "M",
            "id": 10229629,
            "name": "Men's Decathlon",
            "combined": true,
            "__typename": "CalendarResultsOptionEvent"
          },
          {
            "gender": "M",
            "id": 204593,
            "name": "Men's 4x100 Metres Relay",
            "combined": null,
            "__typename": "CalendarResultsOptionEvent"
          },
          {
            "gender": "M",
            "id": 204595,
            "name": "Men's 4x400 Metres Relay",
            "combined": null,
            "__typename": "CalendarResultsOptionEvent"
          }
        ],
        "__typename": "CalendarResultsOptions"
      },
      "parameters": {
        "competitionId": 7003368,
        "day": null,
        "eventId": 10229523,
        "__typename": "CalendarResultsParameters"
      },
      "__typename": "CalendarCompetitionResults"
    }
  }
}