{
  "data": {
    "getCalendarCompetitionResults": {
      "competition": {
        "dateRange": "27 AUG\u201304 SEP 2011",
        "endDate": "2011-09-04",
        "name": "IAAF World Championships",
        "rankingCategory": "OW",
        "startDate": "2011-08-27",
        "venue": "DS, Daegu (KOR)",
        "__typename": "CalendarResultsCompetition"
      },
      "eventTitles": [
        {
          "rankingCategory": "OW",
          "eventTitle": null,
          "events": [
            {
              "event": "Men's 5000 Metres",
              "eventId": 10229609,
              "gender": "M",
              "isRelay": false,
              "perResultWind": false,
              "withWind": false,
              "summary": null,
              "races": [
                {
                  "date": "2011-09-04",
                  "day": 9,
                  "race": "Final",
                  "raceId": 10,
                  "raceNumber": 0,
                  "results": [
                    {
                      "competitor": {
                        "teamMembers": null,
                        "id": "3ccijjtwlrg98nb04ui4d4",
                        "name": "Mo FARAH",
                        "iaafId": 179892,
                        "urlSlug": "great-britain-ni/mo-farah-14189197",
                        "birthDate": "23 MAR 1983",
                        "hasProfile": true,
                        "__typename": "CalendarResultsCompetitor"
                      },
                      "mark": "13:23.36",
                      "nationality": "GBR",
                      "place": "1.",
                      "points": null,
                      "qualified": null,
                      "records": "",
                      "wind": null,
                      "remark": null,
                      "details": null,
                      "__typename": "CalendarResultsRaceResult"
                    },
                    {
                      "competitor": {
                        "teamMembers": null,
                        "id": "sqen547a7s6n9s2s4dne5",
                        "name": "Bernard LAGAT",
                        "iaafId": 135263,
                        "urlSlug": "united-states/bernard-lagat-014243507",
                        "birthDate": "12 DEC 1974",
                        "hasProfile": true,
                        "__typename": "CalendarResultsCompetitor"
                      },
                      "mark": "13:23.64",
                      "nationality": "USA",
                      "place": "2.",
                      "points": null,
                      "qualified": null,
                      "records": "",
                      "wind": null,
                      "remark": null,
                      "details": null,
                      "__typename": "CalendarResultsRaceResult"
                    },
                    {
                      "competitor": {
                        "teamMembers": null,
                        "id": "ap4o3awo8vgca4f3qu5vrt",
                        "name": "Dejen GEBREMESKEL",
                        "iaafId": 238386,
                        "urlSlug": "ethiopia/dejen-gebremeskel-014181470",
                        "birthDate": "24 NOV 1989",
                        "hasProfile": true,
                        "__typename": "CalendarResultsCompetitor"
                      },
                      "mark": "13:23.92",
                      "nationality": "ETH",
                      "place": "3.",
                      "points": null,
                      "qualified": null,
                      "records": "",
                      "wind": null,
                      "remark": null,
                      "details": null,
                      "__typename": "CalendarResultsRaceResult"
                    },
                    {
                      "competitor": {
                        "teamMembers": null,
                        "id": "gei3ubp6syvw7djncn691b",
                        "name": "Isiah Kiplangat KOECH",
                        "iaafId": 248700,
                        "urlSlug": "kenya/isiah-kiplangat-koech-014375779",
                        "birthDate": "19 DEC 1993",
                        "hasProfile": true,
                        "__typename": "CalendarResultsCompetitor"
                      },
                      "mark": "13:24.95",
                      "nationality": "KEN",
                      "place": "4.",
                      "points": null,
                      "qualified": null,
                      "records": "",
                      "wind": null,
                      "remark": null,
                      "details": null,
                      "__typename": "CalendarResultsRaceResult"
                    },
                    {
                      "competitor": {
                        "teamMembers": null,
                        "id": "jd6eax0ew1djyzfjblzj7g",
                        "name": "Abera KUMA",
                        "iaafId": 235678,
                        "urlSlug": "ethiopia/abera-kuma-014181547",
                        "birthDate": "31 AUG 1990",
                        "hasProfile": true,
                        "__typename": "CalendarResultsCompetitor"
                      },
                      "mark": "13:25.50",
                      "nationality": "ETH",
                      "place": "5.",
                      "points": null,
                      "qualified": null,
                      "records": "",
                      "wind": null,
                      "remark": null,
                      "details": null,
                      "__typename": "CalendarResultsRaceResult"
                    },
                    {
                      "competitor": {
                        "teamMembers": null,
                        "id": "ggkf288sdqgwg11kbdhsff",
                        "name": "Thomas Pkemei LONGOSIWA",
                        "iaafId": 203604,
                        "urlSlug": "kenya/thomas-pkemei-longosiwa-014208920",
                        "birthDate": "14 JAN 1982",
                        "hasProfile": true,
                        "__typename": "CalendarResultsCompetitor"
                      },
                      "mark": "13:26.73",
                      "nationality": "KEN",
                      "place": "6.",
                      "points": null,
                      "qualified": null,
                      "records": "",
                      "wind": null,
                      "remark": null,
                      "details": null,
                      "__typename": "CalendarResultsRaceResult"
                    },
                    {
                      "competitor": {
                        "teamMembers": null,
                        "id": "wxubvhhd73yse6nn3fr6s",
                        "name": "Eliud KIPCHOGE",
                        "iaafId": 188307,
                        "urlSlug": "kenya/eliud-kipchoge-14208194",
                        "birthDate": "05 NOV 1984",
                        "hasProfile": true,
                        "__typename": "CalendarResultsCompetitor"
                      },
                      "mark": "13:27.27",
                      "nationality": "KEN",
                      "place": "7.",
                      "points": null,
                      "qualified": null,
                      "records": "",
                      "wind": null,
                      "remark": null,
                      "details": null,
                      "__typename": "CalendarResultsRaceResult"
                    },
                    {
                      "competitor": {
                        "teamMembers": null,
                        "id": "q7m2mx9n4dm07orj1wu1g",
                        "name": "Bilisuma Shugi GELASSA",
                        "iaafId": 254841,
                        "urlSlug": "bahrain/bilisuma-shugi-gelassa-014335995",
                        "birthDate": "19 JUL 1989",
                        "hasProfile": true,
                        "__typename": "CalendarResultsCompetitor"
                      },
                      "mark": "13:27.67",
                      "nationality": "BRN",
                      "place": "8.",
                      "points": null,
                      "qualified": null,
                      "records": "",
                      "wind": null,
                      "remark": null,
                      "details": null,
                      "__typename": "CalendarResultsRaceResult"
                    },
                    {
                      "competitor": {
                        "teamMembers": null,
                        "id": "qex3pjbzbhdmtz9b85ip",
                        "name": "Galen RUPP",
                        "iaafId": 196507,
                        "urlSlug": "united-states/galen-rupp-14250207",
                        "birthDate": "08 MAY 1986",
                        "hasProfile": true,
                        "__typename": "CalendarResultsCompetitor"
                      },
                      "mark": "13:28.64",
                      "nationality": "USA",
                      "place": "9.",
                      "points": null,
                      "qualified": null,
                      "records": "",
                      "wind": null,
                      "remark": null,
                      "details": null,
                      "__typename": "CalendarResultsRaceResult"
                    },
                    {
                      "competitor": {
                        "teamMembers": null,
                        "id": "6s7prgpn5wxmxbxzqiw6rm",
                        "name": "Daniele MEUCCI",
                        "iaafId": 202349,
                        "urlSlug": "italy/daniele-meucci-14200873",
                        "birthDate": "07 OCT 1985",
                        "hasProfile": true,
                        "__typename": "CalendarResultsCompetitor"
                      },
                      "mark": "13:29.11",
                      "nationality": "ITA",
                      "place": "10.",
                      "points": null,
                      "qualified": null,
                      "records": "",
                      "wind": null,
                      "remark": null,
                      "details": null,
                      "__typename": "CalendarResultsRaceResult"
                    },
                    {
                      "competitor": {
                        "teamMembers": null,
                        "id": "vmy2pybwpt0lfizdr7310k",
                        "name": "Amanuel MESEL",
                        "iaafId": 228074,
                        "urlSlug": "eritrea/amanuel-mesel-14167408",
                        "birthDate": "29 DEC 1990",
                        "hasProfile": true,
                        "__typename": "CalendarResultsCompetitor"
                      },
                      "mark": "13:33.99",
                      "nationality": "ERI",
                      "place": "11.",
                      "points": null,
                      "qualified": null,
                      "records": "",
                      "wind": null,
                      "remark": null,
                      "details": null,
                      "__typename": "CalendarResultsRaceResult"
                    },
                    {
                      "competitor": {
                        "teamMembers": null,
                        "id": "lfzzy9fq9xn1b25wllfcgf",
                        "name": "Jes\u00fas ESPA\u00d1A",
                        "iaafId": 137894,
                        "urlSlug": "spain/jesus-espana-014166673",
                        "birthDate": "21 AUG 1978",
                        "hasProfile": true,
                        "__typename": "CalendarResultsCompetitor"
                      },
                      "mark": "13:33.99",
                      "nationality": "ESP",
                      "place": "12.",
                      "points": null,
                      "qualified": null,
                      "records": "",
                      "wind": null,
                      "remark": null,
                      "details": null,
                      "__typename": "CalendarResultsRaceResult"
                    },
                    {
                      "competitor": {
                        "teamMembers": null,
                        "id": "6eojqp6ve7noz6d9oobi7r",
                        "name": "Alistair Ian CRAGG",
                        "iaafId": 56071,
                        "urlSlug": "ireland/alistair-ian-cragg-014198809",
                        "birthDate": "13 JUN 1980",
                        "hasProfile": true,
                        "__typename": "CalendarResultsCompetitor"
                      },
                      "mark": "13:45.33",
                      "nationality": "IRL",
                      "place": "13.",
                      "points": null,
                      "qualified": null,
                      "records": "",
                      "wind": null,
                      "remark": null,
                      "details": null,
                      "__typename": "CalendarResultsRaceResult"
                    },
                    {
                      "competitor": {
                        "teamMembers": null,
                        "id": "tkkcrljxise4t0qd1nnzgg",
                        "name": "Jake ROBERTSON",
                        "iaafId": 207827,
                        "urlSlug": "new-zealand/jake-robertson-14215842",
                        "birthDate": "14 NOV 1989",
                        "hasProfile": true,
                        "__typename": "CalendarResultsCompetitor"
                      },
                      "mark": "14:03.09",
                      "nationality": "NZL",
                      "place": "14.",
                      "points": null,
                      "qualified": null,
                      "records": "",
                      "wind": null,
                      "remark": null,
                      "details": null,
                      "__typename": "CalendarResultsRaceResult"
                    },
                    {
                      "competitor": {
                        "teamMembers": null,
                        "id": "d5nj81i2tngwh29z0ne8t",
                        "name": "Hussein Jamaan AL HAMDAH",
                        "iaafId": 245958,
                        "urlSlug": "saudi-arabia/hussein-jamaan-al-hamdah-014210696",
                        "birthDate": "04 AUG 1983",
                        "hasProfile": true,
                        "__typename": "CalendarResultsCompetitor"
                      },
                      "mark": "DQ",
                      "nationality": "KSA",
                      "place": " - ",
                      "points": null,
                      "qualified": null,
                      "records": "",
                      "wind": null,
                      "remark": null,
                      "details": null,
                      "__typename": "CalendarResultsRaceResult"
                    },
                    {
                      "competitor": {
                        "teamMembers": null,
                        "id": "nfnjm6qgrp5g3ab96dqn",
                        "name": "Imane MERGA",
                        "iaafId": 233013,
                        "urlSlug": "ethiopia/imane-merga-014181578",
                        "birthDate": "15 OCT 1988",
                        "hasProfile": true,
                        "__typename": "CalendarResultsCompetitor"
                      },
                      "mark": "DQ",
                      "nationality": "ETH",
                      "place": "",
                      "points": null,
                      "qualified": null,
                      "records": "",
                      "wind": null,
                      "remark": null,
                      "details": null,
                      "__typename": "CalendarResultsRaceResult"
                    }
                  ],
                  "startList": null,
                  "wind": null,
                  "__typename": "CalendarResultsRace"
                },
                {
                  "date": "2011-09-01",
                  "day": 6,
                  "race": "Round 1 - Heat",
                  "raceId": 11,
                  "raceNumber": 1,
                  "results": [
                    {
                      "competitor": {
                        "teamMembers": null,
                        "id": "u4alt7ruhwmxlzb35yxwrh",
                        "name": "Bernard LAGAT",
                        "iaafId": 135263,
                        "urlSlug": "united-states/bernard-lagat-014243507",
                        "birthDate": "12 DEC 1974",
                        "hasProfile": true,
                        "__typename": "CalendarResultsCompetitor"
                      },
                      "mark": "13:33.90",
                      "nationality": "USA",
                      "place": "1.",
                      "points": null,
                      "qualified": false,
                      "records": "",
                      "wind": null,
                      "remark": null,
                      "details": null,
                      "__typename": "CalendarResultsRaceResult"
                    },
                    {
                      "competitor": {
                        "teamMembers": null,
                        "id": "r0a5086td6bcc5dx4vvjov",
                        "name": "Thomas Pkemei LONGOSIWA",
                        "iaafId": 203604,
                        "urlSlug": "kenya/thomas-pkemei-longosiwa-014208920",
                        "birthDate": "14 JAN 1982",
                        "hasProfile": true,
                        "__typename": "CalendarResultsCompetitor"
                      },
                      "mark": "13:34.46",
                      "nationality": "KEN",
                      "place": "2.",
                      "points": null,
                      "qualified": false,
                      "records": "",
                      "wind": null,
                      "remark": null,
                      "details": null,
                      "__typename": "CalendarResultsRaceResult"
                    },
                    {
                      "competitor": {
                        "teamMembers": null,
                        "id": "q2jlj7i520g8mnv2iohl7t",
                        "name": "Dejen GEBREMESKEL",
                        "iaafId": 238386,
                        "urlSlug": "ethiopia/dejen-gebremeskel-014181470",
                        "birthDate": "24 NOV 1989",
                        "hasProfile": true,
                        "__typename": "CalendarResultsCompetitor"
                      },
                      "mark": "13:34.48",
                      "nationality": "ETH",
                      "place": "3.",
                      "points": null,
                      "qualified": false,
                      "records": "",
                      "wind": null,
                      "remark": null,
                      "details": null,
                      "__typename": "CalendarResultsRaceResult"
                    },
                    {
                      "competitor": {
                        "teamMembers": null,
                        "id": "5k4pnxqtfs3ys8c7hr1jbs",
                        "name": "Isiah Kiplangat KOECH",
                        "iaafId": 248700,
                        "urlSlug": "kenya/isiah-kiplangat-koech-014375779",
                        "birthDate": "19 DEC 1993",
                        "hasProfile": true,
                        "__typename": "CalendarResultsCompetitor"
                      },
                      "mark": "13:34.54",
                      "nationality": "KEN",
                      "place": "4.",
                      "points": null,
                      "qualified": false,
                      "records": "",
                      "wind": null,
                      "remark": null,
                      "details": null,
                      "__typename": "CalendarResultsRaceResult"
                    },
                    {
                      "competitor": {
                        "teamMembers": null,
                        "id": "ab6aod6786zhp0w83s729",
                        "name": "Galen RUPP",
                        "iaafId": 196507,
                        "urlSlug": "united-states/galen-rupp-14250207",
                        "birthDate": "08 MAY 1986",
                        "hasProfile": true,
                        "__typename": "CalendarResultsCompetitor"
                      },
                      "mark": "13:34.91",
                      "nationality": "USA",
                      "place": "5.",
                      "points": null,
                      "qualified": false,
                      "records": "",
                      "wind": null,
                      "remark": null,
                      "details": null,
                      "__typename": "CalendarResultsRaceResult"
                    },
                    {
                      "competitor": {
                        "teamMembers": null,
                        "id": "ky2yaf63c4qijepr5cyuq7",
                        "name": "Bilisuma Shugi GELASSA",
                        "iaafId": 254841,
                        "urlSlug": "bahrain/bilisuma-shugi-gelassa-014335995",
                        "birthDate": "19 JUL 1989",
                        "hasProfile": true,
                        "__typename": "CalendarResultsCompetitor"
                      },
                      "mark": "13:35.86",
                      "nationality": "BRN",
                      "place": "6.",
                      "points": null,
                      "qualified": null,
                      "records": "",
                      "wind": null,
                      "remark": null,
                      "details": null,
                      "__typename": "CalendarResultsRaceResult"
                    },
                    {
                      "competitor": {
                        "teamMembers": null,
                        "id": "w0n18jqkutnab1g6x75sm8",
                        "name": "Daniele MEUCCI",
                        "iaafId": 202349,
                        "urlSlug": "italy/daniele-meucci-14200873",
                        "birthDate": "07 OCT 1985",
                        "hasProfile": true,
                        "__typename": "CalendarResultsCompetitor"
                      },
                      "mark": "13:39.90",
                      "nationality": "ITA",
                      "place": "7.",
                      "points": null,
                      "qualified": null,
                      "records": "",
                      "wind": null,
                      "remark": null,
                      "details": null,
                      "__typename": "CalendarResultsRaceResult"
                    },
                    {
                      "competitor": {
                        "teamMembers": null,
                        "id": "tjs08ygt56b7rebjdosrpt",
                        "name": "Javier Adolfo CARRIQUEO",
                        "iaafId": 55920,
                        "urlSlug": "argentina/javier-adolfo-carriqueo-14180489",
                        "birthDate": "29 MAY 1979",
                        "hasProfile": true,
                        "__typename": "CalendarResultsCompetitor"
                      },
                      "mark": "13:47.51",
                      "nationality": "ARG",
                      "place": "8.",
                      "points": null,
                      "qualified": null,
                      "records": "",
                      "wind": null,
                      "remark": null,
                      "details": null,
                      "__typename": "CalendarResultsRaceResult"
                    },
                    {
                      "competitor": {
                        "teamMembers": null,
                        "id": "6njiwjfp8b7m6wivu2kjen",
                        "name": "Collis BIRMINGHAM",
                        "iaafId": 194175,
                        "urlSlug": "australia/collis-birmingham-014180101",
                        "birthDate": "27 DEC 1984",
                        "hasProfile": true,
                        "__typename": "CalendarResultsCompetitor"
                      },
                      "mark": "13:47.88",
                      "nationality": "AUS",
                      "place": "9.",
                      "points": null,
                      "qualified": null,
                      "records": "",
                      "wind": null,
                      "remark": null,
                      "details": null,
                      "__typename": "CalendarResultsRaceResult"
                    },
                    {
                      "competitor": {
                        "teamMembers": null,
                        "id": "yd9j77xicejgaun8k0jyg",
                        "name": "Mumin GALA",
                        "iaafId": 237269,
                        "urlSlug": "djibouti/mumin-gala-014225279",
                        "birthDate": "06 APR 1986",
                        "hasProfile": true,
                        "__typename": "CalendarResultsCompetitor"
                      },
                      "mark": "13:48.19",
                      "nationality": "DJI",
                      "place": "10.",
                      "points": null,
                      "qualified": null,
                      "records": "",
                      "wind": null,
                      "remark": null,
                      "details": null,
                      "__typename": "CalendarResultsRaceResult"
                    },
                    {
                      "competitor": {
                        "teamMembers": null,
                        "id": "2ofoa0sfmb3kh11xb3iau",
                        "name": "Rui SILVA",
                        "iaafId": 50437,
                        "urlSlug": "portugal/rui-silva-014218604",
                        "birthDate": "03 AUG 1977",
                        "hasProfile": true,
                        "__typename": "CalendarResultsCompetitor"
                      },
                      "mark": "13:50.16",
                      "nationality": "POR",
                      "place": "11.",
                      "points": null,
                      "qualified": null,
                      "records": "",
                      "wind": null,
                      "remark": null,
                      "details": null,
                      "__typename": "CalendarResultsRaceResult"
                    },
                    {
                      "competitor": {
                        "teamMembers": null,
                        "id": "6u0cjdriurh5pvj8pzaepl",
                        "name": "Craig MOTTRAM",
                        "iaafId": 137796,
                        "urlSlug": "australia/craig-mottram-014179098",
                        "birthDate": "18 JUN 1980",
                        "hasProfile": true,
                        "__typename": "CalendarResultsCompetitor"
                      },
                      "mark": "13:56.60",
                      "nationality": "AUS",
                      "place": "12.",
                      "points": null,
                      "qualified": null,
                      "records": "",
                      "wind": null,
                      "remark": null,
                      "details": null,
                      "__typename": "CalendarResultsRaceResult"
                    },
                    {
                      "competitor": {
                        "teamMembers": null,
                        "id": "77i15j9qgedtu0evijpc2k",
                        "name": "Moses KIBET",
                        "iaafId": 243104,
                        "urlSlug": "uganda/moses-kibet-014330063",
                        "birthDate": "23 MAR 1991",
                        "hasProfile": true,
                        "__typename": "CalendarResultsCompetitor"
                      },
                      "mark": "14:05.15",
                      "nationality": "UGA",
                      "place": "13.",
                      "points": null,
                      "qualified": null,
                      "records": "",
                      "wind": null,
                      "remark": null,
                      "details": null,
                      "__typename": "CalendarResultsRaceResult"
                    },
                    {
                      "competitor": {
                        "teamMembers": null,
                        "id": "l72e31x9ftgt6qct9xz",
                        "name": "Goitom KIFLE",
                        "iaafId": 246280,
                        "urlSlug": "eritrea/goitom-kifle-14366697",
                        "birthDate": "03 DEC 1993",
                        "hasProfile": true,
                        "__typename": "CalendarResultsCompetitor"
                      },
                      "mark": "14:06.42",
                      "nationality": "ERI",
                      "place": "14.",
                      "points": null,
                      "qualified": null,
                      "records": "",
                      "wind": null,
                      "remark": null,
                      "details": null,
                      "__typename": "CalendarResultsRaceResult"
                    },
                    {
                      "competitor": {
                        "teamMembers": null,
                        "id": "37bbf7bxamps54kvbbo7e",
                        "name": "Abdishakor Nagea ABDULLE",
                        "iaafId": 267590,
                        "urlSlug": "somalia/abdishakor-nagea-abdulle-014429205",
                        "birthDate": "23 JUN 1993",
                        "hasProfile": true,
                        "__typename": "CalendarResultsCompetitor"
                      },
                      "mark": "15:13.64",
                      "nationality": "SOM",
                      "place": "15.",
                      "points": null,
                      "qualified": null,
                      "records": "",
                      "wind": null,
                      "remark": null,
                      "details": null,
                      "__typename": "CalendarResultsRaceResult"
                    },
                    {
                      "competitor": {
                        "teamMembers": null,
                        "id": "azza7ajd8d8fydmahnkh8h",
                        "name": "Adrian BLINCOE",
                        "iaafId": 132749,
                        "urlSlug": "new-zealand/adrian-blincoe-014215585",
                        "birthDate": "04 NOV 1979",
                        "hasProfile": true,
                        "__typename": "CalendarResultsCompetitor"
                      },
                      "mark": "DNS",
                      "nationality": "NZL",
                      "place": "",
                      "points": null,
                      "qualified": null,
                      "records": "",
                      "wind": null,
                      "remark": null,
                      "details": null,
                      "__typename": "CalendarResultsRaceResult"
                    },
                    {
                      "competitor": {
                        "teamMembers": null,
                        "id": "iowdcbtnup9avpdwsk0nh9",
                        "name": "Kenenisa BEKELE",
                        "iaafId": 138200,
                        "urlSlug": "ethiopia/kenenisa-bekele-14181357",
                        "birthDate": "13 JUN 1982",
                        "hasProfile": true,
                        "__typename": "CalendarResultsCompetitor"
                      },
                      "mark": "DNS",
                      "nationality": "ETH",
                      "place": "",
                      "points": null,
                      "qualified": null,
                      "records": "",
                      "wind": null,
                      "remark": null,
                      "details": null,
                      "__typename": "CalendarResultsRaceResult"
                    },
                    {
                      "competitor": {
                        "teamMembers": null,
                        "id": "zevnytcsobcnfs443n6pk",
                        "name": "Francisco Javier ALVES",
                        "iaafId": 138206,
                        "urlSlug": "spain/francisco-javier-alves-14167262",
                        "birthDate": "03 SEP 1980",
                        "hasProfile": true,
                        "__typename": "CalendarResultsCompetitor"
                      },
                      "mark": "DNF",
                      "nationality": "ESP",
                      "place": "",
                      "points": null,
                      "qualified": null,
                      "records": "",
                      "wind": null,
                      "remark": null,
                      "details": null,
                      "__typename": "CalendarResultsRaceResult"
                    },
                    {
                      "competitor": {
                        "teamMembers": null,
                        "id": "c59zrseu2rr4t0zjvll9f",
                        "name": "Mounir MAIOUT",
                        "iaafId": 262520,
                        "urlSlug": "algeria/mounir-maiout-014373507",
                        "birthDate": "14 SEP 1984",
                        "hasProfile": true,
                        "__typename": "CalendarResultsCompetitor"
                      },
                      "mark": "DNF",
                      "nationality": "ALG",
                      "place": "",
                      "points": null,
                      "qualified": null,
                      "records": "",
                      "wind": null,
                      "remark": null,
                      "details": null,
                      "__typename": "CalendarResultsRaceResult"
                    },
                    {
                      "competitor": {
                        "teamMembers": null,
                        "id": "r24brm59bir07guqdavf",
                        "name": "Hussein Jamaan AL HAMDAH",
                        "iaafId": 245958,
                        "urlSlug": "saudi-arabia/hussein-jamaan-al-hamdah-014210696",
                        "birthDate": "04 AUG 1983",
                        "hasProfile": true,
                        "__typename": "CalendarResultsCompetitor"
                      },
                      "mark": "DQ",
                      "nationality": "KSA",
                      "place": " - ",
                      "points": null,
                      "qualified": false,
                      "records": "",
                      "wind": null,
                      "remark": null,
                      "details": null,
                      "__typename": "CalendarResultsRaceResult"
                    }
                  ],
                  "startList": null,
                  "wind": null,
                  "__typename": "CalendarResultsRace"
                },
                {
                  "date": "2011-09-01",
                  "day": 6,
                  "race": "Round 1 - Heat",
                  "raceId": 11,
                  "raceNumber": 2,
                  "results": [
                    {
                      "competitor": {
                        "teamMembers": null,
                        "id": "gmkynnqs0ykq8nb102rlmq",
                        "name": "Imane MERGA",
                        "iaafId": 233013,
                        "urlSlug": "ethiopia/imane-merga-014181578",
                        "birthDate": "15 OCT 1988",
                        "hasProfile": true,
                        "__typename": "CalendarResultsCompetitor"
                      },
                      "mark": "13:37.96",
                      "nationality": "ETH",
                      "place": "1.",
                      "points": null,
                      "qualified": false,
                      "records": "",
                      "wind": null,
                      "remark": null,
                      "details": null,
                      "__typename": "CalendarResultsRaceResult"
                    },
                    {
                      "competitor": {
                        "teamMembers": null,
                        "id": "0fml7e6l0xvqedoe2u4c7lh",
                        "name": "Mo FARAH",
                        "iaafId": 179892,
                        "urlSlug": "great-britain-ni/mo-farah-14189197",
                        "birthDate": "23 MAR 1983",
                        "hasProfile": true,
                        "__typename": "CalendarResultsCompetitor"
                      },
                      "mark": "13:38.03",
                      "nationality": "GBR",
                      "place": "2.",
                      "points": null,
                      "qualified": false,
                      "records": "",
                      "wind": null,
                      "remark": null,
                      "details": null,
                      "__typename": "CalendarResultsRaceResult"
                    },
                    {
                      "competitor": {
                        "teamMembers": null,
                        "id": "brqgmmgotqs2f97z1q24fh",
                        "name": "Abera KUMA",
                        "iaafId": 235678,
                        "urlSlug": "ethiopia/abera-kuma-014181547",
                        "birthDate": "31 AUG 1990",
                        "hasProfile": true,
                        "__typename": "CalendarResultsCompetitor"
                      },
                      "mark": "13:38.41",
                      "nationality": "ETH",
                      "place": "3.",
                      "points": null,
                      "qualified": false,
                      "records": "",
                      "wind": null,
                      "remark": null,
                      "details": null,
                      "__typename": "CalendarResultsRaceResult"
                    },
                    {
                      "competitor": {
                        "teamMembers": null,
                        "id": "0ig1evlv305hpcb3vscuf",
                        "name": "Eliud KIPCHOGE",
                        "iaafId": 188307,
                        "urlSlug": "kenya/eliud-kipchoge-14208194",
                        "birthDate": "05 NOV 1984",
                        "hasProfile": true,
                        "__typename": "CalendarResultsCompetitor"
                      },
                      "mark": "13:39.02",
                      "nationality": "KEN",
                      "place": "4.",
                      "points": null,
                      "qualified": false,
                      "records": "",
                      "wind": null,
                      "remark": null,
                      "details": null,
                      "__typename": "CalendarResultsRaceResult"
                    },
                    {
                      "competitor": {
                        "teamMembers": null,
                        "id": "cnlteiot8jmpjdituy42f",
                        "name": "Alistair Ian CRAGG",
                        "iaafId": 56071,
                        "urlSlug": "ireland/alistair-ian-cragg-014198809",
                        "birthDate": "13 JUN 1980",
                        "hasProfile": true,
                        "__typename": "CalendarResultsCompetitor"
                      },
                      "mark": "13:39.36",
                      "nationality": "IRL",
                      "place": "5.",
                      "points": null,
                      "qualified": false,
                      "records": "",
                      "wind": null,
                      "remark": null,
                      "details": null,
                      "__typename": "CalendarResultsRaceResult"
                    },
                    {
                      "competitor": {
                        "teamMembers": null,
                        "id": "oyz1wujyzmyoa6mpa7um",
                        "name": "Amanuel MESEL",
                        "iaafId": 228074,
                        "urlSlug": "eritrea/amanuel-mesel-14167408",
                        "birthDate": "29 DEC 1990",
                        "hasProfile": true,
                        "__typename": "CalendarResultsCompetitor"
                      },
                      "mark": "13:39.97",
                      "nationality": "ERI",
                      "place": "6.",
                      "points": null,
                      "qualified": false,
                      "records": "",
                      "wind": null,
                      "remark": null,
                      "details": null,
                      "__typename": "CalendarResultsRaceResult"
                    },
                    {
                      "competitor": {
                        "teamMembers": null,
                        "id": "8jvxjkvvx7aeti6nbo8tl",
                        "name": "Jes\u00fas ESPA\u00d1A",
                        "iaafId": 137894,
                        "urlSlug": "spain/jesus-espana-014166673",
                        "birthDate": "21 AUG 1978",
                        "hasProfile": true,
                        "__typename": "CalendarResultsCompetitor"
                      },
                      "mark": "13:40.38",
                      "nationality": "ESP",
                      "place": "7.",
                      "points": null,
                      "qualified": false,
                      "records": "",
                      "wind": null,
                      "remark": null,
                      "details": null,
                      "__typename": "CalendarResultsRaceResult"
                    },
                    {
                      "competitor": {
                        "teamMembers": null,
                        "id": "z41tes0idkiiyx6acjtagn",
                        "name": "Abraham KIPLIMO",
                        "iaafId": 208088,
                        "urlSlug": "uganda/abraham-kiplimo-014229602",
                        "birthDate": "14 APR 1989",
                        "hasProfile": true,
                        "__typename": "CalendarResultsCompetitor"
                      },
                      "mark": "13:44.09",
                      "nationality": "UGA",
                      "place": "8.",
                      "points": null,
                      "qualified": null,
                      "records": "",
                      "wind": null,
                      "remark": null,
                      "details": null,
                      "__typename": "CalendarResultsRaceResult"
                    },
                    {
                      "competitor": {
                        "teamMembers": null,
                        "id": "eko0517q1smrkqycw8polo",
                        "name": "Andrew BUMBALOUGH",
                        "iaafId": 223751,
                        "urlSlug": "united-states/andrew-bumbalough-014233770",
                        "birthDate": "14 MAR 1987",
                        "hasProfile": true,
                        "__typename": "CalendarResultsCompetitor"
                      },
                      "mark": "13:44.38",
                      "nationality": "USA",
                      "place": "9.",
                      "points": null,
                      "qualified": null,
                      "records": "",
                      "wind": null,
                      "remark": null,
                      "details": null,
                      "__typename": "CalendarResultsRaceResult"
                    },
                    {
                      "competitor": {
                        "teamMembers": null,
                        "id": "7ojwd0hrnpa0z8j3u5v2vo",
                        "name": "Elroy GELANT",
                        "iaafId": 244723,
                        "urlSlug": "south-africa/elroy-gelant-14220053",
                        "birthDate": "25 AUG 1986",
                        "hasProfile": true,
                        "__typename": "CalendarResultsCompetitor"
                      },
                      "mark": "13:48.33",
                      "nationality": "RSA",
                      "place": "10.",
                      "points": null,
                      "qualified": null,
                      "records": "",
                      "wind": null,
                      "remark": null,
                      "details": null,
                      "__typename": "CalendarResultsRaceResult"
                    },
                    {
                      "competitor": {
                        "teamMembers": null,
                        "id": "exhm0rs045w70mscqbmt2h",
                        "name": "Ben ST. LAWRENCE",
                        "iaafId": 231661,
                        "urlSlug": "australia/ben-st-lawrence-014178764",
                        "birthDate": "07 NOV 1981",
                        "hasProfile": true,
                        "__typename": "CalendarResultsCompetitor"
                      },
                      "mark": "13:51.64",
                      "nationality": "AUS",
                      "place": "11.",
                      "points": null,
                      "qualified": null,
                      "records": "",
                      "wind": null,
                      "remark": null,
                      "details": null,
                      "__typename": "CalendarResultsRaceResult"
                    },
                    {
                      "competitor": {
                        "teamMembers": null,
                        "id": "3f041snymqfumotmc4b6i",
                        "name": "Jake ROBERTSON",
                        "iaafId": 207827,
                        "urlSlug": "new-zealand/jake-robertson-14215842",
                        "birthDate": "14 NOV 1989",
                        "hasProfile": true,
                        "__typename": "CalendarResultsCompetitor"
                      },
                      "mark": "13:53.57",
                      "nationality": "NZL",
                      "place": "12.",
                      "points": null,
                      "qualified": false,
                      "records": "",
                      "wind": null,
                      "remark": null,
                      "details": null,
                      "__typename": "CalendarResultsRaceResult"
                    },
                    {
                      "competitor": {
                        "teamMembers": null,
                        "id": "anjgqnl7hqsrgnxf7xfxvh",
                        "name": "Geofrey KUSURO",
                        "iaafId": 205669,
                        "urlSlug": "uganda/geofrey-kusuro-014229613",
                        "birthDate": "12 FEB 1989",
                        "hasProfile": true,
                        "__typename": "CalendarResultsCompetitor"
                      },
                      "mark": "13:54.58",
                      "nationality": "UGA",
                      "place": "13.",
                      "points": null,
                      "qualified": null,
                      "records": "",
                      "wind": null,
                      "remark": null,
                      "details": null,
                      "__typename": "CalendarResultsRaceResult"
                    },
                    {
                      "competitor": {
                        "teamMembers": null,
                        "id": "z59qdbrgrya4czlpd81wvb",
                        "name": "Dejeni REGASSA",
                        "iaafId": 254842,
                        "urlSlug": "bahrain/dejeni-regassa-014181596",
                        "birthDate": "18 APR 1989",
                        "hasProfile": true,
                        "__typename": "CalendarResultsCompetitor"
                      },
                      "mark": "13:56.83",
                      "nationality": "BRN",
                      "place": "14.",
                      "points": null,
                      "qualified": null,
                      "records": "",
                      "wind": null,
                      "remark": null,
                      "details": null,
                      "__typename": "CalendarResultsRaceResult"
                    },
                    {
                      "competitor": {
                        "teamMembers": null,
                        "id": "jfwyyzgtzf9x0ihdsxk25l",
                        "name": "Sylvain RUKUNDO",
                        "iaafId": 223718,
                        "urlSlug": "rwanda/sylvain-rukundo-014224748",
                        "birthDate": "20 DEC 1988",
                        "hasProfile": true,
                        "__typename": "CalendarResultsCompetitor"
                      },
                      "mark": "13:58.92",
                      "nationality": "RWA",
                      "place": "15.",
                      "points": null,
                      "qualified": null,
                      "records": "",
                      "wind": null,
                      "remark": null,
                      "details": null,
                      "__typename": "CalendarResultsRaceResult"
                    },
                    {
                      "competitor": {
                        "teamMembers": null,
                        "id": "glfcw5e0uyuti2qq6bo6f",
                        "name": "Rabah ABOUD",
                        "iaafId": 174831,
                        "urlSlug": "algeria/rabah-aboud-014180905",
                        "birthDate": "01 JAN 1981",
                        "hasProfile": true,
                        "__typename": "CalendarResultsCompetitor"
                      },
                      "mark": "14:00.34",
                      "nationality": "ALG",
                      "place": "16.",
                      "points": null,
                      "qualified": null,
                      "records": "",
                      "wind": null,
                      "remark": null,
                      "details": null,
                      "__typename": "CalendarResultsRaceResult"
                    },
                    {
                      "competitor": {
                        "teamMembers": null,
                        "id": "os3tmvvv7808ajspj8ays",
                        "name": "Gerard GAHUNGU",
                        "iaafId": 267431,
                        "urlSlug": "burundi/gerard-gahungu-014481416",
                        "birthDate": "05 MAY 1989",
                        "hasProfile": true,
                        "__typename": "CalendarResultsCompetitor"
                      },
                      "mark": "14:09.15",
                      "nationality": "BDI",
                      "place": "17.",
                      "points": null,
                      "qualified": null,
                      "records": "",
                      "wind": null,
                      "remark": null,
                      "details": null,
                      "__typename": "CalendarResultsRaceResult"
                    },
                    {
                      "competitor": {
                        "teamMembers": null,
                        "id": "74ciev8ddnmtadwej6b0w",
                        "name": "Kazuya WATANABE",
                        "iaafId": 223886,
                        "urlSlug": "japan/kazuya-watanabe-014206709",
                        "birthDate": "07 JUL 1987",
                        "hasProfile": true,
                        "__typename": "CalendarResultsCompetitor"
                      },
                      "mark": "14:20.62",
                      "nationality": "JPN",
                      "place": "18.",
                      "points": null,
                      "qualified": null,
                      "records": "",
                      "wind": null,
                      "remark": null,
                      "details": null,
                      "__typename": "CalendarResultsRaceResult"
                    },
                    {
                      "competitor": {
                        "teamMembers": null,
                        "id": "v3yfbl0irdqzf003h2l8im",
                        "name": "Seungho BAEK",
                        "iaafId": 267530,
                        "urlSlug": "korea/seungho-baek-14382918",
                        "birthDate": "16 DEC 1990",
                        "hasProfile": true,
                        "__typename": "CalendarResultsCompetitor"
                      },
                      "mark": "15:01.37",
                      "nationality": "KOR",
                      "place": "19.",
                      "points": null,
                      "qualified": null,
                      "records": "",
                      "wind": null,
                      "remark": null,
                      "details": null,
                      "__typename": "CalendarResultsRaceResult"
                    },
                    {
                      "competitor": {
                        "teamMembers": null,
                        "id": "cm2ef6fumn7xca9ybngoij",
                        "name": "Christian NGNINGBA",
                        "iaafId": 267081,
                        "urlSlug": "gabon/christian-ngningba-014486149",
                        "birthDate": "30 DEC 1984",
                        "hasProfile": true,
                        "__typename": "CalendarResultsCompetitor"
                      },
                      "mark": "18:44.06",
                      "nationality": "GAB",
                      "place": "20.",
                      "points": null,
                      "qualified": null,
                      "records": "",
                      "wind": null,
                      "remark": null,
                      "details": null,
                      "__typename": "CalendarResultsRaceResult"
                    },
                    {
                      "competitor": {
                        "teamMembers": null,
                        "id": "bwf3eoca4j5z6b2g7nko4e",
                        "name": "Abudllah Abdulaziz AL JOUD",
                        "iaafId": 245957,
                        "urlSlug": "saudi-arabia/abudllah-abdulaziz-al-joud-014366673",
                        "birthDate": "10 JUL 1975",
                        "hasProfile": true,
                        "__typename": "CalendarResultsCompetitor"
                      },
                      "mark": "DNF",
                      "nationality": "KSA",
                      "place": "",
                      "points": null,
                      "qualified": null,
                      "records": "",
                      "wind": null,
                      "remark": null,
                      "details": null,
                      "__typename": "CalendarResultsRaceResult"
                    }
                  ],
                  "startList": null,
                  "wind": null,
                  "__typename": "CalendarResultsRace"
                }
              ],
              "__typename": "CalendarResultsEvent"
            }
          ],
          "__typename": "CalendarResultsEventTitle"
        }
      ],
      "options": {
        "days": [
          {
            "date": "27 AUG 2011",
            "day": 1,
            "__typename": "CalendarResultsOptionsDay"
          },
          {
            "date": "28 AUG 2011",
            "day": 2,
            "__typename": "CalendarResultsOptionsDay"
          },
          {
            "date": "29 AUG 2011",
            "day": 3,
            "__typename": "CalendarResultsOptionsDay"
          },
          {
            "date": "30 AUG 2011",
            "day": 4,
            "__typename": "CalendarResultsOptionsDay"
          },
          {
            "date": "31 AUG 2011",
            "day": 5,
            "__typename": "CalendarResultsOptionsDay"
          },
          {
            "date": "01 SEP 2011",
            "day": 6,
            "__typename": "CalendarResultsOptionsDay"
          },
          {
            "date": "02 SEP 2011",
            "day": 7,
            "__typename": "CalendarResultsOptionsDay"
          },
          {
            "date": "03 SEP 2011",
            "day": 8,
            "__typename": "CalendarResultsOptionsDay"
          },
          {
            "date": "04 SEP 2011",
            "day": 9,
            "__typename": "CalendarResultsOptionsDay"
          }
        ],
        "events": [
          {
            "gender": "W",
            "id": 10229509,
            "name": "Women's 100 Metres",
            "combined": null,
            "__typename": "CalendarResultsOptionEvent"
          },
          {
            "gender": "W",
            "id": 10229510,
            "name": "Women's 200 Metres",
            "combined": null,
            "__typename": "CalendarResultsOptionEvent"
          },
          {
            "gender": "W",
            "id": 10229511,
            "name": "Women's 400 Metres",
            "combined": null,
            "__typename": "CalendarResultsOptionEvent"
          },
          {
            "gender": "W",
            "id": 10229512,
            "name": "Women's 800 Metres",
            "combined": null,
            "__typename": "CalendarResultsOptionEvent"
          },
          {
            "gender": "W",
            "id": 10229513,
            "name": "Women's 1500 Metres",
            "combined": null,
            "__typename": "CalendarResultsOptionEvent"
          },
          {
            "gender": "W",
            "id": 10229514,
            "name": "Women's 5000 Metres",
            "combined": null,
            "__typename": "CalendarResultsOptionEvent"
          },
          {
            "gender": "W",
            "id": 10229521,
            "name": "Women's 10,000 Metres",
            "combined": null,
            "__typename": "CalendarResultsOptionEvent"
          },
          {
            "gender": "W",
            "id": 10229522,
            "name": "Women's 100 Metres Hurdles",
            "combined": null,
            "__typename": "CalendarResultsOptionEvent"
          },
          {
            "gender": "W",
            "id": 10229523,
            "name": "Women's 400 Metres Hurdles",
            "combined": null,
            "__typename": "CalendarResultsOptionEvent"
          },
          {
            "gender": "W",
            "id": 10229524,
            "name": "Women's 3000 Metres Steeplechase",
            "combined": null,
            "__typename": "CalendarResultsOptionEvent"
          },
          {
            "gender": "W",
            "id": 10230058,
            "name": "Women's 800 Metres T54",
            "combined": null,
            "__typename": "CalendarResultsOptionEvent"
          },
          {
            "gender": "W",
            "id": 10229526,
            "name": "Women's High Jump",
            "combined": null,
            "__typename": "CalendarResultsOptionEvent"
          },
          {
            "gender": "W",
            "id": 10229527,
            "name": "Women's Pole Vault",
            "combined": null,
            "__typename": "CalendarResultsOptionEvent"
          },
          {
            "gender": "W",
            "id": 10229528,
            "name": "Women's Long Jump",
            "combined": null,
            "__typename": "CalendarResultsOptionEvent"
          },
          {
            "gender": "W",
            "id": 10229529,
            "name": "Women's Triple Jump",
            "combined": null,
            "__typename": "CalendarResultsOptionEvent"
          },
          {
            "gender": "W",
            "id": 10229530,
            "name": "Women's Shot Put",
            "combined": null,
            "__typename": "CalendarResultsOptionEvent"
          },
          {
            "gender": "W",
            "id": 10229531,
            "name": "Women's Discus Throw",
            "combined": null,
            "__typename": "CalendarResultsOptionEvent"
          },
          {
            "gender": "W",
            "id": 10229532,
            "name": "Women's Hammer Throw",
            "combined": null,
            "__typename": "CalendarResultsOptionEvent"
          },
          {
            "gender": "W",
            "id": 10229533,
            "name": "Women's Javelin Throw",
            "combined": null,
            "__typename": "CalendarResultsOptionEvent"
          },
          {
            "gender": "W",
            "id": 10229534,
            "name": "Women's Marathon",
            "combined": null,
            "__typename": "CalendarResultsOptionEvent"
          },
          {
            "gender": "W",
            "id": 10229535,
            "name": "Women's 20 Kilometres Race Walk",
            "combined": null,
            "__typename": "CalendarResultsOptionEvent"
          },
          {
            "gender": "W",
            "id": 10229536,
            "name": "Women's Heptathlon",
            "combined": true,
            "__typename": "CalendarResultsOptionEvent"
          },
          {
            "gender": "W",
            "id": 204594,
            "name": "Women's 4x100 Metres Relay",
            "combined": null,
            "__typename": "CalendarResultsOptionEvent"
          },
          {
            "gender": "W",
            "id": 204596,
            "name": "Women's 4x400 Metres Relay",
            "combined": null,
            "__typename": "CalendarResultsOptionEvent"
          },
          {
            "gender": "M",
            "id": 10229630,
            "name": "Men's 100 Metres",
            "combined": null,
            "__typename": "CalendarResultsOptionEvent"
          },
          {
            "gender": "M",
            "id": 10229605,
            "name": "Men's 200 Metres",
            "combined": null,
            "__typename": "CalendarResultsOptionEvent"
          },
          {
            "gender": "M",
            "id": 10229631,
            "name": "Men's 400 Metres",
            "combined": null,
            "__typename": "CalendarResultsOptionEvent"
          },
          {
            "gender": "M",
            "id": 10229501,
            "name": "Men's 800 Metres",
            "combined": null,
            "__typename": "CalendarResultsOptionEvent"
          },
          {
            "gender": "M",
            "id": 10229502,
            "name": "Men's 1500 Metres",
            "combined": null,
            "__typename": "CalendarResultsOptionEvent"
          },
          {
            "gender": "M",
            "id": 10229609,
            "name": "Men's 5000 Metres",
            "combined": null,
            "__typename": "CalendarResultsOptionEvent"
          },
          {
            "gender": "M",
            "id": 10229610,
            "name": "Men's 10,000 Metres",
            "combined": null,
            "__typename": "CalendarResultsOptionEvent"
          },
          {
            "gender": "M",
            "id": 10229611,
            "name": "Men's 110 Metres Hurdles",
            "combined": null,
            "__typename": "CalendarResultsOptionEvent"
          },
          {
            "gender": "M",
            "id": 10229612,
            "name": "Men's 400 Metres Hurdles",
            "combined": null,
            "__typename": "CalendarResultsOptionEvent"
          },
          {
            "gender": "M",
            "id": 10229614,
            "name": "Men's 3000 Metres Steeplechase",
            "combined": null,
            "__typename": "CalendarResultsOptionEvent"
          },
          {
            "gender": "M",
            "id": 10230057,
            "name": "Men's 400 Metres T53",
            "combined": null,
            "__typename": "CalendarResultsOptionEvent"
          },
          {
            "gender": "M",
            "id": 10229615,
            "name": "Men's High Jump",
            "combined": null,
            "__typename": "CalendarResultsOptionEvent"
          },
          {
            "gender": "M",
            "id": 10229616,
            "name": "Men's Pole Vault",
            "combined": null,
            "__typename": "CalendarResultsOptionEvent"
          },
          {
            "gender": "M",
            "id": 10229617,
            "name": "Men's Long Jump",
            "combined": null,
            "__typename": "CalendarResultsOptionEvent"
          },
          {
            "gender": "M",
            "id": 10229618,
            "name": "Men's Triple Jump",
            "combined": null,
            "__typename": "CalendarResultsOptionEvent"
          },
          {
            "gender": "M",
            "id": 10229619,
            "name": "Men's Shot Put",
            "combined": null,
            "__typename": "CalendarResultsOptionEvent"
          },
          {
            "gender": "M",
            "id": 10229620,
            "name": "Men's Discus Throw",
            "combined": null,
            "__typename": "CalendarResultsOptionEvent"
          },
          {
            "gender": "M",
            "id": 10229621,
            "name": "Men's Hammer Throw",
            "combined": null,
            "__typename": "CalendarResultsOptionEvent"
          },
          {
            "gender": "M",
            "id": 10229636,
            "name": "Men's Javelin Throw",
            "combined": null,
            "__typename": "CalendarResultsOptionEvent"
          },
          {
            "gender": "M",
            "id": 10229634,
            "name": "Men's Marathon",
            "combined": null,
            "__typename": "CalendarResultsOptionEvent"
          },
          {
            "gender": "M",
            "id": 10229508,
            "name": "Men's 20 Kilometres Race Walk",
            "combined": null,
            "__typename": "CalendarResultsOptionEvent"
          },
          {
            "gender": "M",
            "id": 10229627,
            "name": "Men's 35 Kilometres Race Walk",
            "combined": null,
            "__typename": "CalendarResultsOptionEvent"
          },
          {
            "gender": "M",
            "id": 10229628,
            "name": "Men's 50 Kilometres Race Walk",
            "combined": null,
            "__typename": "CalendarResultsOptionEvent"
          },
          {
            "gender": "M",
            "id": 10229629,
            "name": "Men's Decathlon",
            "combined": true,
            "__typename": "CalendarResultsOptionEvent"
          },
          {
            "gender": "M",
            "id": 204593,
            "name": "Men's 4x100 Metres Relay",
            "combined": null,
            "__typename": "CalendarResultsOptionEvent"
          },
          {
            "gender": "M",
            "id": 204595,
            "name": "Men's 4x400 Metres Relay",
            "combined": null,
            "__typename": "CalendarResultsOptionEvent"
          }
        ],
        "__typename": "CalendarResultsOptions"
      },
      "parameters": {
        "competitionId": 7003367,
        "day": null,
        "eventId": 10229609,
        "__typename": "CalendarResultsParameters"
      },
      "__typename": "CalendarCompetitionResults"
    }
  }
}