{
  "data": {
    "getCalendarCompetitionResults": {
      "competition": {
        "dateRange": "27 AUG\u201304 SEP 2011",
        "endDate": "2011-09-04",
        "name": "IAAF World Championships",
        "rankingCategory": "OW",
        "startDate": "2011-08-27",
        "venue": "DS, Daegu (KOR)",
        "__typename": "CalendarResultsCompetition"
      },
      "eventTitles": [
        {
          "rankingCategory": "OW",
          "eventTitle": null,
          "events": [
            {
              "event": "Women's Marathon",
              "eventId": 10229534,
              "gender": "W",
              "isRelay": false,
              "perResultWind": false,
              "withWind": false,
              "summary": null,
              "races": [
                {
                  "date": "2011-08-27",
                  "day": 1,
                  "race": "Final",
                  "raceId": 10,
                  "raceNumber": 0,
                  "results": [
                    {
                      "competitor": {
                        "teamMembers": null,
                        "id": "upws4dpf969q3gzygmbbn",
                        "name": "Edna Ngeringwony KIPLAGAT",
                        "iaafId": 115480,
                        "urlSlug": "kenya/edna-ngeringwony-kiplagat-014289137",
                        "birthDate": "15 NOV 1979",
                        "hasProfile": true,
                        "__typename": "CalendarResultsCompetitor"
                      },
                      "mark": "2:28:43",
                      "nationality": "KEN",
                      "place": "1.",
                      "points": null,
                      "qualified": null,
                      "records": "",
                      "wind": null,
                      "remark": null,
                      "details": null,
                      "__typename": "CalendarResultsRaceResult"
                    },
                    {
                      "competitor": {
                        "teamMembers": null,
                        "id": "awllft33t2sjoxv6keovhh",
                        "name": "Prisca JEPTOO",
                        "iaafId": 247754,
                        "urlSlug": "kenya/prisca-jeptoo-014289039",
                        "birthDate": "24 JUN 1984",
                        "hasProfile": true,
                        "__typename": "CalendarResultsCompetitor"
                      },
                      "mark": "2:29:00",
                      "nationality": "KEN",
                      "place": "2.",
                      "points": null,
                      "qualified": null,
                      "records": "",
                      "wind": null,
                      "remark": null,
                      "details": null,
                      "__typename": "CalendarResultsRaceResult"
                    },
                    {
                      "competitor": {
                        "teamMembers": null,
                        "id": "izma4bwsues8itk4rry1b",
                        "name": "Sharon Jemutai CHEROP",
                        "iaafId": 173335,
                        "urlSlug": "kenya/sharon-jemutai-cherop-014288956",
                        "birthDate": "16 MAR 1984",
                        "hasProfile": true,
                        "__typename": "CalendarResultsCompetitor"
                      },
                      "mark": "2:29:14",
                      "nationality": "KEN",
                      "place": "3.",
                      "points": null,
                      "qualified": null,
                      "records": "",
                      "wind": null,
                      "remark": null,
                      "details": null,
                      "__typename": "CalendarResultsRaceResult"
                    },
                    {
                      "competitor": {
                        "teamMembers": null,
                        "id": "5qt1ern6cw2nuqy06y3e4o",
                        "name": "Bezunesh BEKELE",
                        "iaafId": 138203,
                        "urlSlug": "ethiopia/bezunesh-bekele-014259904",
                        "birthDate": "29 JAN 1983",
                        "hasProfile": true,
                        "__typename": "CalendarResultsCompetitor"
                      },
                      "mark": "2:29:21",
                      "nationality": "ETH",
                      "place": "4.",
                      "points": null,
                      "qualified": null,
                      "records": "",
                      "wind": null,
                      "remark": null,
                      "details": null,
                      "__typename": "CalendarResultsRaceResult"
                    },
                    {
                      "competitor": {
                        "teamMembers": null,
                        "id": "6t4au40ovzoys5w0caoxdf",
                        "name": "Yukiko AKABA",
                        "iaafId": 170217,
                        "urlSlug": "japan/yukiko-akaba-014286054",
                        "birthDate": "18 OCT 1979",
                        "hasProfile": true,
                        "__typename": "CalendarResultsCompetitor"
                      },
                      "mark": "2:29:35",
                      "nationality": "JPN",
                      "place": "5.",
                      "points": null,
                      "qualified": null,
                      "records": "",
                      "wind": null,
                      "remark": null,
                      "details": null,
                      "__typename": "CalendarResultsRaceResult"
                    },
                    {
                      "competitor": {
                        "teamMembers": null,
                        "id": "4g8regcf7olelsb2gyo4um",
                        "name": "Xiaolin ZHU",
                        "iaafId": 189185,
                        "urlSlug": "pr-of-china/xiaolin-zhu-014264209",
                        "birthDate": "20 FEB 1984",
                        "hasProfile": true,
                        "__typename": "CalendarResultsCompetitor"
                      },
                      "mark": "2:29:58",
                      "nationality": "CHN",
                      "place": "6.",
                      "points": null,
                      "qualified": null,
                      "records": "",
                      "wind": null,
                      "remark": null,
                      "details": null,
                      "__typename": "CalendarResultsRaceResult"
                    },
                    {
                      "competitor": {
                        "teamMembers": null,
                        "id": "dm1q4wmg8zcphvjmi5e08",
                        "name": "Isabellah ANDERSSON",
                        "iaafId": 241539,
                        "urlSlug": "sweden/isabellah-andersson-014301672",
                        "birthDate": "12 NOV 1980",
                        "hasProfile": true,
                        "__typename": "CalendarResultsCompetitor"
                      },
                      "mark": "2:30:13",
                      "nationality": "SWE",
                      "place": "7.",
                      "points": null,
                      "qualified": null,
                      "records": "",
                      "wind": null,
                      "remark": null,
                      "details": null,
                      "__typename": "CalendarResultsRaceResult"
                    },
                    {
                      "competitor": {
                        "teamMembers": null,
                        "id": "mzf75qmtcogtfkrywvalvm",
                        "name": "Jiali WANG",
                        "iaafId": 238169,
                        "urlSlug": "pr-of-china/jiali-wang-014265125",
                        "birthDate": "01 FEB 1986",
                        "hasProfile": true,
                        "__typename": "CalendarResultsCompetitor"
                      },
                      "mark": "2:30:25",
                      "nationality": "CHN",
                      "place": "8.",
                      "points": null,
                      "qualified": null,
                      "records": "",
                      "wind": null,
                      "remark": null,
                      "details": null,
                      "__typename": "CalendarResultsRaceResult"
                    },
                    {
                      "competitor": {
                        "teamMembers": null,
                        "id": "6biv939ms1fl9nsgyylv5r",
                        "name": "Marisa BARROS",
                        "iaafId": 237851,
                        "urlSlug": "portugal/marisa-barros-014294793",
                        "birthDate": "25 FEB 1980",
                        "hasProfile": true,
                        "__typename": "CalendarResultsCompetitor"
                      },
                      "mark": "2:30:29",
                      "nationality": "POR",
                      "place": "9.",
                      "points": null,
                      "qualified": null,
                      "records": "",
                      "wind": null,
                      "remark": null,
                      "details": null,
                      "__typename": "CalendarResultsRaceResult"
                    },
                    {
                      "competitor": {
                        "teamMembers": null,
                        "id": "55rmv6wmx2hzo331n24l2",
                        "name": "Remi NAKASATO",
                        "iaafId": 235334,
                        "urlSlug": "japan/remi-nakasato-014287376",
                        "birthDate": "24 JUN 1988",
                        "hasProfile": true,
                        "__typename": "CalendarResultsCompetitor"
                      },
                      "mark": "2:30:52",
                      "nationality": "JPN",
                      "place": "10.",
                      "points": null,
                      "qualified": null,
                      "records": "",
                      "wind": null,
                      "remark": null,
                      "details": null,
                      "__typename": "CalendarResultsRaceResult"
                    },
                    {
                      "competitor": {
                        "teamMembers": null,
                        "id": "ygdsxrtyaqmirp676nsdfb",
                        "name": "Rong CHEN",
                        "iaafId": 204363,
                        "urlSlug": "pr-of-china/rong-chen-014266668",
                        "birthDate": "18 MAY 1988",
                        "hasProfile": true,
                        "__typename": "CalendarResultsCompetitor"
                      },
                      "mark": "2:31:11",
                      "nationality": "CHN",
                      "place": "11.",
                      "points": null,
                      "qualified": null,
                      "records": "",
                      "wind": null,
                      "remark": null,
                      "details": null,
                      "__typename": "CalendarResultsRaceResult"
                    },
                    {
                      "competitor": {
                        "teamMembers": null,
                        "id": "cjicm7hoe26rqypmtk1fb",
                        "name": "Aberu KEBEDE",
                        "iaafId": 228071,
                        "urlSlug": "ethiopia/aberu-kebede-14259806",
                        "birthDate": "12 SEP 1986",
                        "hasProfile": true,
                        "__typename": "CalendarResultsCompetitor"
                      },
                      "mark": "2:31:22",
                      "nationality": "ETH",
                      "place": "12.",
                      "points": null,
                      "qualified": null,
                      "records": "",
                      "wind": null,
                      "remark": null,
                      "details": null,
                      "__typename": "CalendarResultsRaceResult"
                    },
                    {
                      "competitor": {
                        "teamMembers": null,
                        "id": "2frhe9yi25ypdxm753hk2h",
                        "name": "Irene JEROTICH",
                        "iaafId": 244810,
                        "urlSlug": "kenya/irene-jerotich-014288960",
                        "birthDate": "08 SEP 1974",
                        "hasProfile": true,
                        "__typename": "CalendarResultsCompetitor"
                      },
                      "mark": "2:31:29",
                      "nationality": "KEN",
                      "place": "13.",
                      "points": null,
                      "qualified": null,
                      "records": "",
                      "wind": null,
                      "remark": null,
                      "details": null,
                      "__typename": "CalendarResultsRaceResult"
                    },
                    {
                      "competitor": {
                        "teamMembers": null,
                        "id": "uxl82az9e2gxoggzeu9etf",
                        "name": "Atsede BAYISA",
                        "iaafId": 224353,
                        "urlSlug": "ethiopia/atsede-bayisa-014259910",
                        "birthDate": "16 APR 1987",
                        "hasProfile": true,
                        "__typename": "CalendarResultsCompetitor"
                      },
                      "mark": "2:31:37",
                      "nationality": "ETH",
                      "place": "14.",
                      "points": null,
                      "qualified": null,
                      "records": "",
                      "wind": null,
                      "remark": null,
                      "details": null,
                      "__typename": "CalendarResultsRaceResult"
                    },
                    {
                      "competitor": {
                        "teamMembers": null,
                        "id": "tyc70ivl5lovh11og74ca",
                        "name": "Chaofeng JIA",
                        "iaafId": 206402,
                        "urlSlug": "pr-of-china/chaofeng-jia-014266236",
                        "birthDate": "16 NOV 1988",
                        "hasProfile": true,
                        "__typename": "CalendarResultsCompetitor"
                      },
                      "mark": "2:31:58",
                      "nationality": "CHN",
                      "place": "15.",
                      "points": null,
                      "qualified": null,
                      "records": "",
                      "wind": null,
                      "remark": null,
                      "details": null,
                      "__typename": "CalendarResultsRaceResult"
                    },
                    {
                      "competitor": {
                        "teamMembers": null,
                        "id": "a63nz6drpcvimaga2t4k",
                        "name": "Terra MOODY",
                        "iaafId": 115680,
                        "urlSlug": "united-states/terra-moody-014317273",
                        "birthDate": "18 DEC 1980",
                        "hasProfile": true,
                        "__typename": "CalendarResultsCompetitor"
                      },
                      "mark": "2:32:04",
                      "nationality": "USA",
                      "place": "16.",
                      "points": null,
                      "qualified": null,
                      "records": "",
                      "wind": null,
                      "remark": null,
                      "details": null,
                      "__typename": "CalendarResultsRaceResult"
                    },
                    {
                      "competitor": {
                        "teamMembers": null,
                        "id": "j228hub345fv862gwelw",
                        "name": "Yoshimi OZAKI",
                        "iaafId": 186636,
                        "urlSlug": "japan/yoshimi-ozaki-014287672",
                        "birthDate": "01 JUL 1981",
                        "hasProfile": true,
                        "__typename": "CalendarResultsCompetitor"
                      },
                      "mark": "2:32:31",
                      "nationality": "JPN",
                      "place": "17.",
                      "points": null,
                      "qualified": null,
                      "records": "",
                      "wind": null,
                      "remark": null,
                      "details": null,
                      "__typename": "CalendarResultsRaceResult"
                    },
                    {
                      "competitor": {
                        "teamMembers": null,
                        "id": "vj8l88jdwj1mz5xghj5gq",
                        "name": "Azusa NOJIRI",
                        "iaafId": 246220,
                        "urlSlug": "japan/azusa-nojiri-014287478",
                        "birthDate": "06 JUN 1982",
                        "hasProfile": true,
                        "__typename": "CalendarResultsCompetitor"
                      },
                      "mark": "2:33:42",
                      "nationality": "JPN",
                      "place": "18.",
                      "points": null,
                      "qualified": null,
                      "records": "",
                      "wind": null,
                      "remark": null,
                      "details": null,
                      "__typename": "CalendarResultsRaceResult"
                    },
                    {
                      "competitor": {
                        "teamMembers": null,
                        "id": "4tj57pfv7yaw9x05zptvx8",
                        "name": "Lishan DULA",
                        "iaafId": 254845,
                        "urlSlug": "bahrain/lishan-dula-014413299",
                        "birthDate": "17 FEB 1987",
                        "hasProfile": true,
                        "__typename": "CalendarResultsCompetitor"
                      },
                      "mark": "2:33:47",
                      "nationality": "BRN",
                      "place": "19.",
                      "points": null,
                      "qualified": null,
                      "records": "",
                      "wind": null,
                      "remark": null,
                      "details": null,
                      "__typename": "CalendarResultsRaceResult"
                    },
                    {
                      "competitor": {
                        "teamMembers": null,
                        "id": "h7rxaiahnxgwnvhwimd8h",
                        "name": "Olena BURKOVSKA",
                        "iaafId": 250869,
                        "urlSlug": "ukraine/olena-burkovska-014303489",
                        "birthDate": "09 AUG 1981",
                        "hasProfile": true,
                        "__typename": "CalendarResultsCompetitor"
                      },
                      "mark": "2:34:21",
                      "nationality": "UKR",
                      "place": "20.",
                      "points": null,
                      "qualified": null,
                      "records": "",
                      "wind": null,
                      "remark": null,
                      "details": null,
                      "__typename": "CalendarResultsRaceResult"
                    },
                    {
                      "competitor": {
                        "teamMembers": null,
                        "id": "bw07dspjdkslh6icd64pa",
                        "name": "Mai ITO",
                        "iaafId": 204337,
                        "urlSlug": "japan/mai-ito-014286564",
                        "birthDate": "23 MAY 1984",
                        "hasProfile": true,
                        "__typename": "CalendarResultsCompetitor"
                      },
                      "mark": "2:35:16",
                      "nationality": "JPN",
                      "place": "21.",
                      "points": null,
                      "qualified": null,
                      "records": "",
                      "wind": null,
                      "remark": null,
                      "details": null,
                      "__typename": "CalendarResultsRaceResult"
                    },
                    {
                      "competitor": {
                        "teamMembers": null,
                        "id": "njszwlnw2nfei9n80avgmf",
                        "name": "Margarita PLAKSINA",
                        "iaafId": 197424,
                        "urlSlug": "russia/margarita-plaksina-014298927",
                        "birthDate": "01 OCT 1977",
                        "hasProfile": true,
                        "__typename": "CalendarResultsCompetitor"
                      },
                      "mark": "2:35:39",
                      "nationality": "RUS",
                      "place": "22.",
                      "points": null,
                      "qualified": null,
                      "records": "",
                      "wind": null,
                      "remark": null,
                      "details": null,
                      "__typename": "CalendarResultsRaceResult"
                    },
                    {
                      "competitor": {
                        "teamMembers": null,
                        "id": "0phd02zlts9rdysvrewoxo",
                        "name": "Susan PARTRIDGE",
                        "iaafId": 138174,
                        "urlSlug": "great-britain-ni/susan-partridge-014276025",
                        "birthDate": "04 JAN 1980",
                        "hasProfile": true,
                        "__typename": "CalendarResultsCompetitor"
                      },
                      "mark": "2:35:57",
                      "nationality": "GBR",
                      "place": "23.",
                      "points": null,
                      "qualified": null,
                      "records": "",
                      "wind": null,
                      "remark": null,
                      "details": null,
                      "__typename": "CalendarResultsRaceResult"
                    },
                    {
                      "competitor": {
                        "teamMembers": null,
                        "id": "khxnuqwge2igpguaan5gu",
                        "name": "Diana LOBACEVSK\u0116",
                        "iaafId": 134708,
                        "urlSlug": "lithuania/diana-lobacevske-14290306",
                        "birthDate": "07 AUG 1980",
                        "hasProfile": true,
                        "__typename": "CalendarResultsCompetitor"
                      },
                      "mark": "2:36:05",
                      "nationality": "LTU",
                      "place": "24.",
                      "points": null,
                      "qualified": null,
                      "records": "",
                      "wind": null,
                      "remark": null,
                      "details": null,
                      "__typename": "CalendarResultsRaceResult"
                    },
                    {
                      "competitor": {
                        "teamMembers": null,
                        "id": "u7rd1r41ol9bs1ztf3g2j",
                        "name": "Xueqin WANG",
                        "iaafId": 240787,
                        "urlSlug": "pr-of-china/xueqin-wang-014265022",
                        "birthDate": "01 JAN 1991",
                        "hasProfile": true,
                        "__typename": "CalendarResultsCompetitor"
                      },
                      "mark": "2:36:10",
                      "nationality": "CHN",
                      "place": "25.",
                      "points": null,
                      "qualified": null,
                      "records": "",
                      "wind": null,
                      "remark": null,
                      "details": null,
                      "__typename": "CalendarResultsRaceResult"
                    },
                    {
                      "competitor": {
                        "teamMembers": null,
                        "id": "rrmefulm3irgvj5uh3w79",
                        "name": "Lisa Christina NEMEC",
                        "iaafId": 206392,
                        "urlSlug": "croatia/lisa-christina-nemec-14322227",
                        "birthDate": "18 MAY 1984",
                        "hasProfile": true,
                        "__typename": "CalendarResultsCompetitor"
                      },
                      "mark": "2:36:41",
                      "nationality": "CRO",
                      "place": "26.",
                      "points": null,
                      "qualified": null,
                      "records": "",
                      "wind": null,
                      "remark": null,
                      "details": null,
                      "__typename": "CalendarResultsRaceResult"
                    },
                    {
                      "competitor": {
                        "teamMembers": null,
                        "id": "b1anxg3je8h0sdlir9uigb",
                        "name": "Sung-eun KIM",
                        "iaafId": 224024,
                        "urlSlug": "korea/sung-eun-kim-014289756",
                        "birthDate": "24 FEB 1989",
                        "hasProfile": true,
                        "__typename": "CalendarResultsCompetitor"
                      },
                      "mark": "2:37:05",
                      "nationality": "KOR",
                      "place": "27.",
                      "points": null,
                      "qualified": null,
                      "records": "",
                      "wind": null,
                      "remark": null,
                      "details": null,
                      "__typename": "CalendarResultsRaceResult"
                    },
                    {
                      "competitor": {
                        "teamMembers": null,
                        "id": "tg0q6kbfc6fwyl3prhgevm",
                        "name": "Caroline ROTICH",
                        "iaafId": 250396,
                        "urlSlug": "united-states/caroline-rotich-14289424",
                        "birthDate": "13 MAY 1984",
                        "hasProfile": true,
                        "__typename": "CalendarResultsCompetitor"
                      },
                      "mark": "2:37:07",
                      "nationality": "KEN",
                      "place": "28.",
                      "points": null,
                      "qualified": null,
                      "records": "",
                      "wind": null,
                      "remark": null,
                      "details": null,
                      "__typename": "CalendarResultsRaceResult"
                    },
                    {
                      "competitor": {
                        "teamMembers": null,
                        "id": "v59lrmsh3tkigizhzb3ba",
                        "name": "Kathy NEWBERRY",
                        "iaafId": 194716,
                        "urlSlug": "united-states/kathy-newberry-014317858",
                        "birthDate": "31 AUG 1978",
                        "hasProfile": true,
                        "__typename": "CalendarResultsCompetitor"
                      },
                      "mark": "2:37:28",
                      "nationality": "USA",
                      "place": "29.",
                      "points": null,
                      "qualified": null,
                      "records": "",
                      "wind": null,
                      "remark": null,
                      "details": null,
                      "__typename": "CalendarResultsRaceResult"
                    },
                    {
                      "competitor": {
                        "teamMembers": null,
                        "id": "s28ptic3t66y8xab4qeed",
                        "name": "Ren\u00e9 KALMER",
                        "iaafId": 115474,
                        "urlSlug": "south-africa/rene-kalmer-014296453",
                        "birthDate": "03 NOV 1980",
                        "hasProfile": true,
                        "__typename": "CalendarResultsCompetitor"
                      },
                      "mark": "2:38:16",
                      "nationality": "RSA",
                      "place": "30.",
                      "points": null,
                      "qualified": null,
                      "records": "",
                      "wind": null,
                      "remark": null,
                      "details": null,
                      "__typename": "CalendarResultsRaceResult"
                    },
                    {
                      "competitor": {
                        "teamMembers": null,
                        "id": "2do7ly6xq2u5y0unj4dr85",
                        "name": "Alissa MCKAIG",
                        "iaafId": 260246,
                        "urlSlug": "united-states/alissa-mckaig-014316612",
                        "birthDate": "21 FEB 1986",
                        "hasProfile": true,
                        "__typename": "CalendarResultsCompetitor"
                      },
                      "mark": "2:38:23",
                      "nationality": "USA",
                      "place": "31.",
                      "points": null,
                      "qualified": null,
                      "records": "",
                      "wind": null,
                      "remark": null,
                      "details": null,
                      "__typename": "CalendarResultsRaceResult"
                    },
                    {
                      "competitor": {
                        "teamMembers": null,
                        "id": "3jgiqkipkkt8km93485br7",
                        "name": "Tetyana HOLOVCHENKO",
                        "iaafId": 190165,
                        "urlSlug": "ukraine/tetyana-holovchenko-014303631",
                        "birthDate": "13 FEB 1980",
                        "hasProfile": true,
                        "__typename": "CalendarResultsCompetitor"
                      },
                      "mark": "2:39:25",
                      "nationality": "UKR",
                      "place": "32.",
                      "points": null,
                      "qualified": null,
                      "records": "",
                      "wind": null,
                      "remark": null,
                      "details": null,
                      "__typename": "CalendarResultsRaceResult"
                    },
                    {
                      "competitor": {
                        "teamMembers": null,
                        "id": "28wlshlvuom96ughbxjv",
                        "name": "Suk-jeong LEE",
                        "iaafId": 262848,
                        "urlSlug": "korea/suk-jeong-lee-014511798",
                        "birthDate": "29 SEP 1991",
                        "hasProfile": true,
                        "__typename": "CalendarResultsCompetitor"
                      },
                      "mark": "2:40:23",
                      "nationality": "KOR",
                      "place": "33.",
                      "points": null,
                      "qualified": null,
                      "records": "",
                      "wind": null,
                      "remark": null,
                      "details": null,
                      "__typename": "CalendarResultsRaceResult"
                    },
                    {
                      "competitor": {
                        "teamMembers": null,
                        "id": "uljd074cevy005i57425g",
                        "name": "Yun-hee CHUNG",
                        "iaafId": 188465,
                        "urlSlug": "korea/yun-hee-chung-014289636",
                        "birthDate": "03 JAN 1983",
                        "hasProfile": true,
                        "__typename": "CalendarResultsCompetitor"
                      },
                      "mark": "2:42:28",
                      "nationality": "KOR",
                      "place": "34.",
                      "points": null,
                      "qualified": null,
                      "records": "",
                      "wind": null,
                      "remark": null,
                      "details": null,
                      "__typename": "CalendarResultsRaceResult"
                    },
                    {
                      "competitor": {
                        "teamMembers": null,
                        "id": "gw4ozfiqwmfv3b3l9wrtp",
                        "name": "Annerien VAN SCHALKWYK",
                        "iaafId": 243603,
                        "urlSlug": "south-africa/annerien-van-schalkwyk-014297062",
                        "birthDate": "06 FEB 1979",
                        "hasProfile": true,
                        "__typename": "CalendarResultsCompetitor"
                      },
                      "mark": "2:43:59",
                      "nationality": "RSA",
                      "place": "35.",
                      "points": null,
                      "qualified": null,
                      "records": "",
                      "wind": null,
                      "remark": null,
                      "details": null,
                      "__typename": "CalendarResultsRaceResult"
                    },
                    {
                      "competitor": {
                        "teamMembers": null,
                        "id": "4gf4fpnz3oax3t5xo78kgl",
                        "name": "Colleen DE REUCK",
                        "iaafId": 71157,
                        "urlSlug": "united-states/colleen-de-reuck-014308773",
                        "birthDate": "13 APR 1964",
                        "hasProfile": true,
                        "__typename": "CalendarResultsCompetitor"
                      },
                      "mark": "2:44:35",
                      "nationality": "USA",
                      "place": "36.",
                      "points": null,
                      "qualified": null,
                      "records": "",
                      "wind": null,
                      "remark": null,
                      "details": null,
                      "__typename": "CalendarResultsRaceResult"
                    },
                    {
                      "competitor": {
                        "teamMembers": null,
                        "id": "l3p2y3w63hr9b6pefcz2e9",
                        "name": "Otgonbayar LUVSANLKHUNDEG",
                        "iaafId": 134287,
                        "urlSlug": "mongolia/otgonbayar-luvsanlkhundeg-014291305",
                        "birthDate": "13 JUL 1982",
                        "hasProfile": true,
                        "__typename": "CalendarResultsCompetitor"
                      },
                      "mark": "2:45:58",
                      "nationality": "MGL",
                      "place": "37.",
                      "points": null,
                      "qualified": null,
                      "records": "",
                      "wind": null,
                      "remark": null,
                      "details": null,
                      "__typename": "CalendarResultsRaceResult"
                    },
                    {
                      "competitor": {
                        "teamMembers": null,
                        "id": "wak4dts0jjn4nhxcaq5ffg",
                        "name": "Zoila GOMEZ",
                        "iaafId": 189158,
                        "urlSlug": "united-states/zoila-gomez-014311126",
                        "birthDate": "07 JUN 1979",
                        "hasProfile": true,
                        "__typename": "CalendarResultsCompetitor"
                      },
                      "mark": "2:46:44",
                      "nationality": "USA",
                      "place": "38.",
                      "points": null,
                      "qualified": null,
                      "records": "",
                      "wind": null,
                      "remark": null,
                      "details": null,
                      "__typename": "CalendarResultsRaceResult"
                    },
                    {
                      "competitor": {
                        "teamMembers": null,
                        "id": "zdapgpttjig9wqysjiwred",
                        "name": "Judith TORIBIO LAVADO",
                        "iaafId": 259608,
                        "urlSlug": "peru/judith-toribio-lavado-014384028",
                        "birthDate": "09 JAN 1982",
                        "hasProfile": true,
                        "__typename": "CalendarResultsCompetitor"
                      },
                      "mark": "2:47:21",
                      "nationality": "PER",
                      "place": "39.",
                      "points": null,
                      "qualified": null,
                      "records": "",
                      "wind": null,
                      "remark": null,
                      "details": null,
                      "__typename": "CalendarResultsRaceResult"
                    },
                    {
                      "competitor": {
                        "teamMembers": null,
                        "id": "z5rf97zmg0n8oa2ki7yi7v",
                        "name": "Alyson DIXON",
                        "iaafId": 245966,
                        "urlSlug": "great-britain-ni/alyson-dixon-014274898",
                        "birthDate": "24 SEP 1978",
                        "hasProfile": true,
                        "__typename": "CalendarResultsCompetitor"
                      },
                      "mark": "2:50:51",
                      "nationality": "GBR",
                      "place": "40.",
                      "points": null,
                      "qualified": null,
                      "records": "",
                      "wind": null,
                      "remark": null,
                      "details": null,
                      "__typename": "CalendarResultsRaceResult"
                    },
                    {
                      "competitor": {
                        "teamMembers": null,
                        "id": "k7rw9khne1r6xyn0lond",
                        "name": "Jung-sook PARK",
                        "iaafId": 238140,
                        "urlSlug": "korea/jung-sook-park-014289863",
                        "birthDate": "25 MAR 1980",
                        "hasProfile": true,
                        "__typename": "CalendarResultsCompetitor"
                      },
                      "mark": "3:03:35",
                      "nationality": "KOR",
                      "place": "41.",
                      "points": null,
                      "qualified": null,
                      "records": "",
                      "wind": null,
                      "remark": null,
                      "details": null,
                      "__typename": "CalendarResultsRaceResult"
                    },
                    {
                      "competitor": {
                        "teamMembers": null,
                        "id": "cg8beqf6j1jcwx8xyufegf",
                        "name": "Bo-ra CHOI",
                        "iaafId": 261780,
                        "urlSlug": "korea/bo-ra-choi-014376747",
                        "birthDate": "15 JUL 1991",
                        "hasProfile": true,
                        "__typename": "CalendarResultsCompetitor"
                      },
                      "mark": "3:10:06",
                      "nationality": "KOR",
                      "place": "42.",
                      "points": null,
                      "qualified": null,
                      "records": "",
                      "wind": null,
                      "remark": null,
                      "details": null,
                      "__typename": "CalendarResultsRaceResult"
                    },
                    {
                      "competitor": {
                        "teamMembers": null,
                        "id": "07a5n9h37snducxid7688",
                        "name": "Moleboheng MAFATA",
                        "iaafId": 197998,
                        "urlSlug": "lesotho/moleboheng-mafata-014290141",
                        "birthDate": "03 MAR 1985",
                        "hasProfile": true,
                        "__typename": "CalendarResultsCompetitor"
                      },
                      "mark": "3:28:30",
                      "nationality": "LES",
                      "place": "43.",
                      "points": null,
                      "qualified": null,
                      "records": "",
                      "wind": null,
                      "remark": null,
                      "details": null,
                      "__typename": "CalendarResultsRaceResult"
                    },
                    {
                      "competitor": {
                        "teamMembers": null,
                        "id": "soemfgjfjje6meksdptek8",
                        "name": "Shariska WINTERDAL",
                        "iaafId": 267506,
                        "urlSlug": "aruba/shariska-winterdal-014485549",
                        "birthDate": "04 AUG 1977",
                        "hasProfile": true,
                        "__typename": "CalendarResultsCompetitor"
                      },
                      "mark": "3:49:49",
                      "nationality": "ARU",
                      "place": "44.",
                      "points": null,
                      "qualified": null,
                      "records": "",
                      "wind": null,
                      "remark": null,
                      "details": null,
                      "__typename": "CalendarResultsRaceResult"
                    },
                    {
                      "competitor": {
                        "teamMembers": null,
                        "id": "ibv6fazro8d8ujm2oaf9j",
                        "name": "Epiphanie NYIRABARAME",
                        "iaafId": 133022,
                        "urlSlug": "rwanda/epiphanie-nyirabarame-014299956",
                        "birthDate": "15 DEC 1981",
                        "hasProfile": true,
                        "__typename": "CalendarResultsCompetitor"
                      },
                      "mark": "DNF",
                      "nationality": "RWA",
                      "place": "",
                      "points": null,
                      "qualified": null,
                      "records": "",
                      "wind": null,
                      "remark": null,
                      "details": null,
                      "__typename": "CalendarResultsRaceResult"
                    },
                    {
                      "competitor": {
                        "teamMembers": null,
                        "id": "ynd7ce7cnmnpa55lqgpj8",
                        "name": "Lucia Mwihaki KIMANI",
                        "iaafId": 234610,
                        "urlSlug": "bosnia-herzegovina/lucia-mwihaki-kimani-014270036",
                        "birthDate": "21 JUN 1980",
                        "hasProfile": true,
                        "__typename": "CalendarResultsCompetitor"
                      },
                      "mark": "DNF",
                      "nationality": "BIH",
                      "place": "",
                      "points": null,
                      "qualified": null,
                      "records": "",
                      "wind": null,
                      "remark": null,
                      "details": null,
                      "__typename": "CalendarResultsRaceResult"
                    },
                    {
                      "competitor": {
                        "teamMembers": null,
                        "id": "v9srqfppesa4pckehi6cph",
                        "name": "Yuliya RUBAN",
                        "iaafId": 188282,
                        "urlSlug": "ukraine/yuliya-ruban-014304101",
                        "birthDate": "06 OCT 1983",
                        "hasProfile": true,
                        "__typename": "CalendarResultsCompetitor"
                      },
                      "mark": "DNF",
                      "nationality": "UKR",
                      "place": "",
                      "points": null,
                      "qualified": null,
                      "records": "",
                      "wind": null,
                      "remark": null,
                      "details": null,
                      "__typename": "CalendarResultsRaceResult"
                    },
                    {
                      "competitor": {
                        "teamMembers": null,
                        "id": "f90lttxbhfgf50yiee5kie",
                        "name": "Jemena MISAYAURI",
                        "iaafId": 242011,
                        "urlSlug": "peru/jemena-misayauri-014328914",
                        "birthDate": "11 DEC 1978",
                        "hasProfile": true,
                        "__typename": "CalendarResultsCompetitor"
                      },
                      "mark": "DNF",
                      "nationality": "PER",
                      "place": "",
                      "points": null,
                      "qualified": null,
                      "records": "",
                      "wind": null,
                      "remark": null,
                      "details": null,
                      "__typename": "CalendarResultsRaceResult"
                    },
                    {
                      "competitor": {
                        "teamMembers": null,
                        "id": "c1yg6w8il47bftxo7y0r9t",
                        "name": "Asselefech MEDESSA MERGIA",
                        "iaafId": 234931,
                        "urlSlug": "ethiopia/asselefech-medessa-mergia-014259925",
                        "birthDate": "23 JAN 1985",
                        "hasProfile": true,
                        "__typename": "CalendarResultsCompetitor"
                      },
                      "mark": "DNF",
                      "nationality": "ETH",
                      "place": "",
                      "points": null,
                      "qualified": null,
                      "records": "",
                      "wind": null,
                      "remark": null,
                      "details": null,
                      "__typename": "CalendarResultsRaceResult"
                    },
                    {
                      "competitor": {
                        "teamMembers": null,
                        "id": "42dhku4arjt66j35pl21ld",
                        "name": "Alessandra AGUILAR",
                        "iaafId": 115481,
                        "urlSlug": "spain/alessandra-aguilar-014262157",
                        "birthDate": "01 JUL 1978",
                        "hasProfile": true,
                        "__typename": "CalendarResultsCompetitor"
                      },
                      "mark": "DNF",
                      "nationality": "ESP",
                      "place": "",
                      "points": null,
                      "qualified": null,
                      "records": "",
                      "wind": null,
                      "remark": null,
                      "details": null,
                      "__typename": "CalendarResultsRaceResult"
                    },
                    {
                      "competitor": {
                        "teamMembers": null,
                        "id": "tbkbbupm0jpipzmvzyex6",
                        "name": "Tanith MAXWELL",
                        "iaafId": 219413,
                        "urlSlug": "south-africa/tanith-maxwell-014296611",
                        "birthDate": "02 JUN 1976",
                        "hasProfile": true,
                        "__typename": "CalendarResultsCompetitor"
                      },
                      "mark": "DNS",
                      "nationality": "RSA",
                      "place": "",
                      "points": null,
                      "qualified": null,
                      "records": "",
                      "wind": null,
                      "remark": null,
                      "details": null,
                      "__typename": "CalendarResultsRaceResult"
                    },
                    {
                      "competitor": {
                        "teamMembers": null,
                        "id": "qvy2ghg1uroxjd202w80fa",
                        "name": "Tetyana GAMERA",
                        "iaafId": 263342,
                        "urlSlug": "ukraine/tetyana-gamera-014303581",
                        "birthDate": "01 JUN 1983",
                        "hasProfile": true,
                        "__typename": "CalendarResultsCompetitor"
                      },
                      "mark": "DQ",
                      "nationality": "UKR",
                      "place": " - ",
                      "points": null,
                      "qualified": null,
                      "records": "",
                      "wind": null,
                      "remark": null,
                      "details": null,
                      "__typename": "CalendarResultsRaceResult"
                    },
                    {
                      "competitor": {
                        "teamMembers": null,
                        "id": "dqejblnxw5e4dh9i7351wi",
                        "name": "Bahar DO\u011eAN",
                        "iaafId": 228752,
                        "urlSlug": "turkey/bahar-dogan-014303236",
                        "birthDate": "02 SEP 1974",
                        "hasProfile": true,
                        "__typename": "CalendarResultsCompetitor"
                      },
                      "mark": "DQ",
                      "nationality": "TUR",
                      "place": " - ",
                      "points": null,
                      "qualified": null,
                      "records": "",
                      "wind": null,
                      "remark": null,
                      "details": null,
                      "__typename": "CalendarResultsRaceResult"
                    },
                    {
                      "competitor": {
                        "teamMembers": null,
                        "id": "wcoxl0654jv0u3c8t4le",
                        "name": "Dire TUNE",
                        "iaafId": 195493,
                        "urlSlug": "ethiopia/dire-tune-014259927",
                        "birthDate": "19 JUN 1985",
                        "hasProfile": true,
                        "__typename": "CalendarResultsCompetitor"
                      },
                      "mark": "DQ",
                      "nationality": "ETH",
                      "place": "",
                      "points": null,
                      "qualified": null,
                      "records": "",
                      "wind": null,
                      "remark": null,
                      "details": null,
                      "__typename": "CalendarResultsRaceResult"
                    },
                    {
                      "competitor": {
                        "teamMembers": null,
                        "id": "guii7w20hios33o1hostza",
                        "name": "Kateryna STETSENKO",
                        "iaafId": 234741,
                        "urlSlug": "ukraine/kateryna-stetsenko-014304238",
                        "birthDate": "16 JAN 1982",
                        "hasProfile": true,
                        "__typename": "CalendarResultsCompetitor"
                      },
                      "mark": "DQ",
                      "nationality": "UKR",
                      "place": " - ",
                      "points": null,
                      "qualified": null,
                      "records": "",
                      "wind": null,
                      "remark": null,
                      "details": null,
                      "__typename": "CalendarResultsRaceResult"
                    }
                  ],
                  "startList": null,
                  "wind": null,
                  "__typename": "CalendarResultsRace"
                }
              ],
              "__typename": "CalendarResultsEvent"
            }
          ],
          "__typename": "CalendarResultsEventTitle"
        }
      ],
      "options": {
        "days": [
          {
            "date": "27 AUG 2011",
            "day": 1,
            "__typename": "CalendarResultsOptionsDay"
          },
          {
            "date": "28 AUG 2011",
            "day": 2,
            "__typename": "CalendarResultsOptionsDay"
          },
          {
            "date": "29 AUG 2011",
            "day": 3,
            "__typename": "CalendarResultsOptionsDay"
          },
          {
            "date": "30 AUG 2011",
            "day": 4,
            "__typename": "CalendarResultsOptionsDay"
          },
          {
            "date": "31 AUG 2011",
            "day": 5,
            "__typename": "CalendarResultsOptionsDay"
          },
          {
            "date": "01 SEP 2011",
            "day": 6,
            "__typename": "CalendarResultsOptionsDay"
          },
          {
            "date": "02 SEP 2011",
            "day": 7,
            "__typename": "CalendarResultsOptionsDay"
          },
          {
            "date": "03 SEP 2011",
            "day": 8,
            "__typename": "CalendarResultsOptionsDay"
          },
          {
            "date": "04 SEP 2011",
            "day": 9,
            "__typename": "CalendarResultsOptionsDay"
          }
        ],
        "events": [
          {
            "gender": "W",
            "id": 10229509,
            "name": "Women's 100 Metres",
            "combined": null,
            "__typename": "CalendarResultsOptionEvent"
          },
          {
            "gender": "W",
            "id": 10229510,
            "name": "Women's 200 Metres",
            "combined": null,
            "__typename": "CalendarResultsOptionEvent"
          },
          {
            "gender": "W",
            "id": 10229511,
            "name": "Women's 400 Metres",
            "combined": null,
            "__typename": "CalendarResultsOptionEvent"
          },
          {
            "gender": "W",
            "id": 10229512,
            "name": "Women's 800 Metres",
            "combined": null,
            "__typename": "CalendarResultsOptionEvent"
          },
          {
            "gender": "W",
            "id": 10229513,
            "name": "Women's 1500 Metres",
            "combined": null,
            "__typename": "CalendarResultsOptionEvent"
          },
          {
            "gender": "W",
            "id": 10229514,
            "name": "Women's 5000 Metres",
            "combined": null,
            "__typename": "CalendarResultsOptionEvent"
          },
          {
            "gender": "W",
            "id": 10229521,
            "name": "Women's 10,000 Metres",
            "combined": null,
            "__typename": "CalendarResultsOptionEvent"
          },
          {
            "gender": "W",
            "id": 10229522,
            "name": "Women's 100 Metres Hurdles",
            "combined": null,
            "__typename": "CalendarResultsOptionEvent"
          },
          {
            "gender": "W",
            "id": 10229523,
            "name": "Women's 400 Metres Hurdles",
            "combined": null,
            "__typename": "CalendarResultsOptionEvent"
          },
          {
            "gender": "W",
            "id": 10229524,
            "name": "Women's 3000 Metres Steeplechase",
            "combined": null,
            "__typename": "CalendarResultsOptionEvent"
          },
          {
            "gender": "W",
            "id": 10230058,
            "name": "Women's 800 Metres T54",
            "combined": null,
            "__typename": "CalendarResultsOptionEvent"
          },
          {
            "gender": "W",
            "id": 10229526,
            "name": "Women's High Jump",
            "combined": null,
            "__typename": "CalendarResultsOptionEvent"
          },
          {
            "gender": "W",
            "id": 10229527,
            "name": "Women's Pole Vault",
            "combined": null,
            "__typename": "CalendarResultsOptionEvent"
          },
          {
            "gender": "W",
            "id": 10229528,
            "name": "Women's Long Jump",
            "combined": null,
            "__typename": "CalendarResultsOptionEvent"
          },
          {
            "gender": "W",
            "id": 10229529,
            "name": "Women's Triple Jump",
            "combined": null,
            "__typename": "CalendarResultsOptionEvent"
          },
          {
            "gender": "W",
            "id": 10229530,
            "name": "Women's Shot Put",
            "combined": null,
            "__typename": "CalendarResultsOptionEvent"
          },
          {
            "gender": "W",
            "id": 10229531,
            "name": "Women's Discus Throw",
            "combined": null,
            "__typename": "CalendarResultsOptionEvent"
          },
          {
            "gender": "W",
            "id": 10229532,
            "name": "Women's Hammer Throw",
            "combined": null,
            "__typename": "CalendarResultsOptionEvent"
          },
          {
            "gender": "W",
            "id": 10229533,
            "name": "Women's Javelin Throw",
            "combined": null,
            "__typename": "CalendarResultsOptionEvent"
          },
          {
            "gender": "W",
            "id": 10229534,
            "name": "Women's Marathon",
            "combined": null,
            "__typename": "CalendarResultsOptionEvent"
          },
          {
            "gender": "W",
            "id": 10229535,
            "name": "Women's 20 Kilometres Race Walk",
            "combined": null,
            "__typename": "CalendarResultsOptionEvent"
          },
          {
            "gender": "W",
            "id": 10229536,
            "name": "Women's Heptathlon",
            "combined": true,
            "__typename": "CalendarResultsOptionEvent"
          },
          {
            "gender": "W",
            "id": 204594,
            "name": "Women's 4x100 Metres Relay",
            "combined": null,
            "__typename": "CalendarResultsOptionEvent"
          },
          {
            "gender": "W",
            "id": 204596,
            "name": "Women's 4x400 Metres Relay",
            "combined": null,
            "__typename": "CalendarResultsOptionEvent"
          },
          {
            "gender": "M",
            "id": 10229630,
            "name": "Men's 100 Metres",
            "combined": null,
            "__typename": "CalendarResultsOptionEvent"
          },
          {
            "gender": "M",
            "id": 10229605,
            "name": "Men's 200 Metres",
            "combined": null,
            "__typename": "CalendarResultsOptionEvent"
          },
          {
            "gender": "M",
            "id": 10229631,
            "name": "Men's 400 Metres",
            "combined": null,
            "__typename": "CalendarResultsOptionEvent"
          },
          {
            "gender": "M",
            "id": 10229501,
            "name": "Men's 800 Metres",
            "combined": null,
            "__typename": "CalendarResultsOptionEvent"
          },
          {
            "gender": "M",
            "id": 10229502,
            "name": "Men's 1500 Metres",
            "combined": null,
            "__typename": "CalendarResultsOptionEvent"
          },
          {
            "gender": "M",
            "id": 10229609,
            "name": "Men's 5000 Metres",
            "combined": null,
            "__typename": "CalendarResultsOptionEvent"
          },
          {
            "gender": "M",
            "id": 10229610,
            "name": "Men's 10,000 Metres",
            "combined": null,
            "__typename": "CalendarResultsOptionEvent"
          },
          {
            "gender": "M",
            "id": 10229611,
            "name": "Men's 110 Metres Hurdles",
            "combined": null,
            "__typename": "CalendarResultsOptionEvent"
          },
          {
            "gender": "M",
            "id": 10229612,
            "name": "Men's 400 Metres Hurdles",
            "combined": null,
            "__typename": "CalendarResultsOptionEvent"
          },
          {
            "gender": "M",
            "id": 10229614,
            "name": "Men's 3000 Metres Steeplechase",
            "combined": null,
            "__typename": "CalendarResultsOptionEvent"
          },
          {
            "gender": "M",
            "id": 10230057,
            "name": "Men's 400 Metres T53",
            "combined": null,
            "__typename": "CalendarResultsOptionEvent"
          },
          {
            "gender": "M",
            "id": 10229615,
            "name": "Men's High Jump",
            "combined": null,
            "__typename": "CalendarResultsOptionEvent"
          },
          {
            "gender": "M",
            "id": 10229616,
            "name": "Men's Pole Vault",
            "combined": null,
            "__typename": "CalendarResultsOptionEvent"
          },
          {
            "gender": "M",
            "id": 10229617,
            "name": "Men's Long Jump",
            "combined": null,
            "__typename": "CalendarResultsOptionEvent"
          },
          {
            "gender": "M",
            "id": 10229618,
            "name": "Men's Triple Jump",
            "combined": null,
            "__typename": "CalendarResultsOptionEvent"
          },
          {
            "gender": "M",
            "id": 10229619,
            "name": "Men's Shot Put",
            "combined": null,
            "__typename": "CalendarResultsOptionEvent"
          },
          {
            "gender": "M",
            "id": 10229620,
            "name": "Men's Discus Throw",
            "combined": null,
            "__typename": "CalendarResultsOptionEvent"
          },
          {
            "gender": "M",
            "id": 10229621,
            "name": "Men's Hammer Throw",
            "combined": null,
            "__typename": "CalendarResultsOptionEvent"
          },
          {
            "gender": "M",
            "id": 10229636,
            "name": "Men's Javelin Throw",
            "combined": null,
            "__typename": "CalendarResultsOptionEvent"
          },
          {
            "gender": "M",
            "id": 10229634,
            "name": "Men's Marathon",
            "combined": null,
            "__typename": "CalendarResultsOptionEvent"
          },
          {
            "gender": "M",
            "id": 10229508,
            "name": "Men's 20 Kilometres Race Walk",
            "combined": null,
            "__typename": "CalendarResultsOptionEvent"
          },
          {
            "gender": "M",
            "id": 10229627,
            "name": "Men's 35 Kilometres Race Walk",
            "combined": null,
            "__typename": "CalendarResultsOptionEvent"
          },
          {
            "gender": "M",
            "id": 10229628,
            "name": "Men's 50 Kilometres Race Walk",
            "combined": null,
            "__typename": "CalendarResultsOptionEvent"
          },
          {
            "gender": "M",
            "id": 10229629,
            "name": "Men's Decathlon",
            "combined": true,
            "__typename": "CalendarResultsOptionEvent"
          },
          {
            "gender": "M",
            "id": 204593,
            "name": "Men's 4x100 Metres Relay",
            "combined": null,
            "__typename": "CalendarResultsOptionEvent"
          },
          {
            "gender": "M",
            "id": 204595,
            "name": "Men's 4x400 Metres Relay",
            "combined": null,
            "__typename": "CalendarResultsOptionEvent"
          }
        ],
        "__typename": "CalendarResultsOptions"
      },
      "parameters": {
        "competitionId": 7003367,
        "day": null,
        "eventId": 10229534,
        "__typename": "CalendarResultsParameters"
      },
      "__typename": "CalendarCompetitionResults"
    }
  }
}