{
  "data": {
    "getCalendarCompetitionResults": {
      "competition": {
        "dateRange": "10\u201318 AUG 2013",
        "endDate": "2013-08-18",
        "name": "IAAF World Championships",
        "rankingCategory": "OW",
        "startDate": "2013-08-10",
        "venue": "Luzhniki Stadion, Moskva (RUS)",
        "__typename": "CalendarResultsCompetition"
      },
      "eventTitles": [
        {
          "rankingCategory": "OW",
          "eventTitle": null,
          "events": [
            {
              "event": "Men's Hammer Throw",
              "eventId": 10229621,
              "gender": "M",
              "isRelay": false,
              "perResultWind": false,
              "withWind": false,
              "summary": null,
              "races": [
                {
                  "date": "2013-08-12",
                  "day": 3,
                  "race": "Final",
                  "raceId": 10,
                  "raceNumber": 0,
                  "results": [
                    {
                      "competitor": {
                        "teamMembers": null,
                        "id": "8lo4wxu6kjeqzoyoiwbhlo",
                        "name": "Pawe\u0142 FAJDEK",
                        "iaafId": 225148,
                        "urlSlug": "poland/pawel-fajdek-14329266",
                        "birthDate": "04 JUN 1989",
                        "hasProfile": true,
                        "__typename": "CalendarResultsCompetitor"
                      },
                      "mark": "81.97",
                      "nationality": "POL",
                      "place": "1.",
                      "points": null,
                      "qualified": null,
                      "records": "",
                      "wind": null,
                      "remark": null,
                      "details": null,
                      "__typename": "CalendarResultsRaceResult"
                    },
                    {
                      "competitor": {
                        "teamMembers": null,
                        "id": "lvybe60t6er4taxbsngcsd",
                        "name": "Kriszti\u00e1n PARS",
                        "iaafId": 171477,
                        "urlSlug": "hungary/krisztian-pars-14197122",
                        "birthDate": "18 FEB 1982",
                        "hasProfile": true,
                        "__typename": "CalendarResultsCompetitor"
                      },
                      "mark": "80.30",
                      "nationality": "HUN",
                      "place": "2.",
                      "points": null,
                      "qualified": null,
                      "records": "",
                      "wind": null,
                      "remark": null,
                      "details": null,
                      "__typename": "CalendarResultsRaceResult"
                    },
                    {
                      "competitor": {
                        "teamMembers": null,
                        "id": "knd7u1rjbg72iz9b9oua41",
                        "name": "Luk\u00e1\u0161 MELICH",
                        "iaafId": 134625,
                        "urlSlug": "czech-republic/lukas-melich-14168549",
                        "birthDate": "16 SEP 1980",
                        "hasProfile": true,
                        "__typename": "CalendarResultsCompetitor"
                      },
                      "mark": "79.36",
                      "nationality": "CZE",
                      "place": "3.",
                      "points": null,
                      "qualified": null,
                      "records": "",
                      "wind": null,
                      "remark": null,
                      "details": null,
                      "__typename": "CalendarResultsRaceResult"
                    },
                    {
                      "competitor": {
                        "teamMembers": null,
                        "id": "yyrovi8yjclbq5k0qjs9b",
                        "name": "Primo\u017e KOZMUS",
                        "iaafId": 134721,
                        "urlSlug": "slovenia/primoz-kozmus-014225094",
                        "birthDate": "30 SEP 1979",
                        "hasProfile": true,
                        "__typename": "CalendarResultsCompetitor"
                      },
                      "mark": "79.22",
                      "nationality": "SLO",
                      "place": "4.",
                      "points": null,
                      "qualified": null,
                      "records": "",
                      "wind": null,
                      "remark": null,
                      "details": null,
                      "__typename": "CalendarResultsRaceResult"
                    },
                    {
                      "competitor": {
                        "teamMembers": null,
                        "id": "9zoo5as6ftnpvlonpshz",
                        "name": "Koji MUROFUSHI",
                        "iaafId": 12411,
                        "urlSlug": "japan/koji-murofushi-014204741",
                        "birthDate": "08 OCT 1974",
                        "hasProfile": true,
                        "__typename": "CalendarResultsCompetitor"
                      },
                      "mark": "78.03",
                      "nationality": "JPN",
                      "place": "5.",
                      "points": null,
                      "qualified": null,
                      "records": "",
                      "wind": null,
                      "remark": null,
                      "details": null,
                      "__typename": "CalendarResultsRaceResult"
                    },
                    {
                      "competitor": {
                        "teamMembers": null,
                        "id": "qrnj2asuvetguuu9qgkf9",
                        "name": "Nicola VIZZONI",
                        "iaafId": 12321,
                        "urlSlug": "italy/nicola-vizzoni-014201711",
                        "birthDate": "04 NOV 1973",
                        "hasProfile": true,
                        "__typename": "CalendarResultsCompetitor"
                      },
                      "mark": "77.61",
                      "nationality": "ITA",
                      "place": "6.",
                      "points": null,
                      "qualified": null,
                      "records": "",
                      "wind": null,
                      "remark": null,
                      "details": null,
                      "__typename": "CalendarResultsRaceResult"
                    },
                    {
                      "competitor": {
                        "teamMembers": null,
                        "id": "3d2a2033q4sxm6rzyl36f",
                        "name": "Marcel LOMNICK\u00dd",
                        "iaafId": 202365,
                        "urlSlug": "slovak-republic/marcel-lomnicky-14227025",
                        "birthDate": "06 JUL 1987",
                        "hasProfile": true,
                        "__typename": "CalendarResultsCompetitor"
                      },
                      "mark": "77.57",
                      "nationality": "SVK",
                      "place": "7.",
                      "points": null,
                      "qualified": null,
                      "records": "",
                      "wind": null,
                      "remark": null,
                      "details": null,
                      "__typename": "CalendarResultsRaceResult"
                    },
                    {
                      "competitor": {
                        "teamMembers": null,
                        "id": "3rsz345djs43z7wg7hudig",
                        "name": "Szymon ZI\u00d3\u0141KOWSKI",
                        "iaafId": 20275,
                        "urlSlug": "poland/szymon-ziolkowski-014217958",
                        "birthDate": "01 JUL 1976",
                        "hasProfile": true,
                        "__typename": "CalendarResultsCompetitor"
                      },
                      "mark": "76.84",
                      "nationality": "POL",
                      "place": "8.",
                      "points": null,
                      "qualified": null,
                      "records": "",
                      "wind": null,
                      "remark": null,
                      "details": null,
                      "__typename": "CalendarResultsRaceResult"
                    },
                    {
                      "competitor": {
                        "teamMembers": null,
                        "id": "iicuji9hzqst98ga13i1",
                        "name": "Markus ESSER",
                        "iaafId": 134457,
                        "urlSlug": "germany/markus-esser-014192010",
                        "birthDate": "03 FEB 1980",
                        "hasProfile": true,
                        "__typename": "CalendarResultsCompetitor"
                      },
                      "mark": "76.25",
                      "nationality": "GER",
                      "place": "9.",
                      "points": null,
                      "qualified": null,
                      "records": "",
                      "wind": null,
                      "remark": null,
                      "details": null,
                      "__typename": "CalendarResultsRaceResult"
                    },
                    {
                      "competitor": {
                        "teamMembers": null,
                        "id": "wsi5pg1lntlgxr3ysplj4",
                        "name": "Yury SHAYUNOU",
                        "iaafId": 202417,
                        "urlSlug": "belarus/yury-shayunou-014176573",
                        "birthDate": "22 OCT 1987",
                        "hasProfile": true,
                        "__typename": "CalendarResultsCompetitor"
                      },
                      "mark": "73.68",
                      "nationality": "BLR",
                      "place": "10.",
                      "points": null,
                      "qualified": null,
                      "records": "",
                      "wind": null,
                      "remark": null,
                      "details": null,
                      "__typename": "CalendarResultsRaceResult"
                    },
                    {
                      "competitor": {
                        "teamMembers": null,
                        "id": "hw7tgfpjgugncnmqjlyrf",
                        "name": "Dilshod NAZAROV",
                        "iaafId": 134391,
                        "urlSlug": "tajikistan/dilshod-nazarov-014228612",
                        "birthDate": "06 MAY 1982",
                        "hasProfile": true,
                        "__typename": "CalendarResultsCompetitor"
                      },
                      "mark": "DQ",
                      "nationality": "TJK",
                      "place": " - ",
                      "points": null,
                      "qualified": null,
                      "records": "",
                      "wind": null,
                      "remark": null,
                      "details": null,
                      "__typename": "CalendarResultsRaceResult"
                    },
                    {
                      "competitor": {
                        "teamMembers": null,
                        "id": "xoayi2r8nfbwu1gns04mc",
                        "name": "Sergey LITVINOV",
                        "iaafId": 200121,
                        "urlSlug": "russia/sergey-litvinov-014176746",
                        "birthDate": "27 JAN 1986",
                        "hasProfile": true,
                        "__typename": "CalendarResultsCompetitor"
                      },
                      "mark": "DQ",
                      "nationality": "RUS",
                      "place": " - ",
                      "points": null,
                      "qualified": null,
                      "records": "",
                      "wind": null,
                      "remark": null,
                      "details": null,
                      "__typename": "CalendarResultsRaceResult"
                    }
                  ],
                  "startList": null,
                  "wind": null,
                  "__typename": "CalendarResultsRace"
                },
                {
                  "date": "2013-08-10",
                  "day": 1,
                  "race": "Qualification - Group",
                  "raceId": 71,
                  "raceNumber": 1,
                  "results": [
                    {
                      "competitor": {
                        "teamMembers": null,
                        "id": "srydkt2mn9h6r737w30597",
                        "name": "Kriszti\u00e1n PARS",
                        "iaafId": 171477,
                        "urlSlug": "hungary/krisztian-pars-14197122",
                        "birthDate": "18 FEB 1982",
                        "hasProfile": true,
                        "__typename": "CalendarResultsCompetitor"
                      },
                      "mark": "79.06",
                      "nationality": "HUN",
                      "place": "1.",
                      "points": null,
                      "qualified": false,
                      "records": "",
                      "wind": null,
                      "remark": null,
                      "details": null,
                      "__typename": "CalendarResultsRaceResult"
                    },
                    {
                      "competitor": {
                        "teamMembers": null,
                        "id": "rksygd7m8mqq207640g8z",
                        "name": "Luk\u00e1\u0161 MELICH",
                        "iaafId": 134625,
                        "urlSlug": "czech-republic/lukas-melich-14168549",
                        "birthDate": "16 SEP 1980",
                        "hasProfile": true,
                        "__typename": "CalendarResultsCompetitor"
                      },
                      "mark": "78.52",
                      "nationality": "CZE",
                      "place": "2.",
                      "points": null,
                      "qualified": false,
                      "records": "",
                      "wind": null,
                      "remark": null,
                      "details": null,
                      "__typename": "CalendarResultsRaceResult"
                    },
                    {
                      "competitor": {
                        "teamMembers": null,
                        "id": "7c5bkiezytmyfigixrvoo",
                        "name": "Marcel LOMNICK\u00dd",
                        "iaafId": 202365,
                        "urlSlug": "slovak-republic/marcel-lomnicky-14227025",
                        "birthDate": "06 JUL 1987",
                        "hasProfile": true,
                        "__typename": "CalendarResultsCompetitor"
                      },
                      "mark": "76.97",
                      "nationality": "SVK",
                      "place": "3.",
                      "points": null,
                      "qualified": false,
                      "records": "",
                      "wind": null,
                      "remark": null,
                      "details": null,
                      "__typename": "CalendarResultsRaceResult"
                    },
                    {
                      "competitor": {
                        "teamMembers": null,
                        "id": "ddb52gyjn0wu80hvmhf5wl",
                        "name": "Koji MUROFUSHI",
                        "iaafId": 12411,
                        "urlSlug": "japan/koji-murofushi-014204741",
                        "birthDate": "08 OCT 1974",
                        "hasProfile": true,
                        "__typename": "CalendarResultsCompetitor"
                      },
                      "mark": "76.27",
                      "nationality": "JPN",
                      "place": "4.",
                      "points": null,
                      "qualified": false,
                      "records": "",
                      "wind": null,
                      "remark": null,
                      "details": null,
                      "__typename": "CalendarResultsRaceResult"
                    },
                    {
                      "competitor": {
                        "teamMembers": null,
                        "id": "adah005597n78ekz4vh9z7",
                        "name": "Pawe\u0142 FAJDEK",
                        "iaafId": 225148,
                        "urlSlug": "poland/pawel-fajdek-14329266",
                        "birthDate": "04 JUN 1989",
                        "hasProfile": true,
                        "__typename": "CalendarResultsCompetitor"
                      },
                      "mark": "76.17",
                      "nationality": "POL",
                      "place": "5.",
                      "points": null,
                      "qualified": false,
                      "records": "",
                      "wind": null,
                      "remark": null,
                      "details": null,
                      "__typename": "CalendarResultsRaceResult"
                    },
                    {
                      "competitor": {
                        "teamMembers": null,
                        "id": "cbdw586yd2numyuzkg7s0k",
                        "name": "Mattias JONS",
                        "iaafId": 204877,
                        "urlSlug": "sweden/mattias-jons-014227697",
                        "birthDate": "19 NOV 1982",
                        "hasProfile": true,
                        "__typename": "CalendarResultsCompetitor"
                      },
                      "mark": "73.47",
                      "nationality": "SWE",
                      "place": "6.",
                      "points": null,
                      "qualified": null,
                      "records": "",
                      "wind": null,
                      "remark": null,
                      "details": null,
                      "__typename": "CalendarResultsRaceResult"
                    },
                    {
                      "competitor": {
                        "teamMembers": null,
                        "id": "pg1bfxluz5twvu22cmvfr",
                        "name": "Alfred G. KRUGER",
                        "iaafId": 187497,
                        "urlSlug": "united-states/alfred-g-kruger-014243395",
                        "birthDate": "18 FEB 1979",
                        "hasProfile": true,
                        "__typename": "CalendarResultsCompetitor"
                      },
                      "mark": "73.35",
                      "nationality": "USA",
                      "place": "7.",
                      "points": null,
                      "qualified": null,
                      "records": "",
                      "wind": null,
                      "remark": null,
                      "details": null,
                      "__typename": "CalendarResultsRaceResult"
                    },
                    {
                      "competitor": {
                        "teamMembers": null,
                        "id": "xf42qhcj8z9rilddhottm",
                        "name": "Yevhen VINOHRADOV",
                        "iaafId": 184836,
                        "urlSlug": "ukraine/yevhen-vinohradov-014230758",
                        "birthDate": "30 APR 1984",
                        "hasProfile": true,
                        "__typename": "CalendarResultsCompetitor"
                      },
                      "mark": "72.90",
                      "nationality": "UKR",
                      "place": "8.",
                      "points": null,
                      "qualified": null,
                      "records": "",
                      "wind": null,
                      "remark": null,
                      "details": null,
                      "__typename": "CalendarResultsRaceResult"
                    },
                    {
                      "competitor": {
                        "teamMembers": null,
                        "id": "wmp2n3wkolokwr02crm4l",
                        "name": "Valeri SVYATOKHA",
                        "iaafId": 196247,
                        "urlSlug": "belarus/valeri-svyatokha-014176521",
                        "birthDate": "20 JUL 1981",
                        "hasProfile": true,
                        "__typename": "CalendarResultsCompetitor"
                      },
                      "mark": "72.05",
                      "nationality": "BLR",
                      "place": "9.",
                      "points": null,
                      "qualified": null,
                      "records": "",
                      "wind": null,
                      "remark": null,
                      "details": null,
                      "__typename": "CalendarResultsRaceResult"
                    },
                    {
                      "competitor": {
                        "teamMembers": null,
                        "id": "r0icoxjf7ivlv9snh9tjm",
                        "name": "Roberto JANET",
                        "iaafId": 206004,
                        "urlSlug": "cuba/roberto-janet-014169488",
                        "birthDate": "29 AUG 1986",
                        "hasProfile": true,
                        "__typename": "CalendarResultsCompetitor"
                      },
                      "mark": "71.73",
                      "nationality": "CUB",
                      "place": "10.",
                      "points": null,
                      "qualified": null,
                      "records": "",
                      "wind": null,
                      "remark": null,
                      "details": null,
                      "__typename": "CalendarResultsRaceResult"
                    },
                    {
                      "competitor": {
                        "teamMembers": null,
                        "id": "zas5pkdy4fk8ty46jz10jq",
                        "name": "Javier CIENFUEGOS",
                        "iaafId": 235842,
                        "urlSlug": "spain/javier-cienfuegos-14327967",
                        "birthDate": "15 JUL 1990",
                        "hasProfile": true,
                        "__typename": "CalendarResultsCompetitor"
                      },
                      "mark": "70.79",
                      "nationality": "ESP",
                      "place": "11.",
                      "points": null,
                      "qualified": null,
                      "records": "",
                      "wind": null,
                      "remark": null,
                      "details": null,
                      "__typename": "CalendarResultsRaceResult"
                    },
                    {
                      "competitor": {
                        "teamMembers": null,
                        "id": "voo4dmduprc5rx343iw2gy",
                        "name": "Ashraf ELSEIFY",
                        "iaafId": 263571,
                        "urlSlug": "qatar/ashraf-elseify-14523902",
                        "birthDate": "20 FEB 1995",
                        "hasProfile": true,
                        "__typename": "CalendarResultsCompetitor"
                      },
                      "mark": "69.70",
                      "nationality": "QAT",
                      "place": "12.",
                      "points": null,
                      "qualified": null,
                      "records": "",
                      "wind": null,
                      "remark": null,
                      "details": null,
                      "__typename": "CalendarResultsRaceResult"
                    },
                    {
                      "competitor": {
                        "teamMembers": null,
                        "id": "6c7oyrgfrcpcx5texljsmh",
                        "name": "Ali Mohamed AL ZENKAWI",
                        "iaafId": 190235,
                        "urlSlug": "kuwait/ali-mohamed-al-zenkawi-014210830",
                        "birthDate": "27 FEB 1984",
                        "hasProfile": true,
                        "__typename": "CalendarResultsCompetitor"
                      },
                      "mark": "DNS",
                      "nationality": "KUW",
                      "place": "",
                      "points": null,
                      "qualified": null,
                      "records": "",
                      "wind": null,
                      "remark": null,
                      "details": null,
                      "__typename": "CalendarResultsRaceResult"
                    },
                    {
                      "competitor": {
                        "teamMembers": null,
                        "id": "xbbw7rj3kbryxiqyg9gvq",
                        "name": "Aleksey ZAGORNIY",
                        "iaafId": 138934,
                        "urlSlug": "russia/aleksey-zagorniy-014224623",
                        "birthDate": "31 MAY 1978",
                        "hasProfile": true,
                        "__typename": "CalendarResultsCompetitor"
                      },
                      "mark": "NM",
                      "nationality": "RUS",
                      "place": "",
                      "points": null,
                      "qualified": null,
                      "records": "",
                      "wind": null,
                      "remark": null,
                      "details": null,
                      "__typename": "CalendarResultsRaceResult"
                    },
                    {
                      "competitor": {
                        "teamMembers": null,
                        "id": "8iwfmg1ubolrm8prdixp",
                        "name": "Hassan Mohamed MAHMOUD",
                        "iaafId": 239027,
                        "urlSlug": "egypt/hassan-mohamed-mahmoud-014167486",
                        "birthDate": "10 FEB 1984",
                        "hasProfile": true,
                        "__typename": "CalendarResultsCompetitor"
                      },
                      "mark": "DQ",
                      "nationality": "EGY",
                      "place": " - ",
                      "points": null,
                      "qualified": null,
                      "records": "",
                      "wind": null,
                      "remark": null,
                      "details": null,
                      "__typename": "CalendarResultsRaceResult"
                    }
                  ],
                  "startList": null,
                  "wind": null,
                  "__typename": "CalendarResultsRace"
                },
                {
                  "date": "2013-08-10",
                  "day": 1,
                  "race": "Qualification - Group",
                  "raceId": 71,
                  "raceNumber": 2,
                  "results": [
                    {
                      "competitor": {
                        "teamMembers": null,
                        "id": "6htj5dy8ekxn5aeaxc6gj9",
                        "name": "Primo\u017e KOZMUS",
                        "iaafId": 134721,
                        "urlSlug": "slovenia/primoz-kozmus-014225094",
                        "birthDate": "30 SEP 1979",
                        "hasProfile": true,
                        "__typename": "CalendarResultsCompetitor"
                      },
                      "mark": "78.10",
                      "nationality": "SLO",
                      "place": "1.",
                      "points": null,
                      "qualified": false,
                      "records": "",
                      "wind": null,
                      "remark": null,
                      "details": null,
                      "__typename": "CalendarResultsRaceResult"
                    },
                    {
                      "competitor": {
                        "teamMembers": null,
                        "id": "o6uiru38xrqxflt4gfq82t",
                        "name": "Szymon ZI\u00d3\u0141KOWSKI",
                        "iaafId": 20275,
                        "urlSlug": "poland/szymon-ziolkowski-014217958",
                        "birthDate": "01 JUL 1976",
                        "hasProfile": true,
                        "__typename": "CalendarResultsCompetitor"
                      },
                      "mark": "76.85",
                      "nationality": "POL",
                      "place": "2.",
                      "points": null,
                      "qualified": false,
                      "records": "",
                      "wind": null,
                      "remark": null,
                      "details": null,
                      "__typename": "CalendarResultsRaceResult"
                    },
                    {
                      "competitor": {
                        "teamMembers": null,
                        "id": "f7bta3v50mhmkid3ftq7qn",
                        "name": "Markus ESSER",
                        "iaafId": 134457,
                        "urlSlug": "germany/markus-esser-014192010",
                        "birthDate": "03 FEB 1980",
                        "hasProfile": true,
                        "__typename": "CalendarResultsCompetitor"
                      },
                      "mark": "75.90",
                      "nationality": "GER",
                      "place": "3.",
                      "points": null,
                      "qualified": false,
                      "records": "",
                      "wind": null,
                      "remark": null,
                      "details": null,
                      "__typename": "CalendarResultsRaceResult"
                    },
                    {
                      "competitor": {
                        "teamMembers": null,
                        "id": "4h8ngdmwk1cpu9nt0wjpzc",
                        "name": "Nicola VIZZONI",
                        "iaafId": 12321,
                        "urlSlug": "italy/nicola-vizzoni-014201711",
                        "birthDate": "04 NOV 1973",
                        "hasProfile": true,
                        "__typename": "CalendarResultsCompetitor"
                      },
                      "mark": "75.38",
                      "nationality": "ITA",
                      "place": "4.",
                      "points": null,
                      "qualified": false,
                      "records": "",
                      "wind": null,
                      "remark": null,
                      "details": null,
                      "__typename": "CalendarResultsRaceResult"
                    },
                    {
                      "competitor": {
                        "teamMembers": null,
                        "id": "xol14hmdwf5wdjiwkdtuv",
                        "name": "Yury SHAYUNOU",
                        "iaafId": 202417,
                        "urlSlug": "belarus/yury-shayunou-014176573",
                        "birthDate": "22 OCT 1987",
                        "hasProfile": true,
                        "__typename": "CalendarResultsCompetitor"
                      },
                      "mark": "75.18",
                      "nationality": "BLR",
                      "place": "5.",
                      "points": null,
                      "qualified": false,
                      "records": "",
                      "wind": null,
                      "remark": null,
                      "details": null,
                      "__typename": "CalendarResultsRaceResult"
                    },
                    {
                      "competitor": {
                        "teamMembers": null,
                        "id": "t9ruy5frd7ndu2mkhhsqh",
                        "name": "Quentin BIGOT",
                        "iaafId": 248059,
                        "urlSlug": "france/quentin-bigot-14375843",
                        "birthDate": "01 DEC 1992",
                        "hasProfile": true,
                        "__typename": "CalendarResultsCompetitor"
                      },
                      "mark": "74.98",
                      "nationality": "FRA",
                      "place": "6.",
                      "points": null,
                      "qualified": null,
                      "records": "",
                      "wind": null,
                      "remark": null,
                      "details": null,
                      "__typename": "CalendarResultsRaceResult"
                    },
                    {
                      "competitor": {
                        "teamMembers": null,
                        "id": "omrl8g11pqb2rczc6hzci",
                        "name": "\u00c1kos HUDI",
                        "iaafId": 233018,
                        "urlSlug": "hungary/akos-hudi-014196499",
                        "birthDate": "10 AUG 1991",
                        "hasProfile": true,
                        "__typename": "CalendarResultsCompetitor"
                      },
                      "mark": "74.30",
                      "nationality": "HUN",
                      "place": "7.",
                      "points": null,
                      "qualified": null,
                      "records": "",
                      "wind": null,
                      "remark": null,
                      "details": null,
                      "__typename": "CalendarResultsRaceResult"
                    },
                    {
                      "competitor": {
                        "teamMembers": null,
                        "id": "0ahhpeia7azcrdvcdwsje8o",
                        "name": "Igors SOKOLOVS",
                        "iaafId": 201642,
                        "urlSlug": "latvia/igors-sokolovs-014211084",
                        "birthDate": "17 AUG 1974",
                        "hasProfile": true,
                        "__typename": "CalendarResultsCompetitor"
                      },
                      "mark": "72.78",
                      "nationality": "LAT",
                      "place": "8.",
                      "points": null,
                      "qualified": null,
                      "records": "",
                      "wind": null,
                      "remark": null,
                      "details": null,
                      "__typename": "CalendarResultsRaceResult"
                    },
                    {
                      "competitor": {
                        "teamMembers": null,
                        "id": "cgr0vc0m6v9rxi1n432qhn",
                        "name": "Dmitriy MARSHIN",
                        "iaafId": 257437,
                        "urlSlug": "azerbaijan/dmitriy-marshin-14176722",
                        "birthDate": "15 SEP 1972",
                        "hasProfile": true,
                        "__typename": "CalendarResultsCompetitor"
                      },
                      "mark": "72.43",
                      "nationality": "AZE",
                      "place": "9.",
                      "points": null,
                      "qualified": null,
                      "records": "",
                      "wind": null,
                      "remark": null,
                      "details": null,
                      "__typename": "CalendarResultsRaceResult"
                    },
                    {
                      "competitor": {
                        "teamMembers": null,
                        "id": "2mft5jx7p5cfd8jfdxs0rj",
                        "name": "Chris HARMSE",
                        "iaafId": 133214,
                        "urlSlug": "south-africa/chris-harmse-014220122",
                        "birthDate": "31 MAY 1973",
                        "hasProfile": true,
                        "__typename": "CalendarResultsCompetitor"
                      },
                      "mark": "71.42",
                      "nationality": "RSA",
                      "place": "10.",
                      "points": null,
                      "qualified": null,
                      "records": "",
                      "wind": null,
                      "remark": null,
                      "details": null,
                      "__typename": "CalendarResultsRaceResult"
                    },
                    {
                      "competitor": {
                        "teamMembers": null,
                        "id": "csz3ukqtnbjms63s46kilf",
                        "name": "Aleksey KOROLYOV",
                        "iaafId": 177022,
                        "urlSlug": "russia/aleksey-korolyov-014222781",
                        "birthDate": "05 APR 1982",
                        "hasProfile": true,
                        "__typename": "CalendarResultsCompetitor"
                      },
                      "mark": "69.69",
                      "nationality": "RUS",
                      "place": "11.",
                      "points": null,
                      "qualified": null,
                      "records": "",
                      "wind": null,
                      "remark": null,
                      "details": null,
                      "__typename": "CalendarResultsRaceResult"
                    },
                    {
                      "competitor": {
                        "teamMembers": null,
                        "id": "jgk8x75m62x9bbwhzjlhr",
                        "name": "Sergey LITVINOV",
                        "iaafId": 200121,
                        "urlSlug": "russia/sergey-litvinov-014176746",
                        "birthDate": "27 JAN 1986",
                        "hasProfile": true,
                        "__typename": "CalendarResultsCompetitor"
                      },
                      "mark": "DQ",
                      "nationality": "RUS",
                      "place": " - ",
                      "points": null,
                      "qualified": false,
                      "records": "",
                      "wind": null,
                      "remark": null,
                      "details": null,
                      "__typename": "CalendarResultsRaceResult"
                    },
                    {
                      "competitor": {
                        "teamMembers": null,
                        "id": "bn7wtqrxtn9r2dwq4ecyc",
                        "name": "Dilshod NAZAROV",
                        "iaafId": 134391,
                        "urlSlug": "tajikistan/dilshod-nazarov-014228612",
                        "birthDate": "06 MAY 1982",
                        "hasProfile": true,
                        "__typename": "CalendarResultsCompetitor"
                      },
                      "mark": "DQ",
                      "nationality": "TJK",
                      "place": " - ",
                      "points": null,
                      "qualified": false,
                      "records": "",
                      "wind": null,
                      "remark": null,
                      "details": null,
                      "__typename": "CalendarResultsRaceResult"
                    },
                    {
                      "competitor": {
                        "teamMembers": null,
                        "id": "jfec60mwgicvmgfg3tca5j",
                        "name": "Pavel KRYVITSKI",
                        "iaafId": 184334,
                        "urlSlug": "belarus/pavel-kryvitski-014176788",
                        "birthDate": "17 APR 1984",
                        "hasProfile": true,
                        "__typename": "CalendarResultsCompetitor"
                      },
                      "mark": "DQ",
                      "nationality": "BLR",
                      "place": " - ",
                      "points": null,
                      "qualified": null,
                      "records": "",
                      "wind": null,
                      "remark": null,
                      "details": null,
                      "__typename": "CalendarResultsRaceResult"
                    }
                  ],
                  "startList": null,
                  "wind": null,
                  "__typename": "CalendarResultsRace"
                }
              ],
              "__typename": "CalendarResultsEvent"
            }
          ],
          "__typename": "CalendarResultsEventTitle"
        }
      ],
      "options": {
        "days": [
          {
            "date": "10 AUG 2013",
            "day": 1,
            "__typename": "CalendarResultsOptionsDay"
          },
          {
            "date": "11 AUG 2013",
            "day": 2,
            "__typename": "CalendarResultsOptionsDay"
          },
          {
            "date": "12 AUG 2013",
            "day": 3,
            "__typename": "CalendarResultsOptionsDay"
          },
          {
            "date": "13 AUG 2013",
            "day": 4,
            "__typename": "CalendarResultsOptionsDay"
          },
          {
            "date": "14 AUG 2013",
            "day": 5,
            "__typename": "CalendarResultsOptionsDay"
          },
          {
            "date": "15 AUG 2013",
            "day": 6,
            "__typename": "CalendarResultsOptionsDay"
          },
          {
            "date": "16 AUG 2013",
            "day": 7,
            "__typename": "CalendarResultsOptionsDay"
          },
          {
            "date": "17 AUG 2013",
            "day": 8,
            "__typename": "CalendarResultsOptionsDay"
          },
          {
            "date": "18 AUG 2013",
            "day": 9,
            "__typename": "CalendarResultsOptionsDay"
          }
        ],
        "events": [
          {
            "gender": "W",
            "id": 10229509,
            "name": "Women's 100 Metres",
            "combined": null,
            "__typename": "CalendarResultsOptionEvent"
          },
          {
            "gender": "W",
            "id": 10229510,
            "name": "Women's 200 Metres",
            "combined": null,
            "__typename": "CalendarResultsOptionEvent"
          },
          {
            "gender": "W",
            "id": 10229511,
            "name": "Women's 400 Metres",
            "combined": null,
            "__typename": "CalendarResultsOptionEvent"
          },
          {
            "gender": "W",
            "id": 10229512,
            "name": "Women's 800 Metres",
            "combined": null,
            "__typename": "CalendarResultsOptionEvent"
          },
          {
            "gender": "W",
            "id": 10229513,
            "name": "Women's 1500 Metres",
            "combined": null,
            "__typename": "CalendarResultsOptionEvent"
          },
          {
            "gender": "W",
            "id": 10229514,
            "name": "Women's 5000 Metres",
            "combined": null,
            "__typename": "CalendarResultsOptionEvent"
          },
          {
            "gender": "W",
            "id": 10229521,
            "name": "Women's 10,000 Metres",
            "combined": null,
            "__typename": "CalendarResultsOptionEvent"
          },
          {
            "gender": "W",
            "id": 10229522,
            "name": "Women's 100 Metres Hurdles",
            "combined": null,
            "__typename": "CalendarResultsOptionEvent"
          },
          {
            "gender": "W",
            "id": 10229523,
            "name": "Women's 400 Metres Hurdles",
            "combined": null,
            "__typename": "CalendarResultsOptionEvent"
          },
          {
            "gender": "W",
            "id": 10229524,
            "name": "Women's 3000 Metres Steeplechase",
            "combined": null,
            "__typename": "CalendarResultsOptionEvent"
          },
          {
            "gender": "W",
            "id": 10229526,
            "name": "Women's High Jump",
            "combined": null,
            "__typename": "CalendarResultsOptionEvent"
          },
          {
            "gender": "W",
            "id": 10229527,
            "name": "Women's Pole Vault",
            "combined": null,
            "__typename": "CalendarResultsOptionEvent"
          },
          {
            "gender": "W",
            "id": 10229528,
            "name": "Women's Long Jump",
            "combined": null,
            "__typename": "CalendarResultsOptionEvent"
          },
          {
            "gender": "W",
            "id": 10229529,
            "name": "Women's Triple Jump",
            "combined": null,
            "__typename": "CalendarResultsOptionEvent"
          },
          {
            "gender": "W",
            "id": 10229530,
            "name": "Women's Shot Put",
            "combined": null,
            "__typename": "CalendarResultsOptionEvent"
          },
          {
            "gender": "W",
            "id": 10229531,
            "name": "Women's Discus Throw",
            "combined": null,
            "__typename": "CalendarResultsOptionEvent"
          },
          {
            "gender": "W",
            "id": 10229532,
            "name": "Women's Hammer Throw",
            "combined": null,
            "__typename": "CalendarResultsOptionEvent"
          },
          {
            "gender": "W",
            "id": 10229533,
            "name": "Women's Javelin Throw",
            "combined": null,
            "__typename": "CalendarResultsOptionEvent"
          },
          {
            "gender": "W",
            "id": 10229534,
            "name": "Women's Marathon",
            "combined": null,
            "__typename": "CalendarResultsOptionEvent"
          },
          {
            "gender": "W",
            "id": 10229535,
            "name": "Women's 20 Kilometres Race Walk",
            "combined": null,
            "__typename": "CalendarResultsOptionEvent"
          },
          {
            "gender": "W",
            "id": 10229536,
            "name": "Women's Heptathlon",
            "combined": true,
            "__typename": "CalendarResultsOptionEvent"
          },
          {
            "gender": "W",
            "id": 204594,
            "name": "Women's 4x100 Metres Relay",
            "combined": null,
            "__typename": "CalendarResultsOptionEvent"
          },
          {
            "gender": "W",
            "id": 204596,
            "name": "Women's 4x400 Metres Relay",
            "combined": null,
            "__typename": "CalendarResultsOptionEvent"
          },
          {
            "gender": "M",
            "id": 10229630,
            "name": "Men's 100 Metres",
            "combined": null,
            "__typename": "CalendarResultsOptionEvent"
          },
          {
            "gender": "M",
            "id": 10229605,
            "name": "Men's 200 Metres",
            "combined": null,
            "__typename": "CalendarResultsOptionEvent"
          },
          {
            "gender": "M",
            "id": 10229631,
            "name": "Men's 400 Metres",
            "combined": null,
            "__typename": "CalendarResultsOptionEvent"
          },
          {
            "gender": "M",
            "id": 10229501,
            "name": "Men's 800 Metres",
            "combined": null,
            "__typename": "CalendarResultsOptionEvent"
          },
          {
            "gender": "M",
            "id": 10229502,
            "name": "Men's 1500 Metres",
            "combined": null,
            "__typename": "CalendarResultsOptionEvent"
          },
          {
            "gender": "M",
            "id": 10229609,
            "name": "Men's 5000 Metres",
            "combined": null,
            "__typename": "CalendarResultsOptionEvent"
          },
          {
            "gender": "M",
            "id": 10229610,
            "name": "Men's 10,000 Metres",
            "combined": null,
            "__typename": "CalendarResultsOptionEvent"
          },
          {
            "gender": "M",
            "id": 10229611,
            "name": "Men's 110 Metres Hurdles",
            "combined": null,
            "__typename": "CalendarResultsOptionEvent"
          },
          {
            "gender": "M",
            "id": 10229612,
            "name": "Men's 400 Metres Hurdles",
            "combined": null,
            "__typename": "CalendarResultsOptionEvent"
          },
          {
            "gender": "M",
            "id": 10229614,
            "name": "Men's 3000 Metres Steeplechase",
            "combined": null,
            "__typename": "CalendarResultsOptionEvent"
          },
          {
            "gender": "M",
            "id": 10229615,
            "name": "Men's High Jump",
            "combined": null,
            "__typename": "CalendarResultsOptionEvent"
          },
          {
            "gender": "M",
            "id": 10229616,
            "name": "Men's Pole Vault",
            "combined": null,
            "__typename": "CalendarResultsOptionEvent"
          },
          {
            "gender": "M",
            "id": 10229617,
            "name": "Men's Long Jump",
            "combined": null,
            "__typename": "CalendarResultsOptionEvent"
          },
          {
            "gender": "M",
            "id": 10229618,
            "name": "Men's Triple Jump",
            "combined": null,
            "__typename": "CalendarResultsOptionEvent"
          },
          {
            "gender": "M",
            "id": 10229619,
            "name": "Men's Shot Put",
            "combined": null,
            "__typename": "CalendarResultsOptionEvent"
          },
          {
            "gender": "M",
            "id": 10229620,
            "name": "Men's Discus Throw",
            "combined": null,
            "__typename": "CalendarResultsOptionEvent"
          },
          {
            "gender": "M",
            "id": 10229621,
            "name": "Men's Hammer Throw",
            "combined": null,
            "__typename": "CalendarResultsOptionEvent"
          },
          {
            "gender": "M",
            "id": 10229636,
            "name": "Men's Javelin Throw",
            "combined": null,
            "__typename": "CalendarResultsOptionEvent"
          },
          {
            "gender": "M",
            "id": 10229634,
            "name": "Men's Marathon",
            "combined": null,
            "__typename": "CalendarResultsOptionEvent"
          },
          {
            "gender": "M",
            "id": 10229508,
            "name": "Men's 20 Kilometres Race Walk",
            "combined": null,
            "__typename": "CalendarResultsOptionEvent"
          },
          {
            "gender": "M",
            "id": 10229628,
            "name": "Men's 50 Kilometres Race Walk",
            "combined": null,
            "__typename": "CalendarResultsOptionEvent"
          },
          {
            "gender": "M",
            "id": 10229629,
            "name": "Men's Decathlon",
            "combined": true,
            "__typename": "CalendarResultsOptionEvent"
          },
          {
            "gender": "M",
            "id": 204593,
            "name": "Men's 4x100 Metres Relay",
            "combined": null,
            "__typename": "CalendarResultsOptionEvent"
          },
          {
            "gender": "M",
            "id": 204595,
            "name": "Men's 4x400 Metres Relay",
            "combined": null,
            "__typename": "CalendarResultsOptionEvent"
          }
        ],
        "__typename": "CalendarResultsOptions"
      },
      "parameters": {
        "competitionId": 7003368,
        "day": null,
        "eventId": 10229621,
        "__typename": "CalendarResultsParameters"
      },
      "__typename": "CalendarCompetitionResults"
    }
  }
}