{
  "data": {
    "getCalendarCompetitionResults": {
      "competition": {
        "dateRange": "27 AUG\u201304 SEP 2011",
        "endDate": "2011-09-04",
        "name": "IAAF World Championships",
        "rankingCategory": "OW",
        "startDate": "2011-08-27",
        "venue": "DS, Daegu (KOR)",
        "__typename": "CalendarResultsCompetition"
      },
      "eventTitles": [
        {
          "rankingCategory": "OW",
          "eventTitle": null,
          "events": [
            {
              "event": "Men's 800 Metres",
              "eventId": 10229501,
              "gender": "M",
              "isRelay": false,
              "perResultWind": false,
              "withWind": false,
              "summary": null,
              "races": [
                {
                  "date": "2011-08-30",
                  "day": 4,
                  "race": "Final",
                  "raceId": 10,
                  "raceNumber": 0,
                  "results": [
                    {
                      "competitor": {
                        "teamMembers": null,
                        "id": "kfxhuow04vevrnki5i0iyo",
                        "name": "David RUDISHA",
                        "iaafId": 209036,
                        "urlSlug": "kenya/david-rudisha-014209691",
                        "birthDate": "17 DEC 1988",
                        "hasProfile": true,
                        "__typename": "CalendarResultsCompetitor"
                      },
                      "mark": "1:43.91",
                      "nationality": "KEN",
                      "place": "1.",
                      "points": null,
                      "qualified": null,
                      "records": "",
                      "wind": null,
                      "remark": null,
                      "details": null,
                      "__typename": "CalendarResultsRaceResult"
                    },
                    {
                      "competitor": {
                        "teamMembers": null,
                        "id": "kwbc23hva5dszjk4fpbx4i",
                        "name": "Abubaker KAKI",
                        "iaafId": 208553,
                        "urlSlug": "sudan/abubaker-kaki-014225691",
                        "birthDate": "21 JUN 1989",
                        "hasProfile": true,
                        "__typename": "CalendarResultsCompetitor"
                      },
                      "mark": "1:44.41",
                      "nationality": "SUD",
                      "place": "2.",
                      "points": null,
                      "qualified": null,
                      "records": "",
                      "wind": null,
                      "remark": null,
                      "details": null,
                      "__typename": "CalendarResultsRaceResult"
                    },
                    {
                      "competitor": {
                        "teamMembers": null,
                        "id": "9a5v9w9klojy2vdv9hu0o",
                        "name": "Yuriy BORZAKOVSKIY",
                        "iaafId": 137777,
                        "urlSlug": "russia/yuriy-borzakovskiy-014221887",
                        "birthDate": "12 APR 1981",
                        "hasProfile": true,
                        "__typename": "CalendarResultsCompetitor"
                      },
                      "mark": "1:44.49",
                      "nationality": "RUS",
                      "place": "3.",
                      "points": null,
                      "qualified": null,
                      "records": "",
                      "wind": null,
                      "remark": null,
                      "details": null,
                      "__typename": "CalendarResultsRaceResult"
                    },
                    {
                      "competitor": {
                        "teamMembers": null,
                        "id": "ylhnfoxt36lylgpipfo82",
                        "name": "Marcin LEWANDOWSKI",
                        "iaafId": 204111,
                        "urlSlug": "poland/marcin-lewandowski-014217081",
                        "birthDate": "13 JUN 1987",
                        "hasProfile": true,
                        "__typename": "CalendarResultsCompetitor"
                      },
                      "mark": "1:44.80",
                      "nationality": "POL",
                      "place": "4.",
                      "points": null,
                      "qualified": null,
                      "records": "",
                      "wind": null,
                      "remark": null,
                      "details": null,
                      "__typename": "CalendarResultsRaceResult"
                    },
                    {
                      "competitor": {
                        "teamMembers": null,
                        "id": "0he0tkl1ofhjkyhcq161ki",
                        "name": "Nick SYMMONDS",
                        "iaafId": 201635,
                        "urlSlug": "united-states/nick-symmonds-014252687",
                        "birthDate": "30 DEC 1983",
                        "hasProfile": true,
                        "__typename": "CalendarResultsCompetitor"
                      },
                      "mark": "1:45.12",
                      "nationality": "USA",
                      "place": "5.",
                      "points": null,
                      "qualified": null,
                      "records": "",
                      "wind": null,
                      "remark": null,
                      "details": null,
                      "__typename": "CalendarResultsRaceResult"
                    },
                    {
                      "competitor": {
                        "teamMembers": null,
                        "id": "77y03i7lf9w6mxvrvokeaf",
                        "name": "Adam KSZCZOT",
                        "iaafId": 228618,
                        "urlSlug": "poland/adam-kszczot-014217000",
                        "birthDate": "02 SEP 1989",
                        "hasProfile": true,
                        "__typename": "CalendarResultsCompetitor"
                      },
                      "mark": "1:45.25",
                      "nationality": "POL",
                      "place": "6.",
                      "points": null,
                      "qualified": null,
                      "records": "",
                      "wind": null,
                      "remark": null,
                      "details": null,
                      "__typename": "CalendarResultsRaceResult"
                    },
                    {
                      "competitor": {
                        "teamMembers": null,
                        "id": "dw3ap3bjefcc0yswczmeg",
                        "name": "Alfred Kirwa YEGO",
                        "iaafId": 202385,
                        "urlSlug": "kenya/alfred-kirwa-yego-014209993",
                        "birthDate": "28 NOV 1986",
                        "hasProfile": true,
                        "__typename": "CalendarResultsCompetitor"
                      },
                      "mark": "1:45.83",
                      "nationality": "KEN",
                      "place": "7.",
                      "points": null,
                      "qualified": null,
                      "records": "",
                      "wind": null,
                      "remark": null,
                      "details": null,
                      "__typename": "CalendarResultsRaceResult"
                    },
                    {
                      "competitor": {
                        "teamMembers": null,
                        "id": "64lv39c4nohjc9zyn9wxxn",
                        "name": "Mohammed AMAN",
                        "iaafId": 242622,
                        "urlSlug": "ethiopia/mohammed-aman-014329603",
                        "birthDate": "10 JAN 1994",
                        "hasProfile": true,
                        "__typename": "CalendarResultsCompetitor"
                      },
                      "mark": "1:45.93",
                      "nationality": "ETH",
                      "place": "8.",
                      "points": null,
                      "qualified": null,
                      "records": "",
                      "wind": null,
                      "remark": null,
                      "details": null,
                      "__typename": "CalendarResultsRaceResult"
                    }
                  ],
                  "startList": null,
                  "wind": null,
                  "__typename": "CalendarResultsRace"
                },
                {
                  "date": "2011-08-28",
                  "day": 2,
                  "race": "Semifinal - Heat",
                  "raceId": 13,
                  "raceNumber": 1,
                  "results": [
                    {
                      "competitor": {
                        "teamMembers": null,
                        "id": "wkdijr864qbe1yfs5iufhp",
                        "name": "Mohammed AMAN",
                        "iaafId": 242622,
                        "urlSlug": "ethiopia/mohammed-aman-014329603",
                        "birthDate": "10 JAN 1994",
                        "hasProfile": true,
                        "__typename": "CalendarResultsCompetitor"
                      },
                      "mark": "1:44.57",
                      "nationality": "ETH",
                      "place": "1.",
                      "points": null,
                      "qualified": false,
                      "records": "",
                      "wind": null,
                      "remark": null,
                      "details": null,
                      "__typename": "CalendarResultsRaceResult"
                    },
                    {
                      "competitor": {
                        "teamMembers": null,
                        "id": "8ljb03h57qhkupzicm9vqt",
                        "name": "Marcin LEWANDOWSKI",
                        "iaafId": 204111,
                        "urlSlug": "poland/marcin-lewandowski-014217081",
                        "birthDate": "13 JUN 1987",
                        "hasProfile": true,
                        "__typename": "CalendarResultsCompetitor"
                      },
                      "mark": "1:44.60",
                      "nationality": "POL",
                      "place": "2.",
                      "points": null,
                      "qualified": false,
                      "records": "",
                      "wind": null,
                      "remark": null,
                      "details": null,
                      "__typename": "CalendarResultsRaceResult"
                    },
                    {
                      "competitor": {
                        "teamMembers": null,
                        "id": "v79ce3bpxcssl8jyup1k4c",
                        "name": "Abubaker KAKI",
                        "iaafId": 208553,
                        "urlSlug": "sudan/abubaker-kaki-014225691",
                        "birthDate": "21 JUN 1989",
                        "hasProfile": true,
                        "__typename": "CalendarResultsCompetitor"
                      },
                      "mark": "1:44.62",
                      "nationality": "SUD",
                      "place": "3.",
                      "points": null,
                      "qualified": false,
                      "records": "",
                      "wind": null,
                      "remark": null,
                      "details": null,
                      "__typename": "CalendarResultsRaceResult"
                    },
                    {
                      "competitor": {
                        "teamMembers": null,
                        "id": "acl4am5askk5zluw268t52",
                        "name": "Alfred Kirwa YEGO",
                        "iaafId": 202385,
                        "urlSlug": "kenya/alfred-kirwa-yego-014209993",
                        "birthDate": "28 NOV 1986",
                        "hasProfile": true,
                        "__typename": "CalendarResultsCompetitor"
                      },
                      "mark": "1:44.82",
                      "nationality": "KEN",
                      "place": "4.",
                      "points": null,
                      "qualified": false,
                      "records": "",
                      "wind": null,
                      "remark": null,
                      "details": null,
                      "__typename": "CalendarResultsRaceResult"
                    },
                    {
                      "competitor": {
                        "teamMembers": null,
                        "id": "8l0iro853cjh7poc6gq8f7",
                        "name": "Khadevis ROBINSON",
                        "iaafId": 133527,
                        "urlSlug": "united-states/khadevis-robinson-014249779",
                        "birthDate": "19 JUL 1976",
                        "hasProfile": true,
                        "__typename": "CalendarResultsCompetitor"
                      },
                      "mark": "1:45.27",
                      "nationality": "USA",
                      "place": "5.",
                      "points": null,
                      "qualified": null,
                      "records": "",
                      "wind": null,
                      "remark": null,
                      "details": null,
                      "__typename": "CalendarResultsRaceResult"
                    },
                    {
                      "competitor": {
                        "teamMembers": null,
                        "id": "6fsj3mxyj6otpm1dwoq2l9",
                        "name": "Andreas BUBE",
                        "iaafId": 226573,
                        "urlSlug": "denmark/andreas-bube-014167999",
                        "birthDate": "13 JUL 1987",
                        "hasProfile": true,
                        "__typename": "CalendarResultsCompetitor"
                      },
                      "mark": "1:45.48",
                      "nationality": "DEN",
                      "place": "6.",
                      "points": null,
                      "qualified": null,
                      "records": "",
                      "wind": null,
                      "remark": null,
                      "details": null,
                      "__typename": "CalendarResultsRaceResult"
                    },
                    {
                      "competitor": {
                        "teamMembers": null,
                        "id": "vxpwlmsdj1pfhquqvzy1bl",
                        "name": "Sadjad MORADI",
                        "iaafId": 190521,
                        "urlSlug": "islamic-republic-of-iran/sadjad-moradi-014198682",
                        "birthDate": "30 MAR 1983",
                        "hasProfile": true,
                        "__typename": "CalendarResultsCompetitor"
                      },
                      "mark": "1:46.17",
                      "nationality": "IRI",
                      "place": "7.",
                      "points": null,
                      "qualified": null,
                      "records": "",
                      "wind": null,
                      "remark": null,
                      "details": null,
                      "__typename": "CalendarResultsRaceResult"
                    },
                    {
                      "competitor": {
                        "teamMembers": null,
                        "id": "964q4dmh4bczmfqjemx98",
                        "name": "Antonio Manuel REINA",
                        "iaafId": 133288,
                        "urlSlug": "spain/antonio-manuel-reina-014165281",
                        "birthDate": "13 JUN 1981",
                        "hasProfile": true,
                        "__typename": "CalendarResultsCompetitor"
                      },
                      "mark": "1:48.45",
                      "nationality": "ESP",
                      "place": "8.",
                      "points": null,
                      "qualified": null,
                      "records": "",
                      "wind": null,
                      "remark": null,
                      "details": null,
                      "__typename": "CalendarResultsRaceResult"
                    }
                  ],
                  "startList": null,
                  "wind": null,
                  "__typename": "CalendarResultsRace"
                },
                {
                  "date": "2011-08-28",
                  "day": 2,
                  "race": "Semifinal - Heat",
                  "raceId": 13,
                  "raceNumber": 2,
                  "results": [
                    {
                      "competitor": {
                        "teamMembers": null,
                        "id": "mjsj1inl6ap3jl55g2xzvp",
                        "name": "Nick SYMMONDS",
                        "iaafId": 201635,
                        "urlSlug": "united-states/nick-symmonds-014252687",
                        "birthDate": "30 DEC 1983",
                        "hasProfile": true,
                        "__typename": "CalendarResultsCompetitor"
                      },
                      "mark": "1:45.73",
                      "nationality": "USA",
                      "place": "1.",
                      "points": null,
                      "qualified": false,
                      "records": "",
                      "wind": null,
                      "remark": null,
                      "details": null,
                      "__typename": "CalendarResultsRaceResult"
                    },
                    {
                      "competitor": {
                        "teamMembers": null,
                        "id": "2lmw7ce6so5cyogts07lse",
                        "name": "Yuriy BORZAKOVSKIY",
                        "iaafId": 137777,
                        "urlSlug": "russia/yuriy-borzakovskiy-014221887",
                        "birthDate": "12 APR 1981",
                        "hasProfile": true,
                        "__typename": "CalendarResultsCompetitor"
                      },
                      "mark": "1:45.73",
                      "nationality": "RUS",
                      "place": "2.",
                      "points": null,
                      "qualified": false,
                      "records": "",
                      "wind": null,
                      "remark": null,
                      "details": null,
                      "__typename": "CalendarResultsRaceResult"
                    },
                    {
                      "competitor": {
                        "teamMembers": null,
                        "id": "5b7te3fyufqr1w642h6io",
                        "name": "Jackson Mumbwa KIVUVA",
                        "iaafId": 208371,
                        "urlSlug": "kenya/jackson-mumbwa-kivuva-014208600",
                        "birthDate": "11 AUG 1989",
                        "hasProfile": true,
                        "__typename": "CalendarResultsCompetitor"
                      },
                      "mark": "1:45.97",
                      "nationality": "KEN",
                      "place": "3.",
                      "points": null,
                      "qualified": null,
                      "records": "",
                      "wind": null,
                      "remark": null,
                      "details": null,
                      "__typename": "CalendarResultsRaceResult"
                    },
                    {
                      "competitor": {
                        "teamMembers": null,
                        "id": "joeks5bncgp69vyo0u80b",
                        "name": "Andrew OSAGIE",
                        "iaafId": 238224,
                        "urlSlug": "great-britain-ni/andrew-osagie-014190357",
                        "birthDate": "19 FEB 1988",
                        "hasProfile": true,
                        "__typename": "CalendarResultsCompetitor"
                      },
                      "mark": "1:46.12",
                      "nationality": "GBR",
                      "place": "4.",
                      "points": null,
                      "qualified": null,
                      "records": "",
                      "wind": null,
                      "remark": null,
                      "details": null,
                      "__typename": "CalendarResultsRaceResult"
                    },
                    {
                      "competitor": {
                        "teamMembers": null,
                        "id": "06jnwcnysbq9re0q2w6f44",
                        "name": "Tam\u00e1s KAZI",
                        "iaafId": 230964,
                        "urlSlug": "hungary/tamas-kazi-014196588",
                        "birthDate": "16 MAY 1985",
                        "hasProfile": true,
                        "__typename": "CalendarResultsCompetitor"
                      },
                      "mark": "1:46.53",
                      "nationality": "HUN",
                      "place": "5.",
                      "points": null,
                      "qualified": null,
                      "records": "",
                      "wind": null,
                      "remark": null,
                      "details": null,
                      "__typename": "CalendarResultsRaceResult"
                    },
                    {
                      "competitor": {
                        "teamMembers": null,
                        "id": "iouzlfshp9pobd343tqaf",
                        "name": "Bram SOM",
                        "iaafId": 134837,
                        "urlSlug": "netherlands/bram-som-014214387",
                        "birthDate": "20 FEB 1980",
                        "hasProfile": true,
                        "__typename": "CalendarResultsCompetitor"
                      },
                      "mark": "1:46.69",
                      "nationality": "NED",
                      "place": "6.",
                      "points": null,
                      "qualified": null,
                      "records": "",
                      "wind": null,
                      "remark": null,
                      "details": null,
                      "__typename": "CalendarResultsRaceResult"
                    },
                    {
                      "competitor": {
                        "teamMembers": null,
                        "id": "mg6uov0p2t0uz4wyc2aooh",
                        "name": "Kevin L\u00d3PEZ",
                        "iaafId": 236242,
                        "urlSlug": "spain/kevin-lopez-014165935",
                        "birthDate": "12 JUN 1990",
                        "hasProfile": true,
                        "__typename": "CalendarResultsCompetitor"
                      },
                      "mark": "1:46.86",
                      "nationality": "ESP",
                      "place": "7.",
                      "points": null,
                      "qualified": null,
                      "records": "",
                      "wind": null,
                      "remark": null,
                      "details": null,
                      "__typename": "CalendarResultsRaceResult"
                    },
                    {
                      "competitor": {
                        "teamMembers": null,
                        "id": "ng0z6r8ffkrgkb38zo3d",
                        "name": "Prince MUMBA",
                        "iaafId": 185195,
                        "urlSlug": "zambia/prince-mumba-014256437",
                        "birthDate": "28 AUG 1984",
                        "hasProfile": true,
                        "__typename": "CalendarResultsCompetitor"
                      },
                      "mark": "1:47.06",
                      "nationality": "ZAM",
                      "place": "8.",
                      "points": null,
                      "qualified": null,
                      "records": "",
                      "wind": null,
                      "remark": null,
                      "details": null,
                      "__typename": "CalendarResultsRaceResult"
                    }
                  ],
                  "startList": null,
                  "wind": null,
                  "__typename": "CalendarResultsRace"
                },
                {
                  "date": "2011-08-28",
                  "day": 2,
                  "race": "Semifinal - Heat",
                  "raceId": 13,
                  "raceNumber": 3,
                  "results": [
                    {
                      "competitor": {
                        "teamMembers": null,
                        "id": "zku0jtkgq4dy8w6ptaszss",
                        "name": "David RUDISHA",
                        "iaafId": 209036,
                        "urlSlug": "kenya/david-rudisha-014209691",
                        "birthDate": "17 DEC 1988",
                        "hasProfile": true,
                        "__typename": "CalendarResultsCompetitor"
                      },
                      "mark": "1:44.20",
                      "nationality": "KEN",
                      "place": "1.",
                      "points": null,
                      "qualified": false,
                      "records": "",
                      "wind": null,
                      "remark": null,
                      "details": null,
                      "__typename": "CalendarResultsRaceResult"
                    },
                    {
                      "competitor": {
                        "teamMembers": null,
                        "id": "euzkhk5q009n21mjnba3t",
                        "name": "Adam KSZCZOT",
                        "iaafId": 228618,
                        "urlSlug": "poland/adam-kszczot-014217000",
                        "birthDate": "02 SEP 1989",
                        "hasProfile": true,
                        "__typename": "CalendarResultsCompetitor"
                      },
                      "mark": "1:44.81",
                      "nationality": "POL",
                      "place": "2.",
                      "points": null,
                      "qualified": false,
                      "records": "",
                      "wind": null,
                      "remark": null,
                      "details": null,
                      "__typename": "CalendarResultsRaceResult"
                    },
                    {
                      "competitor": {
                        "teamMembers": null,
                        "id": "wasgbk8spbuqux1sbbkp",
                        "name": "Kl\u00e9berson DAVIDE",
                        "iaafId": 191898,
                        "urlSlug": "brazil/kleberson-davide-014175980",
                        "birthDate": "20 JUL 1985",
                        "hasProfile": true,
                        "__typename": "CalendarResultsCompetitor"
                      },
                      "mark": "1:45.06",
                      "nationality": "BRA",
                      "place": "3.",
                      "points": null,
                      "qualified": null,
                      "records": "",
                      "wind": null,
                      "remark": null,
                      "details": null,
                      "__typename": "CalendarResultsRaceResult"
                    },
                    {
                      "competitor": {
                        "teamMembers": null,
                        "id": "0xpz4xa6sec96fqqda9nxc",
                        "name": "Rafith RODR\u00cdGUEZ",
                        "iaafId": 242455,
                        "urlSlug": "colombia/rafith-rodriguez-014328119",
                        "birthDate": "01 JUN 1989",
                        "hasProfile": true,
                        "__typename": "CalendarResultsCompetitor"
                      },
                      "mark": "1:46.41",
                      "nationality": "COL",
                      "place": "4.",
                      "points": null,
                      "qualified": null,
                      "records": "",
                      "wind": null,
                      "remark": null,
                      "details": null,
                      "__typename": "CalendarResultsRaceResult"
                    },
                    {
                      "competitor": {
                        "teamMembers": null,
                        "id": "tkq420wxi1akk04vvkw97",
                        "name": "Mahfoud BRAHIMI",
                        "iaafId": 226108,
                        "urlSlug": "algeria/mahfoud-brahimi-014180798",
                        "birthDate": "24 FEB 1985",
                        "hasProfile": true,
                        "__typename": "CalendarResultsCompetitor"
                      },
                      "mark": "1:46.79",
                      "nationality": "ALG",
                      "place": "5.",
                      "points": null,
                      "qualified": null,
                      "records": "",
                      "wind": null,
                      "remark": null,
                      "details": null,
                      "__typename": "CalendarResultsRaceResult"
                    },
                    {
                      "competitor": {
                        "teamMembers": null,
                        "id": "ppqx6n75r6rz41wviatatl",
                        "name": "Luis Alberto MARCO",
                        "iaafId": 196666,
                        "urlSlug": "spain/luis-alberto-marco-014165888",
                        "birthDate": "20 AUG 1986",
                        "hasProfile": true,
                        "__typename": "CalendarResultsCompetitor"
                      },
                      "mark": "1:47.45",
                      "nationality": "ESP",
                      "place": "6.",
                      "points": null,
                      "qualified": null,
                      "records": "",
                      "wind": null,
                      "remark": null,
                      "details": null,
                      "__typename": "CalendarResultsRaceResult"
                    },
                    {
                      "competitor": {
                        "teamMembers": null,
                        "id": "3ow8q23v5iwg0uxrdchwe",
                        "name": "Moussa CAMARA",
                        "iaafId": 208062,
                        "urlSlug": "mali/moussa-camara-014213392",
                        "birthDate": "12 FEB 1988",
                        "hasProfile": true,
                        "__typename": "CalendarResultsCompetitor"
                      },
                      "mark": "1:48.15",
                      "nationality": "MLI",
                      "place": "7.",
                      "points": null,
                      "qualified": null,
                      "records": "",
                      "wind": null,
                      "remark": null,
                      "details": null,
                      "__typename": "CalendarResultsRaceResult"
                    },
                    {
                      "competitor": {
                        "teamMembers": null,
                        "id": "mn31pepk2fpx7gp6e4aivd",
                        "name": "Mohammed Khalaf AL AZEMI",
                        "iaafId": 170195,
                        "urlSlug": "kuwait/mohammed-khalaf-al-azemi-14210794",
                        "birthDate": "16 JUN 1982",
                        "hasProfile": true,
                        "__typename": "CalendarResultsCompetitor"
                      },
                      "mark": "DNF",
                      "nationality": "KUW",
                      "place": "",
                      "points": null,
                      "qualified": null,
                      "records": "",
                      "wind": null,
                      "remark": null,
                      "details": null,
                      "__typename": "CalendarResultsRaceResult"
                    }
                  ],
                  "startList": null,
                  "wind": null,
                  "__typename": "CalendarResultsRace"
                },
                {
                  "date": "2011-08-27",
                  "day": 1,
                  "race": "Round 1 - Heat",
                  "raceId": 11,
                  "raceNumber": 1,
                  "results": [
                    {
                      "competitor": {
                        "teamMembers": null,
                        "id": "ypf299ajtelw4djb17ff6",
                        "name": "Nick SYMMONDS",
                        "iaafId": 201635,
                        "urlSlug": "united-states/nick-symmonds-014252687",
                        "birthDate": "30 DEC 1983",
                        "hasProfile": true,
                        "__typename": "CalendarResultsCompetitor"
                      },
                      "mark": "1:46.54",
                      "nationality": "USA",
                      "place": "1.",
                      "points": null,
                      "qualified": false,
                      "records": "",
                      "wind": null,
                      "remark": null,
                      "details": null,
                      "__typename": "CalendarResultsRaceResult"
                    },
                    {
                      "competitor": {
                        "teamMembers": null,
                        "id": "nmyk7uxlhgptgn7uxmedb",
                        "name": "Andreas BUBE",
                        "iaafId": 226573,
                        "urlSlug": "denmark/andreas-bube-014167999",
                        "birthDate": "13 JUL 1987",
                        "hasProfile": true,
                        "__typename": "CalendarResultsCompetitor"
                      },
                      "mark": "1:46.64",
                      "nationality": "DEN",
                      "place": "2.",
                      "points": null,
                      "qualified": false,
                      "records": "",
                      "wind": null,
                      "remark": null,
                      "details": null,
                      "__typename": "CalendarResultsRaceResult"
                    },
                    {
                      "competitor": {
                        "teamMembers": null,
                        "id": "3l6mfpujxg7bvl0g75k9q",
                        "name": "Kevin L\u00d3PEZ",
                        "iaafId": 236242,
                        "urlSlug": "spain/kevin-lopez-014165935",
                        "birthDate": "12 JUN 1990",
                        "hasProfile": true,
                        "__typename": "CalendarResultsCompetitor"
                      },
                      "mark": "1:46.79",
                      "nationality": "ESP",
                      "place": "3.",
                      "points": null,
                      "qualified": false,
                      "records": "",
                      "wind": null,
                      "remark": null,
                      "details": null,
                      "__typename": "CalendarResultsRaceResult"
                    },
                    {
                      "competitor": {
                        "teamMembers": null,
                        "id": "jho9ow2g59gj78921p2gya",
                        "name": "Mouhcine EL AMINE",
                        "iaafId": 225870,
                        "urlSlug": "morocco/mouhcine-el-amine-014211825",
                        "birthDate": "18 JAN 1982",
                        "hasProfile": true,
                        "__typename": "CalendarResultsCompetitor"
                      },
                      "mark": "1:46.98",
                      "nationality": "MAR",
                      "place": "4.",
                      "points": null,
                      "qualified": null,
                      "records": "",
                      "wind": null,
                      "remark": null,
                      "details": null,
                      "__typename": "CalendarResultsRaceResult"
                    },
                    {
                      "competitor": {
                        "teamMembers": null,
                        "id": "7622ujqb65agyv4gxi8oe",
                        "name": "Andrew ELLERTON",
                        "iaafId": 190204,
                        "urlSlug": "canada/andrew-ellerton-014174315",
                        "birthDate": "18 NOV 1983",
                        "hasProfile": true,
                        "__typename": "CalendarResultsCompetitor"
                      },
                      "mark": "1:47.47",
                      "nationality": "CAN",
                      "place": "5.",
                      "points": null,
                      "qualified": null,
                      "records": "",
                      "wind": null,
                      "remark": null,
                      "details": null,
                      "__typename": "CalendarResultsRaceResult"
                    },
                    {
                      "competitor": {
                        "teamMembers": null,
                        "id": "in0ilomggidu1ffl5ko9rc",
                        "name": "Moise JOSEPH",
                        "iaafId": 202796,
                        "urlSlug": "haiti/moise-joseph-014195812",
                        "birthDate": "27 DEC 1981",
                        "hasProfile": true,
                        "__typename": "CalendarResultsCompetitor"
                      },
                      "mark": "1:48.17",
                      "nationality": "HAI",
                      "place": "6.",
                      "points": null,
                      "qualified": null,
                      "records": "",
                      "wind": null,
                      "remark": null,
                      "details": null,
                      "__typename": "CalendarResultsRaceResult"
                    },
                    {
                      "competitor": {
                        "teamMembers": null,
                        "id": "557w15cideurbfvypl0paa",
                        "name": "Zaw Win THET",
                        "iaafId": 250304,
                        "urlSlug": "myanmar/zaw-win-thet-014378744",
                        "birthDate": "01 MAR 1991",
                        "hasProfile": true,
                        "__typename": "CalendarResultsCompetitor"
                      },
                      "mark": "1:58.36",
                      "nationality": "MYA",
                      "place": "7.",
                      "points": null,
                      "qualified": null,
                      "records": "",
                      "wind": null,
                      "remark": null,
                      "details": null,
                      "__typename": "CalendarResultsRaceResult"
                    }
                  ],
                  "startList": null,
                  "wind": null,
                  "__typename": "CalendarResultsRace"
                },
                {
                  "date": "2011-08-27",
                  "day": 1,
                  "race": "Round 1 - Heat",
                  "raceId": 11,
                  "raceNumber": 2,
                  "results": [
                    {
                      "competitor": {
                        "teamMembers": null,
                        "id": "0k44s4pzya1z0qjhzotd",
                        "name": "Yuriy BORZAKOVSKIY",
                        "iaafId": 137777,
                        "urlSlug": "russia/yuriy-borzakovskiy-014221887",
                        "birthDate": "12 APR 1981",
                        "hasProfile": true,
                        "__typename": "CalendarResultsCompetitor"
                      },
                      "mark": "1:46.14",
                      "nationality": "RUS",
                      "place": "1.",
                      "points": null,
                      "qualified": false,
                      "records": "",
                      "wind": null,
                      "remark": null,
                      "details": null,
                      "__typename": "CalendarResultsRaceResult"
                    },
                    {
                      "competitor": {
                        "teamMembers": null,
                        "id": "uogf1gept7pj9t8sy4q6",
                        "name": "Jackson Mumbwa KIVUVA",
                        "iaafId": 208371,
                        "urlSlug": "kenya/jackson-mumbwa-kivuva-014208600",
                        "birthDate": "11 AUG 1989",
                        "hasProfile": true,
                        "__typename": "CalendarResultsCompetitor"
                      },
                      "mark": "1:46.57",
                      "nationality": "KEN",
                      "place": "2.",
                      "points": null,
                      "qualified": false,
                      "records": "",
                      "wind": null,
                      "remark": null,
                      "details": null,
                      "__typename": "CalendarResultsRaceResult"
                    },
                    {
                      "competitor": {
                        "teamMembers": null,
                        "id": "4cy7pg6dr9dsb0klotn3xr",
                        "name": "Antonio Manuel REINA",
                        "iaafId": 133288,
                        "urlSlug": "spain/antonio-manuel-reina-014165281",
                        "birthDate": "13 JUN 1981",
                        "hasProfile": true,
                        "__typename": "CalendarResultsCompetitor"
                      },
                      "mark": "1:46.66",
                      "nationality": "ESP",
                      "place": "3.",
                      "points": null,
                      "qualified": false,
                      "records": "",
                      "wind": null,
                      "remark": null,
                      "details": null,
                      "__typename": "CalendarResultsRaceResult"
                    },
                    {
                      "competitor": {
                        "teamMembers": null,
                        "id": "ps00rdr16ejyjn0kldhmdb",
                        "name": "Prince MUMBA",
                        "iaafId": 185195,
                        "urlSlug": "zambia/prince-mumba-014256437",
                        "birthDate": "28 AUG 1984",
                        "hasProfile": true,
                        "__typename": "CalendarResultsCompetitor"
                      },
                      "mark": "1:46.73",
                      "nationality": "ZAM",
                      "place": "4.",
                      "points": null,
                      "qualified": false,
                      "records": "",
                      "wind": null,
                      "remark": null,
                      "details": null,
                      "__typename": "CalendarResultsRaceResult"
                    },
                    {
                      "competitor": {
                        "teamMembers": null,
                        "id": "6mjmdgod5jun64dk358d7i",
                        "name": "Michael RIMMER",
                        "iaafId": 184261,
                        "urlSlug": "great-britain-ni/michael-rimmer-014190598",
                        "birthDate": "03 FEB 1986",
                        "hasProfile": true,
                        "__typename": "CalendarResultsCompetitor"
                      },
                      "mark": "1:47.11",
                      "nationality": "GBR",
                      "place": "5.",
                      "points": null,
                      "qualified": null,
                      "records": "",
                      "wind": null,
                      "remark": null,
                      "details": null,
                      "__typename": "CalendarResultsRaceResult"
                    },
                    {
                      "competitor": {
                        "teamMembers": null,
                        "id": "2m1hs6myu0mh2mps9zomf",
                        "name": "Masato YOKOTA",
                        "iaafId": 204435,
                        "urlSlug": "japan/masato-yokota-14206994",
                        "birthDate": "19 NOV 1987",
                        "hasProfile": true,
                        "__typename": "CalendarResultsCompetitor"
                      },
                      "mark": "1:47.60",
                      "nationality": "JPN",
                      "place": "6.",
                      "points": null,
                      "qualified": null,
                      "records": "",
                      "wind": null,
                      "remark": null,
                      "details": null,
                      "__typename": "CalendarResultsRaceResult"
                    },
                    {
                      "competitor": {
                        "teamMembers": null,
                        "id": "etszha9arddyhoiza3u1vs",
                        "name": "Shifaz MOHAMED",
                        "iaafId": 267199,
                        "urlSlug": "maldives/shifaz-mohamed-014437191",
                        "birthDate": "17 AUG 1986",
                        "hasProfile": true,
                        "__typename": "CalendarResultsCompetitor"
                      },
                      "mark": "2:01.05",
                      "nationality": "MDV",
                      "place": "7.",
                      "points": null,
                      "qualified": null,
                      "records": "",
                      "wind": null,
                      "remark": null,
                      "details": null,
                      "__typename": "CalendarResultsRaceResult"
                    }
                  ],
                  "startList": null,
                  "wind": null,
                  "__typename": "CalendarResultsRace"
                },
                {
                  "date": "2011-08-27",
                  "day": 1,
                  "race": "Round 1 - Heat",
                  "raceId": 11,
                  "raceNumber": 3,
                  "results": [
                    {
                      "competitor": {
                        "teamMembers": null,
                        "id": "jsy9r6wi29svsxrict8mz",
                        "name": "Abubaker KAKI",
                        "iaafId": 208553,
                        "urlSlug": "sudan/abubaker-kaki-014225691",
                        "birthDate": "21 JUN 1989",
                        "hasProfile": true,
                        "__typename": "CalendarResultsCompetitor"
                      },
                      "mark": "1:44.83",
                      "nationality": "SUD",
                      "place": "1.",
                      "points": null,
                      "qualified": false,
                      "records": "",
                      "wind": null,
                      "remark": null,
                      "details": null,
                      "__typename": "CalendarResultsRaceResult"
                    },
                    {
                      "competitor": {
                        "teamMembers": null,
                        "id": "3hrixc3y21yt2e8l4m6yck",
                        "name": "Mohammed AMAN",
                        "iaafId": 242622,
                        "urlSlug": "ethiopia/mohammed-aman-014329603",
                        "birthDate": "10 JAN 1994",
                        "hasProfile": true,
                        "__typename": "CalendarResultsCompetitor"
                      },
                      "mark": "1:45.17",
                      "nationality": "ETH",
                      "place": "2.",
                      "points": null,
                      "qualified": false,
                      "records": "",
                      "wind": null,
                      "remark": null,
                      "details": null,
                      "__typename": "CalendarResultsRaceResult"
                    },
                    {
                      "competitor": {
                        "teamMembers": null,
                        "id": "z3omlm4ydk15z2lrdfauth",
                        "name": "Alfred Kirwa YEGO",
                        "iaafId": 202385,
                        "urlSlug": "kenya/alfred-kirwa-yego-014209993",
                        "birthDate": "28 NOV 1986",
                        "hasProfile": true,
                        "__typename": "CalendarResultsCompetitor"
                      },
                      "mark": "1:45.50",
                      "nationality": "KEN",
                      "place": "3.",
                      "points": null,
                      "qualified": false,
                      "records": "",
                      "wind": null,
                      "remark": null,
                      "details": null,
                      "__typename": "CalendarResultsRaceResult"
                    },
                    {
                      "competitor": {
                        "teamMembers": null,
                        "id": "cgq3uhdf7dlebvawhr0g8e",
                        "name": "Luis Alberto MARCO",
                        "iaafId": 196666,
                        "urlSlug": "spain/luis-alberto-marco-014165888",
                        "birthDate": "20 AUG 1986",
                        "hasProfile": true,
                        "__typename": "CalendarResultsCompetitor"
                      },
                      "mark": "1:46.19",
                      "nationality": "ESP",
                      "place": "4.",
                      "points": null,
                      "qualified": false,
                      "records": "",
                      "wind": null,
                      "remark": null,
                      "details": null,
                      "__typename": "CalendarResultsRaceResult"
                    },
                    {
                      "competitor": {
                        "teamMembers": null,
                        "id": "rh6yj3ic6q99ganllbl3ke",
                        "name": "Moussa CAMARA",
                        "iaafId": 208062,
                        "urlSlug": "mali/moussa-camara-014213392",
                        "birthDate": "12 FEB 1988",
                        "hasProfile": true,
                        "__typename": "CalendarResultsCompetitor"
                      },
                      "mark": "1:46.38",
                      "nationality": "MLI",
                      "place": "5.",
                      "points": null,
                      "qualified": false,
                      "records": "",
                      "wind": null,
                      "remark": null,
                      "details": null,
                      "__typename": "CalendarResultsRaceResult"
                    },
                    {
                      "competitor": {
                        "teamMembers": null,
                        "id": "v225z0g7apjy5lj81xy1o9",
                        "name": "Ashot HAYRAPETYAN",
                        "iaafId": 267340,
                        "urlSlug": "armenia/ashot-hayrapetyan-014374060",
                        "birthDate": "13 FEB 1986",
                        "hasProfile": true,
                        "__typename": "CalendarResultsCompetitor"
                      },
                      "mark": "1:50.09",
                      "nationality": "ARM",
                      "place": "6.",
                      "points": null,
                      "qualified": null,
                      "records": "",
                      "wind": null,
                      "remark": null,
                      "details": null,
                      "__typename": "CalendarResultsRaceResult"
                    },
                    {
                      "competitor": {
                        "teamMembers": null,
                        "id": "ixixqk2dmdhos7t92m3t",
                        "name": "Fernando Lina DA SILVA",
                        "iaafId": 247515,
                        "urlSlug": "brazil/fernando-lina-da-silva-14176086",
                        "birthDate": "10 OCT 1986",
                        "hasProfile": true,
                        "__typename": "CalendarResultsCompetitor"
                      },
                      "mark": "1:51.58",
                      "nationality": "BRA",
                      "place": "7.",
                      "points": null,
                      "qualified": null,
                      "records": "",
                      "wind": null,
                      "remark": null,
                      "details": null,
                      "__typename": "CalendarResultsRaceResult"
                    }
                  ],
                  "startList": null,
                  "wind": null,
                  "__typename": "CalendarResultsRace"
                },
                {
                  "date": "2011-08-27",
                  "day": 1,
                  "race": "Round 1 - Heat",
                  "raceId": 11,
                  "raceNumber": 4,
                  "results": [
                    {
                      "competitor": {
                        "teamMembers": null,
                        "id": "qt26b6wp7wjj8a96wg0lb",
                        "name": "David RUDISHA",
                        "iaafId": 209036,
                        "urlSlug": "kenya/david-rudisha-014209691",
                        "birthDate": "17 DEC 1988",
                        "hasProfile": true,
                        "__typename": "CalendarResultsCompetitor"
                      },
                      "mark": "1:46.29",
                      "nationality": "KEN",
                      "place": "1.",
                      "points": null,
                      "qualified": false,
                      "records": "",
                      "wind": null,
                      "remark": null,
                      "details": null,
                      "__typename": "CalendarResultsRaceResult"
                    },
                    {
                      "competitor": {
                        "teamMembers": null,
                        "id": "7vk23eldzjvonkasvrqy38",
                        "name": "Marcin LEWANDOWSKI",
                        "iaafId": 204111,
                        "urlSlug": "poland/marcin-lewandowski-014217081",
                        "birthDate": "13 JUN 1987",
                        "hasProfile": true,
                        "__typename": "CalendarResultsCompetitor"
                      },
                      "mark": "1:46.73",
                      "nationality": "POL",
                      "place": "2.",
                      "points": null,
                      "qualified": false,
                      "records": "",
                      "wind": null,
                      "remark": null,
                      "details": null,
                      "__typename": "CalendarResultsRaceResult"
                    },
                    {
                      "competitor": {
                        "teamMembers": null,
                        "id": "b4n9lsb240upfddhnwd889",
                        "name": "Bram SOM",
                        "iaafId": 134837,
                        "urlSlug": "netherlands/bram-som-014214387",
                        "birthDate": "20 FEB 1980",
                        "hasProfile": true,
                        "__typename": "CalendarResultsCompetitor"
                      },
                      "mark": "1:46.79",
                      "nationality": "NED",
                      "place": "3.",
                      "points": null,
                      "qualified": false,
                      "records": "",
                      "wind": null,
                      "remark": null,
                      "details": null,
                      "__typename": "CalendarResultsRaceResult"
                    },
                    {
                      "competitor": {
                        "teamMembers": null,
                        "id": "38ouydqmxo68zjygxyxzrh",
                        "name": "Mahfoud BRAHIMI",
                        "iaafId": 226108,
                        "urlSlug": "algeria/mahfoud-brahimi-014180798",
                        "birthDate": "24 FEB 1985",
                        "hasProfile": true,
                        "__typename": "CalendarResultsCompetitor"
                      },
                      "mark": "1:46.94",
                      "nationality": "ALG",
                      "place": "4.",
                      "points": null,
                      "qualified": null,
                      "records": "",
                      "wind": null,
                      "remark": null,
                      "details": null,
                      "__typename": "CalendarResultsRaceResult"
                    },
                    {
                      "competitor": {
                        "teamMembers": null,
                        "id": "um0lu5tvxkcjbp2aup8rt",
                        "name": "Charles JOCK",
                        "iaafId": 256348,
                        "urlSlug": "united-states/charles-jock-014329054",
                        "birthDate": "23 NOV 1989",
                        "hasProfile": true,
                        "__typename": "CalendarResultsCompetitor"
                      },
                      "mark": "1:47.95",
                      "nationality": "USA",
                      "place": "5.",
                      "points": null,
                      "qualified": null,
                      "records": "",
                      "wind": null,
                      "remark": null,
                      "details": null,
                      "__typename": "CalendarResultsRaceResult"
                    },
                    {
                      "competitor": {
                        "teamMembers": null,
                        "id": "2jjdbgj82q2zi24bgbmhh",
                        "name": "Brice ET\u00c8S",
                        "iaafId": 197229,
                        "urlSlug": "monaco/brice-etes-014184654",
                        "birthDate": "11 APR 1984",
                        "hasProfile": true,
                        "__typename": "CalendarResultsCompetitor"
                      },
                      "mark": "1:48.22",
                      "nationality": "MON",
                      "place": "6.",
                      "points": null,
                      "qualified": null,
                      "records": "",
                      "wind": null,
                      "remark": null,
                      "details": null,
                      "__typename": "CalendarResultsRaceResult"
                    },
                    {
                      "competitor": {
                        "teamMembers": null,
                        "id": "f3fmuv88d3ia58sv1siaes",
                        "name": "Edgar Alejandro CORTEZ",
                        "iaafId": 254029,
                        "urlSlug": "nicaragua/edgar-alejandro-cortez-014410756",
                        "birthDate": "08 AUG 1989",
                        "hasProfile": true,
                        "__typename": "CalendarResultsCompetitor"
                      },
                      "mark": "1:49.10",
                      "nationality": "NCA",
                      "place": "7.",
                      "points": null,
                      "qualified": null,
                      "records": "",
                      "wind": null,
                      "remark": null,
                      "details": null,
                      "__typename": "CalendarResultsRaceResult"
                    }
                  ],
                  "startList": null,
                  "wind": null,
                  "__typename": "CalendarResultsRace"
                },
                {
                  "date": "2011-08-27",
                  "day": 1,
                  "race": "Round 1 - Heat",
                  "raceId": 11,
                  "raceNumber": 5,
                  "results": [
                    {
                      "competitor": {
                        "teamMembers": null,
                        "id": "x65eh9slywbflpn3bf489",
                        "name": "Kl\u00e9berson DAVIDE",
                        "iaafId": 191898,
                        "urlSlug": "brazil/kleberson-davide-014175980",
                        "birthDate": "20 JUL 1985",
                        "hasProfile": true,
                        "__typename": "CalendarResultsCompetitor"
                      },
                      "mark": "1:46.06",
                      "nationality": "BRA",
                      "place": "1.",
                      "points": null,
                      "qualified": false,
                      "records": "",
                      "wind": null,
                      "remark": null,
                      "details": null,
                      "__typename": "CalendarResultsRaceResult"
                    },
                    {
                      "competitor": {
                        "teamMembers": null,
                        "id": "uz2x858enfoewocla6wf",
                        "name": "Andrew OSAGIE",
                        "iaafId": 238224,
                        "urlSlug": "great-britain-ni/andrew-osagie-014190357",
                        "birthDate": "19 FEB 1988",
                        "hasProfile": true,
                        "__typename": "CalendarResultsCompetitor"
                      },
                      "mark": "1:46.08",
                      "nationality": "GBR",
                      "place": "2.",
                      "points": null,
                      "qualified": false,
                      "records": "",
                      "wind": null,
                      "remark": null,
                      "details": null,
                      "__typename": "CalendarResultsRaceResult"
                    },
                    {
                      "competitor": {
                        "teamMembers": null,
                        "id": "1we1nxv5q8jgpcjdiwtii8",
                        "name": "Adam KSZCZOT",
                        "iaafId": 228618,
                        "urlSlug": "poland/adam-kszczot-014217000",
                        "birthDate": "02 SEP 1989",
                        "hasProfile": true,
                        "__typename": "CalendarResultsCompetitor"
                      },
                      "mark": "1:46.16",
                      "nationality": "POL",
                      "place": "3.",
                      "points": null,
                      "qualified": false,
                      "records": "",
                      "wind": null,
                      "remark": null,
                      "details": null,
                      "__typename": "CalendarResultsRaceResult"
                    },
                    {
                      "competitor": {
                        "teamMembers": null,
                        "id": "vet6v70eq6e9lbhq4ebeg",
                        "name": "Sadjad MORADI",
                        "iaafId": 190521,
                        "urlSlug": "islamic-republic-of-iran/sadjad-moradi-014198682",
                        "birthDate": "30 MAR 1983",
                        "hasProfile": true,
                        "__typename": "CalendarResultsCompetitor"
                      },
                      "mark": "1:46.39",
                      "nationality": "IRI",
                      "place": "4.",
                      "points": null,
                      "qualified": false,
                      "records": "",
                      "wind": null,
                      "remark": null,
                      "details": null,
                      "__typename": "CalendarResultsRaceResult"
                    },
                    {
                      "competitor": {
                        "teamMembers": null,
                        "id": "yb0u4jlvo6x325axxi8j9",
                        "name": "Mohammed Khalaf AL AZEMI",
                        "iaafId": 170195,
                        "urlSlug": "kuwait/mohammed-khalaf-al-azemi-14210794",
                        "birthDate": "16 JUN 1982",
                        "hasProfile": true,
                        "__typename": "CalendarResultsCompetitor"
                      },
                      "mark": "1:46.64",
                      "nationality": "KUW",
                      "place": "5.",
                      "points": null,
                      "qualified": false,
                      "records": "",
                      "wind": null,
                      "remark": null,
                      "details": null,
                      "__typename": "CalendarResultsRaceResult"
                    },
                    {
                      "competitor": {
                        "teamMembers": null,
                        "id": "kf3gtgw3w278ht12595qo",
                        "name": "Julius MUTEKANGA",
                        "iaafId": 239310,
                        "urlSlug": "uganda/julius-mutekanga-014229635",
                        "birthDate": "01 DEC 1987",
                        "hasProfile": true,
                        "__typename": "CalendarResultsCompetitor"
                      },
                      "mark": "1:47.54",
                      "nationality": "UGA",
                      "place": "6.",
                      "points": null,
                      "qualified": null,
                      "records": "",
                      "wind": null,
                      "remark": null,
                      "details": null,
                      "__typename": "CalendarResultsRaceResult"
                    },
                    {
                      "competitor": {
                        "teamMembers": null,
                        "id": "bl6ese3tqgwznyh71n3hdf",
                        "name": "Ahmad FARHAN",
                        "iaafId": 243079,
                        "urlSlug": "pakistan/ahmad-farhan-014330043",
                        "birthDate": "11 JAN 1990",
                        "hasProfile": true,
                        "__typename": "CalendarResultsCompetitor"
                      },
                      "mark": "1:50.14",
                      "nationality": "PAK",
                      "place": "7.",
                      "points": null,
                      "qualified": null,
                      "records": "",
                      "wind": null,
                      "remark": null,
                      "details": null,
                      "__typename": "CalendarResultsRaceResult"
                    },
                    {
                      "competitor": {
                        "teamMembers": null,
                        "id": "gboou0cs2siau7o50b7nsv",
                        "name": "Thomas VANDY",
                        "iaafId": 267432,
                        "urlSlug": "sierra-leone/thomas-vandy-014437090",
                        "birthDate": "29 APR 1989",
                        "hasProfile": true,
                        "__typename": "CalendarResultsCompetitor"
                      },
                      "mark": "DNS",
                      "nationality": "SLE",
                      "place": "",
                      "points": null,
                      "qualified": null,
                      "records": "",
                      "wind": null,
                      "remark": null,
                      "details": null,
                      "__typename": "CalendarResultsRaceResult"
                    }
                  ],
                  "startList": null,
                  "wind": null,
                  "__typename": "CalendarResultsRace"
                },
                {
                  "date": "2011-08-27",
                  "day": 1,
                  "race": "Round 1 - Heat",
                  "raceId": 11,
                  "raceNumber": 6,
                  "results": [
                    {
                      "competitor": {
                        "teamMembers": null,
                        "id": "icx4154o9cac2romut5ji6",
                        "name": "Rafith RODR\u00cdGUEZ",
                        "iaafId": 242455,
                        "urlSlug": "colombia/rafith-rodriguez-014328119",
                        "birthDate": "01 JUN 1989",
                        "hasProfile": true,
                        "__typename": "CalendarResultsCompetitor"
                      },
                      "mark": "1:48.26",
                      "nationality": "COL",
                      "place": "1.",
                      "points": null,
                      "qualified": false,
                      "records": "",
                      "wind": null,
                      "remark": null,
                      "details": null,
                      "__typename": "CalendarResultsRaceResult"
                    },
                    {
                      "competitor": {
                        "teamMembers": null,
                        "id": "d9r0uk5jk3mvh4n3c4fhz",
                        "name": "Tam\u00e1s KAZI",
                        "iaafId": 230964,
                        "urlSlug": "hungary/tamas-kazi-014196588",
                        "birthDate": "16 MAY 1985",
                        "hasProfile": true,
                        "__typename": "CalendarResultsCompetitor"
                      },
                      "mark": "1:48.29",
                      "nationality": "HUN",
                      "place": "2.",
                      "points": null,
                      "qualified": false,
                      "records": "",
                      "wind": null,
                      "remark": null,
                      "details": null,
                      "__typename": "CalendarResultsRaceResult"
                    },
                    {
                      "competitor": {
                        "teamMembers": null,
                        "id": "qb8j1rccazoy44ji5ni2k7",
                        "name": "Khadevis ROBINSON",
                        "iaafId": 133527,
                        "urlSlug": "united-states/khadevis-robinson-014249779",
                        "birthDate": "19 JUL 1976",
                        "hasProfile": true,
                        "__typename": "CalendarResultsCompetitor"
                      },
                      "mark": "1:48.41",
                      "nationality": "USA",
                      "place": "3.",
                      "points": null,
                      "qualified": false,
                      "records": "",
                      "wind": null,
                      "remark": null,
                      "details": null,
                      "__typename": "CalendarResultsRaceResult"
                    },
                    {
                      "competitor": {
                        "teamMembers": null,
                        "id": "jqqyvkccnmm2fu5ok1bvgs",
                        "name": "Daniel NGHIPANDULWA",
                        "iaafId": 263293,
                        "urlSlug": "namibia/daniel-nghipandulwa-014409405",
                        "birthDate": "08 JUN 1989",
                        "hasProfile": true,
                        "__typename": "CalendarResultsCompetitor"
                      },
                      "mark": "1:48.79",
                      "nationality": "NAM",
                      "place": "4.",
                      "points": null,
                      "qualified": null,
                      "records": "",
                      "wind": null,
                      "remark": null,
                      "details": null,
                      "__typename": "CalendarResultsRaceResult"
                    },
                    {
                      "competitor": {
                        "teamMembers": null,
                        "id": "dodf41tx0t77w4zl8g5lg",
                        "name": "Lutimar PAES",
                        "iaafId": 234965,
                        "urlSlug": "brazil/lutimar-paes-014176297",
                        "birthDate": "14 DEC 1988",
                        "hasProfile": true,
                        "__typename": "CalendarResultsCompetitor"
                      },
                      "mark": "1:48.97",
                      "nationality": "BRA",
                      "place": "5.",
                      "points": null,
                      "qualified": null,
                      "records": "",
                      "wind": null,
                      "remark": null,
                      "details": null,
                      "__typename": "CalendarResultsRaceResult"
                    },
                    {
                      "competitor": {
                        "teamMembers": null,
                        "id": "4zr992r0a2l8c2s21z1tvc",
                        "name": "Ismail Ahmed ISMAIL",
                        "iaafId": 180226,
                        "urlSlug": "sudan/ismail-ahmed-ismail-014225690",
                        "birthDate": "10 SEP 1984",
                        "hasProfile": true,
                        "__typename": "CalendarResultsCompetitor"
                      },
                      "mark": "1:52.33",
                      "nationality": "SUD",
                      "place": "6.",
                      "points": null,
                      "qualified": null,
                      "records": "",
                      "wind": null,
                      "remark": null,
                      "details": null,
                      "__typename": "CalendarResultsRaceResult"
                    },
                    {
                      "competitor": {
                        "teamMembers": null,
                        "id": "dguszdq47s5u8lpdr56ife",
                        "name": "Derek MANDELL",
                        "iaafId": 196319,
                        "urlSlug": "guam/derek-mandell-014195770",
                        "birthDate": "18 SEP 1986",
                        "hasProfile": true,
                        "__typename": "CalendarResultsCompetitor"
                      },
                      "mark": "1:57.11",
                      "nationality": "GUM",
                      "place": "7.",
                      "points": null,
                      "qualified": null,
                      "records": "",
                      "wind": null,
                      "remark": null,
                      "details": null,
                      "__typename": "CalendarResultsRaceResult"
                    },
                    {
                      "competitor": {
                        "teamMembers": null,
                        "id": "6kr2lhiemd349h2x2y9z4i",
                        "name": "Richard BLAGG",
                        "iaafId": 254512,
                        "urlSlug": "gibraltar/richard-blagg-014413316",
                        "birthDate": "03 NOV 1988",
                        "hasProfile": true,
                        "__typename": "CalendarResultsCompetitor"
                      },
                      "mark": "1:59.34",
                      "nationality": "GIB",
                      "place": "8.",
                      "points": null,
                      "qualified": null,
                      "records": "",
                      "wind": null,
                      "remark": null,
                      "details": null,
                      "__typename": "CalendarResultsRaceResult"
                    }
                  ],
                  "startList": null,
                  "wind": null,
                  "__typename": "CalendarResultsRace"
                }
              ],
              "__typename": "CalendarResultsEvent"
            }
          ],
          "__typename": "CalendarResultsEventTitle"
        }
      ],
      "options": {
        "days": [
          {
            "date": "27 AUG 2011",
            "day": 1,
            "__typename": "CalendarResultsOptionsDay"
          },
          {
            "date": "28 AUG 2011",
            "day": 2,
            "__typename": "CalendarResultsOptionsDay"
          },
          {
            "date": "29 AUG 2011",
            "day": 3,
            "__typename": "CalendarResultsOptionsDay"
          },
          {
            "date": "30 AUG 2011",
            "day": 4,
            "__typename": "CalendarResultsOptionsDay"
          },
          {
            "date": "31 AUG 2011",
            "day": 5,
            "__typename": "CalendarResultsOptionsDay"
          },
          {
            "date": "01 SEP 2011",
            "day": 6,
            "__typename": "CalendarResultsOptionsDay"
          },
          {
            "date": "02 SEP 2011",
            "day": 7,
            "__typename": "CalendarResultsOptionsDay"
          },
          {
            "date": "03 SEP 2011",
            "day": 8,
            "__typename": "CalendarResultsOptionsDay"
          },
          {
            "date": "04 SEP 2011",
            "day": 9,
            "__typename": "CalendarResultsOptionsDay"
          }
        ],
        "events": [
          {
            "gender": "W",
            "id": 10229509,
            "name": "Women's 100 Metres",
            "combined": null,
            "__typename": "CalendarResultsOptionEvent"
          },
          {
            "gender": "W",
            "id": 10229510,
            "name": "Women's 200 Metres",
            "combined": null,
            "__typename": "CalendarResultsOptionEvent"
          },
          {
            "gender": "W",
            "id": 10229511,
            "name": "Women's 400 Metres",
            "combined": null,
            "__typename": "CalendarResultsOptionEvent"
          },
          {
            "gender": "W",
            "id": 10229512,
            "name": "Women's 800 Metres",
            "combined": null,
            "__typename": "CalendarResultsOptionEvent"
          },
          {
            "gender": "W",
            "id": 10229513,
            "name": "Women's 1500 Metres",
            "combined": null,
            "__typename": "CalendarResultsOptionEvent"
          },
          {
            "gender": "W",
            "id": 10229514,
            "name": "Women's 5000 Metres",
            "combined": null,
            "__typename": "CalendarResultsOptionEvent"
          },
          {
            "gender": "W",
            "id": 10229521,
            "name": "Women's 10,000 Metres",
            "combined": null,
            "__typename": "CalendarResultsOptionEvent"
          },
          {
            "gender": "W",
            "id": 10229522,
            "name": "Women's 100 Metres Hurdles",
            "combined": null,
            "__typename": "CalendarResultsOptionEvent"
          },
          {
            "gender": "W",
            "id": 10229523,
            "name": "Women's 400 Metres Hurdles",
            "combined": null,
            "__typename": "CalendarResultsOptionEvent"
          },
          {
            "gender": "W",
            "id": 10229524,
            "name": "Women's 3000 Metres Steeplechase",
            "combined": null,
            "__typename": "CalendarResultsOptionEvent"
          },
          {
            "gender": "W",
            "id": 10230058,
            "name": "Women's 800 Metres T54",
            "combined": null,
            "__typename": "CalendarResultsOptionEvent"
          },
          {
            "gender": "W",
            "id": 10229526,
            "name": "Women's High Jump",
            "combined": null,
            "__typename": "CalendarResultsOptionEvent"
          },
          {
            "gender": "W",
            "id": 10229527,
            "name": "Women's Pole Vault",
            "combined": null,
            "__typename": "CalendarResultsOptionEvent"
          },
          {
            "gender": "W",
            "id": 10229528,
            "name": "Women's Long Jump",
            "combined": null,
            "__typename": "CalendarResultsOptionEvent"
          },
          {
            "gender": "W",
            "id": 10229529,
            "name": "Women's Triple Jump",
            "combined": null,
            "__typename": "CalendarResultsOptionEvent"
          },
          {
            "gender": "W",
            "id": 10229530,
            "name": "Women's Shot Put",
            "combined": null,
            "__typename": "CalendarResultsOptionEvent"
          },
          {
            "gender": "W",
            "id": 10229531,
            "name": "Women's Discus Throw",
            "combined": null,
            "__typename": "CalendarResultsOptionEvent"
          },
          {
            "gender": "W",
            "id": 10229532,
            "name": "Women's Hammer Throw",
            "combined": null,
            "__typename": "CalendarResultsOptionEvent"
          },
          {
            "gender": "W",
            "id": 10229533,
            "name": "Women's Javelin Throw",
            "combined": null,
            "__typename": "CalendarResultsOptionEvent"
          },
          {
            "gender": "W",
            "id": 10229534,
            "name": "Women's Marathon",
            "combined": null,
            "__typename": "CalendarResultsOptionEvent"
          },
          {
            "gender": "W",
            "id": 10229535,
            "name": "Women's 20 Kilometres Race Walk",
            "combined": null,
            "__typename": "CalendarResultsOptionEvent"
          },
          {
            "gender": "W",
            "id": 10229536,
            "name": "Women's Heptathlon",
            "combined": true,
            "__typename": "CalendarResultsOptionEvent"
          },
          {
            "gender": "W",
            "id": 204594,
            "name": "Women's 4x100 Metres Relay",
            "combined": null,
            "__typename": "CalendarResultsOptionEvent"
          },
          {
            "gender": "W",
            "id": 204596,
            "name": "Women's 4x400 Metres Relay",
            "combined": null,
            "__typename": "CalendarResultsOptionEvent"
          },
          {
            "gender": "M",
            "id": 10229630,
            "name": "Men's 100 Metres",
            "combined": null,
            "__typename": "CalendarResultsOptionEvent"
          },
          {
            "gender": "M",
            "id": 10229605,
            "name": "Men's 200 Metres",
            "combined": null,
            "__typename": "CalendarResultsOptionEvent"
          },
          {
            "gender": "M",
            "id": 10229631,
            "name": "Men's 400 Metres",
            "combined": null,
            "__typename": "CalendarResultsOptionEvent"
          },
          {
            "gender": "M",
            "id": 10229501,
            "name": "Men's 800 Metres",
            "combined": null,
            "__typename": "CalendarResultsOptionEvent"
          },
          {
            "gender": "M",
            "id": 10229502,
            "name": "Men's 1500 Metres",
            "combined": null,
            "__typename": "CalendarResultsOptionEvent"
          },
          {
            "gender": "M",
            "id": 10229609,
            "name": "Men's 5000 Metres",
            "combined": null,
            "__typename": "CalendarResultsOptionEvent"
          },
          {
            "gender": "M",
            "id": 10229610,
            "name": "Men's 10,000 Metres",
            "combined": null,
            "__typename": "CalendarResultsOptionEvent"
          },
          {
            "gender": "M",
            "id": 10229611,
            "name": "Men's 110 Metres Hurdles",
            "combined": null,
            "__typename": "CalendarResultsOptionEvent"
          },
          {
            "gender": "M",
            "id": 10229612,
            "name": "Men's 400 Metres Hurdles",
            "combined": null,
            "__typename": "CalendarResultsOptionEvent"
          },
          {
            "gender": "M",
            "id": 10229614,
            "name": "Men's 3000 Metres Steeplechase",
            "combined": null,
            "__typename": "CalendarResultsOptionEvent"
          },
          {
            "gender": "M",
            "id": 10230057,
            "name": "Men's 400 Metres T53",
            "combined": null,
            "__typename": "CalendarResultsOptionEvent"
          },
          {
            "gender": "M",
            "id": 10229615,
            "name": "Men's High Jump",
            "combined": null,
            "__typename": "CalendarResultsOptionEvent"
          },
          {
            "gender": "M",
            "id": 10229616,
            "name": "Men's Pole Vault",
            "combined": null,
            "__typename": "CalendarResultsOptionEvent"
          },
          {
            "gender": "M",
            "id": 10229617,
            "name": "Men's Long Jump",
            "combined": null,
            "__typename": "CalendarResultsOptionEvent"
          },
          {
            "gender": "M",
            "id": 10229618,
            "name": "Men's Triple Jump",
            "combined": null,
            "__typename": "CalendarResultsOptionEvent"
          },
          {
            "gender": "M",
            "id": 10229619,
            "name": "Men's Shot Put",
            "combined": null,
            "__typename": "CalendarResultsOptionEvent"
          },
          {
            "gender": "M",
            "id": 10229620,
            "name": "Men's Discus Throw",
            "combined": null,
            "__typename": "CalendarResultsOptionEvent"
          },
          {
            "gender": "M",
            "id": 10229621,
            "name": "Men's Hammer Throw",
            "combined": null,
            "__typename": "CalendarResultsOptionEvent"
          },
          {
            "gender": "M",
            "id": 10229636,
            "name": "Men's Javelin Throw",
            "combined": null,
            "__typename": "CalendarResultsOptionEvent"
          },
          {
            "gender": "M",
            "id": 10229634,
            "name": "Men's Marathon",
            "combined": null,
            "__typename": "CalendarResultsOptionEvent"
          },
          {
            "gender": "M",
            "id": 10229508,
            "name": "Men's 20 Kilometres Race Walk",
            "combined": null,
            "__typename": "CalendarResultsOptionEvent"
          },
          {
            "gender": "M",
            "id": 10229627,
            "name": "Men's 35 Kilometres Race Walk",
            "combined": null,
            "__typename": "CalendarResultsOptionEvent"
          },
          {
            "gender": "M",
            "id": 10229628,
            "name": "Men's 50 Kilometres Race Walk",
            "combined": null,
            "__typename": "CalendarResultsOptionEvent"
          },
          {
            "gender": "M",
            "id": 10229629,
            "name": "Men's Decathlon",
            "combined": true,
            "__typename": "CalendarResultsOptionEvent"
          },
          {
            "gender": "M",
            "id": 204593,
            "name": "Men's 4x100 Metres Relay",
            "combined": null,
            "__typename": "CalendarResultsOptionEvent"
          },
          {
            "gender": "M",
            "id": 204595,
            "name": "Men's 4x400 Metres Relay",
            "combined": null,
            "__typename": "CalendarResultsOptionEvent"
          }
        ],
        "__typename": "CalendarResultsOptions"
      },
      "parameters": {
        "competitionId": 7003367,
        "day": null,
        "eventId": 10229501,
        "__typename": "CalendarResultsParameters"
      },
      "__typename": "CalendarCompetitionResults"
    }
  }
}