{
  "data": {
    "getCalendarCompetitionResults": {
      "competition": {
        "dateRange": "22\u201330 AUG 2015",
        "endDate": "2015-08-30",
        "name": "IAAF World Championships",
        "rankingCategory": "OW",
        "startDate": "2015-08-22",
        "venue": "National Stadium, Beijing (CHN)",
        "__typename": "CalendarResultsCompetition"
      },
      "eventTitles": [
        {
          "rankingCategory": "OW",
          "eventTitle": null,
          "events": [
            {
              "event": "Men's Javelin Throw",
              "eventId": 10229636,
              "gender": "M",
              "isRelay": false,
              "perResultWind": false,
              "withWind": false,
              "summary": null,
              "races": [
                {
                  "date": "2015-08-26",
                  "day": 5,
                  "race": "Final",
                  "raceId": 10,
                  "raceNumber": 0,
                  "results": [
                    {
                      "competitor": {
                        "teamMembers": null,
                        "id": "amevlwnk0iee06uxk6pv8p",
                        "name": "Julius YEGO",
                        "iaafId": 250164,
                        "urlSlug": "kenya/julius-yego-14376567",
                        "birthDate": "04 JAN 1989",
                        "hasProfile": true,
                        "__typename": "CalendarResultsCompetitor"
                      },
                      "mark": "92.72",
                      "nationality": "KEN",
                      "place": "1.",
                      "points": null,
                      "qualified": null,
                      "records": "AR",
                      "wind": null,
                      "remark": null,
                      "details": null,
                      "__typename": "CalendarResultsRaceResult"
                    },
                    {
                      "competitor": {
                        "teamMembers": null,
                        "id": "wqy6gd75f0g4cwj2f6qojx",
                        "name": "Ihab ABDELRAHMAN",
                        "iaafId": 239280,
                        "urlSlug": "egypt/ihab-abdelrahman-14167518",
                        "birthDate": "01 MAY 1989",
                        "hasProfile": true,
                        "__typename": "CalendarResultsCompetitor"
                      },
                      "mark": "88.99",
                      "nationality": "EGY",
                      "place": "2.",
                      "points": null,
                      "qualified": null,
                      "records": "",
                      "wind": null,
                      "remark": null,
                      "details": null,
                      "__typename": "CalendarResultsRaceResult"
                    },
                    {
                      "competitor": {
                        "teamMembers": null,
                        "id": "p6venl7nagazg0rgkku5r",
                        "name": "Tero PITK\u00c4M\u00c4KI",
                        "iaafId": 177485,
                        "urlSlug": "finland/tero-pitkamaki-014182408",
                        "birthDate": "19 DEC 1982",
                        "hasProfile": true,
                        "__typename": "CalendarResultsCompetitor"
                      },
                      "mark": "87.64",
                      "nationality": "FIN",
                      "place": "3.",
                      "points": null,
                      "qualified": null,
                      "records": "",
                      "wind": null,
                      "remark": null,
                      "details": null,
                      "__typename": "CalendarResultsRaceResult"
                    },
                    {
                      "competitor": {
                        "teamMembers": null,
                        "id": "q42sqbcf36jaoztb5thrr",
                        "name": "Thomas R\u00d6HLER",
                        "iaafId": 255897,
                        "urlSlug": "germany/thomas-rohler-14379257",
                        "birthDate": "30 SEP 1991",
                        "hasProfile": true,
                        "__typename": "CalendarResultsCompetitor"
                      },
                      "mark": "87.41",
                      "nationality": "GER",
                      "place": "4.",
                      "points": null,
                      "qualified": null,
                      "records": "",
                      "wind": null,
                      "remark": null,
                      "details": null,
                      "__typename": "CalendarResultsRaceResult"
                    },
                    {
                      "competitor": {
                        "teamMembers": null,
                        "id": "w64z1rvgolct6s7vy89f3",
                        "name": "Antti RUUSKANEN",
                        "iaafId": 198425,
                        "urlSlug": "finland/antti-ruuskanen-014182495",
                        "birthDate": "21 FEB 1984",
                        "hasProfile": true,
                        "__typename": "CalendarResultsCompetitor"
                      },
                      "mark": "87.12",
                      "nationality": "FIN",
                      "place": "5.",
                      "points": null,
                      "qualified": null,
                      "records": "",
                      "wind": null,
                      "remark": null,
                      "details": null,
                      "__typename": "CalendarResultsRaceResult"
                    },
                    {
                      "competitor": {
                        "teamMembers": null,
                        "id": "504aw4zrro4dzuelgm22dl",
                        "name": "Andreas HOFMANN",
                        "iaafId": 244305,
                        "urlSlug": "germany/andreas-hofmann-14372011",
                        "birthDate": "16 DEC 1991",
                        "hasProfile": true,
                        "__typename": "CalendarResultsCompetitor"
                      },
                      "mark": "86.01",
                      "nationality": "GER",
                      "place": "6.",
                      "points": null,
                      "qualified": null,
                      "records": "",
                      "wind": null,
                      "remark": null,
                      "details": null,
                      "__typename": "CalendarResultsRaceResult"
                    },
                    {
                      "competitor": {
                        "teamMembers": null,
                        "id": "dy0w1uiealdkwf0y1evry",
                        "name": "Johannes VETTER",
                        "iaafId": 261302,
                        "urlSlug": "germany/johannes-vetter-14408144",
                        "birthDate": "26 MAR 1993",
                        "hasProfile": true,
                        "__typename": "CalendarResultsCompetitor"
                      },
                      "mark": "83.79",
                      "nationality": "GER",
                      "place": "7.",
                      "points": null,
                      "qualified": null,
                      "records": "",
                      "wind": null,
                      "remark": null,
                      "details": null,
                      "__typename": "CalendarResultsRaceResult"
                    },
                    {
                      "competitor": {
                        "teamMembers": null,
                        "id": "h12w2ggq97oh4iti689n5m",
                        "name": "V\u00edt\u011bzslav VESEL\u00dd",
                        "iaafId": 189720,
                        "urlSlug": "czech-republic/vitezslav-vesely-14168124",
                        "birthDate": "27 FEB 1983",
                        "hasProfile": true,
                        "__typename": "CalendarResultsCompetitor"
                      },
                      "mark": "83.13",
                      "nationality": "CZE",
                      "place": "8.",
                      "points": null,
                      "qualified": null,
                      "records": "",
                      "wind": null,
                      "remark": null,
                      "details": null,
                      "__typename": "CalendarResultsRaceResult"
                    },
                    {
                      "competitor": {
                        "teamMembers": null,
                        "id": "ecaryv5ed6qpjxat9kh2xi",
                        "name": "Ryohei ARAI",
                        "iaafId": 267632,
                        "urlSlug": "japan/ryohei-arai-14475539",
                        "birthDate": "23 JUN 1991",
                        "hasProfile": true,
                        "__typename": "CalendarResultsCompetitor"
                      },
                      "mark": "83.07",
                      "nationality": "JPN",
                      "place": "9.",
                      "points": null,
                      "qualified": null,
                      "records": "",
                      "wind": null,
                      "remark": null,
                      "details": null,
                      "__typename": "CalendarResultsRaceResult"
                    },
                    {
                      "competitor": {
                        "teamMembers": null,
                        "id": "yzcp9hfm85p85tomywrvm",
                        "name": "Braian TOLEDO",
                        "iaafId": 247981,
                        "urlSlug": "argentina/braian-toledo-014336131",
                        "birthDate": "08 SEP 1993",
                        "hasProfile": true,
                        "__typename": "CalendarResultsCompetitor"
                      },
                      "mark": "80.27",
                      "nationality": "ARG",
                      "place": "10.",
                      "points": null,
                      "qualified": null,
                      "records": "",
                      "wind": null,
                      "remark": null,
                      "details": null,
                      "__typename": "CalendarResultsRaceResult"
                    },
                    {
                      "competitor": {
                        "teamMembers": null,
                        "id": "t5msdre5w3myde98rhcb4s",
                        "name": "Kim AMB",
                        "iaafId": 243101,
                        "urlSlug": "sweden/kim-amb-14227321",
                        "birthDate": "31 JUL 1990",
                        "hasProfile": true,
                        "__typename": "CalendarResultsCompetitor"
                      },
                      "mark": "78.51",
                      "nationality": "SWE",
                      "place": "11.",
                      "points": null,
                      "qualified": null,
                      "records": "",
                      "wind": null,
                      "remark": null,
                      "details": null,
                      "__typename": "CalendarResultsRaceResult"
                    },
                    {
                      "competitor": {
                        "teamMembers": null,
                        "id": "weupsmt08fagss8x3qmlc",
                        "name": "Risto M\u00c4TAS",
                        "iaafId": 210969,
                        "urlSlug": "estonia/risto-matas-014181080",
                        "birthDate": "30 APR 1984",
                        "hasProfile": true,
                        "__typename": "CalendarResultsCompetitor"
                      },
                      "mark": "76.79",
                      "nationality": "EST",
                      "place": "12.",
                      "points": null,
                      "qualified": null,
                      "records": "",
                      "wind": null,
                      "remark": null,
                      "details": null,
                      "__typename": "CalendarResultsRaceResult"
                    }
                  ],
                  "startList": null,
                  "wind": null,
                  "__typename": "CalendarResultsRace"
                },
                {
                  "date": "2015-08-24",
                  "day": 3,
                  "race": "Qualification - Group",
                  "raceId": 71,
                  "raceNumber": 1,
                  "results": [
                    {
                      "competitor": {
                        "teamMembers": null,
                        "id": "sdktqzv2cj7v7fpmpv36t",
                        "name": "Ryohei ARAI",
                        "iaafId": 267632,
                        "urlSlug": "japan/ryohei-arai-14475539",
                        "birthDate": "23 JUN 1991",
                        "hasProfile": true,
                        "__typename": "CalendarResultsCompetitor"
                      },
                      "mark": "84.66",
                      "nationality": "JPN",
                      "place": "1.",
                      "points": null,
                      "qualified": false,
                      "records": "",
                      "wind": null,
                      "remark": null,
                      "details": null,
                      "__typename": "CalendarResultsRaceResult"
                    },
                    {
                      "competitor": {
                        "teamMembers": null,
                        "id": "v3am4rqvi41p8nmcxi9xz",
                        "name": "Braian TOLEDO",
                        "iaafId": 247981,
                        "urlSlug": "argentina/braian-toledo-014336131",
                        "birthDate": "08 SEP 1993",
                        "hasProfile": true,
                        "__typename": "CalendarResultsCompetitor"
                      },
                      "mark": "83.32",
                      "nationality": "ARG",
                      "place": "2.",
                      "points": null,
                      "qualified": false,
                      "records": "",
                      "wind": null,
                      "remark": null,
                      "details": null,
                      "__typename": "CalendarResultsRaceResult"
                    },
                    {
                      "competitor": {
                        "teamMembers": null,
                        "id": "e89pnocjnvv2asp4dwpmzs",
                        "name": "Thomas R\u00d6HLER",
                        "iaafId": 255897,
                        "urlSlug": "germany/thomas-rohler-14379257",
                        "birthDate": "30 SEP 1991",
                        "hasProfile": true,
                        "__typename": "CalendarResultsCompetitor"
                      },
                      "mark": "83.23",
                      "nationality": "GER",
                      "place": "3.",
                      "points": null,
                      "qualified": false,
                      "records": "",
                      "wind": null,
                      "remark": null,
                      "details": null,
                      "__typename": "CalendarResultsRaceResult"
                    },
                    {
                      "competitor": {
                        "teamMembers": null,
                        "id": "zju4vqri9wgigf1xgd7n",
                        "name": "Antti RUUSKANEN",
                        "iaafId": 198425,
                        "urlSlug": "finland/antti-ruuskanen-014182495",
                        "birthDate": "21 FEB 1984",
                        "hasProfile": true,
                        "__typename": "CalendarResultsCompetitor"
                      },
                      "mark": "82.20",
                      "nationality": "FIN",
                      "place": "4.",
                      "points": null,
                      "qualified": false,
                      "records": "",
                      "wind": null,
                      "remark": null,
                      "details": null,
                      "__typename": "CalendarResultsRaceResult"
                    },
                    {
                      "competitor": {
                        "teamMembers": null,
                        "id": "j9vg1zfx36rt1x3w1u26oo",
                        "name": "Ari MANNIO",
                        "iaafId": 196782,
                        "urlSlug": "finland/ari-mannio-014182247",
                        "birthDate": "23 JUL 1987",
                        "hasProfile": true,
                        "__typename": "CalendarResultsCompetitor"
                      },
                      "mark": "80.19",
                      "nationality": "FIN",
                      "place": "5.",
                      "points": null,
                      "qualified": null,
                      "records": "",
                      "wind": null,
                      "remark": null,
                      "details": null,
                      "__typename": "CalendarResultsRaceResult"
                    },
                    {
                      "competitor": {
                        "teamMembers": null,
                        "id": "qiy7vhf9d9v6b6nf3f61",
                        "name": "Lars HAMANN",
                        "iaafId": 226154,
                        "urlSlug": "germany/lars-hamann-014192380",
                        "birthDate": "04 APR 1989",
                        "hasProfile": true,
                        "__typename": "CalendarResultsCompetitor"
                      },
                      "mark": "79.56",
                      "nationality": "GER",
                      "place": "6.",
                      "points": null,
                      "qualified": null,
                      "records": "",
                      "wind": null,
                      "remark": null,
                      "details": null,
                      "__typename": "CalendarResultsRaceResult"
                    },
                    {
                      "competitor": {
                        "teamMembers": null,
                        "id": "5i3v17wbtkgnzp6k1dokc",
                        "name": "Hamish PEACOCK",
                        "iaafId": 228364,
                        "urlSlug": "australia/hamish-peacock-014178999",
                        "birthDate": "15 OCT 1990",
                        "hasProfile": true,
                        "__typename": "CalendarResultsCompetitor"
                      },
                      "mark": "79.37",
                      "nationality": "AUS",
                      "place": "7.",
                      "points": null,
                      "qualified": null,
                      "records": "",
                      "wind": null,
                      "remark": null,
                      "details": null,
                      "__typename": "CalendarResultsRaceResult"
                    },
                    {
                      "competitor": {
                        "teamMembers": null,
                        "id": "ah1lw59uiqz3lkgid1bo",
                        "name": "Jakub VADLEJCH",
                        "iaafId": 236387,
                        "urlSlug": "czech-republic/jakub-vadlejch-14168152",
                        "birthDate": "10 OCT 1990",
                        "hasProfile": true,
                        "__typename": "CalendarResultsCompetitor"
                      },
                      "mark": "78.95",
                      "nationality": "CZE",
                      "place": "8.",
                      "points": null,
                      "qualified": null,
                      "records": "",
                      "wind": null,
                      "remark": null,
                      "details": null,
                      "__typename": "CalendarResultsRaceResult"
                    },
                    {
                      "competitor": {
                        "teamMembers": null,
                        "id": "5co0qsmej8tpfsgx65bqs",
                        "name": "Magnus KIRT",
                        "iaafId": 250721,
                        "urlSlug": "estonia/magnus-kirt-014181008",
                        "birthDate": "10 APR 1990",
                        "hasProfile": true,
                        "__typename": "CalendarResultsCompetitor"
                      },
                      "mark": "78.84",
                      "nationality": "EST",
                      "place": "9.",
                      "points": null,
                      "qualified": null,
                      "records": "",
                      "wind": null,
                      "remark": null,
                      "details": null,
                      "__typename": "CalendarResultsRaceResult"
                    },
                    {
                      "competitor": {
                        "teamMembers": null,
                        "id": "7q5xxh99544q5f358yqavs",
                        "name": "Stuart FARQUHAR",
                        "iaafId": 134228,
                        "urlSlug": "new-zealand/stuart-farquhar-014215658",
                        "birthDate": "15 MAR 1982",
                        "hasProfile": true,
                        "__typename": "CalendarResultsCompetitor"
                      },
                      "mark": "78.30",
                      "nationality": "NZL",
                      "place": "10.",
                      "points": null,
                      "qualified": null,
                      "records": "",
                      "wind": null,
                      "remark": null,
                      "details": null,
                      "__typename": "CalendarResultsRaceResult"
                    },
                    {
                      "competitor": {
                        "teamMembers": null,
                        "id": "fpw2cqwtnsmq1fwddyka19",
                        "name": "Riley DOLEZAL",
                        "iaafId": 284029,
                        "urlSlug": "united-states/riley-dolezal-014236616",
                        "birthDate": "16 NOV 1985",
                        "hasProfile": true,
                        "__typename": "CalendarResultsCompetitor"
                      },
                      "mark": "77.64",
                      "nationality": "USA",
                      "place": "11.",
                      "points": null,
                      "qualified": null,
                      "records": "",
                      "wind": null,
                      "remark": null,
                      "details": null,
                      "__typename": "CalendarResultsRaceResult"
                    },
                    {
                      "competitor": {
                        "teamMembers": null,
                        "id": "n6cx3fesz4l7enklxgoexd",
                        "name": "Dmitriy TARABIN",
                        "iaafId": 236886,
                        "urlSlug": "russia/dmitriy-tarabin-14940426",
                        "birthDate": "29 OCT 1991",
                        "hasProfile": true,
                        "__typename": "CalendarResultsCompetitor"
                      },
                      "mark": "77.48",
                      "nationality": "RUS",
                      "place": "12.",
                      "points": null,
                      "qualified": null,
                      "records": "",
                      "wind": null,
                      "remark": null,
                      "details": null,
                      "__typename": "CalendarResultsRaceResult"
                    },
                    {
                      "competitor": {
                        "teamMembers": null,
                        "id": "d7664rf1teeehbamq47lzs",
                        "name": "Keshorn WALCOTT",
                        "iaafId": 249321,
                        "urlSlug": "trinidad-and-tobago/keshorn-walcott-14376122",
                        "birthDate": "02 APR 1993",
                        "hasProfile": true,
                        "__typename": "CalendarResultsCompetitor"
                      },
                      "mark": "76.83",
                      "nationality": "TTO",
                      "place": "13.",
                      "points": null,
                      "qualified": null,
                      "records": "",
                      "wind": null,
                      "remark": null,
                      "details": null,
                      "__typename": "CalendarResultsRaceResult"
                    },
                    {
                      "competitor": {
                        "teamMembers": null,
                        "id": "28rsiacly5zfneryhjas5",
                        "name": "Rocco VAN ROOYEN",
                        "iaafId": 247673,
                        "urlSlug": "south-africa/rocco-van-rooyen-14412748",
                        "birthDate": "23 DEC 1992",
                        "hasProfile": true,
                        "__typename": "CalendarResultsCompetitor"
                      },
                      "mark": "75.55",
                      "nationality": "RSA",
                      "place": "14.",
                      "points": null,
                      "qualified": null,
                      "records": "",
                      "wind": null,
                      "remark": null,
                      "details": null,
                      "__typename": "CalendarResultsRaceResult"
                    },
                    {
                      "competitor": {
                        "teamMembers": null,
                        "id": "r42c2exvgl3pfol70b7xr",
                        "name": "Sam CROUSER",
                        "iaafId": 248806,
                        "urlSlug": "united-states/sam-crouser-014374652",
                        "birthDate": "31 DEC 1991",
                        "hasProfile": true,
                        "__typename": "CalendarResultsCompetitor"
                      },
                      "mark": "73.88",
                      "nationality": "USA",
                      "place": "15.",
                      "points": null,
                      "qualified": null,
                      "records": "",
                      "wind": null,
                      "remark": null,
                      "details": null,
                      "__typename": "CalendarResultsRaceResult"
                    },
                    {
                      "competitor": {
                        "teamMembers": null,
                        "id": "3nq4hwxo8amwyjzlrfuyno",
                        "name": "Patrik \u017dEN\u00daCH",
                        "iaafId": 273361,
                        "urlSlug": "slovak-republic/patrik-zenuch-014372391",
                        "birthDate": "30 DEC 1990",
                        "hasProfile": true,
                        "__typename": "CalendarResultsCompetitor"
                      },
                      "mark": "69.31",
                      "nationality": "SVK",
                      "place": "16.",
                      "points": null,
                      "qualified": null,
                      "records": "",
                      "wind": null,
                      "remark": null,
                      "details": null,
                      "__typename": "CalendarResultsRaceResult"
                    }
                  ],
                  "startList": null,
                  "wind": null,
                  "__typename": "CalendarResultsRace"
                },
                {
                  "date": "2015-08-24",
                  "day": 3,
                  "race": "Qualification - Group",
                  "raceId": 71,
                  "raceNumber": 2,
                  "results": [
                    {
                      "competitor": {
                        "teamMembers": null,
                        "id": "6axc2r9h72mg5mkbkd5dbi",
                        "name": "Andreas HOFMANN",
                        "iaafId": 244305,
                        "urlSlug": "germany/andreas-hofmann-14372011",
                        "birthDate": "16 DEC 1991",
                        "hasProfile": true,
                        "__typename": "CalendarResultsCompetitor"
                      },
                      "mark": "86.14",
                      "nationality": "GER",
                      "place": "1.",
                      "points": null,
                      "qualified": false,
                      "records": "",
                      "wind": null,
                      "remark": null,
                      "details": null,
                      "__typename": "CalendarResultsRaceResult"
                    },
                    {
                      "competitor": {
                        "teamMembers": null,
                        "id": "mdk79g9c32r2309tgd5s75",
                        "name": "Julius YEGO",
                        "iaafId": 250164,
                        "urlSlug": "kenya/julius-yego-14376567",
                        "birthDate": "04 JAN 1989",
                        "hasProfile": true,
                        "__typename": "CalendarResultsCompetitor"
                      },
                      "mark": "84.46",
                      "nationality": "KEN",
                      "place": "2.",
                      "points": null,
                      "qualified": false,
                      "records": "",
                      "wind": null,
                      "remark": null,
                      "details": null,
                      "__typename": "CalendarResultsRaceResult"
                    },
                    {
                      "competitor": {
                        "teamMembers": null,
                        "id": "jazip8cjcnfbfq5stc9g34",
                        "name": "V\u00edt\u011bzslav VESEL\u00dd",
                        "iaafId": 189720,
                        "urlSlug": "czech-republic/vitezslav-vesely-14168124",
                        "birthDate": "27 FEB 1983",
                        "hasProfile": true,
                        "__typename": "CalendarResultsCompetitor"
                      },
                      "mark": "83.63",
                      "nationality": "CZE",
                      "place": "3.",
                      "points": null,
                      "qualified": false,
                      "records": "",
                      "wind": null,
                      "remark": null,
                      "details": null,
                      "__typename": "CalendarResultsRaceResult"
                    },
                    {
                      "competitor": {
                        "teamMembers": null,
                        "id": "6qsxb14d07cyj2xyfssfr",
                        "name": "Tero PITK\u00c4M\u00c4KI",
                        "iaafId": 177485,
                        "urlSlug": "finland/tero-pitkamaki-014182408",
                        "birthDate": "19 DEC 1982",
                        "hasProfile": true,
                        "__typename": "CalendarResultsCompetitor"
                      },
                      "mark": "83.43",
                      "nationality": "FIN",
                      "place": "4.",
                      "points": null,
                      "qualified": false,
                      "records": "",
                      "wind": null,
                      "remark": null,
                      "details": null,
                      "__typename": "CalendarResultsRaceResult"
                    },
                    {
                      "competitor": {
                        "teamMembers": null,
                        "id": "qz4cle8dmxop7khtbi1yam",
                        "name": "Ihab ABDELRAHMAN",
                        "iaafId": 239280,
                        "urlSlug": "egypt/ihab-abdelrahman-14167518",
                        "birthDate": "01 MAY 1989",
                        "hasProfile": true,
                        "__typename": "CalendarResultsCompetitor"
                      },
                      "mark": "82.85",
                      "nationality": "EGY",
                      "place": "5.",
                      "points": null,
                      "qualified": false,
                      "records": "",
                      "wind": null,
                      "remark": null,
                      "details": null,
                      "__typename": "CalendarResultsRaceResult"
                    },
                    {
                      "competitor": {
                        "teamMembers": null,
                        "id": "i95wi7c9rrbiol6ommvidf",
                        "name": "Kim AMB",
                        "iaafId": 243101,
                        "urlSlug": "sweden/kim-amb-14227321",
                        "birthDate": "31 JUL 1990",
                        "hasProfile": true,
                        "__typename": "CalendarResultsCompetitor"
                      },
                      "mark": "81.63",
                      "nationality": "SWE",
                      "place": "6.",
                      "points": null,
                      "qualified": false,
                      "records": "",
                      "wind": null,
                      "remark": null,
                      "details": null,
                      "__typename": "CalendarResultsRaceResult"
                    },
                    {
                      "competitor": {
                        "teamMembers": null,
                        "id": "o3blq4nmgnf12wdw42jyfvj",
                        "name": "Risto M\u00c4TAS",
                        "iaafId": 210969,
                        "urlSlug": "estonia/risto-matas-014181080",
                        "birthDate": "30 APR 1984",
                        "hasProfile": true,
                        "__typename": "CalendarResultsCompetitor"
                      },
                      "mark": "81.56",
                      "nationality": "EST",
                      "place": "7.",
                      "points": null,
                      "qualified": false,
                      "records": "",
                      "wind": null,
                      "remark": null,
                      "details": null,
                      "__typename": "CalendarResultsRaceResult"
                    },
                    {
                      "competitor": {
                        "teamMembers": null,
                        "id": "ar4quuoat7mrad1nkhjmva",
                        "name": "Johannes VETTER",
                        "iaafId": 261302,
                        "urlSlug": "germany/johannes-vetter-14408144",
                        "birthDate": "26 MAR 1993",
                        "hasProfile": true,
                        "__typename": "CalendarResultsCompetitor"
                      },
                      "mark": "80.86",
                      "nationality": "GER",
                      "place": "8.",
                      "points": null,
                      "qualified": false,
                      "records": "",
                      "wind": null,
                      "remark": null,
                      "details": null,
                      "__typename": "CalendarResultsRaceResult"
                    },
                    {
                      "competitor": {
                        "teamMembers": null,
                        "id": "krw4fskyl8lqat2hn3k",
                        "name": "Tanel LAANM\u00c4E",
                        "iaafId": 225627,
                        "urlSlug": "estonia/tanel-laanmae-014181036",
                        "birthDate": "29 SEP 1989",
                        "hasProfile": true,
                        "__typename": "CalendarResultsCompetitor"
                      },
                      "mark": "80.65",
                      "nationality": "EST",
                      "place": "9.",
                      "points": null,
                      "qualified": null,
                      "records": "",
                      "wind": null,
                      "remark": null,
                      "details": null,
                      "__typename": "CalendarResultsRaceResult"
                    },
                    {
                      "competitor": {
                        "teamMembers": null,
                        "id": "ia250e8br88159wqxvggb6",
                        "name": "J\u00falio C\u00e9sar MIRANDA DE OLIVEIRA",
                        "iaafId": 188932,
                        "urlSlug": "brazil/julio-cesar-miranda-de-oliveira-14175460",
                        "birthDate": "04 FEB 1986",
                        "hasProfile": true,
                        "__typename": "CalendarResultsCompetitor"
                      },
                      "mark": "79.81",
                      "nationality": "BRA",
                      "place": "10.",
                      "points": null,
                      "qualified": null,
                      "records": "",
                      "wind": null,
                      "remark": null,
                      "details": null,
                      "__typename": "CalendarResultsRaceResult"
                    },
                    {
                      "competitor": {
                        "teamMembers": null,
                        "id": "mi0tv6u27sbpg1cmc9cq4m",
                        "name": "Qinggang ZHAO",
                        "iaafId": 231137,
                        "urlSlug": "pr-of-china/qinggang-zhao-014170478",
                        "birthDate": "24 JUL 1985",
                        "hasProfile": true,
                        "__typename": "CalendarResultsCompetitor"
                      },
                      "mark": "79.47",
                      "nationality": "CHN",
                      "place": "11.",
                      "points": null,
                      "qualified": null,
                      "records": "",
                      "wind": null,
                      "remark": null,
                      "details": null,
                      "__typename": "CalendarResultsRaceResult"
                    },
                    {
                      "competitor": {
                        "teamMembers": null,
                        "id": "mrze4tqwv7dlkc1p78btpj",
                        "name": "Rolands \u0160TROBINDERS",
                        "iaafId": 256462,
                        "urlSlug": "latvia/rolands-strobinders-14420776",
                        "birthDate": "14 APR 1992",
                        "hasProfile": true,
                        "__typename": "CalendarResultsCompetitor"
                      },
                      "mark": "79.11",
                      "nationality": "LAT",
                      "place": "12.",
                      "points": null,
                      "qualified": null,
                      "records": "",
                      "wind": null,
                      "remark": null,
                      "details": null,
                      "__typename": "CalendarResultsRaceResult"
                    },
                    {
                      "competitor": {
                        "teamMembers": null,
                        "id": "qdrp09f7xjp62j4n31gac3",
                        "name": "Marcin KRUKOWSKI",
                        "iaafId": 247690,
                        "urlSlug": "poland/marcin-krukowski-14336191",
                        "birthDate": "14 JUN 1992",
                        "hasProfile": true,
                        "__typename": "CalendarResultsCompetitor"
                      },
                      "mark": "78.91",
                      "nationality": "POL",
                      "place": "13.",
                      "points": null,
                      "qualified": null,
                      "records": "",
                      "wind": null,
                      "remark": null,
                      "details": null,
                      "__typename": "CalendarResultsRaceResult"
                    },
                    {
                      "competitor": {
                        "teamMembers": null,
                        "id": "6bk6s1rlh148c9yyy0f32i",
                        "name": "Shih-Feng HUANG",
                        "iaafId": 248738,
                        "urlSlug": "chinese-taipei/shih-feng-huang-14376089",
                        "birthDate": "02 MAR 1992",
                        "hasProfile": true,
                        "__typename": "CalendarResultsCompetitor"
                      },
                      "mark": "75.72",
                      "nationality": "TPE",
                      "place": "14.",
                      "points": null,
                      "qualified": null,
                      "records": "",
                      "wind": null,
                      "remark": null,
                      "details": null,
                      "__typename": "CalendarResultsRaceResult"
                    },
                    {
                      "competitor": {
                        "teamMembers": null,
                        "id": "r3mxhflq3f7dav5t2drpo",
                        "name": "Sean FUREY",
                        "iaafId": 206166,
                        "urlSlug": "united-states/sean-furey-014238329",
                        "birthDate": "31 AUG 1982",
                        "hasProfile": true,
                        "__typename": "CalendarResultsCompetitor"
                      },
                      "mark": "75.01",
                      "nationality": "USA",
                      "place": "15.",
                      "points": null,
                      "qualified": null,
                      "records": "",
                      "wind": null,
                      "remark": null,
                      "details": null,
                      "__typename": "CalendarResultsRaceResult"
                    },
                    {
                      "competitor": {
                        "teamMembers": null,
                        "id": "835jqy9qmnxqrogkt5utb",
                        "name": "Petr FRYDRYCH",
                        "iaafId": 207685,
                        "urlSlug": "czech-republic/petr-frydrych-014168938",
                        "birthDate": "13 JAN 1988",
                        "hasProfile": true,
                        "__typename": "CalendarResultsCompetitor"
                      },
                      "mark": "74.24",
                      "nationality": "CZE",
                      "place": "16.",
                      "points": null,
                      "qualified": null,
                      "records": "",
                      "wind": null,
                      "remark": null,
                      "details": null,
                      "__typename": "CalendarResultsRaceResult"
                    },
                    {
                      "competitor": {
                        "teamMembers": null,
                        "id": "15v9ig7b5mbjavwfndeayg9",
                        "name": "Valeriy IORDAN",
                        "iaafId": 241907,
                        "urlSlug": "russia/valeriy-iordan-014376097",
                        "birthDate": "14 FEB 1992",
                        "hasProfile": true,
                        "__typename": "CalendarResultsCompetitor"
                      },
                      "mark": "73.43",
                      "nationality": "RUS",
                      "place": "17.",
                      "points": null,
                      "qualified": null,
                      "records": "",
                      "wind": null,
                      "remark": null,
                      "details": null,
                      "__typename": "CalendarResultsRaceResult"
                    }
                  ],
                  "startList": null,
                  "wind": null,
                  "__typename": "CalendarResultsRace"
                }
              ],
              "__typename": "CalendarResultsEvent"
            }
          ],
          "__typename": "CalendarResultsEventTitle"
        },
        {
          "rankingCategory": "OW",
          "eventTitle": "Combined Events",
          "events": [
            {
              "event": "Men's Javelin Throw",
              "eventId": 10229636,
              "gender": "M",
              "isRelay": false,
              "perResultWind": false,
              "withWind": false,
              "summary": [
                {
                  "competitor": {
                    "teamMembers": null,
                    "id": "14180803",
                    "name": "Larbi BOURRADA",
                    "iaafId": 237704,
                    "urlSlug": "algeria/larbi-bourrada-14180803",
                    "birthDate": "10 MAY 1988",
                    "__typename": "CalendarResultsCompetitor"
                  },
                  "mark": "63.82",
                  "nationality": "ALG",
                  "placeInRace": "1.",
                  "placeInRound": "1.",
                  "points": 795,
                  "raceNumber": 2,
                  "records": "",
                  "wind": null,
                  "__typename": "CalendarResultsSummary"
                },
                {
                  "competitor": {
                    "teamMembers": null,
                    "id": "14430316",
                    "name": "Janek \u00d5IGLANE",
                    "iaafId": 264065,
                    "urlSlug": "estonia/janek-oiglane-14430316",
                    "birthDate": "25 APR 1994",
                    "__typename": "CalendarResultsCompetitor"
                  },
                  "mark": "68.51",
                  "nationality": "EST",
                  "placeInRace": "1.",
                  "placeInRound": "1.",
                  "points": 867,
                  "raceNumber": 1,
                  "records": "",
                  "wind": null,
                  "__typename": "CalendarResultsSummary"
                },
                {
                  "competitor": {
                    "teamMembers": null,
                    "id": "14375741",
                    "name": "Maicel UIBO",
                    "iaafId": 249490,
                    "urlSlug": "estonia/maicel-uibo-14375741",
                    "birthDate": "27 DEC 1992",
                    "__typename": "CalendarResultsCompetitor"
                  },
                  "mark": "64.51",
                  "nationality": "EST",
                  "placeInRace": "2.",
                  "placeInRound": "2.",
                  "points": 806,
                  "raceNumber": 1,
                  "records": "",
                  "wind": null,
                  "__typename": "CalendarResultsSummary"
                },
                {
                  "competitor": {
                    "teamMembers": null,
                    "id": "14237014",
                    "name": "Ashton EATON",
                    "iaafId": 231489,
                    "urlSlug": "united-states/ashton-eaton-014237014",
                    "birthDate": "21 JAN 1988",
                    "__typename": "CalendarResultsCompetitor"
                  },
                  "mark": "63.63",
                  "nationality": "USA",
                  "placeInRace": "2.",
                  "placeInRound": "2.",
                  "points": 793,
                  "raceNumber": 2,
                  "records": "",
                  "wind": null,
                  "__typename": "CalendarResultsSummary"
                },
                {
                  "competitor": {
                    "teamMembers": null,
                    "id": "14941298",
                    "name": "Kurt FELIX",
                    "iaafId": 242159,
                    "urlSlug": "grenada/kurt-felix-14941298",
                    "birthDate": "04 JUL 1988",
                    "__typename": "CalendarResultsCompetitor"
                  },
                  "mark": "63.41",
                  "nationality": "GRN",
                  "placeInRace": "3.",
                  "placeInRound": "3.",
                  "points": 789,
                  "raceNumber": 1,
                  "records": "",
                  "wind": null,
                  "__typename": "CalendarResultsSummary"
                },
                {
                  "competitor": {
                    "teamMembers": null,
                    "id": "14173337",
                    "name": "Damian WARNER",
                    "iaafId": 263031,
                    "urlSlug": "canada/damian-warner-14173337",
                    "birthDate": "04 NOV 1989",
                    "__typename": "CalendarResultsCompetitor"
                  },
                  "mark": "63.50",
                  "nationality": "CAN",
                  "placeInRace": "3.",
                  "placeInRound": "3.",
                  "points": 791,
                  "raceNumber": 2,
                  "records": "",
                  "wind": null,
                  "__typename": "CalendarResultsSummary"
                },
                {
                  "competitor": {
                    "teamMembers": null,
                    "id": "14328075",
                    "name": "Kai KAZMIREK",
                    "iaafId": 248861,
                    "urlSlug": "germany/kai-kazmirek-14328075",
                    "birthDate": "28 JAN 1991",
                    "__typename": "CalendarResultsCompetitor"
                  },
                  "mark": "62.55",
                  "nationality": "GER",
                  "placeInRace": "4.",
                  "placeInRound": "4.",
                  "points": 776,
                  "raceNumber": 2,
                  "records": "",
                  "wind": null,
                  "__typename": "CalendarResultsSummary"
                },
                {
                  "competitor": {
                    "teamMembers": null,
                    "id": "14377016",
                    "name": "Adam Sebastian HELCELET",
                    "iaafId": 245573,
                    "urlSlug": "czech-republic/adam-sebastian-helcelet-14377016",
                    "birthDate": "27 OCT 1991",
                    "__typename": "CalendarResultsCompetitor"
                  },
                  "mark": "63.07",
                  "nationality": "CZE",
                  "placeInRace": "4.",
                  "placeInRound": "4.",
                  "points": 784,
                  "raceNumber": 1,
                  "records": "",
                  "wind": null,
                  "__typename": "CalendarResultsSummary"
                },
                {
                  "competitor": {
                    "teamMembers": null,
                    "id": "14194147",
                    "name": "Michael SCHRADER",
                    "iaafId": 207393,
                    "urlSlug": "germany/michael-schrader-014194147",
                    "birthDate": "01 JUL 1987",
                    "__typename": "CalendarResultsCompetitor"
                  },
                  "mark": "62.09",
                  "nationality": "GER",
                  "placeInRace": "5.",
                  "placeInRound": "5.",
                  "points": 769,
                  "raceNumber": 1,
                  "records": "",
                  "wind": null,
                  "__typename": "CalendarResultsSummary"
                },
                {
                  "competitor": {
                    "teamMembers": null,
                    "id": "14402428",
                    "name": "Ilya SHKURENYOV",
                    "iaafId": 245712,
                    "urlSlug": "russia/ilya-shkurenyov-14402428",
                    "birthDate": "11 JAN 1991",
                    "__typename": "CalendarResultsCompetitor"
                  },
                  "mark": "60.99",
                  "nationality": "RUS",
                  "placeInRace": "5.",
                  "placeInRound": "5.",
                  "points": 753,
                  "raceNumber": 2,
                  "records": "",
                  "wind": null,
                  "__typename": "CalendarResultsSummary"
                },
                {
                  "competitor": {
                    "teamMembers": null,
                    "id": "14492618",
                    "name": "Pau TONNESEN",
                    "iaafId": 289501,
                    "urlSlug": "spain/pau-tonnesen-14492618",
                    "birthDate": "24 OCT 1992",
                    "__typename": "CalendarResultsCompetitor"
                  },
                  "mark": "60.42",
                  "nationality": "ESP",
                  "placeInRace": "6.",
                  "placeInRound": "6.",
                  "points": 744,
                  "raceNumber": 1,
                  "records": "",
                  "wind": null,
                  "__typename": "CalendarResultsSummary"
                },
                {
                  "competitor": {
                    "teamMembers": null,
                    "id": "14192109",
                    "name": "Rico FREIMUTH",
                    "iaafId": 225978,
                    "urlSlug": "germany/rico-freimuth-014192109",
                    "birthDate": "14 MAR 1988",
                    "__typename": "CalendarResultsCompetitor"
                  },
                  "mark": "60.61",
                  "nationality": "GER",
                  "placeInRace": "6.",
                  "placeInRound": "6.",
                  "points": 747,
                  "raceNumber": 2,
                  "records": "",
                  "wind": null,
                  "__typename": "CalendarResultsSummary"
                },
                {
                  "competitor": {
                    "teamMembers": null,
                    "id": "14206640",
                    "name": "Keisuke USHIRO",
                    "iaafId": 241298,
                    "urlSlug": "japan/keisuke-ushiro-14206640",
                    "birthDate": "24 JUL 1986",
                    "__typename": "CalendarResultsCompetitor"
                  },
                  "mark": "56.52",
                  "nationality": "JPN",
                  "placeInRace": "7.",
                  "placeInRound": "7.",
                  "points": 686,
                  "raceNumber": 1,
                  "records": "",
                  "wind": null,
                  "__typename": "CalendarResultsSummary"
                },
                {
                  "competitor": {
                    "teamMembers": null,
                    "id": "14403336",
                    "name": "Pieter BRAUN",
                    "iaafId": 266903,
                    "urlSlug": "netherlands/pieter-braun-014403336",
                    "birthDate": "21 JAN 1993",
                    "__typename": "CalendarResultsCompetitor"
                  },
                  "mark": "56.95",
                  "nationality": "NED",
                  "placeInRace": "7.",
                  "placeInRound": "7.",
                  "points": 692,
                  "raceNumber": 2,
                  "records": "",
                  "wind": null,
                  "__typename": "CalendarResultsSummary"
                },
                {
                  "competitor": {
                    "teamMembers": null,
                    "id": "14330299",
                    "name": "Bastien AUZEIL",
                    "iaafId": 261744,
                    "urlSlug": "france/bastien-auzeil-14330299",
                    "birthDate": "22 OCT 1989",
                    "__typename": "CalendarResultsCompetitor"
                  },
                  "mark": "55.14",
                  "nationality": "FRA",
                  "placeInRace": "8.",
                  "placeInRound": "8.",
                  "points": 665,
                  "raceNumber": 1,
                  "records": "",
                  "wind": null,
                  "__typename": "CalendarResultsSummary"
                },
                {
                  "competitor": {
                    "teamMembers": null,
                    "id": "14429901",
                    "name": "Zachery ZIEMEK",
                    "iaafId": 279278,
                    "urlSlug": "united-states/zachery-ziemek-14429901",
                    "birthDate": "23 FEB 1993",
                    "__typename": "CalendarResultsCompetitor"
                  },
                  "mark": "56.50",
                  "nationality": "USA",
                  "placeInRace": "8.",
                  "placeInRound": "8.",
                  "points": 685,
                  "raceNumber": 2,
                  "records": "",
                  "wind": null,
                  "__typename": "CalendarResultsSummary"
                },
                {
                  "competitor": {
                    "teamMembers": null,
                    "id": "14459743",
                    "name": "Pawe\u0142 WIESIO\u0141EK",
                    "iaafId": 266870,
                    "urlSlug": "poland/pawel-wiesiolek-14459743",
                    "birthDate": "13 AUG 1991",
                    "__typename": "CalendarResultsCompetitor"
                  },
                  "mark": "54.08",
                  "nationality": "POL",
                  "placeInRace": "9.",
                  "placeInRound": "9.",
                  "points": 649,
                  "raceNumber": 1,
                  "records": "",
                  "wind": null,
                  "__typename": "CalendarResultsSummary"
                },
                {
                  "competitor": {
                    "teamMembers": null,
                    "id": "14375128",
                    "name": "Thomas VAN DER PLAETSEN",
                    "iaafId": 238823,
                    "urlSlug": "belgium/thomas-van-der-plaetsen-14375128",
                    "birthDate": "24 DEC 1990",
                    "__typename": "CalendarResultsCompetitor"
                  },
                  "mark": "55.23",
                  "nationality": "BEL",
                  "placeInRace": "9.",
                  "placeInRound": "9.",
                  "points": 666,
                  "raceNumber": 2,
                  "records": "",
                  "wind": null,
                  "__typename": "CalendarResultsSummary"
                },
                {
                  "competitor": {
                    "teamMembers": null,
                    "id": "14204865",
                    "name": "Akihiko NAKAMURA",
                    "iaafId": 236724,
                    "urlSlug": "japan/akihiko-nakamura-014204865",
                    "birthDate": "23 OCT 1990",
                    "__typename": "CalendarResultsCompetitor"
                  },
                  "mark": "53.57",
                  "nationality": "JPN",
                  "placeInRace": "10.",
                  "placeInRound": "10.",
                  "points": 642,
                  "raceNumber": 1,
                  "records": "",
                  "wind": null,
                  "__typename": "CalendarResultsSummary"
                },
                {
                  "competitor": {
                    "teamMembers": null,
                    "id": "14230053",
                    "name": "Oleksiy KASYANOV",
                    "iaafId": 203823,
                    "urlSlug": "ukraine/oleksiy-kasyanov-014230053",
                    "birthDate": "26 AUG 1985",
                    "__typename": "CalendarResultsCompetitor"
                  },
                  "mark": "49.35",
                  "nationality": "UKR",
                  "placeInRace": "10.",
                  "placeInRound": "10.",
                  "points": 579,
                  "raceNumber": 2,
                  "records": "",
                  "wind": null,
                  "__typename": "CalendarResultsSummary"
                },
                {
                  "competitor": {
                    "teamMembers": null,
                    "id": "14450719",
                    "name": "Jorge URE\u00d1A",
                    "iaafId": 274663,
                    "urlSlug": "spain/jorge-urena-14450719",
                    "birthDate": "08 OCT 1993",
                    "__typename": "CalendarResultsCompetitor"
                  },
                  "mark": "53.17",
                  "nationality": "ESP",
                  "placeInRace": "11.",
                  "placeInRound": "11.",
                  "points": 636,
                  "raceNumber": 1,
                  "records": "",
                  "wind": null,
                  "__typename": "CalendarResultsSummary"
                },
                {
                  "competitor": {
                    "teamMembers": null,
                    "id": "14389568",
                    "name": "Niels PITTOMVILS",
                    "iaafId": 264153,
                    "urlSlug": "belgium/niels-pittomvils-14389568",
                    "birthDate": "18 JUL 1992",
                    "__typename": "CalendarResultsCompetitor"
                  },
                  "mark": "52.96",
                  "nationality": "BEL",
                  "placeInRace": "12.",
                  "placeInRound": "12.",
                  "points": 633,
                  "raceNumber": 1,
                  "records": "",
                  "wind": null,
                  "__typename": "CalendarResultsSummary"
                },
                {
                  "competitor": {
                    "teamMembers": null,
                    "id": "14479729",
                    "name": "Felipe DOS SANTOS",
                    "iaafId": 265647,
                    "urlSlug": "brazil/felipe-dos-santos-14479729",
                    "birthDate": "30 JUL 1994",
                    "__typename": "CalendarResultsCompetitor"
                  },
                  "mark": "DNS",
                  "nationality": "BRA",
                  "placeInRace": "",
                  "placeInRound": "",
                  "points": null,
                  "raceNumber": 2,
                  "records": "",
                  "wind": null,
                  "__typename": "CalendarResultsSummary"
                }
              ],
              "races": [
                {
                  "date": "2015-08-29",
                  "day": 8,
                  "race": "Combined - Group",
                  "raceId": 14,
                  "raceNumber": 1,
                  "results": [
                    {
                      "competitor": {
                        "teamMembers": null,
                        "id": "14430316",
                        "name": "Janek \u00d5IGLANE",
                        "iaafId": 264065,
                        "urlSlug": "estonia/janek-oiglane-14430316",
                        "birthDate": "25 APR 1994",
                        "hasProfile": true,
                        "__typename": "CalendarResultsCompetitor"
                      },
                      "mark": "68.51",
                      "nationality": "EST",
                      "place": "1.",
                      "points": 867,
                      "qualified": null,
                      "records": "",
                      "wind": null,
                      "remark": null,
                      "details": null,
                      "__typename": "CalendarResultsRaceResult"
                    },
                    {
                      "competitor": {
                        "teamMembers": null,
                        "id": "14375741",
                        "name": "Maicel UIBO",
                        "iaafId": 249490,
                        "urlSlug": "estonia/maicel-uibo-14375741",
                        "birthDate": "27 DEC 1992",
                        "hasProfile": true,
                        "__typename": "CalendarResultsCompetitor"
                      },
                      "mark": "64.51",
                      "nationality": "EST",
                      "place": "2.",
                      "points": 806,
                      "qualified": null,
                      "records": "",
                      "wind": null,
                      "remark": null,
                      "details": null,
                      "__typename": "CalendarResultsRaceResult"
                    },
                    {
                      "competitor": {
                        "teamMembers": null,
                        "id": "14941298",
                        "name": "Kurt FELIX",
                        "iaafId": 242159,
                        "urlSlug": "grenada/kurt-felix-14941298",
                        "birthDate": "04 JUL 1988",
                        "hasProfile": true,
                        "__typename": "CalendarResultsCompetitor"
                      },
                      "mark": "63.41",
                      "nationality": "GRN",
                      "place": "3.",
                      "points": 789,
                      "qualified": null,
                      "records": "",
                      "wind": null,
                      "remark": null,
                      "details": null,
                      "__typename": "CalendarResultsRaceResult"
                    },
                    {
                      "competitor": {
                        "teamMembers": null,
                        "id": "14377016",
                        "name": "Adam Sebastian HELCELET",
                        "iaafId": 245573,
                        "urlSlug": "czech-republic/adam-sebastian-helcelet-14377016",
                        "birthDate": "27 OCT 1991",
                        "hasProfile": true,
                        "__typename": "CalendarResultsCompetitor"
                      },
                      "mark": "63.07",
                      "nationality": "CZE",
                      "place": "4.",
                      "points": 784,
                      "qualified": null,
                      "records": "",
                      "wind": null,
                      "remark": null,
                      "details": null,
                      "__typename": "CalendarResultsRaceResult"
                    },
                    {
                      "competitor": {
                        "teamMembers": null,
                        "id": "14194147",
                        "name": "Michael SCHRADER",
                        "iaafId": 207393,
                        "urlSlug": "germany/michael-schrader-014194147",
                        "birthDate": "01 JUL 1987",
                        "hasProfile": true,
                        "__typename": "CalendarResultsCompetitor"
                      },
                      "mark": "62.09",
                      "nationality": "GER",
                      "place": "5.",
                      "points": 769,
                      "qualified": null,
                      "records": "",
                      "wind": null,
                      "remark": null,
                      "details": null,
                      "__typename": "CalendarResultsRaceResult"
                    },
                    {
                      "competitor": {
                        "teamMembers": null,
                        "id": "14492618",
                        "name": "Pau TONNESEN",
                        "iaafId": 289501,
                        "urlSlug": "spain/pau-tonnesen-14492618",
                        "birthDate": "24 OCT 1992",
                        "hasProfile": true,
                        "__typename": "CalendarResultsCompetitor"
                      },
                      "mark": "60.42",
                      "nationality": "ESP",
                      "place": "6.",
                      "points": 744,
                      "qualified": null,
                      "records": "",
                      "wind": null,
                      "remark": null,
                      "details": null,
                      "__typename": "CalendarResultsRaceResult"
                    },
                    {
                      "competitor": {
                        "teamMembers": null,
                        "id": "14206640",
                        "name": "Keisuke USHIRO",
                        "iaafId": 241298,
                        "urlSlug": "japan/keisuke-ushiro-14206640",
                        "birthDate": "24 JUL 1986",
                        "hasProfile": true,
                        "__typename": "CalendarResultsCompetitor"
                      },
                      "mark": "56.52",
                      "nationality": "JPN",
                      "place": "7.",
                      "points": 686,
                      "qualified": null,
                      "records": "",
                      "wind": null,
                      "remark": null,
                      "details": null,
                      "__typename": "CalendarResultsRaceResult"
                    },
                    {
                      "competitor": {
                        "teamMembers": null,
                        "id": "14330299",
                        "name": "Bastien AUZEIL",
                        "iaafId": 261744,
                        "urlSlug": "france/bastien-auzeil-14330299",
                        "birthDate": "22 OCT 1989",
                        "hasProfile": true,
                        "__typename": "CalendarResultsCompetitor"
                      },
                      "mark": "55.14",
                      "nationality": "FRA",
                      "place": "8.",
                      "points": 665,
                      "qualified": null,
                      "records": "",
                      "wind": null,
                      "remark": null,
                      "details": null,
                      "__typename": "CalendarResultsRaceResult"
                    },
                    {
                      "competitor": {
                        "teamMembers": null,
                        "id": "14459743",
                        "name": "Pawe\u0142 WIESIO\u0141EK",
                        "iaafId": 266870,
                        "urlSlug": "poland/pawel-wiesiolek-14459743",
                        "birthDate": "13 AUG 1991",
                        "hasProfile": true,
                        "__typename": "CalendarResultsCompetitor"
                      },
                      "mark": "54.08",
                      "nationality": "POL",
                      "place": "9.",
                      "points": 649,
                      "qualified": null,
                      "records": "",
                      "wind": null,
                      "remark": null,
                      "details": null,
                      "__typename": "CalendarResultsRaceResult"
                    },
                    {
                      "competitor": {
                        "teamMembers": null,
                        "id": "14204865",
                        "name": "Akihiko NAKAMURA",
                        "iaafId": 236724,
                        "urlSlug": "japan/akihiko-nakamura-014204865",
                        "birthDate": "23 OCT 1990",
                        "hasProfile": true,
                        "__typename": "CalendarResultsCompetitor"
                      },
                      "mark": "53.57",
                      "nationality": "JPN",
                      "place": "10.",
                      "points": 642,
                      "qualified": null,
                      "records": "",
                      "wind": null,
                      "remark": null,
                      "details": null,
                      "__typename": "CalendarResultsRaceResult"
                    },
                    {
                      "competitor": {
                        "teamMembers": null,
                        "id": "14450719",
                        "name": "Jorge URE\u00d1A",
                        "iaafId": 274663,
                        "urlSlug": "spain/jorge-urena-14450719",
                        "birthDate": "08 OCT 1993",
                        "hasProfile": true,
                        "__typename": "CalendarResultsCompetitor"
                      },
                      "mark": "53.17",
                      "nationality": "ESP",
                      "place": "11.",
                      "points": 636,
                      "qualified": null,
                      "records": "",
                      "wind": null,
                      "remark": null,
                      "details": null,
                      "__typename": "CalendarResultsRaceResult"
                    },
                    {
                      "competitor": {
                        "teamMembers": null,
                        "id": "14389568",
                        "name": "Niels PITTOMVILS",
                        "iaafId": 264153,
                        "urlSlug": "belgium/niels-pittomvils-14389568",
                        "birthDate": "18 JUL 1992",
                        "hasProfile": true,
                        "__typename": "CalendarResultsCompetitor"
                      },
                      "mark": "52.96",
                      "nationality": "BEL",
                      "place": "12.",
                      "points": 633,
                      "qualified": null,
                      "records": "",
                      "wind": null,
                      "remark": null,
                      "details": null,
                      "__typename": "CalendarResultsRaceResult"
                    }
                  ],
                  "startList": null,
                  "wind": null,
                  "__typename": "CalendarResultsRace"
                },
                {
                  "date": "2015-08-29",
                  "day": 8,
                  "race": "Combined - Group",
                  "raceId": 14,
                  "raceNumber": 2,
                  "results": [
                    {
                      "competitor": {
                        "teamMembers": null,
                        "id": "14180803",
                        "name": "Larbi BOURRADA",
                        "iaafId": 237704,
                        "urlSlug": "algeria/larbi-bourrada-14180803",
                        "birthDate": "10 MAY 1988",
                        "hasProfile": true,
                        "__typename": "CalendarResultsCompetitor"
                      },
                      "mark": "63.82",
                      "nationality": "ALG",
                      "place": "1.",
                      "points": 795,
                      "qualified": null,
                      "records": "",
                      "wind": null,
                      "remark": null,
                      "details": null,
                      "__typename": "CalendarResultsRaceResult"
                    },
                    {
                      "competitor": {
                        "teamMembers": null,
                        "id": "14237014",
                        "name": "Ashton EATON",
                        "iaafId": 231489,
                        "urlSlug": "united-states/ashton-eaton-014237014",
                        "birthDate": "21 JAN 1988",
                        "hasProfile": true,
                        "__typename": "CalendarResultsCompetitor"
                      },
                      "mark": "63.63",
                      "nationality": "USA",
                      "place": "2.",
                      "points": 793,
                      "qualified": null,
                      "records": "",
                      "wind": null,
                      "remark": null,
                      "details": null,
                      "__typename": "CalendarResultsRaceResult"
                    },
                    {
                      "competitor": {
                        "teamMembers": null,
                        "id": "14173337",
                        "name": "Damian WARNER",
                        "iaafId": 263031,
                        "urlSlug": "canada/damian-warner-14173337",
                        "birthDate": "04 NOV 1989",
                        "hasProfile": true,
                        "__typename": "CalendarResultsCompetitor"
                      },
                      "mark": "63.50",
                      "nationality": "CAN",
                      "place": "3.",
                      "points": 791,
                      "qualified": null,
                      "records": "",
                      "wind": null,
                      "remark": null,
                      "details": null,
                      "__typename": "CalendarResultsRaceResult"
                    },
                    {
                      "competitor": {
                        "teamMembers": null,
                        "id": "14328075",
                        "name": "Kai KAZMIREK",
                        "iaafId": 248861,
                        "urlSlug": "germany/kai-kazmirek-14328075",
                        "birthDate": "28 JAN 1991",
                        "hasProfile": true,
                        "__typename": "CalendarResultsCompetitor"
                      },
                      "mark": "62.55",
                      "nationality": "GER",
                      "place": "4.",
                      "points": 776,
                      "qualified": null,
                      "records": "",
                      "wind": null,
                      "remark": null,
                      "details": null,
                      "__typename": "CalendarResultsRaceResult"
                    },
                    {
                      "competitor": {
                        "teamMembers": null,
                        "id": "14402428",
                        "name": "Ilya SHKURENYOV",
                        "iaafId": 245712,
                        "urlSlug": "russia/ilya-shkurenyov-14402428",
                        "birthDate": "11 JAN 1991",
                        "hasProfile": true,
                        "__typename": "CalendarResultsCompetitor"
                      },
                      "mark": "60.99",
                      "nationality": "RUS",
                      "place": "5.",
                      "points": 753,
                      "qualified": null,
                      "records": "",
                      "wind": null,
                      "remark": null,
                      "details": null,
                      "__typename": "CalendarResultsRaceResult"
                    },
                    {
                      "competitor": {
                        "teamMembers": null,
                        "id": "14192109",
                        "name": "Rico FREIMUTH",
                        "iaafId": 225978,
                        "urlSlug": "germany/rico-freimuth-014192109",
                        "birthDate": "14 MAR 1988",
                        "hasProfile": true,
                        "__typename": "CalendarResultsCompetitor"
                      },
                      "mark": "60.61",
                      "nationality": "GER",
                      "place": "6.",
                      "points": 747,
                      "qualified": null,
                      "records": "",
                      "wind": null,
                      "remark": null,
                      "details": null,
                      "__typename": "CalendarResultsRaceResult"
                    },
                    {
                      "competitor": {
                        "teamMembers": null,
                        "id": "14403336",
                        "name": "Pieter BRAUN",
                        "iaafId": 266903,
                        "urlSlug": "netherlands/pieter-braun-014403336",
                        "birthDate": "21 JAN 1993",
                        "hasProfile": true,
                        "__typename": "CalendarResultsCompetitor"
                      },
                      "mark": "56.95",
                      "nationality": "NED",
                      "place": "7.",
                      "points": 692,
                      "qualified": null,
                      "records": "",
                      "wind": null,
                      "remark": null,
                      "details": null,
                      "__typename": "CalendarResultsRaceResult"
                    },
                    {
                      "competitor": {
                        "teamMembers": null,
                        "id": "14429901",
                        "name": "Zachery ZIEMEK",
                        "iaafId": 279278,
                        "urlSlug": "united-states/zachery-ziemek-14429901",
                        "birthDate": "23 FEB 1993",
                        "hasProfile": true,
                        "__typename": "CalendarResultsCompetitor"
                      },
                      "mark": "56.50",
                      "nationality": "USA",
                      "place": "8.",
                      "points": 685,
                      "qualified": null,
                      "records": "",
                      "wind": null,
                      "remark": null,
                      "details": null,
                      "__typename": "CalendarResultsRaceResult"
                    },
                    {
                      "competitor": {
                        "teamMembers": null,
                        "id": "14375128",
                        "name": "Thomas VAN DER PLAETSEN",
                        "iaafId": 238823,
                        "urlSlug": "belgium/thomas-van-der-plaetsen-14375128",
                        "birthDate": "24 DEC 1990",
                        "hasProfile": true,
                        "__typename": "CalendarResultsCompetitor"
                      },
                      "mark": "55.23",
                      "nationality": "BEL",
                      "place": "9.",
                      "points": 666,
                      "qualified": null,
                      "records": "",
                      "wind": null,
                      "remark": null,
                      "details": null,
                      "__typename": "CalendarResultsRaceResult"
                    },
                    {
                      "competitor": {
                        "teamMembers": null,
                        "id": "14230053",
                        "name": "Oleksiy KASYANOV",
                        "iaafId": 203823,
                        "urlSlug": "ukraine/oleksiy-kasyanov-014230053",
                        "birthDate": "26 AUG 1985",
                        "hasProfile": true,
                        "__typename": "CalendarResultsCompetitor"
                      },
                      "mark": "49.35",
                      "nationality": "UKR",
                      "place": "10.",
                      "points": 579,
                      "qualified": null,
                      "records": "",
                      "wind": null,
                      "remark": null,
                      "details": null,
                      "__typename": "CalendarResultsRaceResult"
                    },
                    {
                      "competitor": {
                        "teamMembers": null,
                        "id": "14479729",
                        "name": "Felipe DOS SANTOS",
                        "iaafId": 265647,
                        "urlSlug": "brazil/felipe-dos-santos-14479729",
                        "birthDate": "30 JUL 1994",
                        "hasProfile": true,
                        "__typename": "CalendarResultsCompetitor"
                      },
                      "mark": "DNS",
                      "nationality": "BRA",
                      "place": "",
                      "points": null,
                      "qualified": null,
                      "records": "",
                      "wind": null,
                      "remark": null,
                      "details": null,
                      "__typename": "CalendarResultsRaceResult"
                    }
                  ],
                  "startList": null,
                  "wind": null,
                  "__typename": "CalendarResultsRace"
                }
              ],
              "__typename": "CalendarResultsEvent"
            }
          ],
          "__typename": "CalendarResultsEventTitle"
        }
      ],
      "options": {
        "days": [
          {
            "date": "22 AUG 2015",
            "day": 1,
            "__typename": "CalendarResultsOptionsDay"
          },
          {
            "date": "23 AUG 2015",
            "day": 2,
            "__typename": "CalendarResultsOptionsDay"
          },
          {
            "date": "24 AUG 2015",
            "day": 3,
            "__typename": "CalendarResultsOptionsDay"
          },
          {
            "date": "25 AUG 2015",
            "day": 4,
            "__typename": "CalendarResultsOptionsDay"
          },
          {
            "date": "26 AUG 2015",
            "day": 5,
            "__typename": "CalendarResultsOptionsDay"
          },
          {
            "date": "27 AUG 2015",
            "day": 6,
            "__typename": "CalendarResultsOptionsDay"
          },
          {
            "date": "28 AUG 2015",
            "day": 7,
            "__typename": "CalendarResultsOptionsDay"
          },
          {
            "date": "29 AUG 2015",
            "day": 8,
            "__typename": "CalendarResultsOptionsDay"
          },
          {
            "date": "30 AUG 2015",
            "day": 9,
            "__typename": "CalendarResultsOptionsDay"
          }
        ],
        "events": [
          {
            "gender": "W",
            "id": 10229509,
            "name": "Women's 100 Metres",
            "combined": null,
            "__typename": "CalendarResultsOptionEvent"
          },
          {
            "gender": "W",
            "id": 10229510,
            "name": "Women's 200 Metres",
            "combined": null,
            "__typename": "CalendarResultsOptionEvent"
          },
          {
            "gender": "W",
            "id": 10229511,
            "name": "Women's 400 Metres",
            "combined": null,
            "__typename": "CalendarResultsOptionEvent"
          },
          {
            "gender": "W",
            "id": 10229512,
            "name": "Women's 800 Metres",
            "combined": null,
            "__typename": "CalendarResultsOptionEvent"
          },
          {
            "gender": "W",
            "id": 10229513,
            "name": "Women's 1500 Metres",
            "combined": null,
            "__typename": "CalendarResultsOptionEvent"
          },
          {
            "gender": "W",
            "id": 10229514,
            "name": "Women's 5000 Metres",
            "combined": null,
            "__typename": "CalendarResultsOptionEvent"
          },
          {
            "gender": "W",
            "id": 10229521,
            "name": "Women's 10,000 Metres",
            "combined": null,
            "__typename": "CalendarResultsOptionEvent"
          },
          {
            "gender": "W",
            "id": 10229522,
            "name": "Women's 100 Metres Hurdles",
            "combined": null,
            "__typename": "CalendarResultsOptionEvent"
          },
          {
            "gender": "W",
            "id": 10229523,
            "name": "Women's 400 Metres Hurdles",
            "combined": null,
            "__typename": "CalendarResultsOptionEvent"
          },
          {
            "gender": "W",
            "id": 10229524,
            "name": "Women's 3000 Metres Steeplechase",
            "combined": null,
            "__typename": "CalendarResultsOptionEvent"
          },
          {
            "gender": "W",
            "id": 10229526,
            "name": "Women's High Jump",
            "combined": null,
            "__typename": "CalendarResultsOptionEvent"
          },
          {
            "gender": "W",
            "id": 10229527,
            "name": "Women's Pole Vault",
            "combined": null,
            "__typename": "CalendarResultsOptionEvent"
          },
          {
            "gender": "W",
            "id": 10229528,
            "name": "Women's Long Jump",
            "combined": null,
            "__typename": "CalendarResultsOptionEvent"
          },
          {
            "gender": "W",
            "id": 10229529,
            "name": "Women's Triple Jump",
            "combined": null,
            "__typename": "CalendarResultsOptionEvent"
          },
          {
            "gender": "W",
            "id": 10229530,
            "name": "Women's Shot Put",
            "combined": null,
            "__typename": "CalendarResultsOptionEvent"
          },
          {
            "gender": "W",
            "id": 10229531,
            "name": "Women's Discus Throw",
            "combined": null,
            "__typename": "CalendarResultsOptionEvent"
          },
          {
            "gender": "W",
            "id": 10229532,
            "name": "Women's Hammer Throw",
            "combined": null,
            "__typename": "CalendarResultsOptionEvent"
          },
          {
            "gender": "W",
            "id": 10229533,
            "name": "Women's Javelin Throw",
            "combined": null,
            "__typename": "CalendarResultsOptionEvent"
          },
          {
            "gender": "W",
            "id": 10229543,
            "name": "Women's 30 Kilometres Road",
            "combined": null,
            "__typename": "CalendarResultsOptionEvent"
          },
          {
            "gender": "W",
            "id": 10229534,
            "name": "Women's Marathon",
            "combined": null,
            "__typename": "CalendarResultsOptionEvent"
          },
          {
            "gender": "W",
            "id": 10229535,
            "name": "Women's 20 Kilometres Race Walk",
            "combined": null,
            "__typename": "CalendarResultsOptionEvent"
          },
          {
            "gender": "W",
            "id": 10229536,
            "name": "Women's Heptathlon",
            "combined": true,
            "__typename": "CalendarResultsOptionEvent"
          },
          {
            "gender": "W",
            "id": 204594,
            "name": "Women's 4x100 Metres Relay",
            "combined": null,
            "__typename": "CalendarResultsOptionEvent"
          },
          {
            "gender": "W",
            "id": 204596,
            "name": "Women's 4x400 Metres Relay",
            "combined": null,
            "__typename": "CalendarResultsOptionEvent"
          },
          {
            "gender": "M",
            "id": 10229630,
            "name": "Men's 100 Metres",
            "combined": null,
            "__typename": "CalendarResultsOptionEvent"
          },
          {
            "gender": "M",
            "id": 10229605,
            "name": "Men's 200 Metres",
            "combined": null,
            "__typename": "CalendarResultsOptionEvent"
          },
          {
            "gender": "M",
            "id": 10229631,
            "name": "Men's 400 Metres",
            "combined": null,
            "__typename": "CalendarResultsOptionEvent"
          },
          {
            "gender": "M",
            "id": 10229501,
            "name": "Men's 800 Metres",
            "combined": null,
            "__typename": "CalendarResultsOptionEvent"
          },
          {
            "gender": "M",
            "id": 10229502,
            "name": "Men's 1500 Metres",
            "combined": null,
            "__typename": "CalendarResultsOptionEvent"
          },
          {
            "gender": "M",
            "id": 10229609,
            "name": "Men's 5000 Metres",
            "combined": null,
            "__typename": "CalendarResultsOptionEvent"
          },
          {
            "gender": "M",
            "id": 10229610,
            "name": "Men's 10,000 Metres",
            "combined": null,
            "__typename": "CalendarResultsOptionEvent"
          },
          {
            "gender": "M",
            "id": 10229611,
            "name": "Men's 110 Metres Hurdles",
            "combined": null,
            "__typename": "CalendarResultsOptionEvent"
          },
          {
            "gender": "M",
            "id": 10229612,
            "name": "Men's 400 Metres Hurdles",
            "combined": null,
            "__typename": "CalendarResultsOptionEvent"
          },
          {
            "gender": "M",
            "id": 10229614,
            "name": "Men's 3000 Metres Steeplechase",
            "combined": null,
            "__typename": "CalendarResultsOptionEvent"
          },
          {
            "gender": "M",
            "id": 10229615,
            "name": "Men's High Jump",
            "combined": null,
            "__typename": "CalendarResultsOptionEvent"
          },
          {
            "gender": "M",
            "id": 10229616,
            "name": "Men's Pole Vault",
            "combined": null,
            "__typename": "CalendarResultsOptionEvent"
          },
          {
            "gender": "M",
            "id": 10229617,
            "name": "Men's Long Jump",
            "combined": null,
            "__typename": "CalendarResultsOptionEvent"
          },
          {
            "gender": "M",
            "id": 10229618,
            "name": "Men's Triple Jump",
            "combined": null,
            "__typename": "CalendarResultsOptionEvent"
          },
          {
            "gender": "M",
            "id": 10229619,
            "name": "Men's Shot Put",
            "combined": null,
            "__typename": "CalendarResultsOptionEvent"
          },
          {
            "gender": "M",
            "id": 10229620,
            "name": "Men's Discus Throw",
            "combined": null,
            "__typename": "CalendarResultsOptionEvent"
          },
          {
            "gender": "M",
            "id": 10229621,
            "name": "Men's Hammer Throw",
            "combined": null,
            "__typename": "CalendarResultsOptionEvent"
          },
          {
            "gender": "M",
            "id": 10229636,
            "name": "Men's Javelin Throw",
            "combined": null,
            "__typename": "CalendarResultsOptionEvent"
          },
          {
            "gender": "M",
            "id": 10229634,
            "name": "Men's Marathon",
            "combined": null,
            "__typename": "CalendarResultsOptionEvent"
          },
          {
            "gender": "M",
            "id": 10229508,
            "name": "Men's 20 Kilometres Race Walk",
            "combined": null,
            "__typename": "CalendarResultsOptionEvent"
          },
          {
            "gender": "M",
            "id": 10229628,
            "name": "Men's 50 Kilometres Race Walk",
            "combined": null,
            "__typename": "CalendarResultsOptionEvent"
          },
          {
            "gender": "M",
            "id": 10229629,
            "name": "Men's Decathlon",
            "combined": true,
            "__typename": "CalendarResultsOptionEvent"
          },
          {
            "gender": "M",
            "id": 204593,
            "name": "Men's 4x100 Metres Relay",
            "combined": null,
            "__typename": "CalendarResultsOptionEvent"
          },
          {
            "gender": "M",
            "id": 204595,
            "name": "Men's 4x400 Metres Relay",
            "combined": null,
            "__typename": "CalendarResultsOptionEvent"
          }
        ],
        "__typename": "CalendarResultsOptions"
      },
      "parameters": {
        "competitionId": 7078726,
        "day": null,
        "eventId": 10229636,
        "__typename": "CalendarResultsParameters"
      },
      "__typename": "CalendarCompetitionResults"
    }
  }
}