{
  "data": {
    "getCalendarCompetitionResults": {
      "competition": {
        "dateRange": "04\u201313 AUG 2017",
        "endDate": "2017-08-13",
        "name": "IAAF World Championships in Athletics",
        "rankingCategory": "OW",
        "startDate": "2017-08-04",
        "venue": "Olympic Stadium, London (GBR)",
        "__typename": "CalendarResultsCompetition"
      },
      "eventTitles": [
        {
          "rankingCategory": "OW",
          "eventTitle": null,
          "events": [
            {
              "event": "Women's 20 Kilometres Race Walk",
              "eventId": 10229535,
              "gender": "W",
              "isRelay": false,
              "perResultWind": false,
              "withWind": false,
              "summary": null,
              "races": [
                {
                  "date": "2017-08-13",
                  "day": 10,
                  "race": "Final",
                  "raceId": 10,
                  "raceNumber": 0,
                  "results": [
                    {
                      "competitor": {
                        "teamMembers": null,
                        "id": "rv17a8pm23iok6xq5db6",
                        "name": "Jiayu YANG",
                        "iaafId": 271425,
                        "urlSlug": "pr-of-china/jiayu-yang-14521585",
                        "birthDate": "18 FEB 1996",
                        "hasProfile": true,
                        "__typename": "CalendarResultsCompetitor"
                      },
                      "mark": "1:26:18",
                      "nationality": "CHN",
                      "place": "1.",
                      "points": null,
                      "qualified": null,
                      "records": "",
                      "wind": null,
                      "remark": null,
                      "details": null,
                      "__typename": "CalendarResultsRaceResult"
                    },
                    {
                      "competitor": {
                        "teamMembers": null,
                        "id": "ka04ty366zx2hzsc8sosj",
                        "name": "Mar\u00eda Guadalupe GONZ\u00c1LEZ ROMERO",
                        "iaafId": 170258,
                        "urlSlug": "mexico/maria-guadalupe-gonzalez-romero-014592992",
                        "birthDate": "09 JAN 1989",
                        "hasProfile": true,
                        "__typename": "CalendarResultsCompetitor"
                      },
                      "mark": "1:26:19",
                      "nationality": "MEX",
                      "place": "2.",
                      "points": null,
                      "qualified": null,
                      "records": "",
                      "wind": null,
                      "remark": null,
                      "details": null,
                      "__typename": "CalendarResultsRaceResult"
                    },
                    {
                      "competitor": {
                        "teamMembers": null,
                        "id": "y1s09f5equdlspwy5s4nco",
                        "name": "Antonella PALMISANO",
                        "iaafId": 236162,
                        "urlSlug": "italy/antonella-palmisano-14284942",
                        "birthDate": "06 AUG 1991",
                        "hasProfile": true,
                        "__typename": "CalendarResultsCompetitor"
                      },
                      "mark": "1:26:36",
                      "nationality": "ITA",
                      "place": "3.",
                      "points": null,
                      "qualified": null,
                      "records": "",
                      "wind": null,
                      "remark": null,
                      "details": null,
                      "__typename": "CalendarResultsRaceResult"
                    },
                    {
                      "competitor": {
                        "teamMembers": null,
                        "id": "rk4t5vpgk79j6n9i2mjqd",
                        "name": "Erica SENA",
                        "iaafId": 246939,
                        "urlSlug": "brazil/erica-sena-14268877",
                        "birthDate": "03 MAY 1985",
                        "hasProfile": true,
                        "__typename": "CalendarResultsCompetitor"
                      },
                      "mark": "1:26:59",
                      "nationality": "BRA",
                      "place": "4.",
                      "points": null,
                      "qualified": null,
                      "records": "",
                      "wind": null,
                      "remark": null,
                      "details": null,
                      "__typename": "CalendarResultsRaceResult"
                    },
                    {
                      "competitor": {
                        "teamMembers": null,
                        "id": "q71hikmhv2ik2lq55ka1ws",
                        "name": "Lorena ARENAS",
                        "iaafId": 266968,
                        "urlSlug": "colombia/lorena-arenas-14418896",
                        "birthDate": "17 SEP 1993",
                        "hasProfile": true,
                        "__typename": "CalendarResultsCompetitor"
                      },
                      "mark": "1:28:10",
                      "nationality": "COL",
                      "place": "5.",
                      "points": null,
                      "qualified": null,
                      "records": "",
                      "wind": null,
                      "remark": null,
                      "details": null,
                      "__typename": "CalendarResultsRaceResult"
                    },
                    {
                      "competitor": {
                        "teamMembers": null,
                        "id": "r6tg5oruajs6p8nawi8vz2",
                        "name": "Ana CABECINHA",
                        "iaafId": 184064,
                        "urlSlug": "portugal/ana-cabecinha-14294809",
                        "birthDate": "29 APR 1984",
                        "hasProfile": true,
                        "__typename": "CalendarResultsCompetitor"
                      },
                      "mark": "1:28:57",
                      "nationality": "POR",
                      "place": "6.",
                      "points": null,
                      "qualified": null,
                      "records": "",
                      "wind": null,
                      "remark": null,
                      "details": null,
                      "__typename": "CalendarResultsRaceResult"
                    },
                    {
                      "competitor": {
                        "teamMembers": null,
                        "id": "izo1maz8a0p5pcyoiedejw",
                        "name": "Kimberly GARC\u00cdA LE\u00d3N",
                        "iaafId": 248799,
                        "urlSlug": "peru/kimberly-garcia-leon-14293276",
                        "birthDate": "19 OCT 1993",
                        "hasProfile": true,
                        "__typename": "CalendarResultsCompetitor"
                      },
                      "mark": "1:29:13",
                      "nationality": "PER",
                      "place": "7.",
                      "points": null,
                      "qualified": null,
                      "records": "",
                      "wind": null,
                      "remark": null,
                      "details": null,
                      "__typename": "CalendarResultsRaceResult"
                    },
                    {
                      "competitor": {
                        "teamMembers": null,
                        "id": "rbyq6ak9m6n9iihaudnde",
                        "name": "Na WANG",
                        "iaafId": 270775,
                        "urlSlug": "pr-of-china/na-wang-014513340",
                        "birthDate": "29 MAY 1995",
                        "hasProfile": true,
                        "__typename": "CalendarResultsCompetitor"
                      },
                      "mark": "1:29:26",
                      "nationality": "CHN",
                      "place": "8.",
                      "points": null,
                      "qualified": null,
                      "records": "",
                      "wind": null,
                      "remark": null,
                      "details": null,
                      "__typename": "CalendarResultsRaceResult"
                    },
                    {
                      "competitor": {
                        "teamMembers": null,
                        "id": "20bksoudsj42wx1b6v7qhn",
                        "name": "Laura GARC\u00cdA-CARO",
                        "iaafId": 270867,
                        "urlSlug": "spain/laura-garcia-caro-14410264",
                        "birthDate": "16 APR 1995",
                        "hasProfile": true,
                        "__typename": "CalendarResultsCompetitor"
                      },
                      "mark": "1:29:29",
                      "nationality": "ESP",
                      "place": "9.",
                      "points": null,
                      "qualified": null,
                      "records": "",
                      "wind": null,
                      "remark": null,
                      "details": null,
                      "__typename": "CalendarResultsRaceResult"
                    },
                    {
                      "competitor": {
                        "teamMembers": null,
                        "id": "v9b5undmhthtcd44z843kj",
                        "name": "Mar\u00eda P\u00c9REZ",
                        "iaafId": 270868,
                        "urlSlug": "spain/maria-perez-14470735",
                        "birthDate": "29 APR 1996",
                        "hasProfile": true,
                        "__typename": "CalendarResultsCompetitor"
                      },
                      "mark": "1:29:37",
                      "nationality": "ESP",
                      "place": "10.",
                      "points": null,
                      "qualified": null,
                      "records": "",
                      "wind": null,
                      "remark": null,
                      "details": null,
                      "__typename": "CalendarResultsRaceResult"
                    },
                    {
                      "competitor": {
                        "teamMembers": null,
                        "id": "1uevoj23cohg2udulsntxq",
                        "name": "Mirna ORT\u00cdZ",
                        "iaafId": 261878,
                        "urlSlug": "guatemala/mirna-ortiz-14366343",
                        "birthDate": "28 FEB 1987",
                        "hasProfile": true,
                        "__typename": "CalendarResultsCompetitor"
                      },
                      "mark": "1:30:01",
                      "nationality": "GUA",
                      "place": "11.",
                      "points": null,
                      "qualified": null,
                      "records": "",
                      "wind": null,
                      "remark": null,
                      "details": null,
                      "__typename": "CalendarResultsRaceResult"
                    },
                    {
                      "competitor": {
                        "teamMembers": null,
                        "id": "dqqo00ztu1veberojzoyx7",
                        "name": "Vikt\u00f3ria MADAR\u00c1SZ",
                        "iaafId": 202472,
                        "urlSlug": "hungary/viktoria-madarasz-14281995",
                        "birthDate": "12 MAY 1985",
                        "hasProfile": true,
                        "__typename": "CalendarResultsCompetitor"
                      },
                      "mark": "1:30:05",
                      "nationality": "HUN",
                      "place": "12.",
                      "points": null,
                      "qualified": null,
                      "records": "",
                      "wind": null,
                      "remark": null,
                      "details": null,
                      "__typename": "CalendarResultsRaceResult"
                    },
                    {
                      "competitor": {
                        "teamMembers": null,
                        "id": "0ls118ra37achsk5cjo6rw",
                        "name": "Paola P\u00c9REZ",
                        "iaafId": 255482,
                        "urlSlug": "ecuador/paola-perez-14262282",
                        "birthDate": "21 DEC 1989",
                        "hasProfile": true,
                        "__typename": "CalendarResultsCompetitor"
                      },
                      "mark": "1:30:09",
                      "nationality": "ECU",
                      "place": "13.",
                      "points": null,
                      "qualified": null,
                      "records": "",
                      "wind": null,
                      "remark": null,
                      "details": null,
                      "__typename": "CalendarResultsRaceResult"
                    },
                    {
                      "competitor": {
                        "teamMembers": null,
                        "id": "3ssltzkjmpid3ghzksh5gs",
                        "name": "Eleonora Anna GIORGI",
                        "iaafId": 240915,
                        "urlSlug": "italy/eleonora-anna-giorgi-14284455",
                        "birthDate": "14 SEP 1989",
                        "hasProfile": true,
                        "__typename": "CalendarResultsCompetitor"
                      },
                      "mark": "1:30:34",
                      "nationality": "ITA",
                      "place": "14.",
                      "points": null,
                      "qualified": null,
                      "records": "",
                      "wind": null,
                      "remark": null,
                      "details": null,
                      "__typename": "CalendarResultsRaceResult"
                    },
                    {
                      "competitor": {
                        "teamMembers": null,
                        "id": "2cw15j5w35nk7cwyaqz31m",
                        "name": "Valentina TRAPLETTI",
                        "iaafId": 201053,
                        "urlSlug": "italy/valentina-trapletti-14285390",
                        "birthDate": "12 JUL 1985",
                        "hasProfile": true,
                        "__typename": "CalendarResultsCompetitor"
                      },
                      "mark": "1:30:35",
                      "nationality": "ITA",
                      "place": "15.",
                      "points": null,
                      "qualified": null,
                      "records": "",
                      "wind": null,
                      "remark": null,
                      "details": null,
                      "__typename": "CalendarResultsRaceResult"
                    },
                    {
                      "competitor": {
                        "teamMembers": null,
                        "id": "ajilptmukl1on177oak7s",
                        "name": "Brigita VIRBALYT\u0116-DIMSIEN\u0116",
                        "iaafId": 184317,
                        "urlSlug": "lithuania/brigita-virbalyte-14290435",
                        "birthDate": "01 FEB 1985",
                        "hasProfile": true,
                        "__typename": "CalendarResultsCompetitor"
                      },
                      "mark": "1:30:45",
                      "nationality": "LTU",
                      "place": "16.",
                      "points": null,
                      "qualified": null,
                      "records": "",
                      "wind": null,
                      "remark": null,
                      "details": null,
                      "__typename": "CalendarResultsRaceResult"
                    },
                    {
                      "competitor": {
                        "teamMembers": null,
                        "id": "jryp23n2q39mf1irls0oo",
                        "name": "Sandra Viviana GALVIS",
                        "iaafId": 255775,
                        "urlSlug": "colombia/sandra-viviana-galvis-014264014",
                        "birthDate": "28 JUN 1986",
                        "hasProfile": true,
                        "__typename": "CalendarResultsCompetitor"
                      },
                      "mark": "1:31:13",
                      "nationality": "COL",
                      "place": "17.",
                      "points": null,
                      "qualified": null,
                      "records": "",
                      "wind": null,
                      "remark": null,
                      "details": null,
                      "__typename": "CalendarResultsRaceResult"
                    },
                    {
                      "competitor": {
                        "teamMembers": null,
                        "id": "w2ie0l085hqicg17v1p6a",
                        "name": "Kumiko OKADA",
                        "iaafId": 243016,
                        "urlSlug": "japan/kumiko-okada-14326241",
                        "birthDate": "17 OCT 1991",
                        "hasProfile": true,
                        "__typename": "CalendarResultsCompetitor"
                      },
                      "mark": "1:31:19",
                      "nationality": "JPN",
                      "place": "18.",
                      "points": null,
                      "qualified": null,
                      "records": "",
                      "wind": null,
                      "remark": null,
                      "details": null,
                      "__typename": "CalendarResultsRaceResult"
                    },
                    {
                      "competitor": {
                        "teamMembers": null,
                        "id": "g0kh06sy87p2mjokslilow",
                        "name": "\u017divil\u0117 VAICIUKEVI\u010cI\u016aT\u0116",
                        "iaafId": 280995,
                        "urlSlug": "lithuania/zivile-vaiciukeviciute-014508589",
                        "birthDate": "03 APR 1996",
                        "hasProfile": true,
                        "__typename": "CalendarResultsCompetitor"
                      },
                      "mark": "1:31:23",
                      "nationality": "LTU",
                      "place": "19.",
                      "points": null,
                      "qualified": null,
                      "records": "",
                      "wind": null,
                      "remark": null,
                      "details": null,
                      "__typename": "CalendarResultsRaceResult"
                    },
                    {
                      "competitor": {
                        "teamMembers": null,
                        "id": "9k31zfhzv6pghendoisu4u",
                        "name": "Inna KASHYNA",
                        "iaafId": 275424,
                        "urlSlug": "ukraine/inna-loseva-014459629",
                        "birthDate": "27 SEP 1991",
                        "hasProfile": true,
                        "__typename": "CalendarResultsCompetitor"
                      },
                      "mark": "1:31:24",
                      "nationality": "UKR",
                      "place": "20.",
                      "points": null,
                      "qualified": null,
                      "records": "",
                      "wind": null,
                      "remark": null,
                      "details": null,
                      "__typename": "CalendarResultsRaceResult"
                    },
                    {
                      "competitor": {
                        "teamMembers": null,
                        "id": "5vwd4frdclydfi6csrfsj5",
                        "name": "Ainhoa PINEDO",
                        "iaafId": 207588,
                        "urlSlug": "spain/ainhoa-pinedo-014260734",
                        "birthDate": "17 FEB 1983",
                        "hasProfile": true,
                        "__typename": "CalendarResultsCompetitor"
                      },
                      "mark": "1:31:28",
                      "nationality": "ESP",
                      "place": "21.",
                      "points": null,
                      "qualified": null,
                      "records": "",
                      "wind": null,
                      "remark": null,
                      "details": null,
                      "__typename": "CalendarResultsRaceResult"
                    },
                    {
                      "competitor": {
                        "teamMembers": null,
                        "id": "n0vhyghltnul61mypus0a",
                        "name": "Regan LAMBLE",
                        "iaafId": 241052,
                        "urlSlug": "australia/regan-lamble-014271800",
                        "birthDate": "14 OCT 1991",
                        "hasProfile": true,
                        "__typename": "CalendarResultsCompetitor"
                      },
                      "mark": "1:31:30",
                      "nationality": "AUS",
                      "place": "22.",
                      "points": null,
                      "qualified": null,
                      "records": "",
                      "wind": null,
                      "remark": null,
                      "details": null,
                      "__typename": "CalendarResultsRaceResult"
                    },
                    {
                      "competitor": {
                        "teamMembers": null,
                        "id": "3augltk1x9c7hpl1ge8d0d",
                        "name": "Angela CASTRO",
                        "iaafId": 260184,
                        "urlSlug": "bolivia/angela-castro-14410009",
                        "birthDate": "21 FEB 1993",
                        "hasProfile": true,
                        "__typename": "CalendarResultsCompetitor"
                      },
                      "mark": "1:31:34",
                      "nationality": "BOL",
                      "place": "23.",
                      "points": null,
                      "qualified": null,
                      "records": "",
                      "wind": null,
                      "remark": null,
                      "details": null,
                      "__typename": "CalendarResultsRaceResult"
                    },
                    {
                      "competitor": {
                        "teamMembers": null,
                        "id": "wdwyt0398dk1q5gmfwl8jn",
                        "name": "Antigoni NTRISMPIOTI",
                        "iaafId": 273935,
                        "urlSlug": "greece/antigoni-ntrismpioti-14280590",
                        "birthDate": "21 MAR 1984",
                        "hasProfile": true,
                        "__typename": "CalendarResultsCompetitor"
                      },
                      "mark": "1:32:03",
                      "nationality": "GRE",
                      "place": "24.",
                      "points": null,
                      "qualified": null,
                      "records": "",
                      "wind": null,
                      "remark": null,
                      "details": null,
                      "__typename": "CalendarResultsRaceResult"
                    },
                    {
                      "competitor": {
                        "teamMembers": null,
                        "id": "l76vobl7vwdxchc2kkmi0i",
                        "name": "Maria MICHTA-COFFEY",
                        "iaafId": 197054,
                        "urlSlug": "united-states/maria-michta-coffey-14316952",
                        "birthDate": "23 JUN 1986",
                        "hasProfile": true,
                        "__typename": "CalendarResultsCompetitor"
                      },
                      "mark": "1:32:14",
                      "nationality": "USA",
                      "place": "25.",
                      "points": null,
                      "qualified": null,
                      "records": "",
                      "wind": null,
                      "remark": null,
                      "details": null,
                      "__typename": "CalendarResultsRaceResult"
                    },
                    {
                      "competitor": {
                        "teamMembers": null,
                        "id": "zc189ok88erpzdbskk7h2d",
                        "name": "Nastassia YATSEVICH",
                        "iaafId": 206091,
                        "urlSlug": "belarus/nastassia-yatsevich-014269533",
                        "birthDate": "18 JAN 1985",
                        "hasProfile": true,
                        "__typename": "CalendarResultsCompetitor"
                      },
                      "mark": "1:32:22",
                      "nationality": "BLR",
                      "place": "26.",
                      "points": null,
                      "qualified": null,
                      "records": "",
                      "wind": null,
                      "remark": null,
                      "details": null,
                      "__typename": "CalendarResultsRaceResult"
                    },
                    {
                      "competitor": {
                        "teamMembers": null,
                        "id": "95uo5m8hallo4tc1acf4",
                        "name": "Barbara KOV\u00c1CS",
                        "iaafId": 266623,
                        "urlSlug": "hungary/barbara-olah-14363716",
                        "birthDate": "26 JUL 1993",
                        "hasProfile": true,
                        "__typename": "CalendarResultsCompetitor"
                      },
                      "mark": "1:32:44",
                      "nationality": "HUN",
                      "place": "27.",
                      "points": null,
                      "qualified": null,
                      "records": "",
                      "wind": null,
                      "remark": null,
                      "details": null,
                      "__typename": "CalendarResultsRaceResult"
                    },
                    {
                      "competitor": {
                        "teamMembers": null,
                        "id": "xoqsb181t8l85nnqu9ndhk",
                        "name": "Maritza GUAM\u00c1N",
                        "iaafId": 239980,
                        "urlSlug": "ecuador/maritza-guaman-014262313",
                        "birthDate": "15 JAN 1988",
                        "hasProfile": true,
                        "__typename": "CalendarResultsCompetitor"
                      },
                      "mark": "1:33:06",
                      "nationality": "ECU",
                      "place": "28.",
                      "points": null,
                      "qualified": null,
                      "records": "",
                      "wind": null,
                      "remark": null,
                      "details": null,
                      "__typename": "CalendarResultsRaceResult"
                    },
                    {
                      "competitor": {
                        "teamMembers": null,
                        "id": "r252y362hhfann10ifd0o",
                        "name": "Bethan DAVIES",
                        "iaafId": 289980,
                        "urlSlug": "great-britain-ni/bethan-davies-14527232",
                        "birthDate": "07 NOV 1990",
                        "hasProfile": true,
                        "__typename": "CalendarResultsCompetitor"
                      },
                      "mark": "1:33:10",
                      "nationality": "GBR",
                      "place": "29.",
                      "points": null,
                      "qualified": null,
                      "records": "",
                      "wind": null,
                      "remark": null,
                      "details": null,
                      "__typename": "CalendarResultsRaceResult"
                    },
                    {
                      "competitor": {
                        "teamMembers": null,
                        "id": "ii1tme4w0vcs6b0vcgma5",
                        "name": "Yeongeun JEON",
                        "iaafId": 234999,
                        "urlSlug": "korea/yeongeun-jeon-014289668",
                        "birthDate": "24 MAY 1988",
                        "hasProfile": true,
                        "__typename": "CalendarResultsCompetitor"
                      },
                      "mark": "1:33:29",
                      "nationality": "KOR",
                      "place": "30.",
                      "points": null,
                      "qualified": null,
                      "records": "",
                      "wind": null,
                      "remark": null,
                      "details": null,
                      "__typename": "CalendarResultsRaceResult"
                    },
                    {
                      "competitor": {
                        "teamMembers": null,
                        "id": "woz1ccp8jdhpr1lt00b2e",
                        "name": "Andreea ARSINE",
                        "iaafId": 239978,
                        "urlSlug": "romania/andreea-arsine-014295399",
                        "birthDate": "14 SEP 1988",
                        "hasProfile": true,
                        "__typename": "CalendarResultsCompetitor"
                      },
                      "mark": "1:33:46",
                      "nationality": "ROU",
                      "place": "31.",
                      "points": null,
                      "qualified": null,
                      "records": "",
                      "wind": null,
                      "remark": null,
                      "details": null,
                      "__typename": "CalendarResultsRaceResult"
                    },
                    {
                      "competitor": {
                        "teamMembers": null,
                        "id": "ga8zdeq2w9ibe7444h5l7p",
                        "name": "Valentyna MYRONCHUK",
                        "iaafId": 264595,
                        "urlSlug": "ukraine/valentyna-naiavko-14513612",
                        "birthDate": "10 AUG 1994",
                        "hasProfile": true,
                        "__typename": "CalendarResultsCompetitor"
                      },
                      "mark": "1:33:59",
                      "nationality": "UKR",
                      "place": "32.",
                      "points": null,
                      "qualified": null,
                      "records": "",
                      "wind": null,
                      "remark": null,
                      "details": null,
                      "__typename": "CalendarResultsRaceResult"
                    },
                    {
                      "competitor": {
                        "teamMembers": null,
                        "id": "vdlf5qpryixm77gk1iiug",
                        "name": "Miranda MELVILLE",
                        "iaafId": 241089,
                        "urlSlug": "united-states/miranda-melville-14330302",
                        "birthDate": "20 MAR 1989",
                        "hasProfile": true,
                        "__typename": "CalendarResultsCompetitor"
                      },
                      "mark": "1:34:47",
                      "nationality": "USA",
                      "place": "33.",
                      "points": null,
                      "qualified": null,
                      "records": "",
                      "wind": null,
                      "remark": null,
                      "details": null,
                      "__typename": "CalendarResultsRaceResult"
                    },
                    {
                      "competitor": {
                        "teamMembers": null,
                        "id": "vhsbh48rhqizptha0hf3g",
                        "name": "Ana Veronica RODEAN",
                        "iaafId": 194469,
                        "urlSlug": "romania/ana-veronica-rodean-14295903",
                        "birthDate": "23 JUN 1984",
                        "hasProfile": true,
                        "__typename": "CalendarResultsCompetitor"
                      },
                      "mark": "1:34:50",
                      "nationality": "ROU",
                      "place": "34.",
                      "points": null,
                      "qualified": null,
                      "records": "",
                      "wind": null,
                      "remark": null,
                      "details": null,
                      "__typename": "CalendarResultsRaceResult"
                    },
                    {
                      "competitor": {
                        "teamMembers": null,
                        "id": "vcyk13flnwgpry3iunz4hi",
                        "name": "Siu Nga CHING",
                        "iaafId": 272510,
                        "urlSlug": "hong-kong-china/siu-nga-ching-14430165",
                        "birthDate": "11 FEB 1987",
                        "hasProfile": true,
                        "__typename": "CalendarResultsCompetitor"
                      },
                      "mark": "1:35:04",
                      "nationality": "HKG",
                      "place": "35.",
                      "points": null,
                      "qualified": null,
                      "records": "",
                      "wind": null,
                      "remark": null,
                      "details": null,
                      "__typename": "CalendarResultsRaceResult"
                    },
                    {
                      "competitor": {
                        "teamMembers": null,
                        "id": "gfnu2ksob2t61uwexer3k",
                        "name": "M\u00e1ria KATERINKA CZAKOV\u00c1",
                        "iaafId": 224562,
                        "urlSlug": "slovak-republic/maria-katerinka-czakova-14301399",
                        "birthDate": "02 OCT 1988",
                        "hasProfile": true,
                        "__typename": "CalendarResultsCompetitor"
                      },
                      "mark": "1:35:11",
                      "nationality": "SVK",
                      "place": "36.",
                      "points": null,
                      "qualified": null,
                      "records": "",
                      "wind": null,
                      "remark": null,
                      "details": null,
                      "__typename": "CalendarResultsRaceResult"
                    },
                    {
                      "competitor": {
                        "teamMembers": null,
                        "id": "zfha97gbp2mchj5z8n2qer",
                        "name": "Grace Wanjiru NJUE",
                        "iaafId": 194582,
                        "urlSlug": "kenya/grace-wanjiru-njue-014289521",
                        "birthDate": "10 JAN 1979",
                        "hasProfile": true,
                        "__typename": "CalendarResultsCompetitor"
                      },
                      "mark": "1:35:22",
                      "nationality": "KEN",
                      "place": "37.",
                      "points": null,
                      "qualified": null,
                      "records": "",
                      "wind": null,
                      "remark": null,
                      "details": null,
                      "__typename": "CalendarResultsRaceResult"
                    },
                    {
                      "competitor": {
                        "teamMembers": null,
                        "id": "5khmrjr2ikqei8xpono9",
                        "name": "Beki SMITH",
                        "iaafId": 196351,
                        "urlSlug": "australia/beki-smith-014271782",
                        "birthDate": "25 NOV 1986",
                        "hasProfile": true,
                        "__typename": "CalendarResultsCompetitor"
                      },
                      "mark": "1:35:31",
                      "nationality": "AUS",
                      "place": "38.",
                      "points": null,
                      "qualified": null,
                      "records": "",
                      "wind": null,
                      "remark": null,
                      "details": null,
                      "__typename": "CalendarResultsRaceResult"
                    },
                    {
                      "competitor": {
                        "teamMembers": null,
                        "id": "330m6n29z203faxy0li2ly",
                        "name": "Chahinez NASRI",
                        "iaafId": 273717,
                        "urlSlug": "tunisia/chahinez-nasri-14446523",
                        "birthDate": "03 JUN 1996",
                        "hasProfile": true,
                        "__typename": "CalendarResultsCompetitor"
                      },
                      "mark": "1:35:45",
                      "nationality": "TUN",
                      "place": "39.",
                      "points": null,
                      "qualified": null,
                      "records": "",
                      "wind": null,
                      "remark": null,
                      "details": null,
                      "__typename": "CalendarResultsRaceResult"
                    },
                    {
                      "competitor": {
                        "teamMembers": null,
                        "id": "6v4e1yo13sy1bdfw3l0ykv",
                        "name": "Gemma BRIDGE",
                        "iaafId": 315671,
                        "urlSlug": "great-britain-ni/gemma-bridge-014524186",
                        "birthDate": "17 MAY 1993",
                        "hasProfile": true,
                        "__typename": "CalendarResultsCompetitor"
                      },
                      "mark": "1:36:04",
                      "nationality": "GBR",
                      "place": "40.",
                      "points": null,
                      "qualified": null,
                      "records": "",
                      "wind": null,
                      "remark": null,
                      "details": null,
                      "__typename": "CalendarResultsRaceResult"
                    },
                    {
                      "competitor": {
                        "teamMembers": null,
                        "id": "931ijhibir9qie5gdtxgkc",
                        "name": "Johana ORD\u00d3\u0147EZ",
                        "iaafId": 191563,
                        "urlSlug": "ecuador/johana-ordonez-14262292",
                        "birthDate": "12 DEC 1987",
                        "hasProfile": true,
                        "__typename": "CalendarResultsCompetitor"
                      },
                      "mark": "1:36:27",
                      "nationality": "ECU",
                      "place": "41.",
                      "points": null,
                      "qualified": null,
                      "records": "",
                      "wind": null,
                      "remark": null,
                      "details": null,
                      "__typename": "CalendarResultsRaceResult"
                    },
                    {
                      "competitor": {
                        "teamMembers": null,
                        "id": "w4ru3v3oyskl522tk8h45",
                        "name": "Khushbir KAUR",
                        "iaafId": 258615,
                        "urlSlug": "india/khushbir-kaur-014409569",
                        "birthDate": "09 JUL 1993",
                        "hasProfile": true,
                        "__typename": "CalendarResultsCompetitor"
                      },
                      "mark": "1:36:41",
                      "nationality": "IND",
                      "place": "42.",
                      "points": null,
                      "qualified": null,
                      "records": "",
                      "wind": null,
                      "remark": null,
                      "details": null,
                      "__typename": "CalendarResultsRaceResult"
                    },
                    {
                      "competitor": {
                        "teamMembers": null,
                        "id": "ezjyi1pgyy6ni9y3iwqj8",
                        "name": "Claire WOODS",
                        "iaafId": 191307,
                        "urlSlug": "australia/claire-woods-014271044",
                        "birthDate": "06 JUL 1981",
                        "hasProfile": true,
                        "__typename": "CalendarResultsCompetitor"
                      },
                      "mark": "1:37:05",
                      "nationality": "AUS",
                      "place": "43.",
                      "points": null,
                      "qualified": null,
                      "records": "",
                      "wind": null,
                      "remark": null,
                      "details": null,
                      "__typename": "CalendarResultsRaceResult"
                    },
                    {
                      "competitor": {
                        "teamMembers": null,
                        "id": "ppgpvgrdg8ufc9g4q2obg",
                        "name": "Yehualeye BELETEW",
                        "iaafId": 292029,
                        "urlSlug": "ethiopia/yehualeye-beletew-14660729",
                        "birthDate": "31 JUL 1998",
                        "hasProfile": true,
                        "__typename": "CalendarResultsCompetitor"
                      },
                      "mark": "1:37:55",
                      "nationality": "ETH",
                      "place": "44.",
                      "points": null,
                      "qualified": null,
                      "records": "",
                      "wind": null,
                      "remark": null,
                      "details": null,
                      "__typename": "CalendarResultsRaceResult"
                    },
                    {
                      "competitor": {
                        "teamMembers": null,
                        "id": "tftuj5nvuz31yy647638m",
                        "name": "Monika VAICIUKEVI\u010cI\u016aT\u0116",
                        "iaafId": 282025,
                        "urlSlug": "lithuania/monika-vaiciukeviciute-14508590",
                        "birthDate": "03 APR 1996",
                        "hasProfile": true,
                        "__typename": "CalendarResultsCompetitor"
                      },
                      "mark": "1:38:08",
                      "nationality": "LTU",
                      "place": "45.",
                      "points": null,
                      "qualified": null,
                      "records": "",
                      "wind": null,
                      "remark": null,
                      "details": null,
                      "__typename": "CalendarResultsRaceResult"
                    },
                    {
                      "competitor": {
                        "teamMembers": null,
                        "id": "bej8lun073l5rqur4y9clh",
                        "name": "Mil\u00e1ngela Francesca ROSALES",
                        "iaafId": 242369,
                        "urlSlug": "venezuela/milangela-francesca-rosales-014325211",
                        "birthDate": "21 FEB 1987",
                        "hasProfile": true,
                        "__typename": "CalendarResultsCompetitor"
                      },
                      "mark": "1:38:08",
                      "nationality": "VEN",
                      "place": "46.",
                      "points": null,
                      "qualified": null,
                      "records": "",
                      "wind": null,
                      "remark": null,
                      "details": null,
                      "__typename": "CalendarResultsRaceResult"
                    },
                    {
                      "competitor": {
                        "teamMembers": null,
                        "id": "k9hcvwc9a7idey9xalkpj",
                        "name": "Diana AIDOSSOVA",
                        "iaafId": 281049,
                        "urlSlug": "kazakhstan/diana-aidossova-014552942",
                        "birthDate": "05 SEP 1995",
                        "hasProfile": true,
                        "__typename": "CalendarResultsCompetitor"
                      },
                      "mark": "1:38:16",
                      "nationality": "KAZ",
                      "place": "47.",
                      "points": null,
                      "qualified": null,
                      "records": "",
                      "wind": null,
                      "remark": null,
                      "details": null,
                      "__typename": "CalendarResultsRaceResult"
                    },
                    {
                      "competitor": {
                        "teamMembers": null,
                        "id": "gbwspnl2mejo9zmurs2lq",
                        "name": "Da-seul LEE",
                        "iaafId": 259323,
                        "urlSlug": "korea/da-seul-lee-014432131",
                        "birthDate": "08 NOV 1996",
                        "hasProfile": true,
                        "__typename": "CalendarResultsCompetitor"
                      },
                      "mark": "1:38:54",
                      "nationality": "KOR",
                      "place": "48.",
                      "points": null,
                      "qualified": null,
                      "records": "",
                      "wind": null,
                      "remark": null,
                      "details": null,
                      "__typename": "CalendarResultsRaceResult"
                    },
                    {
                      "competitor": {
                        "teamMembers": null,
                        "id": "rgu6uznmjt94izf9uxfy",
                        "name": "Laura POLLI",
                        "iaafId": 191237,
                        "urlSlug": "switzerland/laura-polli-14301107",
                        "birthDate": "07 SEP 1983",
                        "hasProfile": true,
                        "__typename": "CalendarResultsCompetitor"
                      },
                      "mark": "1:39:05",
                      "nationality": "SUI",
                      "place": "49.",
                      "points": null,
                      "qualified": null,
                      "records": "",
                      "wind": null,
                      "remark": null,
                      "details": null,
                      "__typename": "CalendarResultsRaceResult"
                    },
                    {
                      "competitor": {
                        "teamMembers": null,
                        "id": "hyoauysvotv1l8pb947nxy",
                        "name": "Polina REPINA",
                        "iaafId": 241053,
                        "urlSlug": "kazakhstan/polina-repina-14941250",
                        "birthDate": "29 JUN 1990",
                        "hasProfile": true,
                        "__typename": "CalendarResultsCompetitor"
                      },
                      "mark": "1:39:56",
                      "nationality": "KAZ",
                      "place": "50.",
                      "points": null,
                      "qualified": null,
                      "records": "",
                      "wind": null,
                      "remark": null,
                      "details": null,
                      "__typename": "CalendarResultsRaceResult"
                    },
                    {
                      "competitor": {
                        "teamMembers": null,
                        "id": "anmzmhrfmskgjtzdy2h5kr",
                        "name": "Rita R\u00c9CSEI",
                        "iaafId": 280996,
                        "urlSlug": "hungary/rita-recsei-14396421",
                        "birthDate": "30 JAN 1996",
                        "hasProfile": true,
                        "__typename": "CalendarResultsCompetitor"
                      },
                      "mark": "1:40:26",
                      "nationality": "HUN",
                      "place": "51.",
                      "points": null,
                      "qualified": null,
                      "records": "",
                      "wind": null,
                      "remark": null,
                      "details": null,
                      "__typename": "CalendarResultsRaceResult"
                    },
                    {
                      "competitor": {
                        "teamMembers": null,
                        "id": "axacrq6ui2m3ng4xhz8rrh",
                        "name": "Regina RYKOVA",
                        "iaafId": 297023,
                        "urlSlug": "kazakhstan/regina-rykova-014695766",
                        "birthDate": "19 DEC 1991",
                        "hasProfile": true,
                        "__typename": "CalendarResultsCompetitor"
                      },
                      "mark": "1:41:59",
                      "nationality": "KAZ",
                      "place": "52.",
                      "points": null,
                      "qualified": null,
                      "records": "",
                      "wind": null,
                      "remark": null,
                      "details": null,
                      "__typename": "CalendarResultsRaceResult"
                    },
                    {
                      "competitor": {
                        "teamMembers": null,
                        "id": "e81jltt1fzs494tpu36chv",
                        "name": "Askale TIKSA",
                        "iaafId": 265239,
                        "urlSlug": "ethiopia/askale-tiksa-014480176",
                        "birthDate": "24 APR 1994",
                        "hasProfile": true,
                        "__typename": "CalendarResultsCompetitor"
                      },
                      "mark": "DNS",
                      "nationality": "ETH",
                      "place": "",
                      "points": null,
                      "qualified": null,
                      "records": "",
                      "wind": null,
                      "remark": null,
                      "details": null,
                      "__typename": "CalendarResultsRaceResult"
                    },
                    {
                      "competitor": {
                        "teamMembers": null,
                        "id": "8wal8ihrhw4cpwmfi2i71o",
                        "name": "Ane\u017eka DRAHOTOV\u00c1",
                        "iaafId": 255370,
                        "urlSlug": "czech-republic/anezka-drahotova-014368964",
                        "birthDate": "22 JUL 1995",
                        "hasProfile": true,
                        "__typename": "CalendarResultsCompetitor"
                      },
                      "mark": "DNF",
                      "nationality": "CZE",
                      "place": "",
                      "points": null,
                      "qualified": null,
                      "records": "",
                      "wind": null,
                      "remark": null,
                      "details": null,
                      "__typename": "CalendarResultsRaceResult"
                    },
                    {
                      "competitor": {
                        "teamMembers": null,
                        "id": "lzcnqhvrkmbr5m3m0oeae",
                        "name": "Nadiya BOROVSKA",
                        "iaafId": 187992,
                        "urlSlug": "ukraine/nadiya-borovska-14304058",
                        "birthDate": "25 FEB 1981",
                        "hasProfile": true,
                        "__typename": "CalendarResultsCompetitor"
                      },
                      "mark": "DQ",
                      "nationality": "UKR",
                      "place": "",
                      "points": null,
                      "qualified": null,
                      "records": "",
                      "wind": null,
                      "remark": null,
                      "details": null,
                      "__typename": "CalendarResultsRaceResult"
                    },
                    {
                      "competitor": {
                        "teamMembers": null,
                        "id": "he7grx56fuddami2wm36i",
                        "name": "Yeseida CARRILLO",
                        "iaafId": 270591,
                        "urlSlug": "colombia/yeseida-carrillo-014501861",
                        "birthDate": "22 OCT 1993",
                        "hasProfile": true,
                        "__typename": "CalendarResultsCompetitor"
                      },
                      "mark": "DQ",
                      "nationality": "COL",
                      "place": "",
                      "points": null,
                      "qualified": null,
                      "records": "",
                      "wind": null,
                      "remark": null,
                      "details": null,
                      "__typename": "CalendarResultsRaceResult"
                    },
                    {
                      "competitor": {
                        "teamMembers": null,
                        "id": "hgthmr3zbzadoyh801len6",
                        "name": "Xiuzhi LYU",
                        "iaafId": 266302,
                        "urlSlug": "pr-of-china/xiuzhi-lyu-014430622",
                        "birthDate": "26 OCT 1993",
                        "hasProfile": true,
                        "__typename": "CalendarResultsCompetitor"
                      },
                      "mark": "DQ",
                      "nationality": "CHN",
                      "place": "",
                      "points": null,
                      "qualified": null,
                      "records": "",
                      "wind": null,
                      "remark": null,
                      "details": null,
                      "__typename": "CalendarResultsRaceResult"
                    },
                    {
                      "competitor": {
                        "teamMembers": null,
                        "id": "l0krez4mxirr2sf2ghvir",
                        "name": "Agnese PASTARE",
                        "iaafId": 228031,
                        "urlSlug": "latvia/agnese-pastare-014290057",
                        "birthDate": "27 OCT 1988",
                        "hasProfile": true,
                        "__typename": "CalendarResultsCompetitor"
                      },
                      "mark": "DQ",
                      "nationality": "LAT",
                      "place": "",
                      "points": null,
                      "qualified": null,
                      "records": "",
                      "wind": null,
                      "remark": null,
                      "details": null,
                      "__typename": "CalendarResultsRaceResult"
                    },
                    {
                      "competitor": {
                        "teamMembers": null,
                        "id": "3t06itpeyik138vqkfdvpmm",
                        "name": "Mar\u00eda Guadalupe S\u00c1NCHEZ",
                        "iaafId": 289347,
                        "urlSlug": "mexico/maria-guadalupe-sanchez-014592993",
                        "birthDate": "04 AUG 1995",
                        "hasProfile": true,
                        "__typename": "CalendarResultsCompetitor"
                      },
                      "mark": "DQ",
                      "nationality": "MEX",
                      "place": "",
                      "points": null,
                      "qualified": null,
                      "records": "",
                      "wind": null,
                      "remark": null,
                      "details": null,
                      "__typename": "CalendarResultsRaceResult"
                    },
                    {
                      "competitor": {
                        "teamMembers": null,
                        "id": "14knbnmewho2z1zpg1x2w8",
                        "name": "Klavdiya AFANASYEVA",
                        "iaafId": 266372,
                        "urlSlug": "russia/klavdiya-afanasyeva-014514515",
                        "birthDate": "15 JAN 1996",
                        "hasProfile": true,
                        "__typename": "CalendarResultsCompetitor"
                      },
                      "mark": "DQ",
                      "nationality": "ANA",
                      "place": "",
                      "points": null,
                      "qualified": null,
                      "records": "",
                      "wind": null,
                      "remark": null,
                      "details": null,
                      "__typename": "CalendarResultsRaceResult"
                    },
                    {
                      "competitor": {
                        "teamMembers": null,
                        "id": "jca8alov97tvdgk7l1ojd",
                        "name": "Despina ZAPOUNIDOU",
                        "iaafId": 201034,
                        "urlSlug": "greece/despina-zapounidou-014281015",
                        "birthDate": "05 OCT 1985",
                        "hasProfile": true,
                        "__typename": "CalendarResultsCompetitor"
                      },
                      "mark": "DQ",
                      "nationality": "GRE",
                      "place": " - ",
                      "points": null,
                      "qualified": null,
                      "records": "",
                      "wind": null,
                      "remark": null,
                      "details": null,
                      "__typename": "CalendarResultsRaceResult"
                    }
                  ],
                  "startList": null,
                  "wind": null,
                  "__typename": "CalendarResultsRace"
                }
              ],
              "__typename": "CalendarResultsEvent"
            }
          ],
          "__typename": "CalendarResultsEventTitle"
        }
      ],
      "options": {
        "days": [
          {
            "date": "04 AUG 2017",
            "day": 1,
            "__typename": "CalendarResultsOptionsDay"
          },
          {
            "date": "05 AUG 2017",
            "day": 2,
            "__typename": "CalendarResultsOptionsDay"
          },
          {
            "date": "06 AUG 2017",
            "day": 3,
            "__typename": "CalendarResultsOptionsDay"
          },
          {
            "date": "07 AUG 2017",
            "day": 4,
            "__typename": "CalendarResultsOptionsDay"
          },
          {
            "date": "08 AUG 2017",
            "day": 5,
            "__typename": "CalendarResultsOptionsDay"
          },
          {
            "date": "09 AUG 2017",
            "day": 6,
            "__typename": "CalendarResultsOptionsDay"
          },
          {
            "date": "10 AUG 2017",
            "day": 7,
            "__typename": "CalendarResultsOptionsDay"
          },
          {
            "date": "11 AUG 2017",
            "day": 8,
            "__typename": "CalendarResultsOptionsDay"
          },
          {
            "date": "12 AUG 2017",
            "day": 9,
            "__typename": "CalendarResultsOptionsDay"
          },
          {
            "date": "13 AUG 2017",
            "day": 10,
            "__typename": "CalendarResultsOptionsDay"
          }
        ],
        "events": [
          {
            "gender": "W",
            "id": 10229509,
            "name": "Women's 100 Metres",
            "combined": null,
            "__typename": "CalendarResultsOptionEvent"
          },
          {
            "gender": "W",
            "id": 10229510,
            "name": "Women's 200 Metres",
            "combined": null,
            "__typename": "CalendarResultsOptionEvent"
          },
          {
            "gender": "W",
            "id": 10229511,
            "name": "Women's 400 Metres",
            "combined": null,
            "__typename": "CalendarResultsOptionEvent"
          },
          {
            "gender": "W",
            "id": 10229512,
            "name": "Women's 800 Metres",
            "combined": null,
            "__typename": "CalendarResultsOptionEvent"
          },
          {
            "gender": "W",
            "id": 10229513,
            "name": "Women's 1500 Metres",
            "combined": null,
            "__typename": "CalendarResultsOptionEvent"
          },
          {
            "gender": "W",
            "id": 10229519,
            "name": "Women's 3000 Metres",
            "combined": null,
            "__typename": "CalendarResultsOptionEvent"
          },
          {
            "gender": "W",
            "id": 10229514,
            "name": "Women's 5000 Metres",
            "combined": null,
            "__typename": "CalendarResultsOptionEvent"
          },
          {
            "gender": "W",
            "id": 10229521,
            "name": "Women's 10,000 Metres",
            "combined": null,
            "__typename": "CalendarResultsOptionEvent"
          },
          {
            "gender": "W",
            "id": 10229522,
            "name": "Women's 100 Metres Hurdles",
            "combined": null,
            "__typename": "CalendarResultsOptionEvent"
          },
          {
            "gender": "W",
            "id": 10229523,
            "name": "Women's 400 Metres Hurdles",
            "combined": null,
            "__typename": "CalendarResultsOptionEvent"
          },
          {
            "gender": "W",
            "id": 10229524,
            "name": "Women's 3000 Metres Steeplechase",
            "combined": null,
            "__typename": "CalendarResultsOptionEvent"
          },
          {
            "gender": "W",
            "id": 10229526,
            "name": "Women's High Jump",
            "combined": null,
            "__typename": "CalendarResultsOptionEvent"
          },
          {
            "gender": "W",
            "id": 10229527,
            "name": "Women's Pole Vault",
            "combined": null,
            "__typename": "CalendarResultsOptionEvent"
          },
          {
            "gender": "W",
            "id": 10229528,
            "name": "Women's Long Jump",
            "combined": null,
            "__typename": "CalendarResultsOptionEvent"
          },
          {
            "gender": "W",
            "id": 10229529,
            "name": "Women's Triple Jump",
            "combined": null,
            "__typename": "CalendarResultsOptionEvent"
          },
          {
            "gender": "W",
            "id": 10229530,
            "name": "Women's Shot Put",
            "combined": null,
            "__typename": "CalendarResultsOptionEvent"
          },
          {
            "gender": "W",
            "id": 10229531,
            "name": "Women's Discus Throw",
            "combined": null,
            "__typename": "CalendarResultsOptionEvent"
          },
          {
            "gender": "W",
            "id": 10229532,
            "name": "Women's Hammer Throw",
            "combined": null,
            "__typename": "CalendarResultsOptionEvent"
          },
          {
            "gender": "W",
            "id": 10229533,
            "name": "Women's Javelin Throw",
            "combined": null,
            "__typename": "CalendarResultsOptionEvent"
          },
          {
            "gender": "W",
            "id": 10229541,
            "name": "Women's Half Marathon",
            "combined": null,
            "__typename": "CalendarResultsOptionEvent"
          },
          {
            "gender": "W",
            "id": 10229534,
            "name": "Women's Marathon",
            "combined": null,
            "__typename": "CalendarResultsOptionEvent"
          },
          {
            "gender": "W",
            "id": 10229547,
            "name": "Women's 10 Kilometres Race Walk",
            "combined": null,
            "__typename": "CalendarResultsOptionEvent"
          },
          {
            "gender": "W",
            "id": 10229535,
            "name": "Women's 20 Kilometres Race Walk",
            "combined": null,
            "__typename": "CalendarResultsOptionEvent"
          },
          {
            "gender": "W",
            "id": 10229603,
            "name": "Women's 50 Kilometres Race Walk",
            "combined": null,
            "__typename": "CalendarResultsOptionEvent"
          },
          {
            "gender": "W",
            "id": 10229536,
            "name": "Women's Heptathlon",
            "combined": true,
            "__typename": "CalendarResultsOptionEvent"
          },
          {
            "gender": "W",
            "id": 204594,
            "name": "Women's 4x100 Metres Relay",
            "combined": null,
            "__typename": "CalendarResultsOptionEvent"
          },
          {
            "gender": "W",
            "id": 204596,
            "name": "Women's 4x400 Metres Relay",
            "combined": null,
            "__typename": "CalendarResultsOptionEvent"
          },
          {
            "gender": "M",
            "id": 10229630,
            "name": "Men's 100 Metres",
            "combined": null,
            "__typename": "CalendarResultsOptionEvent"
          },
          {
            "gender": "M",
            "id": 10229605,
            "name": "Men's 200 Metres",
            "combined": null,
            "__typename": "CalendarResultsOptionEvent"
          },
          {
            "gender": "M",
            "id": 10229631,
            "name": "Men's 400 Metres",
            "combined": null,
            "__typename": "CalendarResultsOptionEvent"
          },
          {
            "gender": "M",
            "id": 10229501,
            "name": "Men's 800 Metres",
            "combined": null,
            "__typename": "CalendarResultsOptionEvent"
          },
          {
            "gender": "M",
            "id": 10229502,
            "name": "Men's 1500 Metres",
            "combined": null,
            "__typename": "CalendarResultsOptionEvent"
          },
          {
            "gender": "M",
            "id": 10229609,
            "name": "Men's 5000 Metres",
            "combined": null,
            "__typename": "CalendarResultsOptionEvent"
          },
          {
            "gender": "M",
            "id": 10229610,
            "name": "Men's 10,000 Metres",
            "combined": null,
            "__typename": "CalendarResultsOptionEvent"
          },
          {
            "gender": "M",
            "id": 10229611,
            "name": "Men's 110 Metres Hurdles",
            "combined": null,
            "__typename": "CalendarResultsOptionEvent"
          },
          {
            "gender": "M",
            "id": 10229612,
            "name": "Men's 400 Metres Hurdles",
            "combined": null,
            "__typename": "CalendarResultsOptionEvent"
          },
          {
            "gender": "M",
            "id": 10229614,
            "name": "Men's 3000 Metres Steeplechase",
            "combined": null,
            "__typename": "CalendarResultsOptionEvent"
          },
          {
            "gender": "M",
            "id": 10229615,
            "name": "Men's High Jump",
            "combined": null,
            "__typename": "CalendarResultsOptionEvent"
          },
          {
            "gender": "M",
            "id": 10229616,
            "name": "Men's Pole Vault",
            "combined": null,
            "__typename": "CalendarResultsOptionEvent"
          },
          {
            "gender": "M",
            "id": 10229617,
            "name": "Men's Long Jump",
            "combined": null,
            "__typename": "CalendarResultsOptionEvent"
          },
          {
            "gender": "M",
            "id": 10229618,
            "name": "Men's Triple Jump",
            "combined": null,
            "__typename": "CalendarResultsOptionEvent"
          },
          {
            "gender": "M",
            "id": 10229619,
            "name": "Men's Shot Put",
            "combined": null,
            "__typename": "CalendarResultsOptionEvent"
          },
          {
            "gender": "M",
            "id": 10229620,
            "name": "Men's Discus Throw",
            "combined": null,
            "__typename": "CalendarResultsOptionEvent"
          },
          {
            "gender": "M",
            "id": 10229621,
            "name": "Men's Hammer Throw",
            "combined": null,
            "__typename": "CalendarResultsOptionEvent"
          },
          {
            "gender": "M",
            "id": 10229636,
            "name": "Men's Javelin Throw",
            "combined": null,
            "__typename": "CalendarResultsOptionEvent"
          },
          {
            "gender": "M",
            "id": 10229634,
            "name": "Men's Marathon",
            "combined": null,
            "__typename": "CalendarResultsOptionEvent"
          },
          {
            "gender": "M",
            "id": 10229625,
            "name": "Men's 10 Kilometres Race Walk",
            "combined": null,
            "__typename": "CalendarResultsOptionEvent"
          },
          {
            "gender": "M",
            "id": 10229508,
            "name": "Men's 20 Kilometres Race Walk",
            "combined": null,
            "__typename": "CalendarResultsOptionEvent"
          },
          {
            "gender": "M",
            "id": 10229628,
            "name": "Men's 50 Kilometres Race Walk",
            "combined": null,
            "__typename": "CalendarResultsOptionEvent"
          },
          {
            "gender": "M",
            "id": 10229629,
            "name": "Men's Decathlon",
            "combined": true,
            "__typename": "CalendarResultsOptionEvent"
          },
          {
            "gender": "M",
            "id": 204593,
            "name": "Men's 4x100 Metres Relay",
            "combined": null,
            "__typename": "CalendarResultsOptionEvent"
          },
          {
            "gender": "M",
            "id": 204595,
            "name": "Men's 4x400 Metres Relay",
            "combined": null,
            "__typename": "CalendarResultsOptionEvent"
          }
        ],
        "__typename": "CalendarResultsOptions"
      },
      "parameters": {
        "competitionId": 7093740,
        "day": null,
        "eventId": 10229535,
        "__typename": "CalendarResultsParameters"
      },
      "__typename": "CalendarCompetitionResults"
    }
  }
}