{
  "data": {
    "getCalendarCompetitionResults": {
      "competition": {
        "dateRange": "04\u201313 AUG 2017",
        "endDate": "2017-08-13",
        "name": "IAAF World Championships in Athletics",
        "rankingCategory": "OW",
        "startDate": "2017-08-04",
        "venue": "Olympic Stadium, London (GBR)",
        "__typename": "CalendarResultsCompetition"
      },
      "eventTitles": [
        {
          "rankingCategory": "OW",
          "eventTitle": null,
          "events": [
            {
              "event": "Women's 1500 Metres",
              "eventId": 10229513,
              "gender": "W",
              "isRelay": false,
              "perResultWind": false,
              "withWind": false,
              "summary": null,
              "races": [
                {
                  "date": "2017-08-07",
                  "day": 4,
                  "race": "Final",
                  "raceId": 10,
                  "raceNumber": 0,
                  "results": [
                    {
                      "competitor": {
                        "teamMembers": null,
                        "id": "272f4twjbhgjhgsbfwwb1kg",
                        "name": "Faith KIPYEGON",
                        "iaafId": 254303,
                        "urlSlug": "kenya/faith-kipyegon-14413305",
                        "birthDate": "10 JAN 1994",
                        "hasProfile": true,
                        "__typename": "CalendarResultsCompetitor"
                      },
                      "mark": "4:02.59",
                      "nationality": "KEN",
                      "place": "1.",
                      "points": null,
                      "qualified": null,
                      "records": "",
                      "wind": null,
                      "remark": null,
                      "details": null,
                      "__typename": "CalendarResultsRaceResult"
                    },
                    {
                      "competitor": {
                        "teamMembers": null,
                        "id": "njvo4wg481e2aa4ty31ryg",
                        "name": "Jenny SIMPSON",
                        "iaafId": 200448,
                        "urlSlug": "united-states/jenny-simpson-014305392",
                        "birthDate": "23 AUG 1986",
                        "hasProfile": true,
                        "__typename": "CalendarResultsCompetitor"
                      },
                      "mark": "4:02.76",
                      "nationality": "USA",
                      "place": "2.",
                      "points": null,
                      "qualified": null,
                      "records": "",
                      "wind": null,
                      "remark": null,
                      "details": null,
                      "__typename": "CalendarResultsRaceResult"
                    },
                    {
                      "competitor": {
                        "teamMembers": null,
                        "id": "bwcfavj7unjfpezbh4r056",
                        "name": "Caster SEMENYA",
                        "iaafId": 242560,
                        "urlSlug": "south-africa/caster-semenya-14330057",
                        "birthDate": "07 JAN 1991",
                        "hasProfile": true,
                        "__typename": "CalendarResultsCompetitor"
                      },
                      "mark": "4:02.90",
                      "nationality": "RSA",
                      "place": "3.",
                      "points": null,
                      "qualified": null,
                      "records": "",
                      "wind": null,
                      "remark": null,
                      "details": null,
                      "__typename": "CalendarResultsRaceResult"
                    },
                    {
                      "competitor": {
                        "teamMembers": null,
                        "id": "rw79o2afx5r9xuinvhzjjo",
                        "name": "Laura MUIR",
                        "iaafId": 272459,
                        "urlSlug": "great-britain-ni/laura-muir-14422111",
                        "birthDate": "09 MAY 1993",
                        "hasProfile": true,
                        "__typename": "CalendarResultsCompetitor"
                      },
                      "mark": "4:02.97",
                      "nationality": "GBR",
                      "place": "4.",
                      "points": null,
                      "qualified": null,
                      "records": "",
                      "wind": null,
                      "remark": null,
                      "details": null,
                      "__typename": "CalendarResultsRaceResult"
                    },
                    {
                      "competitor": {
                        "teamMembers": null,
                        "id": "6vtk6ncmj4qbpzd1vy1o87",
                        "name": "Sifan HASSAN",
                        "iaafId": 273291,
                        "urlSlug": "netherlands/sifan-hassan-14489606",
                        "birthDate": "01 JAN 1993",
                        "hasProfile": true,
                        "__typename": "CalendarResultsCompetitor"
                      },
                      "mark": "4:03.34",
                      "nationality": "NED",
                      "place": "5.",
                      "points": null,
                      "qualified": null,
                      "records": "",
                      "wind": null,
                      "remark": null,
                      "details": null,
                      "__typename": "CalendarResultsRaceResult"
                    },
                    {
                      "competitor": {
                        "teamMembers": null,
                        "id": "12c1wvqzo29d0ngjydcdykcc",
                        "name": "Laura WEIGHTMAN",
                        "iaafId": 243255,
                        "urlSlug": "great-britain-ni/laura-weightman-14276688",
                        "birthDate": "01 JUL 1991",
                        "hasProfile": true,
                        "__typename": "CalendarResultsCompetitor"
                      },
                      "mark": "4:04.11",
                      "nationality": "GBR",
                      "place": "6.",
                      "points": null,
                      "qualified": null,
                      "records": "",
                      "wind": null,
                      "remark": null,
                      "details": null,
                      "__typename": "CalendarResultsRaceResult"
                    },
                    {
                      "competitor": {
                        "teamMembers": null,
                        "id": "zvpfx62dndghc5quos2ik4",
                        "name": "Angelika CICHOCKA",
                        "iaafId": 230743,
                        "urlSlug": "poland/angelika-cichocka-014293508",
                        "birthDate": "15 MAR 1988",
                        "hasProfile": true,
                        "__typename": "CalendarResultsCompetitor"
                      },
                      "mark": "4:04.16",
                      "nationality": "POL",
                      "place": "7.",
                      "points": null,
                      "qualified": null,
                      "records": "",
                      "wind": null,
                      "remark": null,
                      "details": null,
                      "__typename": "CalendarResultsRaceResult"
                    },
                    {
                      "competitor": {
                        "teamMembers": null,
                        "id": "1lw1qc1leeujb898btyvzo",
                        "name": "Rababe ARAFI",
                        "iaafId": 225917,
                        "urlSlug": "morocco/rababe-arafi-014290578",
                        "birthDate": "12 JAN 1991",
                        "hasProfile": true,
                        "__typename": "CalendarResultsCompetitor"
                      },
                      "mark": "4:04.35",
                      "nationality": "MAR",
                      "place": "8.",
                      "points": null,
                      "qualified": null,
                      "records": "",
                      "wind": null,
                      "remark": null,
                      "details": null,
                      "__typename": "CalendarResultsRaceResult"
                    },
                    {
                      "competitor": {
                        "teamMembers": null,
                        "id": "juh9zjo3u7lar6xtrqg7p4",
                        "name": "Meraf BAHTA",
                        "iaafId": 205954,
                        "urlSlug": "sweden/meraf-bahta-14262200",
                        "birthDate": "24 JUN 1989",
                        "hasProfile": true,
                        "__typename": "CalendarResultsCompetitor"
                      },
                      "mark": "4:04.76",
                      "nationality": "SWE",
                      "place": "9.",
                      "points": null,
                      "qualified": null,
                      "records": "",
                      "wind": null,
                      "remark": null,
                      "details": null,
                      "__typename": "CalendarResultsRaceResult"
                    },
                    {
                      "competitor": {
                        "teamMembers": null,
                        "id": "vmihf98e9a52ursgp8p3e",
                        "name": "Malika AKKAOUI",
                        "iaafId": 225912,
                        "urlSlug": "morocco/malika-akkaoui-014290566",
                        "birthDate": "25 DEC 1987",
                        "hasProfile": true,
                        "__typename": "CalendarResultsCompetitor"
                      },
                      "mark": "4:05.87",
                      "nationality": "MAR",
                      "place": "10.",
                      "points": null,
                      "qualified": null,
                      "records": "",
                      "wind": null,
                      "remark": null,
                      "details": null,
                      "__typename": "CalendarResultsRaceResult"
                    },
                    {
                      "competitor": {
                        "teamMembers": null,
                        "id": "5cdn6le6mto806s3khu6qa",
                        "name": "Hanna KLEIN",
                        "iaafId": 257677,
                        "urlSlug": "germany/hanna-klein-14360692",
                        "birthDate": "06 APR 1993",
                        "hasProfile": true,
                        "__typename": "CalendarResultsCompetitor"
                      },
                      "mark": "4:06.22",
                      "nationality": "GER",
                      "place": "11.",
                      "points": null,
                      "qualified": null,
                      "records": "",
                      "wind": null,
                      "remark": null,
                      "details": null,
                      "__typename": "CalendarResultsRaceResult"
                    },
                    {
                      "competitor": {
                        "teamMembers": null,
                        "id": "j61o6evty8c9sld497jq",
                        "name": "Genzebe DIBABA",
                        "iaafId": 226511,
                        "urlSlug": "ethiopia/genzebe-dibaba-14259874",
                        "birthDate": "08 FEB 1991",
                        "hasProfile": true,
                        "__typename": "CalendarResultsCompetitor"
                      },
                      "mark": "4:06.72",
                      "nationality": "ETH",
                      "place": "12.",
                      "points": null,
                      "qualified": null,
                      "records": "",
                      "wind": null,
                      "remark": null,
                      "details": null,
                      "__typename": "CalendarResultsRaceResult"
                    }
                  ],
                  "startList": null,
                  "wind": null,
                  "__typename": "CalendarResultsRace"
                },
                {
                  "date": "2017-08-05",
                  "day": 2,
                  "race": "Semifinal - Heat",
                  "raceId": 13,
                  "raceNumber": 1,
                  "results": [
                    {
                      "competitor": {
                        "teamMembers": null,
                        "id": "43cmjdph0rtwhp3pqvirgh",
                        "name": "Faith KIPYEGON",
                        "iaafId": 254303,
                        "urlSlug": "kenya/faith-kipyegon-14413305",
                        "birthDate": "10 JAN 1994",
                        "hasProfile": true,
                        "__typename": "CalendarResultsCompetitor"
                      },
                      "mark": "4:03.54",
                      "nationality": "KEN",
                      "place": "1.",
                      "points": null,
                      "qualified": false,
                      "records": "",
                      "wind": null,
                      "remark": null,
                      "details": null,
                      "__typename": "CalendarResultsRaceResult"
                    },
                    {
                      "competitor": {
                        "teamMembers": null,
                        "id": "tai88gip1h6l6xxj9bbcn",
                        "name": "Laura MUIR",
                        "iaafId": 272459,
                        "urlSlug": "great-britain-ni/laura-muir-14422111",
                        "birthDate": "09 MAY 1993",
                        "hasProfile": true,
                        "__typename": "CalendarResultsCompetitor"
                      },
                      "mark": "4:03.64",
                      "nationality": "GBR",
                      "place": "2.",
                      "points": null,
                      "qualified": false,
                      "records": "",
                      "wind": null,
                      "remark": null,
                      "details": null,
                      "__typename": "CalendarResultsRaceResult"
                    },
                    {
                      "competitor": {
                        "teamMembers": null,
                        "id": "i37v7bclkgjkprmk25il0q",
                        "name": "Caster SEMENYA",
                        "iaafId": 242560,
                        "urlSlug": "south-africa/caster-semenya-14330057",
                        "birthDate": "07 JAN 1991",
                        "hasProfile": true,
                        "__typename": "CalendarResultsCompetitor"
                      },
                      "mark": "4:03.80",
                      "nationality": "RSA",
                      "place": "3.",
                      "points": null,
                      "qualified": false,
                      "records": "",
                      "wind": null,
                      "remark": null,
                      "details": null,
                      "__typename": "CalendarResultsRaceResult"
                    },
                    {
                      "competitor": {
                        "teamMembers": null,
                        "id": "b4stj84m63gih3mo5m1t9c",
                        "name": "Angelika CICHOCKA",
                        "iaafId": 230743,
                        "urlSlug": "poland/angelika-cichocka-014293508",
                        "birthDate": "15 MAR 1988",
                        "hasProfile": true,
                        "__typename": "CalendarResultsCompetitor"
                      },
                      "mark": "4:03.96",
                      "nationality": "POL",
                      "place": "4.",
                      "points": null,
                      "qualified": false,
                      "records": "",
                      "wind": null,
                      "remark": null,
                      "details": null,
                      "__typename": "CalendarResultsRaceResult"
                    },
                    {
                      "competitor": {
                        "teamMembers": null,
                        "id": "9rzcly4xgh96c96txo8vk9",
                        "name": "Hanna KLEIN",
                        "iaafId": 257677,
                        "urlSlug": "germany/hanna-klein-14360692",
                        "birthDate": "06 APR 1993",
                        "hasProfile": true,
                        "__typename": "CalendarResultsCompetitor"
                      },
                      "mark": "4:04.45",
                      "nationality": "GER",
                      "place": "5.",
                      "points": null,
                      "qualified": false,
                      "records": "",
                      "wind": null,
                      "remark": null,
                      "details": null,
                      "__typename": "CalendarResultsRaceResult"
                    },
                    {
                      "competitor": {
                        "teamMembers": null,
                        "id": "zxqi0bi67vsdwl2uvxd3jg",
                        "name": "Genzebe DIBABA",
                        "iaafId": 226511,
                        "urlSlug": "ethiopia/genzebe-dibaba-14259874",
                        "birthDate": "08 FEB 1991",
                        "hasProfile": true,
                        "__typename": "CalendarResultsCompetitor"
                      },
                      "mark": "4:05.33",
                      "nationality": "ETH",
                      "place": "6.",
                      "points": null,
                      "qualified": false,
                      "records": "",
                      "wind": null,
                      "remark": null,
                      "details": null,
                      "__typename": "CalendarResultsRaceResult"
                    },
                    {
                      "competitor": {
                        "teamMembers": null,
                        "id": "ovozwb2ub1dwfzmq3kys4",
                        "name": "Rababe ARAFI",
                        "iaafId": 225917,
                        "urlSlug": "morocco/rababe-arafi-014290578",
                        "birthDate": "12 JAN 1991",
                        "hasProfile": true,
                        "__typename": "CalendarResultsCompetitor"
                      },
                      "mark": "4:05.75",
                      "nationality": "MAR",
                      "place": "7.",
                      "points": null,
                      "qualified": false,
                      "records": "",
                      "wind": null,
                      "remark": null,
                      "details": null,
                      "__typename": "CalendarResultsRaceResult"
                    },
                    {
                      "competitor": {
                        "teamMembers": null,
                        "id": "r6ik8pr18yly7xnbiqgv3a",
                        "name": "Zoe BUCKMAN",
                        "iaafId": 201944,
                        "urlSlug": "australia/zoe-buckman-014272380",
                        "birthDate": "21 DEC 1988",
                        "hasProfile": true,
                        "__typename": "CalendarResultsCompetitor"
                      },
                      "mark": "4:05.93",
                      "nationality": "AUS",
                      "place": "8.",
                      "points": null,
                      "qualified": null,
                      "records": "",
                      "wind": null,
                      "remark": null,
                      "details": null,
                      "__typename": "CalendarResultsRaceResult"
                    },
                    {
                      "competitor": {
                        "teamMembers": null,
                        "id": "ia2mnxcgygn6k70xava99l",
                        "name": "Nicole SIFUENTES",
                        "iaafId": 196472,
                        "urlSlug": "canada/nicole-sifuentes-014268054",
                        "birthDate": "30 JUN 1986",
                        "hasProfile": true,
                        "__typename": "CalendarResultsCompetitor"
                      },
                      "mark": "4:07.92",
                      "nationality": "CAN",
                      "place": "9.",
                      "points": null,
                      "qualified": null,
                      "records": "",
                      "wind": null,
                      "remark": null,
                      "details": null,
                      "__typename": "CalendarResultsRaceResult"
                    },
                    {
                      "competitor": {
                        "teamMembers": null,
                        "id": "2ag3v52kbe6ugyffk1hqxr",
                        "name": "Jess JUDD",
                        "iaafId": 248565,
                        "urlSlug": "great-britain-ni/jessica-warner-judd-14336301",
                        "birthDate": "07 JAN 1995",
                        "hasProfile": true,
                        "__typename": "CalendarResultsCompetitor"
                      },
                      "mark": "4:10.14",
                      "nationality": "GBR",
                      "place": "10.",
                      "points": null,
                      "qualified": null,
                      "records": "",
                      "wind": null,
                      "remark": null,
                      "details": null,
                      "__typename": "CalendarResultsRaceResult"
                    },
                    {
                      "competitor": {
                        "teamMembers": null,
                        "id": "3f8xpv82qe1pdfg2qvy39",
                        "name": "Kate GRACE",
                        "iaafId": 246125,
                        "urlSlug": "united-states/kate-grace-14327446",
                        "birthDate": "24 OCT 1988",
                        "hasProfile": true,
                        "__typename": "CalendarResultsCompetitor"
                      },
                      "mark": "4:16.70",
                      "nationality": "USA",
                      "place": "11.",
                      "points": null,
                      "qualified": null,
                      "records": "",
                      "wind": null,
                      "remark": null,
                      "details": null,
                      "__typename": "CalendarResultsRaceResult"
                    },
                    {
                      "competitor": {
                        "teamMembers": null,
                        "id": "04mhp0zmuxgmlq00b41cggh",
                        "name": "Gudaf TSEGAY",
                        "iaafId": 284003,
                        "urlSlug": "ethiopia/gudaf-tsegay-14595214",
                        "birthDate": "23 JAN 1997",
                        "hasProfile": true,
                        "__typename": "CalendarResultsCompetitor"
                      },
                      "mark": "4:22.01",
                      "nationality": "ETH",
                      "place": "12.",
                      "points": null,
                      "qualified": null,
                      "records": "",
                      "wind": null,
                      "remark": null,
                      "details": null,
                      "__typename": "CalendarResultsRaceResult"
                    }
                  ],
                  "startList": null,
                  "wind": null,
                  "__typename": "CalendarResultsRace"
                },
                {
                  "date": "2017-08-05",
                  "day": 2,
                  "race": "Semifinal - Heat",
                  "raceId": 13,
                  "raceNumber": 2,
                  "results": [
                    {
                      "competitor": {
                        "teamMembers": null,
                        "id": "xgc0pa8sks9nz8nzv43xv9",
                        "name": "Sifan HASSAN",
                        "iaafId": 273291,
                        "urlSlug": "netherlands/sifan-hassan-14489606",
                        "birthDate": "01 JAN 1993",
                        "hasProfile": true,
                        "__typename": "CalendarResultsCompetitor"
                      },
                      "mark": "4:03.77",
                      "nationality": "NED",
                      "place": "1.",
                      "points": null,
                      "qualified": false,
                      "records": "",
                      "wind": null,
                      "remark": null,
                      "details": null,
                      "__typename": "CalendarResultsRaceResult"
                    },
                    {
                      "competitor": {
                        "teamMembers": null,
                        "id": "innhxd5v3qchit8c960nh",
                        "name": "Meraf BAHTA",
                        "iaafId": 205954,
                        "urlSlug": "sweden/meraf-bahta-14262200",
                        "birthDate": "24 JUN 1989",
                        "hasProfile": true,
                        "__typename": "CalendarResultsCompetitor"
                      },
                      "mark": "4:04.04",
                      "nationality": "SWE",
                      "place": "2.",
                      "points": null,
                      "qualified": false,
                      "records": "",
                      "wind": null,
                      "remark": null,
                      "details": null,
                      "__typename": "CalendarResultsRaceResult"
                    },
                    {
                      "competitor": {
                        "teamMembers": null,
                        "id": "n20xcdn7lrp6itd0wcdyg4",
                        "name": "Jenny SIMPSON",
                        "iaafId": 200448,
                        "urlSlug": "united-states/jenny-simpson-014305392",
                        "birthDate": "23 AUG 1986",
                        "hasProfile": true,
                        "__typename": "CalendarResultsCompetitor"
                      },
                      "mark": "4:05.40",
                      "nationality": "USA",
                      "place": "3.",
                      "points": null,
                      "qualified": false,
                      "records": "",
                      "wind": null,
                      "remark": null,
                      "details": null,
                      "__typename": "CalendarResultsRaceResult"
                    },
                    {
                      "competitor": {
                        "teamMembers": null,
                        "id": "1gk4j74vde563gbskc9f1d",
                        "name": "Laura WEIGHTMAN",
                        "iaafId": 243255,
                        "urlSlug": "great-britain-ni/laura-weightman-14276688",
                        "birthDate": "01 JUL 1991",
                        "hasProfile": true,
                        "__typename": "CalendarResultsCompetitor"
                      },
                      "mark": "4:05.63",
                      "nationality": "GBR",
                      "place": "4.",
                      "points": null,
                      "qualified": false,
                      "records": "",
                      "wind": null,
                      "remark": null,
                      "details": null,
                      "__typename": "CalendarResultsRaceResult"
                    },
                    {
                      "competitor": {
                        "teamMembers": null,
                        "id": "t3unv13tegrrd7ffbtiaq",
                        "name": "Malika AKKAOUI",
                        "iaafId": 225912,
                        "urlSlug": "morocco/malika-akkaoui-014290566",
                        "birthDate": "25 DEC 1987",
                        "hasProfile": true,
                        "__typename": "CalendarResultsCompetitor"
                      },
                      "mark": "4:05.73",
                      "nationality": "MAR",
                      "place": "5.",
                      "points": null,
                      "qualified": false,
                      "records": "",
                      "wind": null,
                      "remark": null,
                      "details": null,
                      "__typename": "CalendarResultsRaceResult"
                    },
                    {
                      "competitor": {
                        "teamMembers": null,
                        "id": "o8yudfkpn8qi8z3eeuzqx",
                        "name": "Sofia ENNAOUI",
                        "iaafId": 265968,
                        "urlSlug": "poland/sofia-ennaoui-14436869",
                        "birthDate": "30 AUG 1995",
                        "hasProfile": true,
                        "__typename": "CalendarResultsCompetitor"
                      },
                      "mark": "4:05.80",
                      "nationality": "POL",
                      "place": "6.",
                      "points": null,
                      "qualified": null,
                      "records": "",
                      "wind": null,
                      "remark": null,
                      "details": null,
                      "__typename": "CalendarResultsRaceResult"
                    },
                    {
                      "competitor": {
                        "teamMembers": null,
                        "id": "5p3ckzokpugaqbbgri5kxh",
                        "name": "Winny CHEBET",
                        "iaafId": 208361,
                        "urlSlug": "kenya/winny-chebet-14288808",
                        "birthDate": "20 DEC 1990",
                        "hasProfile": true,
                        "__typename": "CalendarResultsCompetitor"
                      },
                      "mark": "4:06.29",
                      "nationality": "KEN",
                      "place": "7.",
                      "points": null,
                      "qualified": null,
                      "records": "",
                      "wind": null,
                      "remark": null,
                      "details": null,
                      "__typename": "CalendarResultsRaceResult"
                    },
                    {
                      "competitor": {
                        "teamMembers": null,
                        "id": "433nimq41awxk6pzo0wro",
                        "name": "Konstanze KLOSTERHALFEN",
                        "iaafId": 282210,
                        "urlSlug": "germany/konstanze-klosterhalfen-14496249",
                        "birthDate": "18 FEB 1997",
                        "hasProfile": true,
                        "__typename": "CalendarResultsCompetitor"
                      },
                      "mark": "4:06.58",
                      "nationality": "GER",
                      "place": "8.",
                      "points": null,
                      "qualified": null,
                      "records": "",
                      "wind": null,
                      "remark": null,
                      "details": null,
                      "__typename": "CalendarResultsRaceResult"
                    },
                    {
                      "competitor": {
                        "teamMembers": null,
                        "id": "xv88dtk82ej8raxxbqsjk",
                        "name": "Sarah MCDONALD",
                        "iaafId": 288877,
                        "urlSlug": "great-britain-ni/sarah-mcdonald-14472518",
                        "birthDate": "02 AUG 1993",
                        "hasProfile": true,
                        "__typename": "CalendarResultsCompetitor"
                      },
                      "mark": "4:06.73",
                      "nationality": "GBR",
                      "place": "9.",
                      "points": null,
                      "qualified": null,
                      "records": "",
                      "wind": null,
                      "remark": null,
                      "details": null,
                      "__typename": "CalendarResultsRaceResult"
                    },
                    {
                      "competitor": {
                        "teamMembers": null,
                        "id": "288iz7obmj6ps2ltsimo2",
                        "name": "Sara VAUGHN",
                        "iaafId": 245729,
                        "urlSlug": "united-states/sara-vaughn-014325833",
                        "birthDate": "16 MAY 1986",
                        "hasProfile": true,
                        "__typename": "CalendarResultsCompetitor"
                      },
                      "mark": "4:06.83",
                      "nationality": "USA",
                      "place": "10.",
                      "points": null,
                      "qualified": null,
                      "records": "",
                      "wind": null,
                      "remark": null,
                      "details": null,
                      "__typename": "CalendarResultsRaceResult"
                    },
                    {
                      "competitor": {
                        "teamMembers": null,
                        "id": "24ko2o00tvkamhzi1ibd3s",
                        "name": "Besu SADO",
                        "iaafId": 293330,
                        "urlSlug": "ethiopia/besu-sado-14654401",
                        "birthDate": "12 JAN 1996",
                        "hasProfile": true,
                        "__typename": "CalendarResultsCompetitor"
                      },
                      "mark": "4:07.65",
                      "nationality": "ETH",
                      "place": "11.",
                      "points": null,
                      "qualified": null,
                      "records": "",
                      "wind": null,
                      "remark": null,
                      "details": null,
                      "__typename": "CalendarResultsRaceResult"
                    },
                    {
                      "competitor": {
                        "teamMembers": null,
                        "id": "3r0mtyz0abzspc2lgpdk",
                        "name": "Gabriela STAFFORD",
                        "iaafId": 279988,
                        "urlSlug": "canada/gabriela-debues-stafford-14501531",
                        "birthDate": "13 SEP 1995",
                        "hasProfile": true,
                        "__typename": "CalendarResultsCompetitor"
                      },
                      "mark": "4:08.51",
                      "nationality": "CAN",
                      "place": "12.",
                      "points": null,
                      "qualified": null,
                      "records": "",
                      "wind": null,
                      "remark": null,
                      "details": null,
                      "__typename": "CalendarResultsRaceResult"
                    }
                  ],
                  "startList": null,
                  "wind": null,
                  "__typename": "CalendarResultsRace"
                },
                {
                  "date": "2017-08-04",
                  "day": 1,
                  "race": "Round 1 - Heat",
                  "raceId": 11,
                  "raceNumber": 1,
                  "results": [
                    {
                      "competitor": {
                        "teamMembers": null,
                        "id": "36a18fddf7xlpqxzrd0nz",
                        "name": "Genzebe DIBABA",
                        "iaafId": 226511,
                        "urlSlug": "ethiopia/genzebe-dibaba-14259874",
                        "birthDate": "08 FEB 1991",
                        "hasProfile": true,
                        "__typename": "CalendarResultsCompetitor"
                      },
                      "mark": "4:02.67",
                      "nationality": "ETH",
                      "place": "1.",
                      "points": null,
                      "qualified": false,
                      "records": "",
                      "wind": null,
                      "remark": null,
                      "details": null,
                      "__typename": "CalendarResultsRaceResult"
                    },
                    {
                      "competitor": {
                        "teamMembers": null,
                        "id": "f7t049trujoeslmp666bd",
                        "name": "Caster SEMENYA",
                        "iaafId": 242560,
                        "urlSlug": "south-africa/caster-semenya-14330057",
                        "birthDate": "07 JAN 1991",
                        "hasProfile": true,
                        "__typename": "CalendarResultsCompetitor"
                      },
                      "mark": "4:02.84",
                      "nationality": "RSA",
                      "place": "2.",
                      "points": null,
                      "qualified": false,
                      "records": "",
                      "wind": null,
                      "remark": null,
                      "details": null,
                      "__typename": "CalendarResultsRaceResult"
                    },
                    {
                      "competitor": {
                        "teamMembers": null,
                        "id": "51apdu6h2o41qwo1zpdzcr",
                        "name": "Winny CHEBET",
                        "iaafId": 208361,
                        "urlSlug": "kenya/winny-chebet-14288808",
                        "birthDate": "20 DEC 1990",
                        "hasProfile": true,
                        "__typename": "CalendarResultsCompetitor"
                      },
                      "mark": "4:03.19",
                      "nationality": "KEN",
                      "place": "3.",
                      "points": null,
                      "qualified": false,
                      "records": "",
                      "wind": null,
                      "remark": null,
                      "details": null,
                      "__typename": "CalendarResultsRaceResult"
                    },
                    {
                      "competitor": {
                        "teamMembers": null,
                        "id": "w0yanvelu1ccv0p5e2lg4k",
                        "name": "Angelika CICHOCKA",
                        "iaafId": 230743,
                        "urlSlug": "poland/angelika-cichocka-014293508",
                        "birthDate": "15 MAR 1988",
                        "hasProfile": true,
                        "__typename": "CalendarResultsCompetitor"
                      },
                      "mark": "4:03.27",
                      "nationality": "POL",
                      "place": "4.",
                      "points": null,
                      "qualified": false,
                      "records": "",
                      "wind": null,
                      "remark": null,
                      "details": null,
                      "__typename": "CalendarResultsRaceResult"
                    },
                    {
                      "competitor": {
                        "teamMembers": null,
                        "id": "b9uofe5u5rq76au7k8ptjf",
                        "name": "Rababe ARAFI",
                        "iaafId": 225917,
                        "urlSlug": "morocco/rababe-arafi-014290578",
                        "birthDate": "12 JAN 1991",
                        "hasProfile": true,
                        "__typename": "CalendarResultsCompetitor"
                      },
                      "mark": "4:03.67",
                      "nationality": "MAR",
                      "place": "5.",
                      "points": null,
                      "qualified": false,
                      "records": "",
                      "wind": null,
                      "remark": null,
                      "details": null,
                      "__typename": "CalendarResultsRaceResult"
                    },
                    {
                      "competitor": {
                        "teamMembers": null,
                        "id": "u5lv7diklrenr4vu4f1pf",
                        "name": "Jess JUDD",
                        "iaafId": 248565,
                        "urlSlug": "great-britain-ni/jessica-warner-judd-14336301",
                        "birthDate": "07 JAN 1995",
                        "hasProfile": true,
                        "__typename": "CalendarResultsCompetitor"
                      },
                      "mark": "4:03.73",
                      "nationality": "GBR",
                      "place": "6.",
                      "points": null,
                      "qualified": false,
                      "records": "",
                      "wind": null,
                      "remark": null,
                      "details": null,
                      "__typename": "CalendarResultsRaceResult"
                    },
                    {
                      "competitor": {
                        "teamMembers": null,
                        "id": "fmah4p0xhmgch0bsa00c",
                        "name": "Kate GRACE",
                        "iaafId": 246125,
                        "urlSlug": "united-states/kate-grace-14327446",
                        "birthDate": "24 OCT 1988",
                        "hasProfile": true,
                        "__typename": "CalendarResultsCompetitor"
                      },
                      "mark": "4:04.76",
                      "nationality": "USA",
                      "place": "7.",
                      "points": null,
                      "qualified": false,
                      "records": "",
                      "wind": null,
                      "remark": null,
                      "details": null,
                      "__typename": "CalendarResultsRaceResult"
                    },
                    {
                      "competitor": {
                        "teamMembers": null,
                        "id": "v733lokmgn92rimfkjuh9",
                        "name": "Nicole SIFUENTES",
                        "iaafId": 196472,
                        "urlSlug": "canada/nicole-sifuentes-014268054",
                        "birthDate": "30 JUN 1986",
                        "hasProfile": true,
                        "__typename": "CalendarResultsCompetitor"
                      },
                      "mark": "4:05.24",
                      "nationality": "CAN",
                      "place": "8.",
                      "points": null,
                      "qualified": false,
                      "records": "",
                      "wind": null,
                      "remark": null,
                      "details": null,
                      "__typename": "CalendarResultsRaceResult"
                    },
                    {
                      "competitor": {
                        "teamMembers": null,
                        "id": "ytwmyczmndbvd60tf7r4ml",
                        "name": "Zoe BUCKMAN",
                        "iaafId": 201944,
                        "urlSlug": "australia/zoe-buckman-014272380",
                        "birthDate": "21 DEC 1988",
                        "hasProfile": true,
                        "__typename": "CalendarResultsCompetitor"
                      },
                      "mark": "4:05.44",
                      "nationality": "AUS",
                      "place": "9.",
                      "points": null,
                      "qualified": false,
                      "records": "",
                      "wind": null,
                      "remark": null,
                      "details": null,
                      "__typename": "CalendarResultsRaceResult"
                    },
                    {
                      "competitor": {
                        "teamMembers": null,
                        "id": "tm1ro40epgmcyat2g1lt2j",
                        "name": "Fantu WORKU",
                        "iaafId": 312713,
                        "urlSlug": "ethiopia/fantu-worku-014751322",
                        "birthDate": "29 MAR 1999",
                        "hasProfile": true,
                        "__typename": "CalendarResultsCompetitor"
                      },
                      "mark": "4:05.81",
                      "nationality": "ETH",
                      "place": "10.",
                      "points": null,
                      "qualified": null,
                      "records": "",
                      "wind": null,
                      "remark": null,
                      "details": null,
                      "__typename": "CalendarResultsRaceResult"
                    },
                    {
                      "competitor": {
                        "teamMembers": null,
                        "id": "cnvhj438bkihbxhppycgzj",
                        "name": "Marta P\u00c9REZ",
                        "iaafId": 274039,
                        "urlSlug": "spain/marta-perez-14452646",
                        "birthDate": "19 APR 1993",
                        "hasProfile": true,
                        "__typename": "CalendarResultsCompetitor"
                      },
                      "mark": "4:05.82",
                      "nationality": "ESP",
                      "place": "11.",
                      "points": null,
                      "qualified": null,
                      "records": "",
                      "wind": null,
                      "remark": null,
                      "details": null,
                      "__typename": "CalendarResultsRaceResult"
                    },
                    {
                      "competitor": {
                        "teamMembers": null,
                        "id": "g6gvh4108s74lh4bui3a3",
                        "name": "Amela TERZI\u0106",
                        "iaafId": 247795,
                        "urlSlug": "serbia/amela-terzic-014333695",
                        "birthDate": "02 JAN 1993",
                        "hasProfile": true,
                        "__typename": "CalendarResultsCompetitor"
                      },
                      "mark": "4:08.55",
                      "nationality": "SRB",
                      "place": "12.",
                      "points": null,
                      "qualified": null,
                      "records": "",
                      "wind": null,
                      "remark": null,
                      "details": null,
                      "__typename": "CalendarResultsRaceResult"
                    },
                    {
                      "competitor": {
                        "teamMembers": null,
                        "id": "jkl8h6jctebi1vcdnyy2nf",
                        "name": "Ciara MAGEEAN",
                        "iaafId": 239436,
                        "urlSlug": "ireland/ciara-mageean-14275665",
                        "birthDate": "12 MAR 1992",
                        "hasProfile": true,
                        "__typename": "CalendarResultsCompetitor"
                      },
                      "mark": "4:10.60",
                      "nationality": "IRL",
                      "place": "13.",
                      "points": null,
                      "qualified": null,
                      "records": "",
                      "wind": null,
                      "remark": null,
                      "details": null,
                      "__typename": "CalendarResultsRaceResult"
                    },
                    {
                      "competitor": {
                        "teamMembers": null,
                        "id": "4ww704z4jqhj59ijtdt5e",
                        "name": "Simona VRZALOV\u00c1",
                        "iaafId": 201493,
                        "urlSlug": "czech-republic/simona-vrzalova-014262590",
                        "birthDate": "07 APR 1988",
                        "hasProfile": true,
                        "__typename": "CalendarResultsCompetitor"
                      },
                      "mark": "DNF",
                      "nationality": "CZE",
                      "place": "",
                      "points": null,
                      "qualified": null,
                      "records": "",
                      "wind": null,
                      "remark": null,
                      "details": null,
                      "__typename": "CalendarResultsRaceResult"
                    }
                  ],
                  "startList": null,
                  "wind": null,
                  "__typename": "CalendarResultsRace"
                },
                {
                  "date": "2017-08-04",
                  "day": 1,
                  "race": "Round 1 - Heat",
                  "raceId": 11,
                  "raceNumber": 2,
                  "results": [
                    {
                      "competitor": {
                        "teamMembers": null,
                        "id": "2ykpqfign2f8gy19u4fwqi",
                        "name": "Sifan HASSAN",
                        "iaafId": 273291,
                        "urlSlug": "netherlands/sifan-hassan-14489606",
                        "birthDate": "01 JAN 1993",
                        "hasProfile": true,
                        "__typename": "CalendarResultsCompetitor"
                      },
                      "mark": "4:08.89",
                      "nationality": "NED",
                      "place": "1.",
                      "points": null,
                      "qualified": false,
                      "records": "",
                      "wind": null,
                      "remark": null,
                      "details": null,
                      "__typename": "CalendarResultsRaceResult"
                    },
                    {
                      "competitor": {
                        "teamMembers": null,
                        "id": "f84igq7b1xww61mw0baugf",
                        "name": "Jenny SIMPSON",
                        "iaafId": 200448,
                        "urlSlug": "united-states/jenny-simpson-014305392",
                        "birthDate": "23 AUG 1986",
                        "hasProfile": true,
                        "__typename": "CalendarResultsCompetitor"
                      },
                      "mark": "4:08.92",
                      "nationality": "USA",
                      "place": "2.",
                      "points": null,
                      "qualified": false,
                      "records": "",
                      "wind": null,
                      "remark": null,
                      "details": null,
                      "__typename": "CalendarResultsRaceResult"
                    },
                    {
                      "competitor": {
                        "teamMembers": null,
                        "id": "7kqu87107uv6yk3f8dpvxx",
                        "name": "Gudaf TSEGAY",
                        "iaafId": 284003,
                        "urlSlug": "ethiopia/gudaf-tsegay-14595214",
                        "birthDate": "23 JAN 1997",
                        "hasProfile": true,
                        "__typename": "CalendarResultsCompetitor"
                      },
                      "mark": "4:08.96",
                      "nationality": "ETH",
                      "place": "3.",
                      "points": null,
                      "qualified": false,
                      "records": "",
                      "wind": null,
                      "remark": null,
                      "details": null,
                      "__typename": "CalendarResultsRaceResult"
                    },
                    {
                      "competitor": {
                        "teamMembers": null,
                        "id": "potidhbgppldtej8y2zd9i",
                        "name": "Laura MUIR",
                        "iaafId": 272459,
                        "urlSlug": "great-britain-ni/laura-muir-14422111",
                        "birthDate": "09 MAY 1993",
                        "hasProfile": true,
                        "__typename": "CalendarResultsCompetitor"
                      },
                      "mark": "4:08.97",
                      "nationality": "GBR",
                      "place": "4.",
                      "points": null,
                      "qualified": false,
                      "records": "",
                      "wind": null,
                      "remark": null,
                      "details": null,
                      "__typename": "CalendarResultsRaceResult"
                    },
                    {
                      "competitor": {
                        "teamMembers": null,
                        "id": "nh9efj0sov8slc480xjd7i",
                        "name": "Malika AKKAOUI",
                        "iaafId": 225912,
                        "urlSlug": "morocco/malika-akkaoui-014290566",
                        "birthDate": "25 DEC 1987",
                        "hasProfile": true,
                        "__typename": "CalendarResultsCompetitor"
                      },
                      "mark": "4:09.05",
                      "nationality": "MAR",
                      "place": "5.",
                      "points": null,
                      "qualified": false,
                      "records": "",
                      "wind": null,
                      "remark": null,
                      "details": null,
                      "__typename": "CalendarResultsRaceResult"
                    },
                    {
                      "competitor": {
                        "teamMembers": null,
                        "id": "y8m3gy0ojxtyxq3iux04f",
                        "name": "Hanna KLEIN",
                        "iaafId": 257677,
                        "urlSlug": "germany/hanna-klein-14360692",
                        "birthDate": "06 APR 1993",
                        "hasProfile": true,
                        "__typename": "CalendarResultsCompetitor"
                      },
                      "mark": "4:09.32",
                      "nationality": "GER",
                      "place": "6.",
                      "points": null,
                      "qualified": false,
                      "records": "",
                      "wind": null,
                      "remark": null,
                      "details": null,
                      "__typename": "CalendarResultsRaceResult"
                    },
                    {
                      "competitor": {
                        "teamMembers": null,
                        "id": "6y1oinr5op9c7e5ta4qvy8",
                        "name": "Karoline Bjerkeli GR\u00d8VDAL",
                        "iaafId": 226150,
                        "urlSlug": "norway/karoline-bjerkeli-grovdal-14292573",
                        "birthDate": "14 JUN 1990",
                        "hasProfile": true,
                        "__typename": "CalendarResultsCompetitor"
                      },
                      "mark": "4:09.56",
                      "nationality": "NOR",
                      "place": "7.",
                      "points": null,
                      "qualified": null,
                      "records": "",
                      "wind": null,
                      "remark": null,
                      "details": null,
                      "__typename": "CalendarResultsRaceResult"
                    },
                    {
                      "competitor": {
                        "teamMembers": null,
                        "id": "jvc7exq4i6j76gdq4blee",
                        "name": "Marta PEN FREITAS",
                        "iaafId": 274545,
                        "urlSlug": "portugal/marta-pen-freitas-14364494",
                        "birthDate": "31 JUL 1993",
                        "hasProfile": true,
                        "__typename": "CalendarResultsCompetitor"
                      },
                      "mark": "4:10.22",
                      "nationality": "POR",
                      "place": "8.",
                      "points": null,
                      "qualified": null,
                      "records": "",
                      "wind": null,
                      "remark": null,
                      "details": null,
                      "__typename": "CalendarResultsRaceResult"
                    },
                    {
                      "competitor": {
                        "teamMembers": null,
                        "id": "ui47pz9zt0k2utor6eu5ov",
                        "name": "Linden HALL",
                        "iaafId": 238658,
                        "urlSlug": "australia/linden-hall-14272002",
                        "birthDate": "20 JUN 1991",
                        "hasProfile": true,
                        "__typename": "CalendarResultsCompetitor"
                      },
                      "mark": "4:10.51",
                      "nationality": "AUS",
                      "place": "9.",
                      "points": null,
                      "qualified": null,
                      "records": "",
                      "wind": null,
                      "remark": null,
                      "details": null,
                      "__typename": "CalendarResultsRaceResult"
                    },
                    {
                      "competitor": {
                        "teamMembers": null,
                        "id": "75z1a9yn8mkk6whgrxwpa8",
                        "name": "Claudia Mihaela BOBOCEA",
                        "iaafId": 265257,
                        "urlSlug": "romania/claudia-mihaela-bobocea-14377909",
                        "birthDate": "11 JUN 1992",
                        "hasProfile": true,
                        "__typename": "CalendarResultsCompetitor"
                      },
                      "mark": "4:11.20",
                      "nationality": "ROU",
                      "place": "10.",
                      "points": null,
                      "qualified": null,
                      "records": "",
                      "wind": null,
                      "remark": null,
                      "details": null,
                      "__typename": "CalendarResultsRaceResult"
                    },
                    {
                      "competitor": {
                        "teamMembers": null,
                        "id": "61wlu44pb2sh9enauvnpbo",
                        "name": "Meryem AKDA\u011e",
                        "iaafId": 304727,
                        "urlSlug": "turkey/meryem-akdag-14520745",
                        "birthDate": "05 AUG 1992",
                        "hasProfile": true,
                        "__typename": "CalendarResultsCompetitor"
                      },
                      "mark": "4:12.51",
                      "nationality": "TUR",
                      "place": "11.",
                      "points": null,
                      "qualified": null,
                      "records": "",
                      "wind": null,
                      "remark": null,
                      "details": null,
                      "__typename": "CalendarResultsRaceResult"
                    },
                    {
                      "competitor": {
                        "teamMembers": null,
                        "id": "ffi68sc2d3npkz6jlvr7f",
                        "name": "Sheila REID",
                        "iaafId": 223773,
                        "urlSlug": "canada/sheila-reid-014267319",
                        "birthDate": "02 AUG 1989",
                        "hasProfile": true,
                        "__typename": "CalendarResultsCompetitor"
                      },
                      "mark": "4:13.12",
                      "nationality": "CAN",
                      "place": "12.",
                      "points": null,
                      "qualified": null,
                      "records": "",
                      "wind": null,
                      "remark": null,
                      "details": null,
                      "__typename": "CalendarResultsRaceResult"
                    },
                    {
                      "competitor": {
                        "teamMembers": null,
                        "id": "l5wrncgjp6ghw1raoek77k",
                        "name": "Judith KIYENG",
                        "iaafId": 302567,
                        "urlSlug": "kenya/judith-kiyeng-14593551",
                        "birthDate": "10 DEC 1993",
                        "hasProfile": true,
                        "__typename": "CalendarResultsCompetitor"
                      },
                      "mark": "4:13.65",
                      "nationality": "KEN",
                      "place": "13.",
                      "points": null,
                      "qualified": null,
                      "records": "",
                      "wind": null,
                      "remark": null,
                      "details": null,
                      "__typename": "CalendarResultsRaceResult"
                    },
                    {
                      "competitor": {
                        "teamMembers": null,
                        "id": "cvtbicug35uixqpnc559q",
                        "name": "Esther CHEBET",
                        "iaafId": 300245,
                        "urlSlug": "uganda/esther-chebet-14677914",
                        "birthDate": "09 OCT 1997",
                        "hasProfile": true,
                        "__typename": "CalendarResultsCompetitor"
                      },
                      "mark": "4:14.12",
                      "nationality": "UGA",
                      "place": "14.",
                      "points": null,
                      "qualified": null,
                      "records": "",
                      "wind": null,
                      "remark": null,
                      "details": null,
                      "__typename": "CalendarResultsRaceResult"
                    },
                    {
                      "competitor": {
                        "teamMembers": null,
                        "id": "k858m60pmsor6obbaygmpl",
                        "name": "Eliane SAHOLINIRINA",
                        "iaafId": 250105,
                        "urlSlug": "madagascar/eliane-saholinirina-014290554",
                        "birthDate": "20 MAR 1982",
                        "hasProfile": true,
                        "__typename": "CalendarResultsCompetitor"
                      },
                      "mark": "4:23.56",
                      "nationality": "MAD",
                      "place": "15.",
                      "points": null,
                      "qualified": null,
                      "records": "",
                      "wind": null,
                      "remark": null,
                      "details": null,
                      "__typename": "CalendarResultsRaceResult"
                    }
                  ],
                  "startList": null,
                  "wind": null,
                  "__typename": "CalendarResultsRace"
                },
                {
                  "date": "2017-08-04",
                  "day": 1,
                  "race": "Round 1 - Heat",
                  "raceId": 11,
                  "raceNumber": 3,
                  "results": [
                    {
                      "competitor": {
                        "teamMembers": null,
                        "id": "2nljt7l1b2nkqhof1gjjsj",
                        "name": "Faith KIPYEGON",
                        "iaafId": 254303,
                        "urlSlug": "kenya/faith-kipyegon-14413305",
                        "birthDate": "10 JAN 1994",
                        "hasProfile": true,
                        "__typename": "CalendarResultsCompetitor"
                      },
                      "mark": "4:03.09",
                      "nationality": "KEN",
                      "place": "1.",
                      "points": null,
                      "qualified": false,
                      "records": "",
                      "wind": null,
                      "remark": null,
                      "details": null,
                      "__typename": "CalendarResultsRaceResult"
                    },
                    {
                      "competitor": {
                        "teamMembers": null,
                        "id": "pfz5y8m8mkvb167k8bc1s",
                        "name": "Meraf BAHTA",
                        "iaafId": 205954,
                        "urlSlug": "sweden/meraf-bahta-14262200",
                        "birthDate": "24 JUN 1989",
                        "hasProfile": true,
                        "__typename": "CalendarResultsCompetitor"
                      },
                      "mark": "4:03.23",
                      "nationality": "SWE",
                      "place": "2.",
                      "points": null,
                      "qualified": false,
                      "records": "",
                      "wind": null,
                      "remark": null,
                      "details": null,
                      "__typename": "CalendarResultsRaceResult"
                    },
                    {
                      "competitor": {
                        "teamMembers": null,
                        "id": "d8c94d21vbht8ac0ppk4os",
                        "name": "Sofia ENNAOUI",
                        "iaafId": 265968,
                        "urlSlug": "poland/sofia-ennaoui-14436869",
                        "birthDate": "30 AUG 1995",
                        "hasProfile": true,
                        "__typename": "CalendarResultsCompetitor"
                      },
                      "mark": "4:03.35",
                      "nationality": "POL",
                      "place": "3.",
                      "points": null,
                      "qualified": false,
                      "records": "",
                      "wind": null,
                      "remark": null,
                      "details": null,
                      "__typename": "CalendarResultsRaceResult"
                    },
                    {
                      "competitor": {
                        "teamMembers": null,
                        "id": "1v11p8ex8g28gjsyvcvos4",
                        "name": "Laura WEIGHTMAN",
                        "iaafId": 243255,
                        "urlSlug": "great-britain-ni/laura-weightman-14276688",
                        "birthDate": "01 JUL 1991",
                        "hasProfile": true,
                        "__typename": "CalendarResultsCompetitor"
                      },
                      "mark": "4:03.50",
                      "nationality": "GBR",
                      "place": "4.",
                      "points": null,
                      "qualified": false,
                      "records": "",
                      "wind": null,
                      "remark": null,
                      "details": null,
                      "__typename": "CalendarResultsRaceResult"
                    },
                    {
                      "competitor": {
                        "teamMembers": null,
                        "id": "edp479bucptbkn6mk8zeca",
                        "name": "Besu SADO",
                        "iaafId": 293330,
                        "urlSlug": "ethiopia/besu-sado-14654401",
                        "birthDate": "12 JAN 1996",
                        "hasProfile": true,
                        "__typename": "CalendarResultsCompetitor"
                      },
                      "mark": "4:03.55",
                      "nationality": "ETH",
                      "place": "5.",
                      "points": null,
                      "qualified": false,
                      "records": "",
                      "wind": null,
                      "remark": null,
                      "details": null,
                      "__typename": "CalendarResultsRaceResult"
                    },
                    {
                      "competitor": {
                        "teamMembers": null,
                        "id": "k592o1jekx8npk0dtnl8n",
                        "name": "Konstanze KLOSTERHALFEN",
                        "iaafId": 282210,
                        "urlSlug": "germany/konstanze-klosterhalfen-14496249",
                        "birthDate": "18 FEB 1997",
                        "hasProfile": true,
                        "__typename": "CalendarResultsCompetitor"
                      },
                      "mark": "4:03.60",
                      "nationality": "GER",
                      "place": "6.",
                      "points": null,
                      "qualified": false,
                      "records": "",
                      "wind": null,
                      "remark": null,
                      "details": null,
                      "__typename": "CalendarResultsRaceResult"
                    },
                    {
                      "competitor": {
                        "teamMembers": null,
                        "id": "lfszlpfs9qsiwljku3e2",
                        "name": "Gabriela STAFFORD",
                        "iaafId": 279988,
                        "urlSlug": "canada/gabriela-debues-stafford-14501531",
                        "birthDate": "13 SEP 1995",
                        "hasProfile": true,
                        "__typename": "CalendarResultsCompetitor"
                      },
                      "mark": "4:04.55",
                      "nationality": "CAN",
                      "place": "7.",
                      "points": null,
                      "qualified": false,
                      "records": "",
                      "wind": null,
                      "remark": null,
                      "details": null,
                      "__typename": "CalendarResultsRaceResult"
                    },
                    {
                      "competitor": {
                        "teamMembers": null,
                        "id": "3kun7deniiexetffvmmtz",
                        "name": "Sara VAUGHN",
                        "iaafId": 245729,
                        "urlSlug": "united-states/sara-vaughn-014325833",
                        "birthDate": "16 MAY 1986",
                        "hasProfile": true,
                        "__typename": "CalendarResultsCompetitor"
                      },
                      "mark": "4:04.56",
                      "nationality": "USA",
                      "place": "8.",
                      "points": null,
                      "qualified": false,
                      "records": "",
                      "wind": null,
                      "remark": null,
                      "details": null,
                      "__typename": "CalendarResultsRaceResult"
                    },
                    {
                      "competitor": {
                        "teamMembers": null,
                        "id": "z60x73ng4yjyqhptos48k",
                        "name": "Sarah MCDONALD",
                        "iaafId": 288877,
                        "urlSlug": "great-britain-ni/sarah-mcdonald-14472518",
                        "birthDate": "02 AUG 1993",
                        "hasProfile": true,
                        "__typename": "CalendarResultsCompetitor"
                      },
                      "mark": "4:05.48",
                      "nationality": "GBR",
                      "place": "9.",
                      "points": null,
                      "qualified": false,
                      "records": "",
                      "wind": null,
                      "remark": null,
                      "details": null,
                      "__typename": "CalendarResultsRaceResult"
                    },
                    {
                      "competitor": {
                        "teamMembers": null,
                        "id": "ykuc4g1u07rxjzko1z13s",
                        "name": "Solange Andreia PEREIRA",
                        "iaafId": 274059,
                        "urlSlug": "spain/solange-andreia-pereira-014260792",
                        "birthDate": "16 DEC 1989",
                        "hasProfile": true,
                        "__typename": "CalendarResultsCompetitor"
                      },
                      "mark": "4:06.63",
                      "nationality": "ESP",
                      "place": "10.",
                      "points": null,
                      "qualified": null,
                      "records": "",
                      "wind": null,
                      "remark": null,
                      "details": null,
                      "__typename": "CalendarResultsRaceResult"
                    },
                    {
                      "competitor": {
                        "teamMembers": null,
                        "id": "n39k8f9euu85h7oygy1g5j",
                        "name": "Georgia GRIFFITH",
                        "iaafId": 287684,
                        "urlSlug": "australia/georgia-griffith-14549778",
                        "birthDate": "05 DEC 1996",
                        "hasProfile": true,
                        "__typename": "CalendarResultsCompetitor"
                      },
                      "mark": "4:08.99",
                      "nationality": "AUS",
                      "place": "11.",
                      "points": null,
                      "qualified": null,
                      "records": "",
                      "wind": null,
                      "remark": null,
                      "details": null,
                      "__typename": "CalendarResultsRaceResult"
                    },
                    {
                      "competitor": {
                        "teamMembers": null,
                        "id": "2qnkbirmk4ptsn8anq84t",
                        "name": "Margherita MAGNANI",
                        "iaafId": 258252,
                        "urlSlug": "italy/margherita-magnani-014284658",
                        "birthDate": "26 FEB 1987",
                        "hasProfile": true,
                        "__typename": "CalendarResultsCompetitor"
                      },
                      "mark": "4:09.15",
                      "nationality": "ITA",
                      "place": "12.",
                      "points": null,
                      "qualified": null,
                      "records": "",
                      "wind": null,
                      "remark": null,
                      "details": null,
                      "__typename": "CalendarResultsRaceResult"
                    },
                    {
                      "competitor": {
                        "teamMembers": null,
                        "id": "1y2s6zww4bktbd1nwygga8",
                        "name": "Muriel CONEO PAREDES",
                        "iaafId": 219476,
                        "urlSlug": "colombia/muriel-coneo-paredes-14264036",
                        "birthDate": "15 MAR 1987",
                        "hasProfile": true,
                        "__typename": "CalendarResultsCompetitor"
                      },
                      "mark": "4:11.98",
                      "nationality": "COL",
                      "place": "13.",
                      "points": null,
                      "qualified": null,
                      "records": "",
                      "wind": null,
                      "remark": null,
                      "details": null,
                      "__typename": "CalendarResultsRaceResult"
                    },
                    {
                      "competitor": {
                        "teamMembers": null,
                        "id": "ew58ftz8kdyuer2flmmg",
                        "name": "Tamara ARMOUSH",
                        "iaafId": 308764,
                        "urlSlug": "jordan/tamara-armoush-014359994",
                        "birthDate": "08 MAY 1992",
                        "hasProfile": true,
                        "__typename": "CalendarResultsCompetitor"
                      },
                      "mark": "4:21.81",
                      "nationality": "JOR",
                      "place": "14.",
                      "points": null,
                      "qualified": null,
                      "records": "",
                      "wind": null,
                      "remark": null,
                      "details": null,
                      "__typename": "CalendarResultsRaceResult"
                    },
                    {
                      "competitor": {
                        "teamMembers": null,
                        "id": "amqrfm9cfhvmx8o314dwk",
                        "name": "Anjelina Nadai LOHALITH",
                        "iaafId": 313481,
                        "urlSlug": "athlete-refugee-team/anjelina-nadai-lohalith-14818089",
                        "birthDate": "01 JAN 1995",
                        "hasProfile": true,
                        "__typename": "CalendarResultsCompetitor"
                      },
                      "mark": "4:33.54",
                      "nationality": "ART",
                      "place": "15.",
                      "points": null,
                      "qualified": null,
                      "records": "",
                      "wind": null,
                      "remark": null,
                      "details": null,
                      "__typename": "CalendarResultsRaceResult"
                    }
                  ],
                  "startList": null,
                  "wind": null,
                  "__typename": "CalendarResultsRace"
                }
              ],
              "__typename": "CalendarResultsEvent"
            }
          ],
          "__typename": "CalendarResultsEventTitle"
        }
      ],
      "options": {
        "days": [
          {
            "date": "04 AUG 2017",
            "day": 1,
            "__typename": "CalendarResultsOptionsDay"
          },
          {
            "date": "05 AUG 2017",
            "day": 2,
            "__typename": "CalendarResultsOptionsDay"
          },
          {
            "date": "06 AUG 2017",
            "day": 3,
            "__typename": "CalendarResultsOptionsDay"
          },
          {
            "date": "07 AUG 2017",
            "day": 4,
            "__typename": "CalendarResultsOptionsDay"
          },
          {
            "date": "08 AUG 2017",
            "day": 5,
            "__typename": "CalendarResultsOptionsDay"
          },
          {
            "date": "09 AUG 2017",
            "day": 6,
            "__typename": "CalendarResultsOptionsDay"
          },
          {
            "date": "10 AUG 2017",
            "day": 7,
            "__typename": "CalendarResultsOptionsDay"
          },
          {
            "date": "11 AUG 2017",
            "day": 8,
            "__typename": "CalendarResultsOptionsDay"
          },
          {
            "date": "12 AUG 2017",
            "day": 9,
            "__typename": "CalendarResultsOptionsDay"
          },
          {
            "date": "13 AUG 2017",
            "day": 10,
            "__typename": "CalendarResultsOptionsDay"
          }
        ],
        "events": [
          {
            "gender": "W",
            "id": 10229509,
            "name": "Women's 100 Metres",
            "combined": null,
            "__typename": "CalendarResultsOptionEvent"
          },
          {
            "gender": "W",
            "id": 10229510,
            "name": "Women's 200 Metres",
            "combined": null,
            "__typename": "CalendarResultsOptionEvent"
          },
          {
            "gender": "W",
            "id": 10229511,
            "name": "Women's 400 Metres",
            "combined": null,
            "__typename": "CalendarResultsOptionEvent"
          },
          {
            "gender": "W",
            "id": 10229512,
            "name": "Women's 800 Metres",
            "combined": null,
            "__typename": "CalendarResultsOptionEvent"
          },
          {
            "gender": "W",
            "id": 10229513,
            "name": "Women's 1500 Metres",
            "combined": null,
            "__typename": "CalendarResultsOptionEvent"
          },
          {
            "gender": "W",
            "id": 10229519,
            "name": "Women's 3000 Metres",
            "combined": null,
            "__typename": "CalendarResultsOptionEvent"
          },
          {
            "gender": "W",
            "id": 10229514,
            "name": "Women's 5000 Metres",
            "combined": null,
            "__typename": "CalendarResultsOptionEvent"
          },
          {
            "gender": "W",
            "id": 10229521,
            "name": "Women's 10,000 Metres",
            "combined": null,
            "__typename": "CalendarResultsOptionEvent"
          },
          {
            "gender": "W",
            "id": 10229522,
            "name": "Women's 100 Metres Hurdles",
            "combined": null,
            "__typename": "CalendarResultsOptionEvent"
          },
          {
            "gender": "W",
            "id": 10229523,
            "name": "Women's 400 Metres Hurdles",
            "combined": null,
            "__typename": "CalendarResultsOptionEvent"
          },
          {
            "gender": "W",
            "id": 10229524,
            "name": "Women's 3000 Metres Steeplechase",
            "combined": null,
            "__typename": "CalendarResultsOptionEvent"
          },
          {
            "gender": "W",
            "id": 10229526,
            "name": "Women's High Jump",
            "combined": null,
            "__typename": "CalendarResultsOptionEvent"
          },
          {
            "gender": "W",
            "id": 10229527,
            "name": "Women's Pole Vault",
            "combined": null,
            "__typename": "CalendarResultsOptionEvent"
          },
          {
            "gender": "W",
            "id": 10229528,
            "name": "Women's Long Jump",
            "combined": null,
            "__typename": "CalendarResultsOptionEvent"
          },
          {
            "gender": "W",
            "id": 10229529,
            "name": "Women's Triple Jump",
            "combined": null,
            "__typename": "CalendarResultsOptionEvent"
          },
          {
            "gender": "W",
            "id": 10229530,
            "name": "Women's Shot Put",
            "combined": null,
            "__typename": "CalendarResultsOptionEvent"
          },
          {
            "gender": "W",
            "id": 10229531,
            "name": "Women's Discus Throw",
            "combined": null,
            "__typename": "CalendarResultsOptionEvent"
          },
          {
            "gender": "W",
            "id": 10229532,
            "name": "Women's Hammer Throw",
            "combined": null,
            "__typename": "CalendarResultsOptionEvent"
          },
          {
            "gender": "W",
            "id": 10229533,
            "name": "Women's Javelin Throw",
            "combined": null,
            "__typename": "CalendarResultsOptionEvent"
          },
          {
            "gender": "W",
            "id": 10229541,
            "name": "Women's Half Marathon",
            "combined": null,
            "__typename": "CalendarResultsOptionEvent"
          },
          {
            "gender": "W",
            "id": 10229534,
            "name": "Women's Marathon",
            "combined": null,
            "__typename": "CalendarResultsOptionEvent"
          },
          {
            "gender": "W",
            "id": 10229547,
            "name": "Women's 10 Kilometres Race Walk",
            "combined": null,
            "__typename": "CalendarResultsOptionEvent"
          },
          {
            "gender": "W",
            "id": 10229535,
            "name": "Women's 20 Kilometres Race Walk",
            "combined": null,
            "__typename": "CalendarResultsOptionEvent"
          },
          {
            "gender": "W",
            "id": 10229603,
            "name": "Women's 50 Kilometres Race Walk",
            "combined": null,
            "__typename": "CalendarResultsOptionEvent"
          },
          {
            "gender": "W",
            "id": 10229536,
            "name": "Women's Heptathlon",
            "combined": true,
            "__typename": "CalendarResultsOptionEvent"
          },
          {
            "gender": "W",
            "id": 204594,
            "name": "Women's 4x100 Metres Relay",
            "combined": null,
            "__typename": "CalendarResultsOptionEvent"
          },
          {
            "gender": "W",
            "id": 204596,
            "name": "Women's 4x400 Metres Relay",
            "combined": null,
            "__typename": "CalendarResultsOptionEvent"
          },
          {
            "gender": "M",
            "id": 10229630,
            "name": "Men's 100 Metres",
            "combined": null,
            "__typename": "CalendarResultsOptionEvent"
          },
          {
            "gender": "M",
            "id": 10229605,
            "name": "Men's 200 Metres",
            "combined": null,
            "__typename": "CalendarResultsOptionEvent"
          },
          {
            "gender": "M",
            "id": 10229631,
            "name": "Men's 400 Metres",
            "combined": null,
            "__typename": "CalendarResultsOptionEvent"
          },
          {
            "gender": "M",
            "id": 10229501,
            "name": "Men's 800 Metres",
            "combined": null,
            "__typename": "CalendarResultsOptionEvent"
          },
          {
            "gender": "M",
            "id": 10229502,
            "name": "Men's 1500 Metres",
            "combined": null,
            "__typename": "CalendarResultsOptionEvent"
          },
          {
            "gender": "M",
            "id": 10229609,
            "name": "Men's 5000 Metres",
            "combined": null,
            "__typename": "CalendarResultsOptionEvent"
          },
          {
            "gender": "M",
            "id": 10229610,
            "name": "Men's 10,000 Metres",
            "combined": null,
            "__typename": "CalendarResultsOptionEvent"
          },
          {
            "gender": "M",
            "id": 10229611,
            "name": "Men's 110 Metres Hurdles",
            "combined": null,
            "__typename": "CalendarResultsOptionEvent"
          },
          {
            "gender": "M",
            "id": 10229612,
            "name": "Men's 400 Metres Hurdles",
            "combined": null,
            "__typename": "CalendarResultsOptionEvent"
          },
          {
            "gender": "M",
            "id": 10229614,
            "name": "Men's 3000 Metres Steeplechase",
            "combined": null,
            "__typename": "CalendarResultsOptionEvent"
          },
          {
            "gender": "M",
            "id": 10229615,
            "name": "Men's High Jump",
            "combined": null,
            "__typename": "CalendarResultsOptionEvent"
          },
          {
            "gender": "M",
            "id": 10229616,
            "name": "Men's Pole Vault",
            "combined": null,
            "__typename": "CalendarResultsOptionEvent"
          },
          {
            "gender": "M",
            "id": 10229617,
            "name": "Men's Long Jump",
            "combined": null,
            "__typename": "CalendarResultsOptionEvent"
          },
          {
            "gender": "M",
            "id": 10229618,
            "name": "Men's Triple Jump",
            "combined": null,
            "__typename": "CalendarResultsOptionEvent"
          },
          {
            "gender": "M",
            "id": 10229619,
            "name": "Men's Shot Put",
            "combined": null,
            "__typename": "CalendarResultsOptionEvent"
          },
          {
            "gender": "M",
            "id": 10229620,
            "name": "Men's Discus Throw",
            "combined": null,
            "__typename": "CalendarResultsOptionEvent"
          },
          {
            "gender": "M",
            "id": 10229621,
            "name": "Men's Hammer Throw",
            "combined": null,
            "__typename": "CalendarResultsOptionEvent"
          },
          {
            "gender": "M",
            "id": 10229636,
            "name": "Men's Javelin Throw",
            "combined": null,
            "__typename": "CalendarResultsOptionEvent"
          },
          {
            "gender": "M",
            "id": 10229634,
            "name": "Men's Marathon",
            "combined": null,
            "__typename": "CalendarResultsOptionEvent"
          },
          {
            "gender": "M",
            "id": 10229625,
            "name": "Men's 10 Kilometres Race Walk",
            "combined": null,
            "__typename": "CalendarResultsOptionEvent"
          },
          {
            "gender": "M",
            "id": 10229508,
            "name": "Men's 20 Kilometres Race Walk",
            "combined": null,
            "__typename": "CalendarResultsOptionEvent"
          },
          {
            "gender": "M",
            "id": 10229628,
            "name": "Men's 50 Kilometres Race Walk",
            "combined": null,
            "__typename": "CalendarResultsOptionEvent"
          },
          {
            "gender": "M",
            "id": 10229629,
            "name": "Men's Decathlon",
            "combined": true,
            "__typename": "CalendarResultsOptionEvent"
          },
          {
            "gender": "M",
            "id": 204593,
            "name": "Men's 4x100 Metres Relay",
            "combined": null,
            "__typename": "CalendarResultsOptionEvent"
          },
          {
            "gender": "M",
            "id": 204595,
            "name": "Men's 4x400 Metres Relay",
            "combined": null,
            "__typename": "CalendarResultsOptionEvent"
          }
        ],
        "__typename": "CalendarResultsOptions"
      },
      "parameters": {
        "competitionId": 7093740,
        "day": null,
        "eventId": 10229513,
        "__typename": "CalendarResultsParameters"
      },
      "__typename": "CalendarCompetitionResults"
    }
  }
}