{
  "data": {
    "getCalendarCompetitionResults": {
      "competition": {
        "dateRange": "12\u201321 AUG 2016",
        "endDate": "2016-08-21",
        "name": "The XXXI Olympic Games",
        "rankingCategory": "OW",
        "startDate": "2016-08-12",
        "venue": "Est\u00e1dio Ol\u00edmpico, Rio de Janeiro (BRA)",
        "__typename": "CalendarResultsCompetition"
      },
      "eventTitles": [
        {
          "rankingCategory": "OW",
          "eventTitle": null,
          "events": [
            {
              "event": "Women's 3000 Metres Steeplechase",
              "eventId": 10229524,
              "gender": "W",
              "isRelay": false,
              "perResultWind": false,
              "withWind": false,
              "summary": null,
              "races": [
                {
                  "date": "2016-08-15",
                  "day": 4,
                  "race": "Final",
                  "raceId": 10,
                  "raceNumber": 0,
                  "results": [
                    {
                      "competitor": {
                        "teamMembers": null,
                        "id": "itfcc5ecfz8k8bfufabpx",
                        "name": "Ruth JEBET",
                        "iaafId": 282669,
                        "urlSlug": "bahrain/ruth-jebet-14588310",
                        "birthDate": "17 NOV 1996",
                        "hasProfile": true,
                        "__typename": "CalendarResultsCompetitor"
                      },
                      "mark": "8:59.75",
                      "nationality": "BRN",
                      "place": "1.",
                      "points": null,
                      "qualified": null,
                      "records": "",
                      "wind": null,
                      "remark": null,
                      "details": null,
                      "__typename": "CalendarResultsRaceResult"
                    },
                    {
                      "competitor": {
                        "teamMembers": null,
                        "id": "qklvudo4mijxdbfz2kcrlh",
                        "name": "Hyvin KIYENG",
                        "iaafId": 264392,
                        "urlSlug": "kenya/hyvin-kiyeng-14472841",
                        "birthDate": "13 JAN 1992",
                        "hasProfile": true,
                        "__typename": "CalendarResultsCompetitor"
                      },
                      "mark": "9:07.12",
                      "nationality": "KEN",
                      "place": "2.",
                      "points": null,
                      "qualified": null,
                      "records": "",
                      "wind": null,
                      "remark": null,
                      "details": null,
                      "__typename": "CalendarResultsRaceResult"
                    },
                    {
                      "competitor": {
                        "teamMembers": null,
                        "id": "f244gx87xc61kkkci4f5p",
                        "name": "Emma COBURN",
                        "iaafId": 236647,
                        "urlSlug": "united-states/emma-coburn-14307810",
                        "birthDate": "19 OCT 1990",
                        "hasProfile": true,
                        "__typename": "CalendarResultsCompetitor"
                      },
                      "mark": "9:07.63",
                      "nationality": "USA",
                      "place": "3.",
                      "points": null,
                      "qualified": null,
                      "records": "",
                      "wind": null,
                      "remark": null,
                      "details": null,
                      "__typename": "CalendarResultsRaceResult"
                    },
                    {
                      "competitor": {
                        "teamMembers": null,
                        "id": "e28nm1zce1m8goknkk0u02",
                        "name": "Beatrice CHEPKOECH",
                        "iaafId": 293209,
                        "urlSlug": "kenya/beatrice-chepkoech-14383286",
                        "birthDate": "06 JUL 1991",
                        "hasProfile": true,
                        "__typename": "CalendarResultsCompetitor"
                      },
                      "mark": "9:16.05",
                      "nationality": "KEN",
                      "place": "4.",
                      "points": null,
                      "qualified": null,
                      "records": "",
                      "wind": null,
                      "remark": null,
                      "details": null,
                      "__typename": "CalendarResultsRaceResult"
                    },
                    {
                      "competitor": {
                        "teamMembers": null,
                        "id": "6hprbforhsqvm08n9olhba",
                        "name": "Sofia ASSEFA",
                        "iaafId": 226181,
                        "urlSlug": "ethiopia/sofia-assefa-014259922",
                        "birthDate": "14 NOV 1987",
                        "hasProfile": true,
                        "__typename": "CalendarResultsCompetitor"
                      },
                      "mark": "9:17.15",
                      "nationality": "ETH",
                      "place": "5.",
                      "points": null,
                      "qualified": null,
                      "records": "",
                      "wind": null,
                      "remark": null,
                      "details": null,
                      "__typename": "CalendarResultsRaceResult"
                    },
                    {
                      "competitor": {
                        "teamMembers": null,
                        "id": "8icmshegiclepuvg66bo0a",
                        "name": "Gesa Felicitas KRAUSE",
                        "iaafId": 244094,
                        "urlSlug": "germany/gesa-felicitas-krause-14329341",
                        "birthDate": "03 AUG 1992",
                        "hasProfile": true,
                        "__typename": "CalendarResultsCompetitor"
                      },
                      "mark": "9:18.41",
                      "nationality": "GER",
                      "place": "6.",
                      "points": null,
                      "qualified": null,
                      "records": "",
                      "wind": null,
                      "remark": null,
                      "details": null,
                      "__typename": "CalendarResultsRaceResult"
                    },
                    {
                      "competitor": {
                        "teamMembers": null,
                        "id": "peejsaqz08np8f5juwvmb",
                        "name": "Madeleine HILLS",
                        "iaafId": 202065,
                        "urlSlug": "australia/madeline-heiner-014271970",
                        "birthDate": "15 MAY 1987",
                        "hasProfile": true,
                        "__typename": "CalendarResultsCompetitor"
                      },
                      "mark": "9:20.38",
                      "nationality": "AUS",
                      "place": "7.",
                      "points": null,
                      "qualified": null,
                      "records": "",
                      "wind": null,
                      "remark": null,
                      "details": null,
                      "__typename": "CalendarResultsRaceResult"
                    },
                    {
                      "competitor": {
                        "teamMembers": null,
                        "id": "gnmvzrhoyhmmns44mgjgwn",
                        "name": "Colleen QUIGLEY",
                        "iaafId": 271909,
                        "urlSlug": "united-states/colleen-quigley-14437440",
                        "birthDate": "20 NOV 1992",
                        "hasProfile": true,
                        "__typename": "CalendarResultsCompetitor"
                      },
                      "mark": "9:21.10",
                      "nationality": "USA",
                      "place": "8.",
                      "points": null,
                      "qualified": null,
                      "records": "",
                      "wind": null,
                      "remark": null,
                      "details": null,
                      "__typename": "CalendarResultsRaceResult"
                    },
                    {
                      "competitor": {
                        "teamMembers": null,
                        "id": "euni9ldwq5eoc77owxtv",
                        "name": "Genevieve LACAZE",
                        "iaafId": 263528,
                        "urlSlug": "australia/genevieve-gregson-14271807",
                        "birthDate": "04 AUG 1989",
                        "hasProfile": true,
                        "__typename": "CalendarResultsCompetitor"
                      },
                      "mark": "9:21.21",
                      "nationality": "AUS",
                      "place": "9.",
                      "points": null,
                      "qualified": null,
                      "records": "",
                      "wind": null,
                      "remark": null,
                      "details": null,
                      "__typename": "CalendarResultsRaceResult"
                    },
                    {
                      "competitor": {
                        "teamMembers": null,
                        "id": "a3t1uax8x8ekujn1gek10p",
                        "name": "Lalita BABAR",
                        "iaafId": 251941,
                        "urlSlug": "india/lalita-babar-014383687",
                        "birthDate": "02 JUN 1989",
                        "hasProfile": true,
                        "__typename": "CalendarResultsCompetitor"
                      },
                      "mark": "9:22.74",
                      "nationality": "IND",
                      "place": "10.",
                      "points": null,
                      "qualified": null,
                      "records": "",
                      "wind": null,
                      "remark": null,
                      "details": null,
                      "__typename": "CalendarResultsRaceResult"
                    },
                    {
                      "competitor": {
                        "teamMembers": null,
                        "id": "gz7zz30bwvcflbeztay8x",
                        "name": "Courtney FRERICHS",
                        "iaafId": 273194,
                        "urlSlug": "united-states/courtney-frerichs-14507523",
                        "birthDate": "18 JAN 1993",
                        "hasProfile": true,
                        "__typename": "CalendarResultsCompetitor"
                      },
                      "mark": "9:22.87",
                      "nationality": "USA",
                      "place": "11.",
                      "points": null,
                      "qualified": null,
                      "records": "",
                      "wind": null,
                      "remark": null,
                      "details": null,
                      "__typename": "CalendarResultsRaceResult"
                    },
                    {
                      "competitor": {
                        "teamMembers": null,
                        "id": "9qwfsbvihmngq2h4tmf86s",
                        "name": "Habiba GHRIBI",
                        "iaafId": 174776,
                        "urlSlug": "tunisia/habiba-ghribi-014303124",
                        "birthDate": "09 APR 1984",
                        "hasProfile": true,
                        "__typename": "CalendarResultsCompetitor"
                      },
                      "mark": "9:28.75",
                      "nationality": "TUN",
                      "place": "12.",
                      "points": null,
                      "qualified": null,
                      "records": "",
                      "wind": null,
                      "remark": null,
                      "details": null,
                      "__typename": "CalendarResultsRaceResult"
                    },
                    {
                      "competitor": {
                        "teamMembers": null,
                        "id": "1wdlebzclwme8ggaohlhv7",
                        "name": "Lydia Chebet ROTICH",
                        "iaafId": 241327,
                        "urlSlug": "kenya/lydia-chebet-rotich-014329195",
                        "birthDate": "08 AUG 1988",
                        "hasProfile": true,
                        "__typename": "CalendarResultsCompetitor"
                      },
                      "mark": "9:29.90",
                      "nationality": "KEN",
                      "place": "13.",
                      "points": null,
                      "qualified": null,
                      "records": "",
                      "wind": null,
                      "remark": null,
                      "details": null,
                      "__typename": "CalendarResultsRaceResult"
                    },
                    {
                      "competitor": {
                        "teamMembers": null,
                        "id": "nyq6mibgl980i3mtgxl9fkf",
                        "name": "Aisha PRAUGHT LEER",
                        "iaafId": 270815,
                        "urlSlug": "jamaica/aisha-praught-leer-14361190",
                        "birthDate": "14 DEC 1989",
                        "hasProfile": true,
                        "__typename": "CalendarResultsCompetitor"
                      },
                      "mark": "9:34.20",
                      "nationality": "JAM",
                      "place": "14.",
                      "points": null,
                      "qualified": null,
                      "records": "",
                      "wind": null,
                      "remark": null,
                      "details": null,
                      "__typename": "CalendarResultsRaceResult"
                    },
                    {
                      "competitor": {
                        "teamMembers": null,
                        "id": "zl97pq2lurdbcnfvfj6rtp",
                        "name": "Etenesh DIRO",
                        "iaafId": 250351,
                        "urlSlug": "ethiopia/etenesh-diro-014377849",
                        "birthDate": "10 MAY 1991",
                        "hasProfile": true,
                        "__typename": "CalendarResultsCompetitor"
                      },
                      "mark": "9:38.77",
                      "nationality": "ETH",
                      "place": "15.",
                      "points": null,
                      "qualified": null,
                      "records": "",
                      "wind": null,
                      "remark": null,
                      "details": null,
                      "__typename": "CalendarResultsRaceResult"
                    },
                    {
                      "competitor": {
                        "teamMembers": null,
                        "id": "cd6t5312zev7da7m1yx6nt",
                        "name": "Genevi\u00e8ve LALONDE",
                        "iaafId": 236842,
                        "urlSlug": "canada/genevieve-lalonde-14267715",
                        "birthDate": "05 SEP 1991",
                        "hasProfile": true,
                        "__typename": "CalendarResultsCompetitor"
                      },
                      "mark": "9:41.88",
                      "nationality": "CAN",
                      "place": "16.",
                      "points": null,
                      "qualified": null,
                      "records": "",
                      "wind": null,
                      "remark": null,
                      "details": null,
                      "__typename": "CalendarResultsRaceResult"
                    },
                    {
                      "competitor": {
                        "teamMembers": null,
                        "id": "e2qmbkgf4w208q9t6tzkf",
                        "name": "Sara Louise TREACY",
                        "iaafId": 223785,
                        "urlSlug": "ireland/sara-louise-treacy-014283395",
                        "birthDate": "22 JUN 1989",
                        "hasProfile": true,
                        "__typename": "CalendarResultsCompetitor"
                      },
                      "mark": "9:52.70",
                      "nationality": "IRL",
                      "place": "17.",
                      "points": null,
                      "qualified": null,
                      "records": "",
                      "wind": null,
                      "remark": null,
                      "details": null,
                      "__typename": "CalendarResultsRaceResult"
                    },
                    {
                      "competitor": {
                        "teamMembers": null,
                        "id": "cgd5ttn85wvxgesvrjg1q",
                        "name": "Fabienne SCHLUMPF",
                        "iaafId": 264579,
                        "urlSlug": "switzerland/fabienne-schlumpf-14940420",
                        "birthDate": "17 NOV 1990",
                        "hasProfile": true,
                        "__typename": "CalendarResultsCompetitor"
                      },
                      "mark": "9:59.30",
                      "nationality": "SUI",
                      "place": "18.",
                      "points": null,
                      "qualified": null,
                      "records": "",
                      "wind": null,
                      "remark": null,
                      "details": null,
                      "__typename": "CalendarResultsRaceResult"
                    }
                  ],
                  "startList": null,
                  "wind": null,
                  "__typename": "CalendarResultsRace"
                },
                {
                  "date": "2016-08-13",
                  "day": 2,
                  "race": "Round 1 - Heat",
                  "raceId": 11,
                  "raceNumber": 1,
                  "results": [
                    {
                      "competitor": {
                        "teamMembers": null,
                        "id": "fzhfba3bto3wglmfldx9a",
                        "name": "Ruth JEBET",
                        "iaafId": 282669,
                        "urlSlug": "bahrain/ruth-jebet-14588310",
                        "birthDate": "17 NOV 1996",
                        "hasProfile": true,
                        "__typename": "CalendarResultsCompetitor"
                      },
                      "mark": "9:12.62",
                      "nationality": "BRN",
                      "place": "1.",
                      "points": null,
                      "qualified": false,
                      "records": "",
                      "wind": null,
                      "remark": null,
                      "details": null,
                      "__typename": "CalendarResultsRaceResult"
                    },
                    {
                      "competitor": {
                        "teamMembers": null,
                        "id": "4tbqm18bwwkah9tk62r8ru",
                        "name": "Sofia ASSEFA",
                        "iaafId": 226181,
                        "urlSlug": "ethiopia/sofia-assefa-014259922",
                        "birthDate": "14 NOV 1987",
                        "hasProfile": true,
                        "__typename": "CalendarResultsCompetitor"
                      },
                      "mark": "9:18.75",
                      "nationality": "ETH",
                      "place": "2.",
                      "points": null,
                      "qualified": false,
                      "records": "",
                      "wind": null,
                      "remark": null,
                      "details": null,
                      "__typename": "CalendarResultsRaceResult"
                    },
                    {
                      "competitor": {
                        "teamMembers": null,
                        "id": "6cgzf1si1ntv0x0z4wz33",
                        "name": "Gesa Felicitas KRAUSE",
                        "iaafId": 244094,
                        "urlSlug": "germany/gesa-felicitas-krause-14329341",
                        "birthDate": "03 AUG 1992",
                        "hasProfile": true,
                        "__typename": "CalendarResultsCompetitor"
                      },
                      "mark": "9:19.70",
                      "nationality": "GER",
                      "place": "3.",
                      "points": null,
                      "qualified": false,
                      "records": "",
                      "wind": null,
                      "remark": null,
                      "details": null,
                      "__typename": "CalendarResultsRaceResult"
                    },
                    {
                      "competitor": {
                        "teamMembers": null,
                        "id": "ntyss7pnq78azod7vqvs6u",
                        "name": "Colleen QUIGLEY",
                        "iaafId": 271909,
                        "urlSlug": "united-states/colleen-quigley-14437440",
                        "birthDate": "20 NOV 1992",
                        "hasProfile": true,
                        "__typename": "CalendarResultsCompetitor"
                      },
                      "mark": "9:21.82",
                      "nationality": "USA",
                      "place": "4.",
                      "points": null,
                      "qualified": false,
                      "records": "",
                      "wind": null,
                      "remark": null,
                      "details": null,
                      "__typename": "CalendarResultsRaceResult"
                    },
                    {
                      "competitor": {
                        "teamMembers": null,
                        "id": "d6l19c6ir3eqn7y21ntbwb",
                        "name": "Lydia Chebet ROTICH",
                        "iaafId": 241327,
                        "urlSlug": "kenya/lydia-chebet-rotich-014329195",
                        "birthDate": "08 AUG 1988",
                        "hasProfile": true,
                        "__typename": "CalendarResultsCompetitor"
                      },
                      "mark": "9:30.21",
                      "nationality": "KEN",
                      "place": "5.",
                      "points": null,
                      "qualified": false,
                      "records": "",
                      "wind": null,
                      "remark": null,
                      "details": null,
                      "__typename": "CalendarResultsRaceResult"
                    },
                    {
                      "competitor": {
                        "teamMembers": null,
                        "id": "z4fshh3g8bgvs166zf24a9",
                        "name": "Mar\u0456ya SHATALOVA",
                        "iaafId": 232514,
                        "urlSlug": "ukraine/marya-shatalova-014404921",
                        "birthDate": "01 MAR 1989",
                        "hasProfile": true,
                        "__typename": "CalendarResultsCompetitor"
                      },
                      "mark": "9:30.89",
                      "nationality": "UKR",
                      "place": "6.",
                      "points": null,
                      "qualified": null,
                      "records": "",
                      "wind": null,
                      "remark": null,
                      "details": null,
                      "__typename": "CalendarResultsRaceResult"
                    },
                    {
                      "competitor": {
                        "teamMembers": null,
                        "id": "drhm5z6g0vnewh3yp5nhot",
                        "name": "Peruth CHEMUTAI",
                        "iaafId": 304038,
                        "urlSlug": "uganda/peruth-chemutai-14707661",
                        "birthDate": "10 JUL 1999",
                        "hasProfile": true,
                        "__typename": "CalendarResultsCompetitor"
                      },
                      "mark": "9:31.03",
                      "nationality": "UGA",
                      "place": "7.",
                      "points": null,
                      "qualified": null,
                      "records": "",
                      "wind": null,
                      "remark": null,
                      "details": null,
                      "__typename": "CalendarResultsRaceResult"
                    },
                    {
                      "competitor": {
                        "teamMembers": null,
                        "id": "lysm8r28q7yfxyglngbm9",
                        "name": "Charlotta FOUGBERG",
                        "iaafId": 258922,
                        "urlSlug": "sweden/charlotta-fougberg-014301870",
                        "birthDate": "19 JUN 1985",
                        "hasProfile": true,
                        "__typename": "CalendarResultsCompetitor"
                      },
                      "mark": "9:31.16",
                      "nationality": "SWE",
                      "place": "8.",
                      "points": null,
                      "qualified": null,
                      "records": "",
                      "wind": null,
                      "remark": null,
                      "details": null,
                      "__typename": "CalendarResultsRaceResult"
                    },
                    {
                      "competitor": {
                        "teamMembers": null,
                        "id": "z1pv04l5l7shug4z3gfg8d",
                        "name": "\u00d6zlem KAYA ALICI",
                        "iaafId": 267039,
                        "urlSlug": "turkey/ozlem-kaya-alici-14425268",
                        "birthDate": "20 APR 1990",
                        "hasProfile": true,
                        "__typename": "CalendarResultsCompetitor"
                      },
                      "mark": "9:32.03",
                      "nationality": "TUR",
                      "place": "9.",
                      "points": null,
                      "qualified": null,
                      "records": "",
                      "wind": null,
                      "remark": null,
                      "details": null,
                      "__typename": "CalendarResultsRaceResult"
                    },
                    {
                      "competitor": {
                        "teamMembers": null,
                        "id": "iaufuvw6ngo2ekx13625",
                        "name": "Sviatlana KUDZELICH",
                        "iaafId": 226949,
                        "urlSlug": "belarus/sviatlana-kudzelich-014269797",
                        "birthDate": "07 MAY 1987",
                        "hasProfile": true,
                        "__typename": "CalendarResultsCompetitor"
                      },
                      "mark": "9:32.93",
                      "nationality": "BLR",
                      "place": "10.",
                      "points": null,
                      "qualified": null,
                      "records": "",
                      "wind": null,
                      "remark": null,
                      "details": null,
                      "__typename": "CalendarResultsRaceResult"
                    },
                    {
                      "competitor": {
                        "teamMembers": null,
                        "id": "ehdvsbji1r4aeyhzrcatp",
                        "name": "Fadwa SIDI MADANE",
                        "iaafId": 259330,
                        "urlSlug": "morocco/fadwa-sidi-madane-014440473",
                        "birthDate": "20 NOV 1994",
                        "hasProfile": true,
                        "__typename": "CalendarResultsCompetitor"
                      },
                      "mark": "9:32.94",
                      "nationality": "MAR",
                      "place": "11.",
                      "points": null,
                      "qualified": null,
                      "records": "",
                      "wind": null,
                      "remark": null,
                      "details": null,
                      "__typename": "CalendarResultsRaceResult"
                    },
                    {
                      "competitor": {
                        "teamMembers": null,
                        "id": "ascfxipbvz9rhzafpgcsjs",
                        "name": "Diana MART\u00cdN",
                        "iaafId": 174909,
                        "urlSlug": "spain/diana-martin-014261081",
                        "birthDate": "01 APR 1981",
                        "hasProfile": true,
                        "__typename": "CalendarResultsCompetitor"
                      },
                      "mark": "9:44.07",
                      "nationality": "ESP",
                      "place": "12.",
                      "points": null,
                      "qualified": null,
                      "records": "",
                      "wind": null,
                      "remark": null,
                      "details": null,
                      "__typename": "CalendarResultsRaceResult"
                    },
                    {
                      "competitor": {
                        "teamMembers": null,
                        "id": "pm8til40i2q1dhhfjl98wg",
                        "name": "Ingeborg L\u00d8VNES",
                        "iaafId": 228177,
                        "urlSlug": "norway/ingeborg-lovnes-014364309",
                        "birthDate": "05 SEP 1992",
                        "hasProfile": true,
                        "__typename": "CalendarResultsCompetitor"
                      },
                      "mark": "9:44.85",
                      "nationality": "NOR",
                      "place": "13.",
                      "points": null,
                      "qualified": null,
                      "records": "",
                      "wind": null,
                      "remark": null,
                      "details": null,
                      "__typename": "CalendarResultsRaceResult"
                    },
                    {
                      "competitor": {
                        "teamMembers": null,
                        "id": "bwuh1h288tpy5lv0p9i2",
                        "name": "Kerry O\u2019FLAHERTY",
                        "iaafId": 248865,
                        "urlSlug": "ireland/kerry-oflaherty-14283235",
                        "birthDate": "15 JUL 1981",
                        "hasProfile": true,
                        "__typename": "CalendarResultsCompetitor"
                      },
                      "mark": "9:45.35",
                      "nationality": "IRL",
                      "place": "14.",
                      "points": null,
                      "qualified": null,
                      "records": "",
                      "wind": null,
                      "remark": null,
                      "details": null,
                      "__typename": "CalendarResultsRaceResult"
                    },
                    {
                      "competitor": {
                        "teamMembers": null,
                        "id": "e3y5l889o58eywn174ye9",
                        "name": "Juliana Paula GOMEZ",
                        "iaafId": 189324,
                        "urlSlug": "brazil/juliana-paula-gomez-14269027",
                        "birthDate": "12 JUL 1983",
                        "hasProfile": true,
                        "__typename": "CalendarResultsCompetitor"
                      },
                      "mark": "9:45.95",
                      "nationality": "BRA",
                      "place": "15.",
                      "points": null,
                      "qualified": null,
                      "records": "",
                      "wind": null,
                      "remark": null,
                      "details": null,
                      "__typename": "CalendarResultsRaceResult"
                    },
                    {
                      "competitor": {
                        "teamMembers": null,
                        "id": "pnjiy8bp8m9wtaxmgrd7a",
                        "name": "Erin TESCHUK",
                        "iaafId": 296542,
                        "urlSlug": "canada/erin-teschuk-14436039",
                        "birthDate": "25 OCT 1994",
                        "hasProfile": true,
                        "__typename": "CalendarResultsCompetitor"
                      },
                      "mark": "9:53.70",
                      "nationality": "CAN",
                      "place": "16.",
                      "points": null,
                      "qualified": null,
                      "records": "",
                      "wind": null,
                      "remark": null,
                      "details": null,
                      "__typename": "CalendarResultsRaceResult"
                    },
                    {
                      "competitor": {
                        "teamMembers": null,
                        "id": "xq47g3oru6i6janyypr82p",
                        "name": "Anju TAKAMIZAWA",
                        "iaafId": 292472,
                        "urlSlug": "japan/anju-takamizawa-014654017",
                        "birthDate": "06 MAR 1996",
                        "hasProfile": true,
                        "__typename": "CalendarResultsCompetitor"
                      },
                      "mark": "9:58.59",
                      "nationality": "JPN",
                      "place": "17.",
                      "points": null,
                      "qualified": null,
                      "records": "",
                      "wind": null,
                      "remark": null,
                      "details": null,
                      "__typename": "CalendarResultsRaceResult"
                    }
                  ],
                  "startList": null,
                  "wind": null,
                  "__typename": "CalendarResultsRace"
                },
                {
                  "date": "2016-08-13",
                  "day": 2,
                  "race": "Round 1 - Heat",
                  "raceId": 11,
                  "raceNumber": 2,
                  "results": [
                    {
                      "competitor": {
                        "teamMembers": null,
                        "id": "hvgewn8a1aih2sbrj13gs",
                        "name": "Beatrice CHEPKOECH",
                        "iaafId": 293209,
                        "urlSlug": "kenya/beatrice-chepkoech-14383286",
                        "birthDate": "06 JUL 1991",
                        "hasProfile": true,
                        "__typename": "CalendarResultsCompetitor"
                      },
                      "mark": "9:17.55",
                      "nationality": "KEN",
                      "place": "1.",
                      "points": null,
                      "qualified": false,
                      "records": "",
                      "wind": null,
                      "remark": null,
                      "details": null,
                      "__typename": "CalendarResultsRaceResult"
                    },
                    {
                      "competitor": {
                        "teamMembers": null,
                        "id": "pitjbmu31ubma0ormoik",
                        "name": "Emma COBURN",
                        "iaafId": 236647,
                        "urlSlug": "united-states/emma-coburn-14307810",
                        "birthDate": "19 OCT 1990",
                        "hasProfile": true,
                        "__typename": "CalendarResultsCompetitor"
                      },
                      "mark": "9:18.12",
                      "nationality": "USA",
                      "place": "2.",
                      "points": null,
                      "qualified": false,
                      "records": "",
                      "wind": null,
                      "remark": null,
                      "details": null,
                      "__typename": "CalendarResultsRaceResult"
                    },
                    {
                      "competitor": {
                        "teamMembers": null,
                        "id": "ums10eong2g7hba8m8f5d",
                        "name": "Habiba GHRIBI",
                        "iaafId": 174776,
                        "urlSlug": "tunisia/habiba-ghribi-014303124",
                        "birthDate": "09 APR 1984",
                        "hasProfile": true,
                        "__typename": "CalendarResultsCompetitor"
                      },
                      "mark": "9:18.71",
                      "nationality": "TUN",
                      "place": "3.",
                      "points": null,
                      "qualified": false,
                      "records": "",
                      "wind": null,
                      "remark": null,
                      "details": null,
                      "__typename": "CalendarResultsRaceResult"
                    },
                    {
                      "competitor": {
                        "teamMembers": null,
                        "id": "ek4n3ebj0y8mzp7ezlspyj",
                        "name": "Lalita BABAR",
                        "iaafId": 251941,
                        "urlSlug": "india/lalita-babar-014383687",
                        "birthDate": "02 JUN 1989",
                        "hasProfile": true,
                        "__typename": "CalendarResultsCompetitor"
                      },
                      "mark": "9:19.76",
                      "nationality": "IND",
                      "place": "4.",
                      "points": null,
                      "qualified": false,
                      "records": "",
                      "wind": null,
                      "remark": null,
                      "details": null,
                      "__typename": "CalendarResultsRaceResult"
                    },
                    {
                      "competitor": {
                        "teamMembers": null,
                        "id": "qd04ony9fbsxr3q5x79gp",
                        "name": "Madeleine HILLS",
                        "iaafId": 202065,
                        "urlSlug": "australia/madeline-heiner-014271970",
                        "birthDate": "15 MAY 1987",
                        "hasProfile": true,
                        "__typename": "CalendarResultsCompetitor"
                      },
                      "mark": "9:24.16",
                      "nationality": "AUS",
                      "place": "5.",
                      "points": null,
                      "qualified": false,
                      "records": "",
                      "wind": null,
                      "remark": null,
                      "details": null,
                      "__typename": "CalendarResultsRaceResult"
                    },
                    {
                      "competitor": {
                        "teamMembers": null,
                        "id": "jqjxmrtxwzrmqkqp91b1",
                        "name": "Fabienne SCHLUMPF",
                        "iaafId": 264579,
                        "urlSlug": "switzerland/fabienne-schlumpf-14940420",
                        "birthDate": "17 NOV 1990",
                        "hasProfile": true,
                        "__typename": "CalendarResultsCompetitor"
                      },
                      "mark": "9:30.54",
                      "nationality": "SUI",
                      "place": "6.",
                      "points": null,
                      "qualified": false,
                      "records": "",
                      "wind": null,
                      "remark": null,
                      "details": null,
                      "__typename": "CalendarResultsRaceResult"
                    },
                    {
                      "competitor": {
                        "teamMembers": null,
                        "id": "mut1awpn4190rt3ixk4lrtf",
                        "name": "Hiwot AYALEW",
                        "iaafId": 262467,
                        "urlSlug": "ethiopia/hiwot-ayalew-014446122",
                        "birthDate": "06 MAR 1990",
                        "hasProfile": true,
                        "__typename": "CalendarResultsCompetitor"
                      },
                      "mark": "9:35.09",
                      "nationality": "ETH",
                      "place": "7.",
                      "points": null,
                      "qualified": null,
                      "records": "",
                      "wind": null,
                      "remark": null,
                      "details": null,
                      "__typename": "CalendarResultsRaceResult"
                    },
                    {
                      "competitor": {
                        "teamMembers": null,
                        "id": "9ivekbp1zswq2dvv4nnbs9",
                        "name": "Matylda KOWAL",
                        "iaafId": 263559,
                        "urlSlug": "poland/matylda-kowal-014294524",
                        "birthDate": "11 JAN 1989",
                        "hasProfile": true,
                        "__typename": "CalendarResultsCompetitor"
                      },
                      "mark": "9:35.13",
                      "nationality": "POL",
                      "place": "8.",
                      "points": null,
                      "qualified": null,
                      "records": "",
                      "wind": null,
                      "remark": null,
                      "details": null,
                      "__typename": "CalendarResultsRaceResult"
                    },
                    {
                      "competitor": {
                        "teamMembers": null,
                        "id": "df32o2z7w1las7tlnkwwz6",
                        "name": "Sanaa KOUBAA-SCHRETZMAIR",
                        "iaafId": 242363,
                        "urlSlug": "germany/sanaa-koubaa-schretzmair-014278454",
                        "birthDate": "06 JAN 1985",
                        "hasProfile": true,
                        "__typename": "CalendarResultsCompetitor"
                      },
                      "mark": "9:35.15",
                      "nationality": "GER",
                      "place": "9.",
                      "points": null,
                      "qualified": null,
                      "records": "",
                      "wind": null,
                      "remark": null,
                      "details": null,
                      "__typename": "CalendarResultsRaceResult"
                    },
                    {
                      "competitor": {
                        "teamMembers": null,
                        "id": "alu97sbx09bter6dohlnoc",
                        "name": "Victoria MITCHELL",
                        "iaafId": 186363,
                        "urlSlug": "australia/victoria-mitchell-014271633",
                        "birthDate": "25 APR 1982",
                        "hasProfile": true,
                        "__typename": "CalendarResultsCompetitor"
                      },
                      "mark": "9:39.40",
                      "nationality": "AUS",
                      "place": "10.",
                      "points": null,
                      "qualified": null,
                      "records": "",
                      "wind": null,
                      "remark": null,
                      "details": null,
                      "__typename": "CalendarResultsRaceResult"
                    },
                    {
                      "competitor": {
                        "teamMembers": null,
                        "id": "7sd9rahx8l2f8d4v9enrna",
                        "name": "Michelle FINN",
                        "iaafId": 271910,
                        "urlSlug": "ireland/michelle-finn-14414945",
                        "birthDate": "16 DEC 1989",
                        "hasProfile": true,
                        "__typename": "CalendarResultsCompetitor"
                      },
                      "mark": "9:49.45",
                      "nationality": "IRL",
                      "place": "11.",
                      "points": null,
                      "qualified": null,
                      "records": "",
                      "wind": null,
                      "remark": null,
                      "details": null,
                      "__typename": "CalendarResultsRaceResult"
                    },
                    {
                      "competitor": {
                        "teamMembers": null,
                        "id": "az3zk7ch5zpf57w7xhhzaf",
                        "name": "Tigest Getent MEKONEN",
                        "iaafId": 310510,
                        "urlSlug": "bahrain/tigest-getent-mekonen-014429103",
                        "birthDate": "07 JUL 1997",
                        "hasProfile": true,
                        "__typename": "CalendarResultsCompetitor"
                      },
                      "mark": "9:49.92",
                      "nationality": "BRN",
                      "place": "12.",
                      "points": null,
                      "qualified": null,
                      "records": "",
                      "wind": null,
                      "remark": null,
                      "details": null,
                      "__typename": "CalendarResultsRaceResult"
                    },
                    {
                      "competitor": {
                        "teamMembers": null,
                        "id": "u56efbr34rptjwwfuxkvyq",
                        "name": "Maria BERNARD-GALEA",
                        "iaafId": 262578,
                        "urlSlug": "canada/maria-bernard-galea-14440325",
                        "birthDate": "06 APR 1993",
                        "hasProfile": true,
                        "__typename": "CalendarResultsCompetitor"
                      },
                      "mark": "9:50.17",
                      "nationality": "CAN",
                      "place": "13.",
                      "points": null,
                      "qualified": null,
                      "records": "",
                      "wind": null,
                      "remark": null,
                      "details": null,
                      "__typename": "CalendarResultsRaceResult"
                    },
                    {
                      "competitor": {
                        "teamMembers": null,
                        "id": "zx179cnle9oouo5w131ma",
                        "name": "Meryem AKDA\u011e",
                        "iaafId": 304727,
                        "urlSlug": "turkey/meryem-akdag-14520745",
                        "birthDate": "05 AUG 1992",
                        "hasProfile": true,
                        "__typename": "CalendarResultsCompetitor"
                      },
                      "mark": "9:50.28",
                      "nationality": "TUR",
                      "place": "14.",
                      "points": null,
                      "qualified": null,
                      "records": "",
                      "wind": null,
                      "remark": null,
                      "details": null,
                      "__typename": "CalendarResultsRaceResult"
                    },
                    {
                      "competitor": {
                        "teamMembers": null,
                        "id": "irld3brvwvnw26zor0zi1a",
                        "name": "Sandra ERIKSSON",
                        "iaafId": 236649,
                        "urlSlug": "finland/sandra-eriksson-014259606",
                        "birthDate": "04 JUN 1989",
                        "hasProfile": true,
                        "__typename": "CalendarResultsCompetitor"
                      },
                      "mark": "9:56.77",
                      "nationality": "FIN",
                      "place": "15.",
                      "points": null,
                      "qualified": null,
                      "records": "",
                      "wind": null,
                      "remark": null,
                      "details": null,
                      "__typename": "CalendarResultsRaceResult"
                    },
                    {
                      "competitor": {
                        "teamMembers": null,
                        "id": "4fgu44v4uqo88mzk5g563p",
                        "name": "Luiza GEGA",
                        "iaafId": 256102,
                        "urlSlug": "albania/luiza-gega-14272917",
                        "birthDate": "05 NOV 1988",
                        "hasProfile": true,
                        "__typename": "CalendarResultsCompetitor"
                      },
                      "mark": "9:58.49",
                      "nationality": "ALB",
                      "place": "16.",
                      "points": null,
                      "qualified": null,
                      "records": "",
                      "wind": null,
                      "remark": null,
                      "details": null,
                      "__typename": "CalendarResultsRaceResult"
                    },
                    {
                      "competitor": {
                        "teamMembers": null,
                        "id": "ociqji2muzkmav7doys8ar",
                        "name": "Anastasiya PUZAKOVA",
                        "iaafId": 255654,
                        "urlSlug": "belarus/anastasiya-puzakova-014421049",
                        "birthDate": "12 DEC 1993",
                        "hasProfile": true,
                        "__typename": "CalendarResultsCompetitor"
                      },
                      "mark": "10:14.08",
                      "nationality": "BLR",
                      "place": "17.",
                      "points": null,
                      "qualified": null,
                      "records": "",
                      "wind": null,
                      "remark": null,
                      "details": null,
                      "__typename": "CalendarResultsRaceResult"
                    },
                    {
                      "competitor": {
                        "teamMembers": null,
                        "id": "p6xqlgs9n4qtdr5jpc2yq",
                        "name": "Amina BETTICHE",
                        "iaafId": 205970,
                        "urlSlug": "algeria/amina-bettiche-14272858",
                        "birthDate": "14 DEC 1987",
                        "hasProfile": true,
                        "__typename": "CalendarResultsCompetitor"
                      },
                      "mark": "10:26.91",
                      "nationality": "ALG",
                      "place": "18.",
                      "points": null,
                      "qualified": null,
                      "records": "",
                      "wind": null,
                      "remark": null,
                      "details": null,
                      "__typename": "CalendarResultsRaceResult"
                    }
                  ],
                  "startList": null,
                  "wind": null,
                  "__typename": "CalendarResultsRace"
                },
                {
                  "date": "2016-08-13",
                  "day": 2,
                  "race": "Round 1 - Heat",
                  "raceId": 11,
                  "raceNumber": 3,
                  "results": [
                    {
                      "competitor": {
                        "teamMembers": null,
                        "id": "7r10j2ft6dgl9luzxfdoqk",
                        "name": "Hyvin KIYENG",
                        "iaafId": 264392,
                        "urlSlug": "kenya/hyvin-kiyeng-14472841",
                        "birthDate": "13 JAN 1992",
                        "hasProfile": true,
                        "__typename": "CalendarResultsCompetitor"
                      },
                      "mark": "9:24.61",
                      "nationality": "KEN",
                      "place": "1.",
                      "points": null,
                      "qualified": false,
                      "records": "",
                      "wind": null,
                      "remark": null,
                      "details": null,
                      "__typename": "CalendarResultsRaceResult"
                    },
                    {
                      "competitor": {
                        "teamMembers": null,
                        "id": "s0hqtmyaivbvo8d8y617xb",
                        "name": "Genevieve LACAZE",
                        "iaafId": 263528,
                        "urlSlug": "australia/genevieve-gregson-14271807",
                        "birthDate": "04 AUG 1989",
                        "hasProfile": true,
                        "__typename": "CalendarResultsCompetitor"
                      },
                      "mark": "9:26.25",
                      "nationality": "AUS",
                      "place": "2.",
                      "points": null,
                      "qualified": false,
                      "records": "",
                      "wind": null,
                      "remark": null,
                      "details": null,
                      "__typename": "CalendarResultsRaceResult"
                    },
                    {
                      "competitor": {
                        "teamMembers": null,
                        "id": "h6x2k9qqazvj6in5x7i9ff",
                        "name": "Courtney FRERICHS",
                        "iaafId": 273194,
                        "urlSlug": "united-states/courtney-frerichs-14507523",
                        "birthDate": "18 JAN 1993",
                        "hasProfile": true,
                        "__typename": "CalendarResultsCompetitor"
                      },
                      "mark": "9:27.02",
                      "nationality": "USA",
                      "place": "3.",
                      "points": null,
                      "qualified": false,
                      "records": "",
                      "wind": null,
                      "remark": null,
                      "details": null,
                      "__typename": "CalendarResultsRaceResult"
                    },
                    {
                      "competitor": {
                        "teamMembers": null,
                        "id": "cws9x7ygltjq72fshxkmkm",
                        "name": "Genevi\u00e8ve LALONDE",
                        "iaafId": 236842,
                        "urlSlug": "canada/genevieve-lalonde-14267715",
                        "birthDate": "05 SEP 1991",
                        "hasProfile": true,
                        "__typename": "CalendarResultsCompetitor"
                      },
                      "mark": "9:30.24",
                      "nationality": "CAN",
                      "place": "4.",
                      "points": null,
                      "qualified": false,
                      "records": "",
                      "wind": null,
                      "remark": null,
                      "details": null,
                      "__typename": "CalendarResultsRaceResult"
                    },
                    {
                      "competitor": {
                        "teamMembers": null,
                        "id": "zo93g7ylkzrvuali0gahz",
                        "name": "Xinyan ZHANG",
                        "iaafId": 268135,
                        "urlSlug": "pr-of-china/xinyan-zhang-14488655",
                        "birthDate": "09 FEB 1994",
                        "hasProfile": true,
                        "__typename": "CalendarResultsCompetitor"
                      },
                      "mark": "9:31.47",
                      "nationality": "CHN",
                      "place": "5.",
                      "points": null,
                      "qualified": null,
                      "records": "",
                      "wind": null,
                      "remark": null,
                      "details": null,
                      "__typename": "CalendarResultsRaceResult"
                    },
                    {
                      "competitor": {
                        "teamMembers": null,
                        "id": "m6qs8xx4e21dd18ves3jpj",
                        "name": "Anna Emilie M\u00d8LLER",
                        "iaafId": 300319,
                        "urlSlug": "denmark/anna-emilie-moller-014704046",
                        "birthDate": "28 JUL 1997",
                        "hasProfile": true,
                        "__typename": "CalendarResultsCompetitor"
                      },
                      "mark": "9:32.68",
                      "nationality": "DEN",
                      "place": "6.",
                      "points": null,
                      "qualified": null,
                      "records": "",
                      "wind": null,
                      "remark": null,
                      "details": null,
                      "__typename": "CalendarResultsRaceResult"
                    },
                    {
                      "competitor": {
                        "teamMembers": null,
                        "id": "20ae6qcfef12rb9s8p34hr",
                        "name": "Etenesh DIRO",
                        "iaafId": 250351,
                        "urlSlug": "ethiopia/etenesh-diro-014377849",
                        "birthDate": "10 MAY 1991",
                        "hasProfile": true,
                        "__typename": "CalendarResultsCompetitor"
                      },
                      "mark": "9:34.70",
                      "nationality": "ETH",
                      "place": "7.",
                      "points": null,
                      "qualified": false,
                      "records": "",
                      "wind": null,
                      "remark": null,
                      "details": null,
                      "__typename": "CalendarResultsRaceResult"
                    },
                    {
                      "competitor": {
                        "teamMembers": null,
                        "id": "xkelr1db5bn8n0ep90zff",
                        "name": "Aisha PRAUGHT LEER",
                        "iaafId": 270815,
                        "urlSlug": "jamaica/aisha-praught-leer-14361190",
                        "birthDate": "14 DEC 1989",
                        "hasProfile": true,
                        "__typename": "CalendarResultsCompetitor"
                      },
                      "mark": "9:35.79",
                      "nationality": "JAM",
                      "place": "8.",
                      "points": null,
                      "qualified": false,
                      "records": "",
                      "wind": null,
                      "remark": null,
                      "details": null,
                      "__typename": "CalendarResultsRaceResult"
                    },
                    {
                      "competitor": {
                        "teamMembers": null,
                        "id": "g84m2wuk7nu7efj0za6yoy",
                        "name": "Sudha SINGH",
                        "iaafId": 238193,
                        "urlSlug": "india/sudha-singh-14283075",
                        "birthDate": "25 JUN 1986",
                        "hasProfile": true,
                        "__typename": "CalendarResultsCompetitor"
                      },
                      "mark": "9:43.29",
                      "nationality": "IND",
                      "place": "9.",
                      "points": null,
                      "qualified": null,
                      "records": "",
                      "wind": null,
                      "remark": null,
                      "details": null,
                      "__typename": "CalendarResultsRaceResult"
                    },
                    {
                      "competitor": {
                        "teamMembers": null,
                        "id": "w6dtkittf7nyucgqsxxc9",
                        "name": "Salima EL OUALI ALAMI",
                        "iaafId": 246143,
                        "urlSlug": "morocco/salima-el-ouali-alami-014366662",
                        "birthDate": "29 DEC 1983",
                        "hasProfile": true,
                        "__typename": "CalendarResultsCompetitor"
                      },
                      "mark": "9:44.83",
                      "nationality": "MAR",
                      "place": "10.",
                      "points": null,
                      "qualified": null,
                      "records": "",
                      "wind": null,
                      "remark": null,
                      "details": null,
                      "__typename": "CalendarResultsRaceResult"
                    },
                    {
                      "competitor": {
                        "teamMembers": null,
                        "id": "zg2j1z3pqxegtovgawmelt",
                        "name": "Eliane SAHOLINIRINA",
                        "iaafId": 250105,
                        "urlSlug": "madagascar/eliane-saholinirina-014290554",
                        "birthDate": "20 MAR 1982",
                        "hasProfile": true,
                        "__typename": "CalendarResultsCompetitor"
                      },
                      "mark": "9:45.92",
                      "nationality": "MAD",
                      "place": "11.",
                      "points": null,
                      "qualified": null,
                      "records": "",
                      "wind": null,
                      "remark": null,
                      "details": null,
                      "__typename": "CalendarResultsRaceResult"
                    },
                    {
                      "competitor": {
                        "teamMembers": null,
                        "id": "gjc2m7ub5dkdf9kxny9va",
                        "name": "Sara Louise TREACY",
                        "iaafId": 223785,
                        "urlSlug": "ireland/sara-louise-treacy-014283395",
                        "birthDate": "22 JUN 1989",
                        "hasProfile": true,
                        "__typename": "CalendarResultsCompetitor"
                      },
                      "mark": "9:46.24",
                      "nationality": "IRL",
                      "place": "12.",
                      "points": null,
                      "qualified": false,
                      "records": "",
                      "wind": null,
                      "remark": null,
                      "details": null,
                      "__typename": "CalendarResultsRaceResult"
                    },
                    {
                      "competitor": {
                        "teamMembers": null,
                        "id": "dzb9t88jlwjvnree28ft8",
                        "name": "Ancu\u0163a BOBOCEL",
                        "iaafId": 195984,
                        "urlSlug": "romania/ancuta-bobocel-014295440",
                        "birthDate": "03 OCT 1987",
                        "hasProfile": true,
                        "__typename": "CalendarResultsCompetitor"
                      },
                      "mark": "9:46.28",
                      "nationality": "ROU",
                      "place": "13.",
                      "points": null,
                      "qualified": null,
                      "records": "",
                      "wind": null,
                      "remark": null,
                      "details": null,
                      "__typename": "CalendarResultsRaceResult"
                    },
                    {
                      "competitor": {
                        "teamMembers": null,
                        "id": "cr0yposvz3pqt5y3asvdhc",
                        "name": "Tu\u011fba G\u00dcVEN\u00c7",
                        "iaafId": 279298,
                        "urlSlug": "turkey/tugba-guvenc-14421056",
                        "birthDate": "09 JUL 1994",
                        "hasProfile": true,
                        "__typename": "CalendarResultsCompetitor"
                      },
                      "mark": "9:49.93",
                      "nationality": "TUR",
                      "place": "14.",
                      "points": null,
                      "qualified": null,
                      "records": "",
                      "wind": null,
                      "remark": null,
                      "details": null,
                      "__typename": "CalendarResultsRaceResult"
                    },
                    {
                      "competitor": {
                        "teamMembers": null,
                        "id": "ierm9kpkmzr2c71pfje33i",
                        "name": "Maya REHBERG",
                        "iaafId": 258156,
                        "urlSlug": "germany/maya-rehberg-014387224",
                        "birthDate": "28 APR 1994",
                        "hasProfile": true,
                        "__typename": "CalendarResultsCompetitor"
                      },
                      "mark": "9:51.73",
                      "nationality": "GER",
                      "place": "15.",
                      "points": null,
                      "qualified": null,
                      "records": "",
                      "wind": null,
                      "remark": null,
                      "details": null,
                      "__typename": "CalendarResultsRaceResult"
                    },
                    {
                      "competitor": {
                        "teamMembers": null,
                        "id": "tt0mwtnqle9el3f6zs4fp",
                        "name": "Bel\u00e9n CASETTA",
                        "iaafId": 258753,
                        "urlSlug": "argentina/belen-casetta-14381671",
                        "birthDate": "26 SEP 1994",
                        "hasProfile": true,
                        "__typename": "CalendarResultsCompetitor"
                      },
                      "mark": "9:51.85",
                      "nationality": "ARG",
                      "place": "16.",
                      "points": null,
                      "qualified": null,
                      "records": "",
                      "wind": null,
                      "remark": null,
                      "details": null,
                      "__typename": "CalendarResultsRaceResult"
                    },
                    {
                      "competitor": {
                        "teamMembers": null,
                        "id": "py4svqsh8dhvvih3nmgqb",
                        "name": "Lennie WAITE",
                        "iaafId": 241315,
                        "urlSlug": "great-britain-ni/lennie-waite-014323487",
                        "birthDate": "04 FEB 1986",
                        "hasProfile": true,
                        "__typename": "CalendarResultsCompetitor"
                      },
                      "mark": "10:14.18",
                      "nationality": "GBR",
                      "place": "17.",
                      "points": null,
                      "qualified": null,
                      "records": "",
                      "wind": null,
                      "remark": null,
                      "details": null,
                      "__typename": "CalendarResultsRaceResult"
                    }
                  ],
                  "startList": null,
                  "wind": null,
                  "__typename": "CalendarResultsRace"
                }
              ],
              "__typename": "CalendarResultsEvent"
            }
          ],
          "__typename": "CalendarResultsEventTitle"
        }
      ],
      "options": {
        "days": [
          {
            "date": "12 AUG 2016",
            "day": 1,
            "__typename": "CalendarResultsOptionsDay"
          },
          {
            "date": "13 AUG 2016",
            "day": 2,
            "__typename": "CalendarResultsOptionsDay"
          },
          {
            "date": "14 AUG 2016",
            "day": 3,
            "__typename": "CalendarResultsOptionsDay"
          },
          {
            "date": "15 AUG 2016",
            "day": 4,
            "__typename": "CalendarResultsOptionsDay"
          },
          {
            "date": "16 AUG 2016",
            "day": 5,
            "__typename": "CalendarResultsOptionsDay"
          },
          {
            "date": "17 AUG 2016",
            "day": 6,
            "__typename": "CalendarResultsOptionsDay"
          },
          {
            "date": "18 AUG 2016",
            "day": 7,
            "__typename": "CalendarResultsOptionsDay"
          },
          {
            "date": "19 AUG 2016",
            "day": 8,
            "__typename": "CalendarResultsOptionsDay"
          },
          {
            "date": "20 AUG 2016",
            "day": 9,
            "__typename": "CalendarResultsOptionsDay"
          },
          {
            "date": "21 AUG 2016",
            "day": 10,
            "__typename": "CalendarResultsOptionsDay"
          }
        ],
        "events": [
          {
            "gender": "W",
            "id": 10229509,
            "name": "Women's 100 Metres",
            "combined": null,
            "__typename": "CalendarResultsOptionEvent"
          },
          {
            "gender": "W",
            "id": 10229510,
            "name": "Women's 200 Metres",
            "combined": null,
            "__typename": "CalendarResultsOptionEvent"
          },
          {
            "gender": "W",
            "id": 10229511,
            "name": "Women's 400 Metres",
            "combined": null,
            "__typename": "CalendarResultsOptionEvent"
          },
          {
            "gender": "W",
            "id": 10229512,
            "name": "Women's 800 Metres",
            "combined": null,
            "__typename": "CalendarResultsOptionEvent"
          },
          {
            "gender": "W",
            "id": 10229513,
            "name": "Women's 1500 Metres",
            "combined": null,
            "__typename": "CalendarResultsOptionEvent"
          },
          {
            "gender": "W",
            "id": 10229514,
            "name": "Women's 5000 Metres",
            "combined": null,
            "__typename": "CalendarResultsOptionEvent"
          },
          {
            "gender": "W",
            "id": 10229521,
            "name": "Women's 10,000 Metres",
            "combined": null,
            "__typename": "CalendarResultsOptionEvent"
          },
          {
            "gender": "W",
            "id": 10229522,
            "name": "Women's 100 Metres Hurdles",
            "combined": null,
            "__typename": "CalendarResultsOptionEvent"
          },
          {
            "gender": "W",
            "id": 10229523,
            "name": "Women's 400 Metres Hurdles",
            "combined": null,
            "__typename": "CalendarResultsOptionEvent"
          },
          {
            "gender": "W",
            "id": 10229524,
            "name": "Women's 3000 Metres Steeplechase",
            "combined": null,
            "__typename": "CalendarResultsOptionEvent"
          },
          {
            "gender": "W",
            "id": 10229526,
            "name": "Women's High Jump",
            "combined": null,
            "__typename": "CalendarResultsOptionEvent"
          },
          {
            "gender": "W",
            "id": 10229527,
            "name": "Women's Pole Vault",
            "combined": null,
            "__typename": "CalendarResultsOptionEvent"
          },
          {
            "gender": "W",
            "id": 10229528,
            "name": "Women's Long Jump",
            "combined": null,
            "__typename": "CalendarResultsOptionEvent"
          },
          {
            "gender": "W",
            "id": 10229529,
            "name": "Women's Triple Jump",
            "combined": null,
            "__typename": "CalendarResultsOptionEvent"
          },
          {
            "gender": "W",
            "id": 10229530,
            "name": "Women's Shot Put",
            "combined": null,
            "__typename": "CalendarResultsOptionEvent"
          },
          {
            "gender": "W",
            "id": 10229531,
            "name": "Women's Discus Throw",
            "combined": null,
            "__typename": "CalendarResultsOptionEvent"
          },
          {
            "gender": "W",
            "id": 10229532,
            "name": "Women's Hammer Throw",
            "combined": null,
            "__typename": "CalendarResultsOptionEvent"
          },
          {
            "gender": "W",
            "id": 10229533,
            "name": "Women's Javelin Throw",
            "combined": null,
            "__typename": "CalendarResultsOptionEvent"
          },
          {
            "gender": "W",
            "id": 10229534,
            "name": "Women's Marathon",
            "combined": null,
            "__typename": "CalendarResultsOptionEvent"
          },
          {
            "gender": "W",
            "id": 10229535,
            "name": "Women's 20 Kilometres Race Walk",
            "combined": null,
            "__typename": "CalendarResultsOptionEvent"
          },
          {
            "gender": "W",
            "id": 10229536,
            "name": "Women's Heptathlon",
            "combined": true,
            "__typename": "CalendarResultsOptionEvent"
          },
          {
            "gender": "W",
            "id": 204594,
            "name": "Women's 4x100 Metres Relay",
            "combined": null,
            "__typename": "CalendarResultsOptionEvent"
          },
          {
            "gender": "W",
            "id": 204596,
            "name": "Women's 4x400 Metres Relay",
            "combined": null,
            "__typename": "CalendarResultsOptionEvent"
          },
          {
            "gender": "M",
            "id": 10229630,
            "name": "Men's 100 Metres",
            "combined": null,
            "__typename": "CalendarResultsOptionEvent"
          },
          {
            "gender": "M",
            "id": 10229605,
            "name": "Men's 200 Metres",
            "combined": null,
            "__typename": "CalendarResultsOptionEvent"
          },
          {
            "gender": "M",
            "id": 10229631,
            "name": "Men's 400 Metres",
            "combined": null,
            "__typename": "CalendarResultsOptionEvent"
          },
          {
            "gender": "M",
            "id": 10229501,
            "name": "Men's 800 Metres",
            "combined": null,
            "__typename": "CalendarResultsOptionEvent"
          },
          {
            "gender": "M",
            "id": 10229502,
            "name": "Men's 1500 Metres",
            "combined": null,
            "__typename": "CalendarResultsOptionEvent"
          },
          {
            "gender": "M",
            "id": 10229609,
            "name": "Men's 5000 Metres",
            "combined": null,
            "__typename": "CalendarResultsOptionEvent"
          },
          {
            "gender": "M",
            "id": 10229610,
            "name": "Men's 10,000 Metres",
            "combined": null,
            "__typename": "CalendarResultsOptionEvent"
          },
          {
            "gender": "M",
            "id": 10229611,
            "name": "Men's 110 Metres Hurdles",
            "combined": null,
            "__typename": "CalendarResultsOptionEvent"
          },
          {
            "gender": "M",
            "id": 10229612,
            "name": "Men's 400 Metres Hurdles",
            "combined": null,
            "__typename": "CalendarResultsOptionEvent"
          },
          {
            "gender": "M",
            "id": 10229614,
            "name": "Men's 3000 Metres Steeplechase",
            "combined": null,
            "__typename": "CalendarResultsOptionEvent"
          },
          {
            "gender": "M",
            "id": 10229615,
            "name": "Men's High Jump",
            "combined": null,
            "__typename": "CalendarResultsOptionEvent"
          },
          {
            "gender": "M",
            "id": 10229616,
            "name": "Men's Pole Vault",
            "combined": null,
            "__typename": "CalendarResultsOptionEvent"
          },
          {
            "gender": "M",
            "id": 10229617,
            "name": "Men's Long Jump",
            "combined": null,
            "__typename": "CalendarResultsOptionEvent"
          },
          {
            "gender": "M",
            "id": 10229618,
            "name": "Men's Triple Jump",
            "combined": null,
            "__typename": "CalendarResultsOptionEvent"
          },
          {
            "gender": "M",
            "id": 10229619,
            "name": "Men's Shot Put",
            "combined": null,
            "__typename": "CalendarResultsOptionEvent"
          },
          {
            "gender": "M",
            "id": 10229620,
            "name": "Men's Discus Throw",
            "combined": null,
            "__typename": "CalendarResultsOptionEvent"
          },
          {
            "gender": "M",
            "id": 10229621,
            "name": "Men's Hammer Throw",
            "combined": null,
            "__typename": "CalendarResultsOptionEvent"
          },
          {
            "gender": "M",
            "id": 10229636,
            "name": "Men's Javelin Throw",
            "combined": null,
            "__typename": "CalendarResultsOptionEvent"
          },
          {
            "gender": "M",
            "id": 10229634,
            "name": "Men's Marathon",
            "combined": null,
            "__typename": "CalendarResultsOptionEvent"
          },
          {
            "gender": "M",
            "id": 10229625,
            "name": "Men's 10 Kilometres Race Walk",
            "combined": null,
            "__typename": "CalendarResultsOptionEvent"
          },
          {
            "gender": "M",
            "id": 10229508,
            "name": "Men's 20 Kilometres Race Walk",
            "combined": null,
            "__typename": "CalendarResultsOptionEvent"
          },
          {
            "gender": "M",
            "id": 10229627,
            "name": "Men's 35 Kilometres Race Walk",
            "combined": null,
            "__typename": "CalendarResultsOptionEvent"
          },
          {
            "gender": "M",
            "id": 10229628,
            "name": "Men's 50 Kilometres Race Walk",
            "combined": null,
            "__typename": "CalendarResultsOptionEvent"
          },
          {
            "gender": "M",
            "id": 10229629,
            "name": "Men's Decathlon",
            "combined": true,
            "__typename": "CalendarResultsOptionEvent"
          },
          {
            "gender": "M",
            "id": 204593,
            "name": "Men's 4x100 Metres Relay",
            "combined": null,
            "__typename": "CalendarResultsOptionEvent"
          },
          {
            "gender": "M",
            "id": 204595,
            "name": "Men's 4x400 Metres Relay",
            "combined": null,
            "__typename": "CalendarResultsOptionEvent"
          }
        ],
        "__typename": "CalendarResultsOptions"
      },
      "parameters": {
        "competitionId": 7093747,
        "day": null,
        "eventId": 10229524,
        "__typename": "CalendarResultsParameters"
      },
      "__typename": "CalendarCompetitionResults"
    }
  }
}