{
  "data": {
    "getCalendarCompetitionResults": {
      "competition": {
        "dateRange": "04\u201313 AUG 2017",
        "endDate": "2017-08-13",
        "name": "IAAF World Championships in Athletics",
        "rankingCategory": "OW",
        "startDate": "2017-08-04",
        "venue": "Olympic Stadium, London (GBR)",
        "__typename": "CalendarResultsCompetition"
      },
      "eventTitles": [
        {
          "rankingCategory": "OW",
          "eventTitle": null,
          "events": [
            {
              "event": "Women's Discus Throw",
              "eventId": 10229531,
              "gender": "W",
              "isRelay": false,
              "perResultWind": false,
              "withWind": false,
              "summary": null,
              "races": [
                {
                  "date": "2017-08-13",
                  "day": 10,
                  "race": "Final",
                  "raceId": 10,
                  "raceNumber": 0,
                  "results": [
                    {
                      "competitor": {
                        "teamMembers": null,
                        "id": "bsdau1yo8fhrgpgvy1do5a",
                        "name": "Sandra PERKOVI\u0106",
                        "iaafId": 226369,
                        "urlSlug": "croatia/sandra-elkasevic-14263753",
                        "birthDate": "21 JUN 1990",
                        "hasProfile": true,
                        "__typename": "CalendarResultsCompetitor"
                      },
                      "mark": "70.31",
                      "nationality": "CRO",
                      "place": "1.",
                      "points": null,
                      "qualified": null,
                      "records": "",
                      "wind": null,
                      "remark": null,
                      "details": null,
                      "__typename": "CalendarResultsRaceResult"
                    },
                    {
                      "competitor": {
                        "teamMembers": null,
                        "id": "f0eaibq93k7674c3ktvce",
                        "name": "Dani STEVENS",
                        "iaafId": 196346,
                        "urlSlug": "australia/dani-stevens-014271355",
                        "birthDate": "26 MAY 1988",
                        "hasProfile": true,
                        "__typename": "CalendarResultsCompetitor"
                      },
                      "mark": "69.64",
                      "nationality": "AUS",
                      "place": "2.",
                      "points": null,
                      "qualified": null,
                      "records": "AR",
                      "wind": null,
                      "remark": null,
                      "details": null,
                      "__typename": "CalendarResultsRaceResult"
                    },
                    {
                      "competitor": {
                        "teamMembers": null,
                        "id": "0y9hcwg22169j9woga1p46a",
                        "name": "Melina ROBERT-MICHON",
                        "iaafId": 134650,
                        "urlSlug": "france/melina-robert-michon-14273725",
                        "birthDate": "18 JUL 1979",
                        "hasProfile": true,
                        "__typename": "CalendarResultsCompetitor"
                      },
                      "mark": "66.21",
                      "nationality": "FRA",
                      "place": "3.",
                      "points": null,
                      "qualified": null,
                      "records": "",
                      "wind": null,
                      "remark": null,
                      "details": null,
                      "__typename": "CalendarResultsRaceResult"
                    },
                    {
                      "competitor": {
                        "teamMembers": null,
                        "id": "hbqb46rnd19bg17epkfjq",
                        "name": "Yaim\u00e9 P\u00c9REZ",
                        "iaafId": 234520,
                        "urlSlug": "cuba/yaime-perez-14327290",
                        "birthDate": "29 MAY 1991",
                        "hasProfile": true,
                        "__typename": "CalendarResultsCompetitor"
                      },
                      "mark": "64.82",
                      "nationality": "CUB",
                      "place": "4.",
                      "points": null,
                      "qualified": null,
                      "records": "",
                      "wind": null,
                      "remark": null,
                      "details": null,
                      "__typename": "CalendarResultsRaceResult"
                    },
                    {
                      "competitor": {
                        "teamMembers": null,
                        "id": "v3ppwtls3sr8ou8mj0mapx",
                        "name": "Denia CABALLERO",
                        "iaafId": 241891,
                        "urlSlug": "cuba/denia-caballero-014263657",
                        "birthDate": "13 JAN 1990",
                        "hasProfile": true,
                        "__typename": "CalendarResultsCompetitor"
                      },
                      "mark": "64.37",
                      "nationality": "CUB",
                      "place": "5.",
                      "points": null,
                      "qualified": null,
                      "records": "",
                      "wind": null,
                      "remark": null,
                      "details": null,
                      "__typename": "CalendarResultsRaceResult"
                    },
                    {
                      "competitor": {
                        "teamMembers": null,
                        "id": "wry9krn0xbq1d0kmcrw0r1",
                        "name": "Nadine M\u00dcLLER",
                        "iaafId": 194850,
                        "urlSlug": "germany/nadine-muller-014278999",
                        "birthDate": "21 NOV 1985",
                        "hasProfile": true,
                        "__typename": "CalendarResultsCompetitor"
                      },
                      "mark": "64.13",
                      "nationality": "GER",
                      "place": "6.",
                      "points": null,
                      "qualified": null,
                      "records": "",
                      "wind": null,
                      "remark": null,
                      "details": null,
                      "__typename": "CalendarResultsRaceResult"
                    },
                    {
                      "competitor": {
                        "teamMembers": null,
                        "id": "iqnrulgv8elwgpnmg0a3d8",
                        "name": "Xinyue SU",
                        "iaafId": 234631,
                        "urlSlug": "pr-of-china/xinyue-su-014265301",
                        "birthDate": "08 NOV 1991",
                        "hasProfile": true,
                        "__typename": "CalendarResultsCompetitor"
                      },
                      "mark": "63.37",
                      "nationality": "CHN",
                      "place": "7.",
                      "points": null,
                      "qualified": null,
                      "records": "",
                      "wind": null,
                      "remark": null,
                      "details": null,
                      "__typename": "CalendarResultsRaceResult"
                    },
                    {
                      "competitor": {
                        "teamMembers": null,
                        "id": "avmlw1u7butlor83brywfk",
                        "name": "Bin FENG",
                        "iaafId": 257303,
                        "urlSlug": "pr-of-china/bin-feng-14430151",
                        "birthDate": "03 APR 1994",
                        "hasProfile": true,
                        "__typename": "CalendarResultsCompetitor"
                      },
                      "mark": "61.56",
                      "nationality": "CHN",
                      "place": "8.",
                      "points": null,
                      "qualified": null,
                      "records": "",
                      "wind": null,
                      "remark": null,
                      "details": null,
                      "__typename": "CalendarResultsRaceResult"
                    },
                    {
                      "competitor": {
                        "teamMembers": null,
                        "id": "5588y121fr2hmvydwks7fb",
                        "name": "Julia HARTING",
                        "iaafId": 211594,
                        "urlSlug": "germany/julia-harting-14277574",
                        "birthDate": "01 APR 1990",
                        "hasProfile": true,
                        "__typename": "CalendarResultsCompetitor"
                      },
                      "mark": "61.34",
                      "nationality": "GER",
                      "place": "9.",
                      "points": null,
                      "qualified": null,
                      "records": "",
                      "wind": null,
                      "remark": null,
                      "details": null,
                      "__typename": "CalendarResultsRaceResult"
                    },
                    {
                      "competitor": {
                        "teamMembers": null,
                        "id": "ew78f1cc2obfmaaelr6r3",
                        "name": "Yang CHEN",
                        "iaafId": 256859,
                        "urlSlug": "pr-of-china/yang-chen-014423031",
                        "birthDate": "10 JUL 1991",
                        "hasProfile": true,
                        "__typename": "CalendarResultsCompetitor"
                      },
                      "mark": "61.28",
                      "nationality": "CHN",
                      "place": "10.",
                      "points": null,
                      "qualified": null,
                      "records": "",
                      "wind": null,
                      "remark": null,
                      "details": null,
                      "__typename": "CalendarResultsRaceResult"
                    },
                    {
                      "competitor": {
                        "teamMembers": null,
                        "id": "srgcwt0er6exnn7jzxb4tj",
                        "name": "Andressa DE MORAIS",
                        "iaafId": 241691,
                        "urlSlug": "brazil/andressa-de-morais-14327283",
                        "birthDate": "21 DEC 1990",
                        "hasProfile": true,
                        "__typename": "CalendarResultsCompetitor"
                      },
                      "mark": "60.00",
                      "nationality": "BRA",
                      "place": "11.",
                      "points": null,
                      "qualified": null,
                      "records": "",
                      "wind": null,
                      "remark": null,
                      "details": null,
                      "__typename": "CalendarResultsRaceResult"
                    },
                    {
                      "competitor": {
                        "teamMembers": null,
                        "id": "1l0ekeet2c9rl6ozraviq",
                        "name": "Zinaida SENDRIUT\u0116",
                        "iaafId": 207329,
                        "urlSlug": "lithuania/zinaida-sendriute-014290377",
                        "birthDate": "20 DEC 1984",
                        "hasProfile": true,
                        "__typename": "CalendarResultsCompetitor"
                      },
                      "mark": "NM",
                      "nationality": "LTU",
                      "place": "",
                      "points": null,
                      "qualified": null,
                      "records": "",
                      "wind": null,
                      "remark": null,
                      "details": null,
                      "__typename": "CalendarResultsRaceResult"
                    }
                  ],
                  "startList": null,
                  "wind": null,
                  "__typename": "CalendarResultsRace"
                },
                {
                  "date": "2017-08-11",
                  "day": 8,
                  "race": "Qualification - Group",
                  "raceId": 71,
                  "raceNumber": 1,
                  "results": [
                    {
                      "competitor": {
                        "teamMembers": null,
                        "id": "kda44rkh9efjf1rgphxi8",
                        "name": "Sandra PERKOVI\u0106",
                        "iaafId": 226369,
                        "urlSlug": "croatia/sandra-elkasevic-14263753",
                        "birthDate": "21 JUN 1990",
                        "hasProfile": true,
                        "__typename": "CalendarResultsCompetitor"
                      },
                      "mark": "69.67",
                      "nationality": "CRO",
                      "place": "1.",
                      "points": null,
                      "qualified": false,
                      "records": "",
                      "wind": null,
                      "remark": null,
                      "details": null,
                      "__typename": "CalendarResultsRaceResult"
                    },
                    {
                      "competitor": {
                        "teamMembers": null,
                        "id": "yeu9nnufrx708ftyz32gy",
                        "name": "Denia CABALLERO",
                        "iaafId": 241891,
                        "urlSlug": "cuba/denia-caballero-014263657",
                        "birthDate": "13 JAN 1990",
                        "hasProfile": true,
                        "__typename": "CalendarResultsCompetitor"
                      },
                      "mark": "63.79",
                      "nationality": "CUB",
                      "place": "2.",
                      "points": null,
                      "qualified": false,
                      "records": "",
                      "wind": null,
                      "remark": null,
                      "details": null,
                      "__typename": "CalendarResultsRaceResult"
                    },
                    {
                      "competitor": {
                        "teamMembers": null,
                        "id": "22ccmmnmgamvmkr2b7dm3",
                        "name": "Andressa DE MORAIS",
                        "iaafId": 241691,
                        "urlSlug": "brazil/andressa-de-morais-14327283",
                        "birthDate": "21 DEC 1990",
                        "hasProfile": true,
                        "__typename": "CalendarResultsCompetitor"
                      },
                      "mark": "62.80",
                      "nationality": "BRA",
                      "place": "3.",
                      "points": null,
                      "qualified": false,
                      "records": "",
                      "wind": null,
                      "remark": null,
                      "details": null,
                      "__typename": "CalendarResultsRaceResult"
                    },
                    {
                      "competitor": {
                        "teamMembers": null,
                        "id": "1r522jyeiia0p7x8vg8nevl",
                        "name": "Bin FENG",
                        "iaafId": 257303,
                        "urlSlug": "pr-of-china/bin-feng-14430151",
                        "birthDate": "03 APR 1994",
                        "hasProfile": true,
                        "__typename": "CalendarResultsCompetitor"
                      },
                      "mark": "62.48",
                      "nationality": "CHN",
                      "place": "4.",
                      "points": null,
                      "qualified": false,
                      "records": "",
                      "wind": null,
                      "remark": null,
                      "details": null,
                      "__typename": "CalendarResultsRaceResult"
                    },
                    {
                      "competitor": {
                        "teamMembers": null,
                        "id": "46pv4je61vofdl3hef15so",
                        "name": "Julia HARTING",
                        "iaafId": 211594,
                        "urlSlug": "germany/julia-harting-14277574",
                        "birthDate": "01 APR 1990",
                        "hasProfile": true,
                        "__typename": "CalendarResultsCompetitor"
                      },
                      "mark": "61.70",
                      "nationality": "GER",
                      "place": "5.",
                      "points": null,
                      "qualified": false,
                      "records": "",
                      "wind": null,
                      "remark": null,
                      "details": null,
                      "__typename": "CalendarResultsRaceResult"
                    },
                    {
                      "competitor": {
                        "teamMembers": null,
                        "id": "sordd1p98met7qzawb14mo",
                        "name": "Anna R\u00dcH",
                        "iaafId": 255813,
                        "urlSlug": "germany/anna-ruh-014363165",
                        "birthDate": "17 JUN 1993",
                        "hasProfile": true,
                        "__typename": "CalendarResultsCompetitor"
                      },
                      "mark": "60.78",
                      "nationality": "GER",
                      "place": "6.",
                      "points": null,
                      "qualified": null,
                      "records": "",
                      "wind": null,
                      "remark": null,
                      "details": null,
                      "__typename": "CalendarResultsRaceResult"
                    },
                    {
                      "competitor": {
                        "teamMembers": null,
                        "id": "bmetkn9vp959lou9vvs13g",
                        "name": "Gia LEWIS-SMALLWOOD",
                        "iaafId": 186437,
                        "urlSlug": "united-states/gia-lewis-smallwood-014315338",
                        "birthDate": "01 APR 1979",
                        "hasProfile": true,
                        "__typename": "CalendarResultsCompetitor"
                      },
                      "mark": "58.15",
                      "nationality": "USA",
                      "place": "7.",
                      "points": null,
                      "qualified": null,
                      "records": "",
                      "wind": null,
                      "remark": null,
                      "details": null,
                      "__typename": "CalendarResultsRaceResult"
                    },
                    {
                      "competitor": {
                        "teamMembers": null,
                        "id": "b9zyijz5tzgfj32xcydmrb",
                        "name": "Jade LALLY",
                        "iaafId": 249937,
                        "urlSlug": "great-britain-ni/jade-lally-14275909",
                        "birthDate": "30 MAR 1987",
                        "hasProfile": true,
                        "__typename": "CalendarResultsCompetitor"
                      },
                      "mark": "57.71",
                      "nationality": "GBR",
                      "place": "8.",
                      "points": null,
                      "qualified": null,
                      "records": "",
                      "wind": null,
                      "remark": null,
                      "details": null,
                      "__typename": "CalendarResultsRaceResult"
                    },
                    {
                      "competitor": {
                        "teamMembers": null,
                        "id": "iumlb9v5qok1sfyrzvoig8",
                        "name": "Sabina ASENJO",
                        "iaafId": 258378,
                        "urlSlug": "spain/sabina-asenjo-014262064",
                        "birthDate": "03 AUG 1986",
                        "hasProfile": true,
                        "__typename": "CalendarResultsCompetitor"
                      },
                      "mark": "57.00",
                      "nationality": "ESP",
                      "place": "9.",
                      "points": null,
                      "qualified": null,
                      "records": "",
                      "wind": null,
                      "remark": null,
                      "details": null,
                      "__typename": "CalendarResultsRaceResult"
                    },
                    {
                      "competitor": {
                        "teamMembers": null,
                        "id": "7jj51z2vfhc1nluroqv80vi",
                        "name": "Chrysoula ANAGNOSTOPOULOU",
                        "iaafId": 236700,
                        "urlSlug": "greece/chrysoula-anagnostopoulou-14280490",
                        "birthDate": "27 AUG 1991",
                        "hasProfile": true,
                        "__typename": "CalendarResultsCompetitor"
                      },
                      "mark": "56.91",
                      "nationality": "GRE",
                      "place": "10.",
                      "points": null,
                      "qualified": null,
                      "records": "",
                      "wind": null,
                      "remark": null,
                      "details": null,
                      "__typename": "CalendarResultsRaceResult"
                    },
                    {
                      "competitor": {
                        "teamMembers": null,
                        "id": "esm001av2dvodwx18sj06",
                        "name": "Kellion KNIBB",
                        "iaafId": 271043,
                        "urlSlug": "jamaica/kellion-knibb-014413519",
                        "birthDate": "25 DEC 1993",
                        "hasProfile": true,
                        "__typename": "CalendarResultsCompetitor"
                      },
                      "mark": "56.73",
                      "nationality": "JAM",
                      "place": "11.",
                      "points": null,
                      "qualified": null,
                      "records": "",
                      "wind": null,
                      "remark": null,
                      "details": null,
                      "__typename": "CalendarResultsRaceResult"
                    },
                    {
                      "competitor": {
                        "teamMembers": null,
                        "id": "7ix2ec4i7hv7ix4cho3qgl",
                        "name": "Anita M\u00c1RTON",
                        "iaafId": 203076,
                        "urlSlug": "hungary/anita-marton-14282022",
                        "birthDate": "15 JAN 1989",
                        "hasProfile": true,
                        "__typename": "CalendarResultsCompetitor"
                      },
                      "mark": "55.96",
                      "nationality": "HUN",
                      "place": "12.",
                      "points": null,
                      "qualified": null,
                      "records": "",
                      "wind": null,
                      "remark": null,
                      "details": null,
                      "__typename": "CalendarResultsRaceResult"
                    },
                    {
                      "competitor": {
                        "teamMembers": null,
                        "id": "o3fwwcid6rku3hn9xycn",
                        "name": "Nataliya SEMENOVA",
                        "iaafId": 180231,
                        "urlSlug": "ukraine/nataliya-semenova-014303569",
                        "birthDate": "07 JUL 1982",
                        "hasProfile": true,
                        "__typename": "CalendarResultsCompetitor"
                      },
                      "mark": "55.83",
                      "nationality": "UKR",
                      "place": "13.",
                      "points": null,
                      "qualified": null,
                      "records": "",
                      "wind": null,
                      "remark": null,
                      "details": null,
                      "__typename": "CalendarResultsRaceResult"
                    },
                    {
                      "competitor": {
                        "teamMembers": null,
                        "id": "mzxcxcrgtqlnpqugvbi8n",
                        "name": "Taryn GOLLSHEWSKY",
                        "iaafId": 249184,
                        "urlSlug": "australia/taryn-gollshewsky-14272049",
                        "birthDate": "18 MAY 1993",
                        "hasProfile": true,
                        "__typename": "CalendarResultsCompetitor"
                      },
                      "mark": "54.29",
                      "nationality": "AUS",
                      "place": "14.",
                      "points": null,
                      "qualified": null,
                      "records": "",
                      "wind": null,
                      "remark": null,
                      "details": null,
                      "__typename": "CalendarResultsRaceResult"
                    },
                    {
                      "competitor": {
                        "teamMembers": null,
                        "id": "ksefofbocxg4wx3fekqlan",
                        "name": "Tara-Sue BARNETT",
                        "iaafId": 262780,
                        "urlSlug": "jamaica/tara-sue-barnett-014520332",
                        "birthDate": "09 OCT 1993",
                        "hasProfile": true,
                        "__typename": "CalendarResultsCompetitor"
                      },
                      "mark": "NM",
                      "nationality": "JAM",
                      "place": "",
                      "points": null,
                      "qualified": null,
                      "records": "",
                      "wind": null,
                      "remark": null,
                      "details": null,
                      "__typename": "CalendarResultsRaceResult"
                    }
                  ],
                  "startList": null,
                  "wind": null,
                  "__typename": "CalendarResultsRace"
                },
                {
                  "date": "2017-08-11",
                  "day": 8,
                  "race": "Qualification - Group",
                  "raceId": 71,
                  "raceNumber": 2,
                  "results": [
                    {
                      "competitor": {
                        "teamMembers": null,
                        "id": "tf6gi9ziugzdwqbdahmdd",
                        "name": "Yaim\u00e9 P\u00c9REZ",
                        "iaafId": 234520,
                        "urlSlug": "cuba/yaime-perez-14327290",
                        "birthDate": "29 MAY 1991",
                        "hasProfile": true,
                        "__typename": "CalendarResultsCompetitor"
                      },
                      "mark": "65.58",
                      "nationality": "CUB",
                      "place": "1.",
                      "points": null,
                      "qualified": false,
                      "records": "",
                      "wind": null,
                      "remark": null,
                      "details": null,
                      "__typename": "CalendarResultsRaceResult"
                    },
                    {
                      "competitor": {
                        "teamMembers": null,
                        "id": "10ihlwsa121n8bpluouhl06",
                        "name": "Dani STEVENS",
                        "iaafId": 196346,
                        "urlSlug": "australia/dani-stevens-014271355",
                        "birthDate": "26 MAY 1988",
                        "hasProfile": true,
                        "__typename": "CalendarResultsCompetitor"
                      },
                      "mark": "65.56",
                      "nationality": "AUS",
                      "place": "2.",
                      "points": null,
                      "qualified": false,
                      "records": "",
                      "wind": null,
                      "remark": null,
                      "details": null,
                      "__typename": "CalendarResultsRaceResult"
                    },
                    {
                      "competitor": {
                        "teamMembers": null,
                        "id": "p76grfn4hce6sh80ukq3s",
                        "name": "Melina ROBERT-MICHON",
                        "iaafId": 134650,
                        "urlSlug": "france/melina-robert-michon-14273725",
                        "birthDate": "18 JUL 1979",
                        "hasProfile": true,
                        "__typename": "CalendarResultsCompetitor"
                      },
                      "mark": "63.97",
                      "nationality": "FRA",
                      "place": "3.",
                      "points": null,
                      "qualified": false,
                      "records": "",
                      "wind": null,
                      "remark": null,
                      "details": null,
                      "__typename": "CalendarResultsRaceResult"
                    },
                    {
                      "competitor": {
                        "teamMembers": null,
                        "id": "68t2ejnkxccesyipotnp5",
                        "name": "Nadine M\u00dcLLER",
                        "iaafId": 194850,
                        "urlSlug": "germany/nadine-muller-014278999",
                        "birthDate": "21 NOV 1985",
                        "hasProfile": true,
                        "__typename": "CalendarResultsCompetitor"
                      },
                      "mark": "63.35",
                      "nationality": "GER",
                      "place": "4.",
                      "points": null,
                      "qualified": false,
                      "records": "",
                      "wind": null,
                      "remark": null,
                      "details": null,
                      "__typename": "CalendarResultsRaceResult"
                    },
                    {
                      "competitor": {
                        "teamMembers": null,
                        "id": "8uw872utp9kfbcbiqrirmr",
                        "name": "Xinyue SU",
                        "iaafId": 234631,
                        "urlSlug": "pr-of-china/xinyue-su-014265301",
                        "birthDate": "08 NOV 1991",
                        "hasProfile": true,
                        "__typename": "CalendarResultsCompetitor"
                      },
                      "mark": "63.00",
                      "nationality": "CHN",
                      "place": "5.",
                      "points": null,
                      "qualified": false,
                      "records": "",
                      "wind": null,
                      "remark": null,
                      "details": null,
                      "__typename": "CalendarResultsRaceResult"
                    },
                    {
                      "competitor": {
                        "teamMembers": null,
                        "id": "ci6fg3tohwqrdwwj4h7t5h",
                        "name": "Yang CHEN",
                        "iaafId": 256859,
                        "urlSlug": "pr-of-china/yang-chen-014423031",
                        "birthDate": "10 JUL 1991",
                        "hasProfile": true,
                        "__typename": "CalendarResultsCompetitor"
                      },
                      "mark": "62.71",
                      "nationality": "CHN",
                      "place": "6.",
                      "points": null,
                      "qualified": false,
                      "records": "",
                      "wind": null,
                      "remark": null,
                      "details": null,
                      "__typename": "CalendarResultsRaceResult"
                    },
                    {
                      "competitor": {
                        "teamMembers": null,
                        "id": "heh9bhqzqq7hye47dmgmi",
                        "name": "Zinaida SENDRIUT\u0116",
                        "iaafId": 207329,
                        "urlSlug": "lithuania/zinaida-sendriute-014290377",
                        "birthDate": "20 DEC 1984",
                        "hasProfile": true,
                        "__typename": "CalendarResultsCompetitor"
                      },
                      "mark": "61.48",
                      "nationality": "LTU",
                      "place": "7.",
                      "points": null,
                      "qualified": false,
                      "records": "",
                      "wind": null,
                      "remark": null,
                      "details": null,
                      "__typename": "CalendarResultsRaceResult"
                    },
                    {
                      "competitor": {
                        "teamMembers": null,
                        "id": "0dot0j9um3zcbsyw0xvii5g",
                        "name": "Whitney ASHLEY",
                        "iaafId": 265051,
                        "urlSlug": "united-states/whitney-ashley-014325880",
                        "birthDate": "18 FEB 1989",
                        "hasProfile": true,
                        "__typename": "CalendarResultsCompetitor"
                      },
                      "mark": "60.94",
                      "nationality": "USA",
                      "place": "8.",
                      "points": null,
                      "qualified": null,
                      "records": "",
                      "wind": null,
                      "remark": null,
                      "details": null,
                      "__typename": "CalendarResultsRaceResult"
                    },
                    {
                      "competitor": {
                        "teamMembers": null,
                        "id": "pd9nxgkyx7lu3vhrp1gicm",
                        "name": "Shadae LAWRENCE",
                        "iaafId": 290296,
                        "urlSlug": "jamaica/shadae-lawrence-14574688",
                        "birthDate": "31 DEC 1995",
                        "hasProfile": true,
                        "__typename": "CalendarResultsCompetitor"
                      },
                      "mark": "59.25",
                      "nationality": "JAM",
                      "place": "9.",
                      "points": null,
                      "qualified": null,
                      "records": "",
                      "wind": null,
                      "remark": null,
                      "details": null,
                      "__typename": "CalendarResultsRaceResult"
                    },
                    {
                      "competitor": {
                        "teamMembers": null,
                        "id": "nj4stzgrwysmfge2e3i1n",
                        "name": "Fernanda MARTINS",
                        "iaafId": 241692,
                        "urlSlug": "brazil/fernanda-martins-14269404",
                        "birthDate": "26 JUL 1988",
                        "hasProfile": true,
                        "__typename": "CalendarResultsCompetitor"
                      },
                      "mark": "58.51",
                      "nationality": "BRA",
                      "place": "10.",
                      "points": null,
                      "qualified": null,
                      "records": "",
                      "wind": null,
                      "remark": null,
                      "details": null,
                      "__typename": "CalendarResultsRaceResult"
                    },
                    {
                      "competitor": {
                        "teamMembers": null,
                        "id": "ak5zl8klf4b9jb95c8aknh",
                        "name": "Dragana TOMA\u0160EVI\u0106",
                        "iaafId": 189020,
                        "urlSlug": "serbia/dragana-tomasevic-014300434",
                        "birthDate": "04 JUN 1982",
                        "hasProfile": true,
                        "__typename": "CalendarResultsCompetitor"
                      },
                      "mark": "57.78",
                      "nationality": "SRB",
                      "place": "11.",
                      "points": null,
                      "qualified": null,
                      "records": "",
                      "wind": null,
                      "remark": null,
                      "details": null,
                      "__typename": "CalendarResultsRaceResult"
                    },
                    {
                      "competitor": {
                        "teamMembers": null,
                        "id": "o1cg86k8j2mv9u26x01x9",
                        "name": "Irina RODRIGUES",
                        "iaafId": 236768,
                        "urlSlug": "portugal/irina-rodrigues-14295066",
                        "birthDate": "05 FEB 1991",
                        "hasProfile": true,
                        "__typename": "CalendarResultsCompetitor"
                      },
                      "mark": "56.98",
                      "nationality": "POR",
                      "place": "12.",
                      "points": null,
                      "qualified": null,
                      "records": "",
                      "wind": null,
                      "remark": null,
                      "details": null,
                      "__typename": "CalendarResultsRaceResult"
                    },
                    {
                      "competitor": {
                        "teamMembers": null,
                        "id": "yi8sf5y4xc1mycg39fgcy",
                        "name": "Subenrat INSAENG",
                        "iaafId": 256547,
                        "urlSlug": "thailand/subenrat-insaeng-14424032",
                        "birthDate": "10 FEB 1994",
                        "hasProfile": true,
                        "__typename": "CalendarResultsCompetitor"
                      },
                      "mark": "55.16",
                      "nationality": "THA",
                      "place": "13.",
                      "points": null,
                      "qualified": null,
                      "records": "",
                      "wind": null,
                      "remark": null,
                      "details": null,
                      "__typename": "CalendarResultsRaceResult"
                    },
                    {
                      "competitor": {
                        "teamMembers": null,
                        "id": "bobbbk4hutbdreil8h3vc",
                        "name": "Valarie ALLMAN",
                        "iaafId": 266658,
                        "urlSlug": "united-states/valarie-allman-14479216",
                        "birthDate": "23 FEB 1995",
                        "hasProfile": true,
                        "__typename": "CalendarResultsCompetitor"
                      },
                      "mark": "53.85",
                      "nationality": "USA",
                      "place": "14.",
                      "points": null,
                      "qualified": null,
                      "records": "",
                      "wind": null,
                      "remark": null,
                      "details": null,
                      "__typename": "CalendarResultsRaceResult"
                    },
                    {
                      "competitor": {
                        "teamMembers": null,
                        "id": "pabh50yn263m28oalsyhz",
                        "name": "Karen GALLARDO",
                        "iaafId": 230738,
                        "urlSlug": "chile/karen-gallardo-14266851",
                        "birthDate": "06 MAR 1984",
                        "hasProfile": true,
                        "__typename": "CalendarResultsCompetitor"
                      },
                      "mark": "52.81",
                      "nationality": "CHI",
                      "place": "15.",
                      "points": null,
                      "qualified": null,
                      "records": "",
                      "wind": null,
                      "remark": null,
                      "details": null,
                      "__typename": "CalendarResultsRaceResult"
                    }
                  ],
                  "startList": null,
                  "wind": null,
                  "__typename": "CalendarResultsRace"
                }
              ],
              "__typename": "CalendarResultsEvent"
            }
          ],
          "__typename": "CalendarResultsEventTitle"
        }
      ],
      "options": {
        "days": [
          {
            "date": "04 AUG 2017",
            "day": 1,
            "__typename": "CalendarResultsOptionsDay"
          },
          {
            "date": "05 AUG 2017",
            "day": 2,
            "__typename": "CalendarResultsOptionsDay"
          },
          {
            "date": "06 AUG 2017",
            "day": 3,
            "__typename": "CalendarResultsOptionsDay"
          },
          {
            "date": "07 AUG 2017",
            "day": 4,
            "__typename": "CalendarResultsOptionsDay"
          },
          {
            "date": "08 AUG 2017",
            "day": 5,
            "__typename": "CalendarResultsOptionsDay"
          },
          {
            "date": "09 AUG 2017",
            "day": 6,
            "__typename": "CalendarResultsOptionsDay"
          },
          {
            "date": "10 AUG 2017",
            "day": 7,
            "__typename": "CalendarResultsOptionsDay"
          },
          {
            "date": "11 AUG 2017",
            "day": 8,
            "__typename": "CalendarResultsOptionsDay"
          },
          {
            "date": "12 AUG 2017",
            "day": 9,
            "__typename": "CalendarResultsOptionsDay"
          },
          {
            "date": "13 AUG 2017",
            "day": 10,
            "__typename": "CalendarResultsOptionsDay"
          }
        ],
        "events": [
          {
            "gender": "W",
            "id": 10229509,
            "name": "Women's 100 Metres",
            "combined": null,
            "__typename": "CalendarResultsOptionEvent"
          },
          {
            "gender": "W",
            "id": 10229510,
            "name": "Women's 200 Metres",
            "combined": null,
            "__typename": "CalendarResultsOptionEvent"
          },
          {
            "gender": "W",
            "id": 10229511,
            "name": "Women's 400 Metres",
            "combined": null,
            "__typename": "CalendarResultsOptionEvent"
          },
          {
            "gender": "W",
            "id": 10229512,
            "name": "Women's 800 Metres",
            "combined": null,
            "__typename": "CalendarResultsOptionEvent"
          },
          {
            "gender": "W",
            "id": 10229513,
            "name": "Women's 1500 Metres",
            "combined": null,
            "__typename": "CalendarResultsOptionEvent"
          },
          {
            "gender": "W",
            "id": 10229519,
            "name": "Women's 3000 Metres",
            "combined": null,
            "__typename": "CalendarResultsOptionEvent"
          },
          {
            "gender": "W",
            "id": 10229514,
            "name": "Women's 5000 Metres",
            "combined": null,
            "__typename": "CalendarResultsOptionEvent"
          },
          {
            "gender": "W",
            "id": 10229521,
            "name": "Women's 10,000 Metres",
            "combined": null,
            "__typename": "CalendarResultsOptionEvent"
          },
          {
            "gender": "W",
            "id": 10229522,
            "name": "Women's 100 Metres Hurdles",
            "combined": null,
            "__typename": "CalendarResultsOptionEvent"
          },
          {
            "gender": "W",
            "id": 10229523,
            "name": "Women's 400 Metres Hurdles",
            "combined": null,
            "__typename": "CalendarResultsOptionEvent"
          },
          {
            "gender": "W",
            "id": 10229524,
            "name": "Women's 3000 Metres Steeplechase",
            "combined": null,
            "__typename": "CalendarResultsOptionEvent"
          },
          {
            "gender": "W",
            "id": 10229526,
            "name": "Women's High Jump",
            "combined": null,
            "__typename": "CalendarResultsOptionEvent"
          },
          {
            "gender": "W",
            "id": 10229527,
            "name": "Women's Pole Vault",
            "combined": null,
            "__typename": "CalendarResultsOptionEvent"
          },
          {
            "gender": "W",
            "id": 10229528,
            "name": "Women's Long Jump",
            "combined": null,
            "__typename": "CalendarResultsOptionEvent"
          },
          {
            "gender": "W",
            "id": 10229529,
            "name": "Women's Triple Jump",
            "combined": null,
            "__typename": "CalendarResultsOptionEvent"
          },
          {
            "gender": "W",
            "id": 10229530,
            "name": "Women's Shot Put",
            "combined": null,
            "__typename": "CalendarResultsOptionEvent"
          },
          {
            "gender": "W",
            "id": 10229531,
            "name": "Women's Discus Throw",
            "combined": null,
            "__typename": "CalendarResultsOptionEvent"
          },
          {
            "gender": "W",
            "id": 10229532,
            "name": "Women's Hammer Throw",
            "combined": null,
            "__typename": "CalendarResultsOptionEvent"
          },
          {
            "gender": "W",
            "id": 10229533,
            "name": "Women's Javelin Throw",
            "combined": null,
            "__typename": "CalendarResultsOptionEvent"
          },
          {
            "gender": "W",
            "id": 10229541,
            "name": "Women's Half Marathon",
            "combined": null,
            "__typename": "CalendarResultsOptionEvent"
          },
          {
            "gender": "W",
            "id": 10229534,
            "name": "Women's Marathon",
            "combined": null,
            "__typename": "CalendarResultsOptionEvent"
          },
          {
            "gender": "W",
            "id": 10229547,
            "name": "Women's 10 Kilometres Race Walk",
            "combined": null,
            "__typename": "CalendarResultsOptionEvent"
          },
          {
            "gender": "W",
            "id": 10229535,
            "name": "Women's 20 Kilometres Race Walk",
            "combined": null,
            "__typename": "CalendarResultsOptionEvent"
          },
          {
            "gender": "W",
            "id": 10229603,
            "name": "Women's 50 Kilometres Race Walk",
            "combined": null,
            "__typename": "CalendarResultsOptionEvent"
          },
          {
            "gender": "W",
            "id": 10229536,
            "name": "Women's Heptathlon",
            "combined": true,
            "__typename": "CalendarResultsOptionEvent"
          },
          {
            "gender": "W",
            "id": 204594,
            "name": "Women's 4x100 Metres Relay",
            "combined": null,
            "__typename": "CalendarResultsOptionEvent"
          },
          {
            "gender": "W",
            "id": 204596,
            "name": "Women's 4x400 Metres Relay",
            "combined": null,
            "__typename": "CalendarResultsOptionEvent"
          },
          {
            "gender": "M",
            "id": 10229630,
            "name": "Men's 100 Metres",
            "combined": null,
            "__typename": "CalendarResultsOptionEvent"
          },
          {
            "gender": "M",
            "id": 10229605,
            "name": "Men's 200 Metres",
            "combined": null,
            "__typename": "CalendarResultsOptionEvent"
          },
          {
            "gender": "M",
            "id": 10229631,
            "name": "Men's 400 Metres",
            "combined": null,
            "__typename": "CalendarResultsOptionEvent"
          },
          {
            "gender": "M",
            "id": 10229501,
            "name": "Men's 800 Metres",
            "combined": null,
            "__typename": "CalendarResultsOptionEvent"
          },
          {
            "gender": "M",
            "id": 10229502,
            "name": "Men's 1500 Metres",
            "combined": null,
            "__typename": "CalendarResultsOptionEvent"
          },
          {
            "gender": "M",
            "id": 10229609,
            "name": "Men's 5000 Metres",
            "combined": null,
            "__typename": "CalendarResultsOptionEvent"
          },
          {
            "gender": "M",
            "id": 10229610,
            "name": "Men's 10,000 Metres",
            "combined": null,
            "__typename": "CalendarResultsOptionEvent"
          },
          {
            "gender": "M",
            "id": 10229611,
            "name": "Men's 110 Metres Hurdles",
            "combined": null,
            "__typename": "CalendarResultsOptionEvent"
          },
          {
            "gender": "M",
            "id": 10229612,
            "name": "Men's 400 Metres Hurdles",
            "combined": null,
            "__typename": "CalendarResultsOptionEvent"
          },
          {
            "gender": "M",
            "id": 10229614,
            "name": "Men's 3000 Metres Steeplechase",
            "combined": null,
            "__typename": "CalendarResultsOptionEvent"
          },
          {
            "gender": "M",
            "id": 10229615,
            "name": "Men's High Jump",
            "combined": null,
            "__typename": "CalendarResultsOptionEvent"
          },
          {
            "gender": "M",
            "id": 10229616,
            "name": "Men's Pole Vault",
            "combined": null,
            "__typename": "CalendarResultsOptionEvent"
          },
          {
            "gender": "M",
            "id": 10229617,
            "name": "Men's Long Jump",
            "combined": null,
            "__typename": "CalendarResultsOptionEvent"
          },
          {
            "gender": "M",
            "id": 10229618,
            "name": "Men's Triple Jump",
            "combined": null,
            "__typename": "CalendarResultsOptionEvent"
          },
          {
            "gender": "M",
            "id": 10229619,
            "name": "Men's Shot Put",
            "combined": null,
            "__typename": "CalendarResultsOptionEvent"
          },
          {
            "gender": "M",
            "id": 10229620,
            "name": "Men's Discus Throw",
            "combined": null,
            "__typename": "CalendarResultsOptionEvent"
          },
          {
            "gender": "M",
            "id": 10229621,
            "name": "Men's Hammer Throw",
            "combined": null,
            "__typename": "CalendarResultsOptionEvent"
          },
          {
            "gender": "M",
            "id": 10229636,
            "name": "Men's Javelin Throw",
            "combined": null,
            "__typename": "CalendarResultsOptionEvent"
          },
          {
            "gender": "M",
            "id": 10229634,
            "name": "Men's Marathon",
            "combined": null,
            "__typename": "CalendarResultsOptionEvent"
          },
          {
            "gender": "M",
            "id": 10229625,
            "name": "Men's 10 Kilometres Race Walk",
            "combined": null,
            "__typename": "CalendarResultsOptionEvent"
          },
          {
            "gender": "M",
            "id": 10229508,
            "name": "Men's 20 Kilometres Race Walk",
            "combined": null,
            "__typename": "CalendarResultsOptionEvent"
          },
          {
            "gender": "M",
            "id": 10229628,
            "name": "Men's 50 Kilometres Race Walk",
            "combined": null,
            "__typename": "CalendarResultsOptionEvent"
          },
          {
            "gender": "M",
            "id": 10229629,
            "name": "Men's Decathlon",
            "combined": true,
            "__typename": "CalendarResultsOptionEvent"
          },
          {
            "gender": "M",
            "id": 204593,
            "name": "Men's 4x100 Metres Relay",
            "combined": null,
            "__typename": "CalendarResultsOptionEvent"
          },
          {
            "gender": "M",
            "id": 204595,
            "name": "Men's 4x400 Metres Relay",
            "combined": null,
            "__typename": "CalendarResultsOptionEvent"
          }
        ],
        "__typename": "CalendarResultsOptions"
      },
      "parameters": {
        "competitionId": 7093740,
        "day": null,
        "eventId": 10229531,
        "__typename": "CalendarResultsParameters"
      },
      "__typename": "CalendarCompetitionResults"
    }
  }
}