{
  "data": {
    "getCalendarCompetitionResults": {
      "competition": {
        "dateRange": "04\u201313 AUG 2017",
        "endDate": "2017-08-13",
        "name": "IAAF World Championships in Athletics",
        "rankingCategory": "OW",
        "startDate": "2017-08-04",
        "venue": "Olympic Stadium, London (GBR)",
        "__typename": "CalendarResultsCompetition"
      },
      "eventTitles": [
        {
          "rankingCategory": "OW",
          "eventTitle": null,
          "events": [
            {
              "event": "Men's Javelin Throw",
              "eventId": 10229636,
              "gender": "M",
              "isRelay": false,
              "perResultWind": false,
              "withWind": false,
              "summary": null,
              "races": [
                {
                  "date": "2017-08-12",
                  "day": 9,
                  "race": "Final",
                  "raceId": 10,
                  "raceNumber": 0,
                  "results": [
                    {
                      "competitor": {
                        "teamMembers": null,
                        "id": "nwpqebxp59ig42cx04lb",
                        "name": "Johannes VETTER",
                        "iaafId": 261302,
                        "urlSlug": "germany/johannes-vetter-14408144",
                        "birthDate": "26 MAR 1993",
                        "hasProfile": true,
                        "__typename": "CalendarResultsCompetitor"
                      },
                      "mark": "89.89",
                      "nationality": "GER",
                      "place": "1.",
                      "points": null,
                      "qualified": null,
                      "records": "",
                      "wind": null,
                      "remark": null,
                      "details": null,
                      "__typename": "CalendarResultsRaceResult"
                    },
                    {
                      "competitor": {
                        "teamMembers": null,
                        "id": "4hoszkudoc520iobf4q32q",
                        "name": "Jakub VADLEJCH",
                        "iaafId": 236387,
                        "urlSlug": "czech-republic/jakub-vadlejch-14168152",
                        "birthDate": "10 OCT 1990",
                        "hasProfile": true,
                        "__typename": "CalendarResultsCompetitor"
                      },
                      "mark": "89.73",
                      "nationality": "CZE",
                      "place": "2.",
                      "points": null,
                      "qualified": null,
                      "records": "",
                      "wind": null,
                      "remark": null,
                      "details": null,
                      "__typename": "CalendarResultsRaceResult"
                    },
                    {
                      "competitor": {
                        "teamMembers": null,
                        "id": "u0rs5ch700qpqq7ibu4qdr",
                        "name": "Petr FRYDRYCH",
                        "iaafId": 207685,
                        "urlSlug": "czech-republic/petr-frydrych-014168938",
                        "birthDate": "13 JAN 1988",
                        "hasProfile": true,
                        "__typename": "CalendarResultsCompetitor"
                      },
                      "mark": "88.32",
                      "nationality": "CZE",
                      "place": "3.",
                      "points": null,
                      "qualified": null,
                      "records": "",
                      "wind": null,
                      "remark": null,
                      "details": null,
                      "__typename": "CalendarResultsRaceResult"
                    },
                    {
                      "competitor": {
                        "teamMembers": null,
                        "id": "0sohsy3oevcskt44tm7mxr",
                        "name": "Thomas R\u00d6HLER",
                        "iaafId": 255897,
                        "urlSlug": "germany/thomas-rohler-14379257",
                        "birthDate": "30 SEP 1991",
                        "hasProfile": true,
                        "__typename": "CalendarResultsCompetitor"
                      },
                      "mark": "88.26",
                      "nationality": "GER",
                      "place": "4.",
                      "points": null,
                      "qualified": null,
                      "records": "",
                      "wind": null,
                      "remark": null,
                      "details": null,
                      "__typename": "CalendarResultsRaceResult"
                    },
                    {
                      "competitor": {
                        "teamMembers": null,
                        "id": "8ptg3ugt23gki21iolm7br",
                        "name": "Tero PITK\u00c4M\u00c4KI",
                        "iaafId": 177485,
                        "urlSlug": "finland/tero-pitkamaki-014182408",
                        "birthDate": "19 DEC 1982",
                        "hasProfile": true,
                        "__typename": "CalendarResultsCompetitor"
                      },
                      "mark": "86.94",
                      "nationality": "FIN",
                      "place": "5.",
                      "points": null,
                      "qualified": null,
                      "records": "",
                      "wind": null,
                      "remark": null,
                      "details": null,
                      "__typename": "CalendarResultsRaceResult"
                    },
                    {
                      "competitor": {
                        "teamMembers": null,
                        "id": "d6s36soxy8255yjpp431n",
                        "name": "Ioannis KYRIAZIS",
                        "iaafId": 273788,
                        "urlSlug": "greece/ioannis-kyriazis-14535439",
                        "birthDate": "19 JAN 1996",
                        "hasProfile": true,
                        "__typename": "CalendarResultsCompetitor"
                      },
                      "mark": "84.52",
                      "nationality": "GRE",
                      "place": "6.",
                      "points": null,
                      "qualified": null,
                      "records": "",
                      "wind": null,
                      "remark": null,
                      "details": null,
                      "__typename": "CalendarResultsRaceResult"
                    },
                    {
                      "competitor": {
                        "teamMembers": null,
                        "id": "r3g5cscystb4hwpvrbilc",
                        "name": "Keshorn WALCOTT",
                        "iaafId": 249321,
                        "urlSlug": "trinidad-and-tobago/keshorn-walcott-14376122",
                        "birthDate": "02 APR 1993",
                        "hasProfile": true,
                        "__typename": "CalendarResultsCompetitor"
                      },
                      "mark": "84.48",
                      "nationality": "TTO",
                      "place": "7.",
                      "points": null,
                      "qualified": null,
                      "records": "",
                      "wind": null,
                      "remark": null,
                      "details": null,
                      "__typename": "CalendarResultsRaceResult"
                    },
                    {
                      "competitor": {
                        "teamMembers": null,
                        "id": "p9w19bc5uvntree4rdl7ec",
                        "name": "Andreas HOFMANN",
                        "iaafId": 244305,
                        "urlSlug": "germany/andreas-hofmann-14372011",
                        "birthDate": "16 DEC 1991",
                        "hasProfile": true,
                        "__typename": "CalendarResultsCompetitor"
                      },
                      "mark": "83.98",
                      "nationality": "GER",
                      "place": "8.",
                      "points": null,
                      "qualified": null,
                      "records": "",
                      "wind": null,
                      "remark": null,
                      "details": null,
                      "__typename": "CalendarResultsRaceResult"
                    },
                    {
                      "competitor": {
                        "teamMembers": null,
                        "id": "rohs4rddoqfsb16uot72m",
                        "name": "Marcin KRUKOWSKI",
                        "iaafId": 247690,
                        "urlSlug": "poland/marcin-krukowski-14336191",
                        "birthDate": "14 JUN 1992",
                        "hasProfile": true,
                        "__typename": "CalendarResultsCompetitor"
                      },
                      "mark": "82.01",
                      "nationality": "POL",
                      "place": "9.",
                      "points": null,
                      "qualified": null,
                      "records": "",
                      "wind": null,
                      "remark": null,
                      "details": null,
                      "__typename": "CalendarResultsRaceResult"
                    },
                    {
                      "competitor": {
                        "teamMembers": null,
                        "id": "vyn1lb7a5h979x1dm2nl5q",
                        "name": "Ahmed Bader MAGOUR",
                        "iaafId": 303587,
                        "urlSlug": "qatar/ahmed-bader-magour-14709346",
                        "birthDate": "03 MAR 1996",
                        "hasProfile": true,
                        "__typename": "CalendarResultsCompetitor"
                      },
                      "mark": "81.77",
                      "nationality": "QAT",
                      "place": "10.",
                      "points": null,
                      "qualified": null,
                      "records": "",
                      "wind": null,
                      "remark": null,
                      "details": null,
                      "__typename": "CalendarResultsRaceResult"
                    },
                    {
                      "competitor": {
                        "teamMembers": null,
                        "id": "wb4xmr4d9zkiq9bncl9hd",
                        "name": "Magnus KIRT",
                        "iaafId": 250721,
                        "urlSlug": "estonia/magnus-kirt-014181008",
                        "birthDate": "10 APR 1990",
                        "hasProfile": true,
                        "__typename": "CalendarResultsCompetitor"
                      },
                      "mark": "80.48",
                      "nationality": "EST",
                      "place": "11.",
                      "points": null,
                      "qualified": null,
                      "records": "",
                      "wind": null,
                      "remark": null,
                      "details": null,
                      "__typename": "CalendarResultsRaceResult"
                    },
                    {
                      "competitor": {
                        "teamMembers": null,
                        "id": "0jjw9alzvybwlmq2ph96o8e",
                        "name": "Davinder SINGH",
                        "iaafId": 272581,
                        "urlSlug": "india/davinder-singh-014658886",
                        "birthDate": "18 DEC 1988",
                        "hasProfile": true,
                        "__typename": "CalendarResultsCompetitor"
                      },
                      "mark": "80.02",
                      "nationality": "IND",
                      "place": "12.",
                      "points": null,
                      "qualified": null,
                      "records": "",
                      "wind": null,
                      "remark": null,
                      "details": null,
                      "__typename": "CalendarResultsRaceResult"
                    },
                    {
                      "competitor": {
                        "teamMembers": null,
                        "id": "o0u7sqqfq3mbs71quw9e8",
                        "name": "Julius YEGO",
                        "iaafId": 250164,
                        "urlSlug": "kenya/julius-yego-14376567",
                        "birthDate": "04 JAN 1989",
                        "hasProfile": true,
                        "__typename": "CalendarResultsCompetitor"
                      },
                      "mark": "76.29",
                      "nationality": "KEN",
                      "place": "13.",
                      "points": null,
                      "qualified": null,
                      "records": "",
                      "wind": null,
                      "remark": null,
                      "details": null,
                      "__typename": "CalendarResultsRaceResult"
                    }
                  ],
                  "startList": null,
                  "wind": null,
                  "__typename": "CalendarResultsRace"
                },
                {
                  "date": "2017-08-10",
                  "day": 7,
                  "race": "Qualification - Group",
                  "raceId": 71,
                  "raceNumber": 1,
                  "results": [
                    {
                      "competitor": {
                        "teamMembers": null,
                        "id": "lvxevgz0mdgxdg0kfhszg",
                        "name": "Johannes VETTER",
                        "iaafId": 261302,
                        "urlSlug": "germany/johannes-vetter-14408144",
                        "birthDate": "26 MAR 1993",
                        "hasProfile": true,
                        "__typename": "CalendarResultsCompetitor"
                      },
                      "mark": "91.20",
                      "nationality": "GER",
                      "place": "1.",
                      "points": null,
                      "qualified": false,
                      "records": "",
                      "wind": null,
                      "remark": null,
                      "details": null,
                      "__typename": "CalendarResultsRaceResult"
                    },
                    {
                      "competitor": {
                        "teamMembers": null,
                        "id": "7ldbufp68tsr4pzbjr4geb",
                        "name": "Tero PITK\u00c4M\u00c4KI",
                        "iaafId": 177485,
                        "urlSlug": "finland/tero-pitkamaki-014182408",
                        "birthDate": "19 DEC 1982",
                        "hasProfile": true,
                        "__typename": "CalendarResultsCompetitor"
                      },
                      "mark": "85.97",
                      "nationality": "FIN",
                      "place": "2.",
                      "points": null,
                      "qualified": false,
                      "records": "",
                      "wind": null,
                      "remark": null,
                      "details": null,
                      "__typename": "CalendarResultsRaceResult"
                    },
                    {
                      "competitor": {
                        "teamMembers": null,
                        "id": "a9nr37jkd7d7qsi9makjcl",
                        "name": "Ahmed Bader MAGOUR",
                        "iaafId": 303587,
                        "urlSlug": "qatar/ahmed-bader-magour-14709346",
                        "birthDate": "03 MAR 1996",
                        "hasProfile": true,
                        "__typename": "CalendarResultsCompetitor"
                      },
                      "mark": "83.83",
                      "nationality": "QAT",
                      "place": "3.",
                      "points": null,
                      "qualified": false,
                      "records": "",
                      "wind": null,
                      "remark": null,
                      "details": null,
                      "__typename": "CalendarResultsRaceResult"
                    },
                    {
                      "competitor": {
                        "teamMembers": null,
                        "id": "sh4m777qrt9pwjzlh9w2ya",
                        "name": "Julius YEGO",
                        "iaafId": 250164,
                        "urlSlug": "kenya/julius-yego-14376567",
                        "birthDate": "04 JAN 1989",
                        "hasProfile": true,
                        "__typename": "CalendarResultsCompetitor"
                      },
                      "mark": "83.57",
                      "nationality": "KEN",
                      "place": "4.",
                      "points": null,
                      "qualified": false,
                      "records": "",
                      "wind": null,
                      "remark": null,
                      "details": null,
                      "__typename": "CalendarResultsRaceResult"
                    },
                    {
                      "competitor": {
                        "teamMembers": null,
                        "id": "rnesk9z631jeppkb34ijcf",
                        "name": "Marcin KRUKOWSKI",
                        "iaafId": 247690,
                        "urlSlug": "poland/marcin-krukowski-14336191",
                        "birthDate": "14 JUN 1992",
                        "hasProfile": true,
                        "__typename": "CalendarResultsCompetitor"
                      },
                      "mark": "83.49",
                      "nationality": "POL",
                      "place": "5.",
                      "points": null,
                      "qualified": false,
                      "records": "",
                      "wind": null,
                      "remark": null,
                      "details": null,
                      "__typename": "CalendarResultsRaceResult"
                    },
                    {
                      "competitor": {
                        "teamMembers": null,
                        "id": "gpihtjpk2ya73q9up5l3p",
                        "name": "Hamish PEACOCK",
                        "iaafId": 228364,
                        "urlSlug": "australia/hamish-peacock-014178999",
                        "birthDate": "15 OCT 1990",
                        "hasProfile": true,
                        "__typename": "CalendarResultsCompetitor"
                      },
                      "mark": "82.46",
                      "nationality": "AUS",
                      "place": "6.",
                      "points": null,
                      "qualified": null,
                      "records": "",
                      "wind": null,
                      "remark": null,
                      "details": null,
                      "__typename": "CalendarResultsRaceResult"
                    },
                    {
                      "competitor": {
                        "teamMembers": null,
                        "id": "q3gtr2w4pzf67p75t488md",
                        "name": "Neeraj CHOPRA",
                        "iaafId": 277499,
                        "urlSlug": "india/neeraj-chopra-14549089",
                        "birthDate": "24 DEC 1997",
                        "hasProfile": true,
                        "__typename": "CalendarResultsCompetitor"
                      },
                      "mark": "82.26",
                      "nationality": "IND",
                      "place": "7.",
                      "points": null,
                      "qualified": null,
                      "records": "",
                      "wind": null,
                      "remark": null,
                      "details": null,
                      "__typename": "CalendarResultsRaceResult"
                    },
                    {
                      "competitor": {
                        "teamMembers": null,
                        "id": "0hlog3xn2buhqvis6049hs",
                        "name": "Jaroslav J\u00cdLEK",
                        "iaafId": 239287,
                        "urlSlug": "czech-republic/jaroslav-jilek-014168765",
                        "birthDate": "22 OCT 1989",
                        "hasProfile": true,
                        "__typename": "CalendarResultsCompetitor"
                      },
                      "mark": "80.97",
                      "nationality": "CZE",
                      "place": "8.",
                      "points": null,
                      "qualified": null,
                      "records": "",
                      "wind": null,
                      "remark": null,
                      "details": null,
                      "__typename": "CalendarResultsRaceResult"
                    },
                    {
                      "competitor": {
                        "teamMembers": null,
                        "id": "jbkj6cjoc36z96vfldy3f",
                        "name": "Andrian MARDARE",
                        "iaafId": 270731,
                        "urlSlug": "moldova/andrian-mardare-14512244",
                        "birthDate": "20 JUN 1995",
                        "hasProfile": true,
                        "__typename": "CalendarResultsCompetitor"
                      },
                      "mark": "80.18",
                      "nationality": "MDA",
                      "place": "9.",
                      "points": null,
                      "qualified": null,
                      "records": "",
                      "wind": null,
                      "remark": null,
                      "details": null,
                      "__typename": "CalendarResultsRaceResult"
                    },
                    {
                      "competitor": {
                        "teamMembers": null,
                        "id": "lxsphxj2gock0rvsyp6kkk",
                        "name": "Rolands \u0160TROBINDERS",
                        "iaafId": 256462,
                        "urlSlug": "latvia/rolands-strobinders-14420776",
                        "birthDate": "14 APR 1992",
                        "hasProfile": true,
                        "__typename": "CalendarResultsCompetitor"
                      },
                      "mark": "79.68",
                      "nationality": "LAT",
                      "place": "10.",
                      "points": null,
                      "qualified": null,
                      "records": "",
                      "wind": null,
                      "remark": null,
                      "details": null,
                      "__typename": "CalendarResultsRaceResult"
                    },
                    {
                      "competitor": {
                        "teamMembers": null,
                        "id": "poyh5yqy8ghcshhs5ixa3f",
                        "name": "Chao-Tsun CHENG",
                        "iaafId": 248739,
                        "urlSlug": "chinese-taipei/chao-tsun-cheng-14376112",
                        "birthDate": "17 OCT 1993",
                        "hasProfile": true,
                        "__typename": "CalendarResultsCompetitor"
                      },
                      "mark": "77.87",
                      "nationality": "TPE",
                      "place": "11.",
                      "points": null,
                      "qualified": null,
                      "records": "",
                      "wind": null,
                      "remark": null,
                      "details": null,
                      "__typename": "CalendarResultsRaceResult"
                    },
                    {
                      "competitor": {
                        "teamMembers": null,
                        "id": "bnfbmvbotl8kuhg4k6b24",
                        "name": "Ryohei ARAI",
                        "iaafId": 267632,
                        "urlSlug": "japan/ryohei-arai-14475539",
                        "birthDate": "23 JUN 1991",
                        "hasProfile": true,
                        "__typename": "CalendarResultsCompetitor"
                      },
                      "mark": "77.38",
                      "nationality": "JPN",
                      "place": "12.",
                      "points": null,
                      "qualified": null,
                      "records": "",
                      "wind": null,
                      "remark": null,
                      "details": null,
                      "__typename": "CalendarResultsRaceResult"
                    },
                    {
                      "competitor": {
                        "teamMembers": null,
                        "id": "wx08e4zf5jemnz6pm6syup",
                        "name": "Tanel LAANM\u00c4E",
                        "iaafId": 225627,
                        "urlSlug": "estonia/tanel-laanmae-014181036",
                        "birthDate": "29 SEP 1989",
                        "hasProfile": true,
                        "__typename": "CalendarResultsCompetitor"
                      },
                      "mark": "76.41",
                      "nationality": "EST",
                      "place": "13.",
                      "points": null,
                      "qualified": null,
                      "records": "",
                      "wind": null,
                      "remark": null,
                      "details": null,
                      "__typename": "CalendarResultsRaceResult"
                    },
                    {
                      "competitor": {
                        "teamMembers": null,
                        "id": "4wucs23h5sjquvzdjeigoo",
                        "name": "V\u00edt\u011bzslav VESEL\u00dd",
                        "iaafId": 189720,
                        "urlSlug": "czech-republic/vitezslav-vesely-14168124",
                        "birthDate": "27 FEB 1983",
                        "hasProfile": true,
                        "__typename": "CalendarResultsCompetitor"
                      },
                      "mark": "75.50",
                      "nationality": "CZE",
                      "place": "14.",
                      "points": null,
                      "qualified": null,
                      "records": "",
                      "wind": null,
                      "remark": null,
                      "details": null,
                      "__typename": "CalendarResultsRaceResult"
                    },
                    {
                      "competitor": {
                        "teamMembers": null,
                        "id": "csrcgldae0uhadk9pym169",
                        "name": "Pavel MIALESHKA",
                        "iaafId": 263656,
                        "urlSlug": "belarus/pavel-mialeshka-14407058",
                        "birthDate": "24 NOV 1992",
                        "hasProfile": true,
                        "__typename": "CalendarResultsCompetitor"
                      },
                      "mark": "75.33",
                      "nationality": "BLR",
                      "place": "15.",
                      "points": null,
                      "qualified": null,
                      "records": "",
                      "wind": null,
                      "remark": null,
                      "details": null,
                      "__typename": "CalendarResultsRaceResult"
                    },
                    {
                      "competitor": {
                        "teamMembers": null,
                        "id": "wjpzhsf6dr406xgzgbpv5",
                        "name": "Edis MATUSEVI\u010cIUS",
                        "iaafId": 281782,
                        "urlSlug": "lithuania/edis-matusevicius-14522112",
                        "birthDate": "30 JUN 1996",
                        "hasProfile": true,
                        "__typename": "CalendarResultsCompetitor"
                      },
                      "mark": "NM",
                      "nationality": "LTU",
                      "place": "",
                      "points": null,
                      "qualified": null,
                      "records": "",
                      "wind": null,
                      "remark": null,
                      "details": null,
                      "__typename": "CalendarResultsRaceResult"
                    }
                  ],
                  "startList": null,
                  "wind": null,
                  "__typename": "CalendarResultsRace"
                },
                {
                  "date": "2017-08-10",
                  "day": 7,
                  "race": "Qualification - Group",
                  "raceId": 71,
                  "raceNumber": 2,
                  "results": [
                    {
                      "competitor": {
                        "teamMembers": null,
                        "id": "qsmsaa7rgn4s7u8ibghct",
                        "name": "Petr FRYDRYCH",
                        "iaafId": 207685,
                        "urlSlug": "czech-republic/petr-frydrych-014168938",
                        "birthDate": "13 JAN 1988",
                        "hasProfile": true,
                        "__typename": "CalendarResultsCompetitor"
                      },
                      "mark": "86.22",
                      "nationality": "CZE",
                      "place": "1.",
                      "points": null,
                      "qualified": false,
                      "records": "",
                      "wind": null,
                      "remark": null,
                      "details": null,
                      "__typename": "CalendarResultsRaceResult"
                    },
                    {
                      "competitor": {
                        "teamMembers": null,
                        "id": "yr7alouz06panaw7hv4rua",
                        "name": "Keshorn WALCOTT",
                        "iaafId": 249321,
                        "urlSlug": "trinidad-and-tobago/keshorn-walcott-14376122",
                        "birthDate": "02 APR 1993",
                        "hasProfile": true,
                        "__typename": "CalendarResultsCompetitor"
                      },
                      "mark": "86.01",
                      "nationality": "TTO",
                      "place": "2.",
                      "points": null,
                      "qualified": false,
                      "records": "",
                      "wind": null,
                      "remark": null,
                      "details": null,
                      "__typename": "CalendarResultsRaceResult"
                    },
                    {
                      "competitor": {
                        "teamMembers": null,
                        "id": "6btt4wti8bqrq2a4rdocc",
                        "name": "Andreas HOFMANN",
                        "iaafId": 244305,
                        "urlSlug": "germany/andreas-hofmann-14372011",
                        "birthDate": "16 DEC 1991",
                        "hasProfile": true,
                        "__typename": "CalendarResultsCompetitor"
                      },
                      "mark": "85.62",
                      "nationality": "GER",
                      "place": "3.",
                      "points": null,
                      "qualified": false,
                      "records": "",
                      "wind": null,
                      "remark": null,
                      "details": null,
                      "__typename": "CalendarResultsRaceResult"
                    },
                    {
                      "competitor": {
                        "teamMembers": null,
                        "id": "nu8na5pf1l4a0376hwyqj",
                        "name": "Ioannis KYRIAZIS",
                        "iaafId": 273788,
                        "urlSlug": "greece/ioannis-kyriazis-14535439",
                        "birthDate": "19 JAN 1996",
                        "hasProfile": true,
                        "__typename": "CalendarResultsCompetitor"
                      },
                      "mark": "84.60",
                      "nationality": "GRE",
                      "place": "4.",
                      "points": null,
                      "qualified": false,
                      "records": "",
                      "wind": null,
                      "remark": null,
                      "details": null,
                      "__typename": "CalendarResultsRaceResult"
                    },
                    {
                      "competitor": {
                        "teamMembers": null,
                        "id": "8s0vukz2z9bvapabxz79mo",
                        "name": "Davinder SINGH",
                        "iaafId": 272581,
                        "urlSlug": "india/davinder-singh-014658886",
                        "birthDate": "18 DEC 1988",
                        "hasProfile": true,
                        "__typename": "CalendarResultsCompetitor"
                      },
                      "mark": "84.22",
                      "nationality": "IND",
                      "place": "5.",
                      "points": null,
                      "qualified": false,
                      "records": "",
                      "wind": null,
                      "remark": null,
                      "details": null,
                      "__typename": "CalendarResultsRaceResult"
                    },
                    {
                      "competitor": {
                        "teamMembers": null,
                        "id": "wukcsoq8duorm8jam44fch",
                        "name": "Thomas R\u00d6HLER",
                        "iaafId": 255897,
                        "urlSlug": "germany/thomas-rohler-14379257",
                        "birthDate": "30 SEP 1991",
                        "hasProfile": true,
                        "__typename": "CalendarResultsCompetitor"
                      },
                      "mark": "83.87",
                      "nationality": "GER",
                      "place": "6.",
                      "points": null,
                      "qualified": false,
                      "records": "",
                      "wind": null,
                      "remark": null,
                      "details": null,
                      "__typename": "CalendarResultsRaceResult"
                    },
                    {
                      "competitor": {
                        "teamMembers": null,
                        "id": "2zyxgtt61jkafpx4dpkksi",
                        "name": "Jakub VADLEJCH",
                        "iaafId": 236387,
                        "urlSlug": "czech-republic/jakub-vadlejch-14168152",
                        "birthDate": "10 OCT 1990",
                        "hasProfile": true,
                        "__typename": "CalendarResultsCompetitor"
                      },
                      "mark": "83.87",
                      "nationality": "CZE",
                      "place": "7.",
                      "points": null,
                      "qualified": false,
                      "records": "",
                      "wind": null,
                      "remark": null,
                      "details": null,
                      "__typename": "CalendarResultsRaceResult"
                    },
                    {
                      "competitor": {
                        "teamMembers": null,
                        "id": "kzuztkit77aie5faozq0l",
                        "name": "Magnus KIRT",
                        "iaafId": 250721,
                        "urlSlug": "estonia/magnus-kirt-014181008",
                        "birthDate": "10 APR 1990",
                        "hasProfile": true,
                        "__typename": "CalendarResultsCompetitor"
                      },
                      "mark": "83.86",
                      "nationality": "EST",
                      "place": "8.",
                      "points": null,
                      "qualified": false,
                      "records": "",
                      "wind": null,
                      "remark": null,
                      "details": null,
                      "__typename": "CalendarResultsRaceResult"
                    },
                    {
                      "competitor": {
                        "teamMembers": null,
                        "id": "tj568kqqpofrqfcau0adp",
                        "name": "Cyrus HOSTETLER",
                        "iaafId": 246536,
                        "urlSlug": "united-states/cyrus-hostetler-014241148",
                        "birthDate": "08 AUG 1986",
                        "hasProfile": true,
                        "__typename": "CalendarResultsCompetitor"
                      },
                      "mark": "79.71",
                      "nationality": "USA",
                      "place": "9.",
                      "points": null,
                      "qualified": null,
                      "records": "",
                      "wind": null,
                      "remark": null,
                      "details": null,
                      "__typename": "CalendarResultsRaceResult"
                    },
                    {
                      "competitor": {
                        "teamMembers": null,
                        "id": "g9pwuayhk3mnx65tjkci4",
                        "name": "Anderson PETERS",
                        "iaafId": 280858,
                        "urlSlug": "grenada/anderson-peters-14520432",
                        "birthDate": "21 OCT 1997",
                        "hasProfile": true,
                        "__typename": "CalendarResultsCompetitor"
                      },
                      "mark": "78.99",
                      "nationality": "GRN",
                      "place": "10.",
                      "points": null,
                      "qualified": null,
                      "records": "",
                      "wind": null,
                      "remark": null,
                      "details": null,
                      "__typename": "CalendarResultsRaceResult"
                    },
                    {
                      "competitor": {
                        "teamMembers": null,
                        "id": "l7kildpfyh76ya21ucac9p",
                        "name": "Norbert RIVASZ-T\u00d3TH",
                        "iaafId": 271036,
                        "urlSlug": "hungary/norbert-rivasz-toth-14400186",
                        "birthDate": "06 MAY 1996",
                        "hasProfile": true,
                        "__typename": "CalendarResultsCompetitor"
                      },
                      "mark": "78.76",
                      "nationality": "HUN",
                      "place": "11.",
                      "points": null,
                      "qualified": null,
                      "records": "",
                      "wind": null,
                      "remark": null,
                      "details": null,
                      "__typename": "CalendarResultsRaceResult"
                    },
                    {
                      "competitor": {
                        "teamMembers": null,
                        "id": "vop0fw1vos79kg101ftpdq",
                        "name": "Ben LANGTON-BURNELL",
                        "iaafId": 290557,
                        "urlSlug": "new-zealand/ben-langton-burnell-014413223",
                        "birthDate": "07 OCT 1992",
                        "hasProfile": true,
                        "__typename": "CalendarResultsCompetitor"
                      },
                      "mark": "76.46",
                      "nationality": "NZL",
                      "place": "12.",
                      "points": null,
                      "qualified": null,
                      "records": "",
                      "wind": null,
                      "remark": null,
                      "details": null,
                      "__typename": "CalendarResultsRaceResult"
                    },
                    {
                      "competitor": {
                        "teamMembers": null,
                        "id": "v2q1kc0fyw5ovet0ggv06",
                        "name": "Braian TOLEDO",
                        "iaafId": 247981,
                        "urlSlug": "argentina/braian-toledo-014336131",
                        "birthDate": "08 SEP 1993",
                        "hasProfile": true,
                        "__typename": "CalendarResultsCompetitor"
                      },
                      "mark": "75.29",
                      "nationality": "ARG",
                      "place": "13.",
                      "points": null,
                      "qualified": null,
                      "records": "",
                      "wind": null,
                      "remark": null,
                      "details": null,
                      "__typename": "CalendarResultsRaceResult"
                    },
                    {
                      "competitor": {
                        "teamMembers": null,
                        "id": "s2qj29g2w2sdybprue0fx",
                        "name": "Alexandru Mihaita NOVAC",
                        "iaafId": 290150,
                        "urlSlug": "romania/alexandru-mihaita-novac-14575270",
                        "birthDate": "24 MAR 1997",
                        "hasProfile": true,
                        "__typename": "CalendarResultsCompetitor"
                      },
                      "mark": "74.67",
                      "nationality": "ROU",
                      "place": "14.",
                      "points": null,
                      "qualified": null,
                      "records": "",
                      "wind": null,
                      "remark": null,
                      "details": null,
                      "__typename": "CalendarResultsRaceResult"
                    },
                    {
                      "competitor": {
                        "teamMembers": null,
                        "id": "nluig5q31b8j8xaxehe14e",
                        "name": "Rocco VAN ROOYEN",
                        "iaafId": 247673,
                        "urlSlug": "south-africa/rocco-van-rooyen-14412748",
                        "birthDate": "23 DEC 1992",
                        "hasProfile": true,
                        "__typename": "CalendarResultsCompetitor"
                      },
                      "mark": "74.02",
                      "nationality": "RSA",
                      "place": "15.",
                      "points": null,
                      "qualified": null,
                      "records": "",
                      "wind": null,
                      "remark": null,
                      "details": null,
                      "__typename": "CalendarResultsRaceResult"
                    },
                    {
                      "competitor": {
                        "teamMembers": null,
                        "id": "2vu40z7e5pfjrdrgla9aok",
                        "name": "Rankoth PEDIGE W.L.D.",
                        "iaafId": 265132,
                        "urlSlug": "sri-lanka/rankoth-pedige-wld-014524225",
                        "birthDate": "14 MAY 1988",
                        "hasProfile": true,
                        "__typename": "CalendarResultsCompetitor"
                      },
                      "mark": "73.16",
                      "nationality": "SRI",
                      "place": "16.",
                      "points": null,
                      "qualified": null,
                      "records": "",
                      "wind": null,
                      "remark": null,
                      "details": null,
                      "__typename": "CalendarResultsRaceResult"
                    }
                  ],
                  "startList": null,
                  "wind": null,
                  "__typename": "CalendarResultsRace"
                }
              ],
              "__typename": "CalendarResultsEvent"
            }
          ],
          "__typename": "CalendarResultsEventTitle"
        },
        {
          "rankingCategory": "OW",
          "eventTitle": "Combined Events",
          "events": [
            {
              "event": "Men's Javelin Throw",
              "eventId": 10229636,
              "gender": "M",
              "isRelay": false,
              "perResultWind": false,
              "withWind": false,
              "summary": [
                {
                  "competitor": {
                    "teamMembers": null,
                    "id": "14377016",
                    "name": "Adam Sebastian HELCELET",
                    "iaafId": 245573,
                    "urlSlug": "czech-republic/adam-sebastian-helcelet-14377016",
                    "birthDate": "27 OCT 1991",
                    "__typename": "CalendarResultsCompetitor"
                  },
                  "mark": "71.56",
                  "nationality": "CZE",
                  "placeInRace": "1.",
                  "placeInRound": "1.",
                  "points": 913,
                  "raceNumber": 1,
                  "records": "",
                  "wind": null,
                  "__typename": "CalendarResultsSummary"
                },
                {
                  "competitor": {
                    "teamMembers": null,
                    "id": "14430316",
                    "name": "Janek \u00d5IGLANE",
                    "iaafId": 264065,
                    "urlSlug": "estonia/janek-oiglane-14430316",
                    "birthDate": "25 APR 1994",
                    "__typename": "CalendarResultsCompetitor"
                  },
                  "mark": "71.73",
                  "nationality": "EST",
                  "placeInRace": "1.",
                  "placeInRound": "1.",
                  "points": 916,
                  "raceNumber": 2,
                  "records": "",
                  "wind": null,
                  "__typename": "CalendarResultsSummary"
                },
                {
                  "competitor": {
                    "teamMembers": null,
                    "id": "14371929",
                    "name": "Ashley BRYANT",
                    "iaafId": 235992,
                    "urlSlug": "great-britain-ni/ashley-bryant-014371929",
                    "birthDate": "17 MAY 1991",
                    "__typename": "CalendarResultsCompetitor"
                  },
                  "mark": "67.97",
                  "nationality": "GBR",
                  "placeInRace": "2.",
                  "placeInRound": "2.",
                  "points": 858,
                  "raceNumber": 1,
                  "records": "",
                  "wind": null,
                  "__typename": "CalendarResultsSummary"
                },
                {
                  "competitor": {
                    "teamMembers": null,
                    "id": "14334978",
                    "name": "Kevin MAYER",
                    "iaafId": 248948,
                    "urlSlug": "france/kevin-mayer-14334978",
                    "birthDate": "10 FEB 1992",
                    "__typename": "CalendarResultsCompetitor"
                  },
                  "mark": "66.10",
                  "nationality": "FRA",
                  "placeInRace": "2.",
                  "placeInRound": "2.",
                  "points": 830,
                  "raceNumber": 2,
                  "records": "",
                  "wind": null,
                  "__typename": "CalendarResultsSummary"
                },
                {
                  "competitor": {
                    "teamMembers": null,
                    "id": "14206640",
                    "name": "Keisuke USHIRO",
                    "iaafId": 241298,
                    "urlSlug": "japan/keisuke-ushiro-14206640",
                    "birthDate": "24 JUL 1986",
                    "__typename": "CalendarResultsCompetitor"
                  },
                  "mark": "63.28",
                  "nationality": "JPN",
                  "placeInRace": "3.",
                  "placeInRound": "3.",
                  "points": 787,
                  "raceNumber": 1,
                  "records": "",
                  "wind": null,
                  "__typename": "CalendarResultsSummary"
                },
                {
                  "competitor": {
                    "teamMembers": null,
                    "id": "14941298",
                    "name": "Kurt FELIX",
                    "iaafId": 242159,
                    "urlSlug": "grenada/kurt-felix-14941298",
                    "birthDate": "04 JUL 1988",
                    "__typename": "CalendarResultsCompetitor"
                  },
                  "mark": "64.64",
                  "nationality": "GRN",
                  "placeInRace": "3.",
                  "placeInRound": "3.",
                  "points": 808,
                  "raceNumber": 2,
                  "records": "",
                  "wind": null,
                  "__typename": "CalendarResultsSummary"
                },
                {
                  "competitor": {
                    "teamMembers": null,
                    "id": "14330299",
                    "name": "Bastien AUZEIL",
                    "iaafId": 261744,
                    "urlSlug": "france/bastien-auzeil-14330299",
                    "birthDate": "22 OCT 1989",
                    "__typename": "CalendarResultsCompetitor"
                  },
                  "mark": "60.80",
                  "nationality": "FRA",
                  "placeInRace": "4.",
                  "placeInRound": "4.",
                  "points": 750,
                  "raceNumber": 1,
                  "records": "",
                  "wind": null,
                  "__typename": "CalendarResultsSummary"
                },
                {
                  "competitor": {
                    "teamMembers": null,
                    "id": "14328075",
                    "name": "Kai KAZMIREK",
                    "iaafId": 248861,
                    "urlSlug": "germany/kai-kazmirek-14328075",
                    "birthDate": "28 JAN 1991",
                    "__typename": "CalendarResultsCompetitor"
                  },
                  "mark": "62.45",
                  "nationality": "GER",
                  "placeInRace": "4.",
                  "placeInRound": "4.",
                  "points": 775,
                  "raceNumber": 2,
                  "records": "",
                  "wind": null,
                  "__typename": "CalendarResultsSummary"
                },
                {
                  "competitor": {
                    "teamMembers": null,
                    "id": "14192109",
                    "name": "Rico FREIMUTH",
                    "iaafId": 225978,
                    "urlSlug": "germany/rico-freimuth-014192109",
                    "birthDate": "14 MAR 1988",
                    "__typename": "CalendarResultsCompetitor"
                  },
                  "mark": "62.34",
                  "nationality": "GER",
                  "placeInRace": "5.",
                  "placeInRound": "5.",
                  "points": 773,
                  "raceNumber": 2,
                  "records": "",
                  "wind": null,
                  "__typename": "CalendarResultsSummary"
                },
                {
                  "competitor": {
                    "teamMembers": null,
                    "id": "14429901",
                    "name": "Zachery ZIEMEK",
                    "iaafId": 279278,
                    "urlSlug": "united-states/zachery-ziemek-14429901",
                    "birthDate": "23 FEB 1993",
                    "__typename": "CalendarResultsCompetitor"
                  },
                  "mark": "58.35",
                  "nationality": "USA",
                  "placeInRace": "5.",
                  "placeInRound": "5.",
                  "points": 713,
                  "raceNumber": 1,
                  "records": "",
                  "wind": null,
                  "__typename": "CalendarResultsSummary"
                },
                {
                  "competitor": {
                    "teamMembers": null,
                    "id": "14403336",
                    "name": "Pieter BRAUN",
                    "iaafId": 266903,
                    "urlSlug": "netherlands/pieter-braun-014403336",
                    "birthDate": "21 JAN 1993",
                    "__typename": "CalendarResultsCompetitor"
                  },
                  "mark": "59.26",
                  "nationality": "NED",
                  "placeInRace": "6.",
                  "placeInRound": "6.",
                  "points": 727,
                  "raceNumber": 2,
                  "records": "",
                  "wind": null,
                  "__typename": "CalendarResultsSummary"
                },
                {
                  "competitor": {
                    "teamMembers": null,
                    "id": "14375310",
                    "name": "Martin ROE",
                    "iaafId": 249418,
                    "urlSlug": "norway/martin-roe-014375310",
                    "birthDate": "01 APR 1992",
                    "__typename": "CalendarResultsCompetitor"
                  },
                  "mark": "58.30",
                  "nationality": "NOR",
                  "placeInRace": "6.",
                  "placeInRound": "6.",
                  "points": 712,
                  "raceNumber": 1,
                  "records": "",
                  "wind": null,
                  "__typename": "CalendarResultsSummary"
                },
                {
                  "competitor": {
                    "teamMembers": null,
                    "id": "14422702",
                    "name": "Karl Robert SALURI",
                    "iaafId": 266922,
                    "urlSlug": "estonia/karl-robert-saluri-014422702",
                    "birthDate": "06 AUG 1993",
                    "__typename": "CalendarResultsCompetitor"
                  },
                  "mark": "57.12",
                  "nationality": "EST",
                  "placeInRace": "7.",
                  "placeInRound": "7.",
                  "points": 695,
                  "raceNumber": 2,
                  "records": "",
                  "wind": null,
                  "__typename": "CalendarResultsSummary"
                },
                {
                  "competitor": {
                    "teamMembers": null,
                    "id": "14436228",
                    "name": "Devon WILLIAMS",
                    "iaafId": 279781,
                    "urlSlug": "united-states/devon-williams-14436228",
                    "birthDate": "17 JAN 1994",
                    "__typename": "CalendarResultsCompetitor"
                  },
                  "mark": "57.93",
                  "nationality": "USA",
                  "placeInRace": "7.",
                  "placeInRound": "7.",
                  "points": 707,
                  "raceNumber": 1,
                  "records": "",
                  "wind": null,
                  "__typename": "CalendarResultsSummary"
                },
                {
                  "competitor": {
                    "teamMembers": null,
                    "id": "14178466",
                    "name": "Dominik DISTELBERGER",
                    "iaafId": 235605,
                    "urlSlug": "austria/dominik-distelberger-014178466",
                    "birthDate": "16 MAR 1990",
                    "__typename": "CalendarResultsCompetitor"
                  },
                  "mark": "56.46",
                  "nationality": "AUT",
                  "placeInRace": "8.",
                  "placeInRound": "8.",
                  "points": 685,
                  "raceNumber": 1,
                  "records": "",
                  "wind": null,
                  "__typename": "CalendarResultsSummary"
                },
                {
                  "competitor": {
                    "teamMembers": null,
                    "id": "14173337",
                    "name": "Damian WARNER",
                    "iaafId": 263031,
                    "urlSlug": "canada/damian-warner-14173337",
                    "birthDate": "04 NOV 1989",
                    "__typename": "CalendarResultsCompetitor"
                  },
                  "mark": "56.63",
                  "nationality": "CAN",
                  "placeInRace": "8.",
                  "placeInRound": "8.",
                  "points": 687,
                  "raceNumber": 2,
                  "records": "",
                  "wind": null,
                  "__typename": "CalendarResultsSummary"
                },
                {
                  "competitor": {
                    "teamMembers": null,
                    "id": "14492618",
                    "name": "Pau TONNESEN",
                    "iaafId": 289501,
                    "urlSlug": "spain/pau-tonnesen-14492618",
                    "birthDate": "24 OCT 1992",
                    "__typename": "CalendarResultsCompetitor"
                  },
                  "mark": "55.13",
                  "nationality": "ESP",
                  "placeInRace": "9.",
                  "placeInRound": "9.",
                  "points": 665,
                  "raceNumber": 1,
                  "records": "",
                  "wind": null,
                  "__typename": "CalendarResultsSummary"
                },
                {
                  "competitor": {
                    "teamMembers": null,
                    "id": "14450719",
                    "name": "Jorge URE\u00d1A",
                    "iaafId": 274663,
                    "urlSlug": "spain/jorge-urena-14450719",
                    "birthDate": "08 OCT 1993",
                    "__typename": "CalendarResultsCompetitor"
                  },
                  "mark": "56.06",
                  "nationality": "ESP",
                  "placeInRace": "9.",
                  "placeInRound": "9.",
                  "points": 679,
                  "raceNumber": 2,
                  "records": "",
                  "wind": null,
                  "__typename": "CalendarResultsSummary"
                },
                {
                  "competitor": {
                    "teamMembers": null,
                    "id": "14446988",
                    "name": "Cedric DUBLER",
                    "iaafId": 269162,
                    "urlSlug": "australia/cedric-dubler-14446988",
                    "birthDate": "13 JAN 1995",
                    "__typename": "CalendarResultsCompetitor"
                  },
                  "mark": "52.10",
                  "nationality": "AUS",
                  "placeInRace": "10.",
                  "placeInRound": "10.",
                  "points": 620,
                  "raceNumber": 1,
                  "records": "",
                  "wind": null,
                  "__typename": "CalendarResultsSummary"
                },
                {
                  "competitor": {
                    "teamMembers": null,
                    "id": "14204865",
                    "name": "Akihiko NAKAMURA",
                    "iaafId": 236724,
                    "urlSlug": "japan/akihiko-nakamura-014204865",
                    "birthDate": "23 OCT 1990",
                    "__typename": "CalendarResultsCompetitor"
                  },
                  "mark": "54.22",
                  "nationality": "JPN",
                  "placeInRace": "10.",
                  "placeInRound": "10.",
                  "points": 651,
                  "raceNumber": 2,
                  "records": "",
                  "wind": null,
                  "__typename": "CalendarResultsSummary"
                },
                {
                  "competitor": {
                    "teamMembers": null,
                    "id": "14230053",
                    "name": "Oleksiy KASYANOV",
                    "iaafId": 203823,
                    "urlSlug": "ukraine/oleksiy-kasyanov-014230053",
                    "birthDate": "26 AUG 1985",
                    "__typename": "CalendarResultsCompetitor"
                  },
                  "mark": "50.82",
                  "nationality": "UKR",
                  "placeInRace": "11.",
                  "placeInRound": "11.",
                  "points": 601,
                  "raceNumber": 2,
                  "records": "",
                  "wind": null,
                  "__typename": "CalendarResultsSummary"
                },
                {
                  "competitor": {
                    "teamMembers": null,
                    "id": "14631507",
                    "name": "Lindon VICTOR",
                    "iaafId": 293967,
                    "urlSlug": "grenada/lindon-victor-14631507",
                    "birthDate": "28 FEB 1993",
                    "__typename": "CalendarResultsCompetitor"
                  },
                  "mark": "DNS",
                  "nationality": "GRN",
                  "placeInRace": "",
                  "placeInRound": "",
                  "points": null,
                  "raceNumber": 1,
                  "records": "",
                  "wind": null,
                  "__typename": "CalendarResultsSummary"
                }
              ],
              "races": [
                {
                  "date": "2017-08-12",
                  "day": 9,
                  "race": "Combined - Group",
                  "raceId": 14,
                  "raceNumber": 1,
                  "results": [
                    {
                      "competitor": {
                        "teamMembers": null,
                        "id": "14377016",
                        "name": "Adam Sebastian HELCELET",
                        "iaafId": 245573,
                        "urlSlug": "czech-republic/adam-sebastian-helcelet-14377016",
                        "birthDate": "27 OCT 1991",
                        "hasProfile": true,
                        "__typename": "CalendarResultsCompetitor"
                      },
                      "mark": "71.56",
                      "nationality": "CZE",
                      "place": "1.",
                      "points": 913,
                      "qualified": null,
                      "records": "",
                      "wind": null,
                      "remark": null,
                      "details": null,
                      "__typename": "CalendarResultsRaceResult"
                    },
                    {
                      "competitor": {
                        "teamMembers": null,
                        "id": "14371929",
                        "name": "Ashley BRYANT",
                        "iaafId": 235992,
                        "urlSlug": "great-britain-ni/ashley-bryant-014371929",
                        "birthDate": "17 MAY 1991",
                        "hasProfile": true,
                        "__typename": "CalendarResultsCompetitor"
                      },
                      "mark": "67.97",
                      "nationality": "GBR",
                      "place": "2.",
                      "points": 858,
                      "qualified": null,
                      "records": "",
                      "wind": null,
                      "remark": null,
                      "details": null,
                      "__typename": "CalendarResultsRaceResult"
                    },
                    {
                      "competitor": {
                        "teamMembers": null,
                        "id": "14206640",
                        "name": "Keisuke USHIRO",
                        "iaafId": 241298,
                        "urlSlug": "japan/keisuke-ushiro-14206640",
                        "birthDate": "24 JUL 1986",
                        "hasProfile": true,
                        "__typename": "CalendarResultsCompetitor"
                      },
                      "mark": "63.28",
                      "nationality": "JPN",
                      "place": "3.",
                      "points": 787,
                      "qualified": null,
                      "records": "",
                      "wind": null,
                      "remark": null,
                      "details": null,
                      "__typename": "CalendarResultsRaceResult"
                    },
                    {
                      "competitor": {
                        "teamMembers": null,
                        "id": "14330299",
                        "name": "Bastien AUZEIL",
                        "iaafId": 261744,
                        "urlSlug": "france/bastien-auzeil-14330299",
                        "birthDate": "22 OCT 1989",
                        "hasProfile": true,
                        "__typename": "CalendarResultsCompetitor"
                      },
                      "mark": "60.80",
                      "nationality": "FRA",
                      "place": "4.",
                      "points": 750,
                      "qualified": null,
                      "records": "",
                      "wind": null,
                      "remark": null,
                      "details": null,
                      "__typename": "CalendarResultsRaceResult"
                    },
                    {
                      "competitor": {
                        "teamMembers": null,
                        "id": "14429901",
                        "name": "Zachery ZIEMEK",
                        "iaafId": 279278,
                        "urlSlug": "united-states/zachery-ziemek-14429901",
                        "birthDate": "23 FEB 1993",
                        "hasProfile": true,
                        "__typename": "CalendarResultsCompetitor"
                      },
                      "mark": "58.35",
                      "nationality": "USA",
                      "place": "5.",
                      "points": 713,
                      "qualified": null,
                      "records": "",
                      "wind": null,
                      "remark": null,
                      "details": null,
                      "__typename": "CalendarResultsRaceResult"
                    },
                    {
                      "competitor": {
                        "teamMembers": null,
                        "id": "14375310",
                        "name": "Martin ROE",
                        "iaafId": 249418,
                        "urlSlug": "norway/martin-roe-014375310",
                        "birthDate": "01 APR 1992",
                        "hasProfile": true,
                        "__typename": "CalendarResultsCompetitor"
                      },
                      "mark": "58.30",
                      "nationality": "NOR",
                      "place": "6.",
                      "points": 712,
                      "qualified": null,
                      "records": "",
                      "wind": null,
                      "remark": null,
                      "details": null,
                      "__typename": "CalendarResultsRaceResult"
                    },
                    {
                      "competitor": {
                        "teamMembers": null,
                        "id": "14436228",
                        "name": "Devon WILLIAMS",
                        "iaafId": 279781,
                        "urlSlug": "united-states/devon-williams-14436228",
                        "birthDate": "17 JAN 1994",
                        "hasProfile": true,
                        "__typename": "CalendarResultsCompetitor"
                      },
                      "mark": "57.93",
                      "nationality": "USA",
                      "place": "7.",
                      "points": 707,
                      "qualified": null,
                      "records": "",
                      "wind": null,
                      "remark": null,
                      "details": null,
                      "__typename": "CalendarResultsRaceResult"
                    },
                    {
                      "competitor": {
                        "teamMembers": null,
                        "id": "14178466",
                        "name": "Dominik DISTELBERGER",
                        "iaafId": 235605,
                        "urlSlug": "austria/dominik-distelberger-014178466",
                        "birthDate": "16 MAR 1990",
                        "hasProfile": true,
                        "__typename": "CalendarResultsCompetitor"
                      },
                      "mark": "56.46",
                      "nationality": "AUT",
                      "place": "8.",
                      "points": 685,
                      "qualified": null,
                      "records": "",
                      "wind": null,
                      "remark": null,
                      "details": null,
                      "__typename": "CalendarResultsRaceResult"
                    },
                    {
                      "competitor": {
                        "teamMembers": null,
                        "id": "14492618",
                        "name": "Pau TONNESEN",
                        "iaafId": 289501,
                        "urlSlug": "spain/pau-tonnesen-14492618",
                        "birthDate": "24 OCT 1992",
                        "hasProfile": true,
                        "__typename": "CalendarResultsCompetitor"
                      },
                      "mark": "55.13",
                      "nationality": "ESP",
                      "place": "9.",
                      "points": 665,
                      "qualified": null,
                      "records": "",
                      "wind": null,
                      "remark": null,
                      "details": null,
                      "__typename": "CalendarResultsRaceResult"
                    },
                    {
                      "competitor": {
                        "teamMembers": null,
                        "id": "14446988",
                        "name": "Cedric DUBLER",
                        "iaafId": 269162,
                        "urlSlug": "australia/cedric-dubler-14446988",
                        "birthDate": "13 JAN 1995",
                        "hasProfile": true,
                        "__typename": "CalendarResultsCompetitor"
                      },
                      "mark": "52.10",
                      "nationality": "AUS",
                      "place": "10.",
                      "points": 620,
                      "qualified": null,
                      "records": "",
                      "wind": null,
                      "remark": null,
                      "details": null,
                      "__typename": "CalendarResultsRaceResult"
                    },
                    {
                      "competitor": {
                        "teamMembers": null,
                        "id": "14631507",
                        "name": "Lindon VICTOR",
                        "iaafId": 293967,
                        "urlSlug": "grenada/lindon-victor-14631507",
                        "birthDate": "28 FEB 1993",
                        "hasProfile": true,
                        "__typename": "CalendarResultsCompetitor"
                      },
                      "mark": "DNS",
                      "nationality": "GRN",
                      "place": "",
                      "points": null,
                      "qualified": null,
                      "records": "",
                      "wind": null,
                      "remark": null,
                      "details": null,
                      "__typename": "CalendarResultsRaceResult"
                    }
                  ],
                  "startList": null,
                  "wind": null,
                  "__typename": "CalendarResultsRace"
                },
                {
                  "date": "2017-08-12",
                  "day": 9,
                  "race": "Combined - Group",
                  "raceId": 14,
                  "raceNumber": 2,
                  "results": [
                    {
                      "competitor": {
                        "teamMembers": null,
                        "id": "14430316",
                        "name": "Janek \u00d5IGLANE",
                        "iaafId": 264065,
                        "urlSlug": "estonia/janek-oiglane-14430316",
                        "birthDate": "25 APR 1994",
                        "hasProfile": true,
                        "__typename": "CalendarResultsCompetitor"
                      },
                      "mark": "71.73",
                      "nationality": "EST",
                      "place": "1.",
                      "points": 916,
                      "qualified": null,
                      "records": "",
                      "wind": null,
                      "remark": null,
                      "details": null,
                      "__typename": "CalendarResultsRaceResult"
                    },
                    {
                      "competitor": {
                        "teamMembers": null,
                        "id": "14334978",
                        "name": "Kevin MAYER",
                        "iaafId": 248948,
                        "urlSlug": "france/kevin-mayer-14334978",
                        "birthDate": "10 FEB 1992",
                        "hasProfile": true,
                        "__typename": "CalendarResultsCompetitor"
                      },
                      "mark": "66.10",
                      "nationality": "FRA",
                      "place": "2.",
                      "points": 830,
                      "qualified": null,
                      "records": "",
                      "wind": null,
                      "remark": null,
                      "details": null,
                      "__typename": "CalendarResultsRaceResult"
                    },
                    {
                      "competitor": {
                        "teamMembers": null,
                        "id": "14941298",
                        "name": "Kurt FELIX",
                        "iaafId": 242159,
                        "urlSlug": "grenada/kurt-felix-14941298",
                        "birthDate": "04 JUL 1988",
                        "hasProfile": true,
                        "__typename": "CalendarResultsCompetitor"
                      },
                      "mark": "64.64",
                      "nationality": "GRN",
                      "place": "3.",
                      "points": 808,
                      "qualified": null,
                      "records": "",
                      "wind": null,
                      "remark": null,
                      "details": null,
                      "__typename": "CalendarResultsRaceResult"
                    },
                    {
                      "competitor": {
                        "teamMembers": null,
                        "id": "14328075",
                        "name": "Kai KAZMIREK",
                        "iaafId": 248861,
                        "urlSlug": "germany/kai-kazmirek-14328075",
                        "birthDate": "28 JAN 1991",
                        "hasProfile": true,
                        "__typename": "CalendarResultsCompetitor"
                      },
                      "mark": "62.45",
                      "nationality": "GER",
                      "place": "4.",
                      "points": 775,
                      "qualified": null,
                      "records": "",
                      "wind": null,
                      "remark": null,
                      "details": null,
                      "__typename": "CalendarResultsRaceResult"
                    },
                    {
                      "competitor": {
                        "teamMembers": null,
                        "id": "14192109",
                        "name": "Rico FREIMUTH",
                        "iaafId": 225978,
                        "urlSlug": "germany/rico-freimuth-014192109",
                        "birthDate": "14 MAR 1988",
                        "hasProfile": true,
                        "__typename": "CalendarResultsCompetitor"
                      },
                      "mark": "62.34",
                      "nationality": "GER",
                      "place": "5.",
                      "points": 773,
                      "qualified": null,
                      "records": "",
                      "wind": null,
                      "remark": null,
                      "details": null,
                      "__typename": "CalendarResultsRaceResult"
                    },
                    {
                      "competitor": {
                        "teamMembers": null,
                        "id": "14403336",
                        "name": "Pieter BRAUN",
                        "iaafId": 266903,
                        "urlSlug": "netherlands/pieter-braun-014403336",
                        "birthDate": "21 JAN 1993",
                        "hasProfile": true,
                        "__typename": "CalendarResultsCompetitor"
                      },
                      "mark": "59.26",
                      "nationality": "NED",
                      "place": "6.",
                      "points": 727,
                      "qualified": null,
                      "records": "",
                      "wind": null,
                      "remark": null,
                      "details": null,
                      "__typename": "CalendarResultsRaceResult"
                    },
                    {
                      "competitor": {
                        "teamMembers": null,
                        "id": "14422702",
                        "name": "Karl Robert SALURI",
                        "iaafId": 266922,
                        "urlSlug": "estonia/karl-robert-saluri-014422702",
                        "birthDate": "06 AUG 1993",
                        "hasProfile": true,
                        "__typename": "CalendarResultsCompetitor"
                      },
                      "mark": "57.12",
                      "nationality": "EST",
                      "place": "7.",
                      "points": 695,
                      "qualified": null,
                      "records": "",
                      "wind": null,
                      "remark": null,
                      "details": null,
                      "__typename": "CalendarResultsRaceResult"
                    },
                    {
                      "competitor": {
                        "teamMembers": null,
                        "id": "14173337",
                        "name": "Damian WARNER",
                        "iaafId": 263031,
                        "urlSlug": "canada/damian-warner-14173337",
                        "birthDate": "04 NOV 1989",
                        "hasProfile": true,
                        "__typename": "CalendarResultsCompetitor"
                      },
                      "mark": "56.63",
                      "nationality": "CAN",
                      "place": "8.",
                      "points": 687,
                      "qualified": null,
                      "records": "",
                      "wind": null,
                      "remark": null,
                      "details": null,
                      "__typename": "CalendarResultsRaceResult"
                    },
                    {
                      "competitor": {
                        "teamMembers": null,
                        "id": "14450719",
                        "name": "Jorge URE\u00d1A",
                        "iaafId": 274663,
                        "urlSlug": "spain/jorge-urena-14450719",
                        "birthDate": "08 OCT 1993",
                        "hasProfile": true,
                        "__typename": "CalendarResultsCompetitor"
                      },
                      "mark": "56.06",
                      "nationality": "ESP",
                      "place": "9.",
                      "points": 679,
                      "qualified": null,
                      "records": "",
                      "wind": null,
                      "remark": null,
                      "details": null,
                      "__typename": "CalendarResultsRaceResult"
                    },
                    {
                      "competitor": {
                        "teamMembers": null,
                        "id": "14204865",
                        "name": "Akihiko NAKAMURA",
                        "iaafId": 236724,
                        "urlSlug": "japan/akihiko-nakamura-014204865",
                        "birthDate": "23 OCT 1990",
                        "hasProfile": true,
                        "__typename": "CalendarResultsCompetitor"
                      },
                      "mark": "54.22",
                      "nationality": "JPN",
                      "place": "10.",
                      "points": 651,
                      "qualified": null,
                      "records": "",
                      "wind": null,
                      "remark": null,
                      "details": null,
                      "__typename": "CalendarResultsRaceResult"
                    },
                    {
                      "competitor": {
                        "teamMembers": null,
                        "id": "14230053",
                        "name": "Oleksiy KASYANOV",
                        "iaafId": 203823,
                        "urlSlug": "ukraine/oleksiy-kasyanov-014230053",
                        "birthDate": "26 AUG 1985",
                        "hasProfile": true,
                        "__typename": "CalendarResultsCompetitor"
                      },
                      "mark": "50.82",
                      "nationality": "UKR",
                      "place": "11.",
                      "points": 601,
                      "qualified": null,
                      "records": "",
                      "wind": null,
                      "remark": null,
                      "details": null,
                      "__typename": "CalendarResultsRaceResult"
                    }
                  ],
                  "startList": null,
                  "wind": null,
                  "__typename": "CalendarResultsRace"
                }
              ],
              "__typename": "CalendarResultsEvent"
            }
          ],
          "__typename": "CalendarResultsEventTitle"
        }
      ],
      "options": {
        "days": [
          {
            "date": "04 AUG 2017",
            "day": 1,
            "__typename": "CalendarResultsOptionsDay"
          },
          {
            "date": "05 AUG 2017",
            "day": 2,
            "__typename": "CalendarResultsOptionsDay"
          },
          {
            "date": "06 AUG 2017",
            "day": 3,
            "__typename": "CalendarResultsOptionsDay"
          },
          {
            "date": "07 AUG 2017",
            "day": 4,
            "__typename": "CalendarResultsOptionsDay"
          },
          {
            "date": "08 AUG 2017",
            "day": 5,
            "__typename": "CalendarResultsOptionsDay"
          },
          {
            "date": "09 AUG 2017",
            "day": 6,
            "__typename": "CalendarResultsOptionsDay"
          },
          {
            "date": "10 AUG 2017",
            "day": 7,
            "__typename": "CalendarResultsOptionsDay"
          },
          {
            "date": "11 AUG 2017",
            "day": 8,
            "__typename": "CalendarResultsOptionsDay"
          },
          {
            "date": "12 AUG 2017",
            "day": 9,
            "__typename": "CalendarResultsOptionsDay"
          },
          {
            "date": "13 AUG 2017",
            "day": 10,
            "__typename": "CalendarResultsOptionsDay"
          }
        ],
        "events": [
          {
            "gender": "W",
            "id": 10229509,
            "name": "Women's 100 Metres",
            "combined": null,
            "__typename": "CalendarResultsOptionEvent"
          },
          {
            "gender": "W",
            "id": 10229510,
            "name": "Women's 200 Metres",
            "combined": null,
            "__typename": "CalendarResultsOptionEvent"
          },
          {
            "gender": "W",
            "id": 10229511,
            "name": "Women's 400 Metres",
            "combined": null,
            "__typename": "CalendarResultsOptionEvent"
          },
          {
            "gender": "W",
            "id": 10229512,
            "name": "Women's 800 Metres",
            "combined": null,
            "__typename": "CalendarResultsOptionEvent"
          },
          {
            "gender": "W",
            "id": 10229513,
            "name": "Women's 1500 Metres",
            "combined": null,
            "__typename": "CalendarResultsOptionEvent"
          },
          {
            "gender": "W",
            "id": 10229519,
            "name": "Women's 3000 Metres",
            "combined": null,
            "__typename": "CalendarResultsOptionEvent"
          },
          {
            "gender": "W",
            "id": 10229514,
            "name": "Women's 5000 Metres",
            "combined": null,
            "__typename": "CalendarResultsOptionEvent"
          },
          {
            "gender": "W",
            "id": 10229521,
            "name": "Women's 10,000 Metres",
            "combined": null,
            "__typename": "CalendarResultsOptionEvent"
          },
          {
            "gender": "W",
            "id": 10229522,
            "name": "Women's 100 Metres Hurdles",
            "combined": null,
            "__typename": "CalendarResultsOptionEvent"
          },
          {
            "gender": "W",
            "id": 10229523,
            "name": "Women's 400 Metres Hurdles",
            "combined": null,
            "__typename": "CalendarResultsOptionEvent"
          },
          {
            "gender": "W",
            "id": 10229524,
            "name": "Women's 3000 Metres Steeplechase",
            "combined": null,
            "__typename": "CalendarResultsOptionEvent"
          },
          {
            "gender": "W",
            "id": 10229526,
            "name": "Women's High Jump",
            "combined": null,
            "__typename": "CalendarResultsOptionEvent"
          },
          {
            "gender": "W",
            "id": 10229527,
            "name": "Women's Pole Vault",
            "combined": null,
            "__typename": "CalendarResultsOptionEvent"
          },
          {
            "gender": "W",
            "id": 10229528,
            "name": "Women's Long Jump",
            "combined": null,
            "__typename": "CalendarResultsOptionEvent"
          },
          {
            "gender": "W",
            "id": 10229529,
            "name": "Women's Triple Jump",
            "combined": null,
            "__typename": "CalendarResultsOptionEvent"
          },
          {
            "gender": "W",
            "id": 10229530,
            "name": "Women's Shot Put",
            "combined": null,
            "__typename": "CalendarResultsOptionEvent"
          },
          {
            "gender": "W",
            "id": 10229531,
            "name": "Women's Discus Throw",
            "combined": null,
            "__typename": "CalendarResultsOptionEvent"
          },
          {
            "gender": "W",
            "id": 10229532,
            "name": "Women's Hammer Throw",
            "combined": null,
            "__typename": "CalendarResultsOptionEvent"
          },
          {
            "gender": "W",
            "id": 10229533,
            "name": "Women's Javelin Throw",
            "combined": null,
            "__typename": "CalendarResultsOptionEvent"
          },
          {
            "gender": "W",
            "id": 10229541,
            "name": "Women's Half Marathon",
            "combined": null,
            "__typename": "CalendarResultsOptionEvent"
          },
          {
            "gender": "W",
            "id": 10229534,
            "name": "Women's Marathon",
            "combined": null,
            "__typename": "CalendarResultsOptionEvent"
          },
          {
            "gender": "W",
            "id": 10229547,
            "name": "Women's 10 Kilometres Race Walk",
            "combined": null,
            "__typename": "CalendarResultsOptionEvent"
          },
          {
            "gender": "W",
            "id": 10229535,
            "name": "Women's 20 Kilometres Race Walk",
            "combined": null,
            "__typename": "CalendarResultsOptionEvent"
          },
          {
            "gender": "W",
            "id": 10229603,
            "name": "Women's 50 Kilometres Race Walk",
            "combined": null,
            "__typename": "CalendarResultsOptionEvent"
          },
          {
            "gender": "W",
            "id": 10229536,
            "name": "Women's Heptathlon",
            "combined": true,
            "__typename": "CalendarResultsOptionEvent"
          },
          {
            "gender": "W",
            "id": 204594,
            "name": "Women's 4x100 Metres Relay",
            "combined": null,
            "__typename": "CalendarResultsOptionEvent"
          },
          {
            "gender": "W",
            "id": 204596,
            "name": "Women's 4x400 Metres Relay",
            "combined": null,
            "__typename": "CalendarResultsOptionEvent"
          },
          {
            "gender": "M",
            "id": 10229630,
            "name": "Men's 100 Metres",
            "combined": null,
            "__typename": "CalendarResultsOptionEvent"
          },
          {
            "gender": "M",
            "id": 10229605,
            "name": "Men's 200 Metres",
            "combined": null,
            "__typename": "CalendarResultsOptionEvent"
          },
          {
            "gender": "M",
            "id": 10229631,
            "name": "Men's 400 Metres",
            "combined": null,
            "__typename": "CalendarResultsOptionEvent"
          },
          {
            "gender": "M",
            "id": 10229501,
            "name": "Men's 800 Metres",
            "combined": null,
            "__typename": "CalendarResultsOptionEvent"
          },
          {
            "gender": "M",
            "id": 10229502,
            "name": "Men's 1500 Metres",
            "combined": null,
            "__typename": "CalendarResultsOptionEvent"
          },
          {
            "gender": "M",
            "id": 10229609,
            "name": "Men's 5000 Metres",
            "combined": null,
            "__typename": "CalendarResultsOptionEvent"
          },
          {
            "gender": "M",
            "id": 10229610,
            "name": "Men's 10,000 Metres",
            "combined": null,
            "__typename": "CalendarResultsOptionEvent"
          },
          {
            "gender": "M",
            "id": 10229611,
            "name": "Men's 110 Metres Hurdles",
            "combined": null,
            "__typename": "CalendarResultsOptionEvent"
          },
          {
            "gender": "M",
            "id": 10229612,
            "name": "Men's 400 Metres Hurdles",
            "combined": null,
            "__typename": "CalendarResultsOptionEvent"
          },
          {
            "gender": "M",
            "id": 10229614,
            "name": "Men's 3000 Metres Steeplechase",
            "combined": null,
            "__typename": "CalendarResultsOptionEvent"
          },
          {
            "gender": "M",
            "id": 10229615,
            "name": "Men's High Jump",
            "combined": null,
            "__typename": "CalendarResultsOptionEvent"
          },
          {
            "gender": "M",
            "id": 10229616,
            "name": "Men's Pole Vault",
            "combined": null,
            "__typename": "CalendarResultsOptionEvent"
          },
          {
            "gender": "M",
            "id": 10229617,
            "name": "Men's Long Jump",
            "combined": null,
            "__typename": "CalendarResultsOptionEvent"
          },
          {
            "gender": "M",
            "id": 10229618,
            "name": "Men's Triple Jump",
            "combined": null,
            "__typename": "CalendarResultsOptionEvent"
          },
          {
            "gender": "M",
            "id": 10229619,
            "name": "Men's Shot Put",
            "combined": null,
            "__typename": "CalendarResultsOptionEvent"
          },
          {
            "gender": "M",
            "id": 10229620,
            "name": "Men's Discus Throw",
            "combined": null,
            "__typename": "CalendarResultsOptionEvent"
          },
          {
            "gender": "M",
            "id": 10229621,
            "name": "Men's Hammer Throw",
            "combined": null,
            "__typename": "CalendarResultsOptionEvent"
          },
          {
            "gender": "M",
            "id": 10229636,
            "name": "Men's Javelin Throw",
            "combined": null,
            "__typename": "CalendarResultsOptionEvent"
          },
          {
            "gender": "M",
            "id": 10229634,
            "name": "Men's Marathon",
            "combined": null,
            "__typename": "CalendarResultsOptionEvent"
          },
          {
            "gender": "M",
            "id": 10229625,
            "name": "Men's 10 Kilometres Race Walk",
            "combined": null,
            "__typename": "CalendarResultsOptionEvent"
          },
          {
            "gender": "M",
            "id": 10229508,
            "name": "Men's 20 Kilometres Race Walk",
            "combined": null,
            "__typename": "CalendarResultsOptionEvent"
          },
          {
            "gender": "M",
            "id": 10229628,
            "name": "Men's 50 Kilometres Race Walk",
            "combined": null,
            "__typename": "CalendarResultsOptionEvent"
          },
          {
            "gender": "M",
            "id": 10229629,
            "name": "Men's Decathlon",
            "combined": true,
            "__typename": "CalendarResultsOptionEvent"
          },
          {
            "gender": "M",
            "id": 204593,
            "name": "Men's 4x100 Metres Relay",
            "combined": null,
            "__typename": "CalendarResultsOptionEvent"
          },
          {
            "gender": "M",
            "id": 204595,
            "name": "Men's 4x400 Metres Relay",
            "combined": null,
            "__typename": "CalendarResultsOptionEvent"
          }
        ],
        "__typename": "CalendarResultsOptions"
      },
      "parameters": {
        "competitionId": 7093740,
        "day": null,
        "eventId": 10229636,
        "__typename": "CalendarResultsParameters"
      },
      "__typename": "CalendarCompetitionResults"
    }
  }
}