{
  "data": {
    "getCalendarCompetitionResults": {
      "competition": {
        "dateRange": "04\u201313 AUG 2017",
        "endDate": "2017-08-13",
        "name": "IAAF World Championships in Athletics",
        "rankingCategory": "OW",
        "startDate": "2017-08-04",
        "venue": "Olympic Stadium, London (GBR)",
        "__typename": "CalendarResultsCompetition"
      },
      "eventTitles": [
        {
          "rankingCategory": "OW",
          "eventTitle": null,
          "events": [
            {
              "event": "Men's 5000 Metres",
              "eventId": 10229609,
              "gender": "M",
              "isRelay": false,
              "perResultWind": false,
              "withWind": false,
              "summary": null,
              "races": [
                {
                  "date": "2017-08-12",
                  "day": 9,
                  "race": "Final",
                  "raceId": 10,
                  "raceNumber": 0,
                  "results": [
                    {
                      "competitor": {
                        "teamMembers": null,
                        "id": "ceks3knsn78yj99g2jk1va",
                        "name": "Muktar EDRIS",
                        "iaafId": 262470,
                        "urlSlug": "ethiopia/muktar-edris-14464221",
                        "birthDate": "14 JAN 1994",
                        "hasProfile": true,
                        "__typename": "CalendarResultsCompetitor"
                      },
                      "mark": "13:32.79",
                      "nationality": "ETH",
                      "place": "1.",
                      "points": null,
                      "qualified": null,
                      "records": "",
                      "wind": null,
                      "remark": null,
                      "details": null,
                      "__typename": "CalendarResultsRaceResult"
                    },
                    {
                      "competitor": {
                        "teamMembers": null,
                        "id": "nn5cyatks2k4ip1ijbwfsb",
                        "name": "Mo FARAH",
                        "iaafId": 179892,
                        "urlSlug": "great-britain-ni/mo-farah-14189197",
                        "birthDate": "23 MAR 1983",
                        "hasProfile": true,
                        "__typename": "CalendarResultsCompetitor"
                      },
                      "mark": "13:33.22",
                      "nationality": "GBR",
                      "place": "2.",
                      "points": null,
                      "qualified": null,
                      "records": "",
                      "wind": null,
                      "remark": null,
                      "details": null,
                      "__typename": "CalendarResultsRaceResult"
                    },
                    {
                      "competitor": {
                        "teamMembers": null,
                        "id": "wp8a9kxfo86un9bn3uo6v",
                        "name": "Paul CHELIMO",
                        "iaafId": 270274,
                        "urlSlug": "united-states/paul-chelimo-14454958",
                        "birthDate": "27 OCT 1990",
                        "hasProfile": true,
                        "__typename": "CalendarResultsCompetitor"
                      },
                      "mark": "13:33.30",
                      "nationality": "USA",
                      "place": "3.",
                      "points": null,
                      "qualified": null,
                      "records": "",
                      "wind": null,
                      "remark": null,
                      "details": null,
                      "__typename": "CalendarResultsRaceResult"
                    },
                    {
                      "competitor": {
                        "teamMembers": null,
                        "id": "zboe2ojltwr7gyscrnjyb",
                        "name": "Yomif KEJELCHA",
                        "iaafId": 283623,
                        "urlSlug": "ethiopia/yomif-kejelcha-14594967",
                        "birthDate": "01 AUG 1997",
                        "hasProfile": true,
                        "__typename": "CalendarResultsCompetitor"
                      },
                      "mark": "13:33.51",
                      "nationality": "ETH",
                      "place": "4.",
                      "points": null,
                      "qualified": null,
                      "records": "",
                      "wind": null,
                      "remark": null,
                      "details": null,
                      "__typename": "CalendarResultsRaceResult"
                    },
                    {
                      "competitor": {
                        "teamMembers": null,
                        "id": "y67a2hpqb3napwuwdsibd",
                        "name": "Selemon BAREGA",
                        "iaafId": 310950,
                        "urlSlug": "ethiopia/selemon-barega-14751317",
                        "birthDate": "20 JAN 2000",
                        "hasProfile": true,
                        "__typename": "CalendarResultsCompetitor"
                      },
                      "mark": "13:35.34",
                      "nationality": "ETH",
                      "place": "5.",
                      "points": null,
                      "qualified": null,
                      "records": "",
                      "wind": null,
                      "remark": null,
                      "details": null,
                      "__typename": "CalendarResultsRaceResult"
                    },
                    {
                      "competitor": {
                        "teamMembers": null,
                        "id": "enzwmyrxc0gx4uvgp0mglq",
                        "name": "Mohammed AHMED",
                        "iaafId": 240623,
                        "urlSlug": "canada/mohammed-ahmed-14330105",
                        "birthDate": "05 JAN 1991",
                        "hasProfile": true,
                        "__typename": "CalendarResultsCompetitor"
                      },
                      "mark": "13:35.43",
                      "nationality": "CAN",
                      "place": "6.",
                      "points": null,
                      "qualified": null,
                      "records": "",
                      "wind": null,
                      "remark": null,
                      "details": null,
                      "__typename": "CalendarResultsRaceResult"
                    },
                    {
                      "competitor": {
                        "teamMembers": null,
                        "id": "iwncxevl1mhya6v6az5ikn",
                        "name": "Aron KIFLE",
                        "iaafId": 297672,
                        "urlSlug": "eritrea/aron-kifle-14693555",
                        "birthDate": "20 FEB 1998",
                        "hasProfile": true,
                        "__typename": "CalendarResultsCompetitor"
                      },
                      "mark": "13:36.91",
                      "nationality": "ERI",
                      "place": "7.",
                      "points": null,
                      "qualified": null,
                      "records": "",
                      "wind": null,
                      "remark": null,
                      "details": null,
                      "__typename": "CalendarResultsRaceResult"
                    },
                    {
                      "competitor": {
                        "teamMembers": null,
                        "id": "q5qwqos0cdtwcmzq0nnyjf",
                        "name": "Andrew BUTCHART",
                        "iaafId": 297634,
                        "urlSlug": "great-britain-ni/andrew-butchart-14377202",
                        "birthDate": "14 OCT 1991",
                        "hasProfile": true,
                        "__typename": "CalendarResultsCompetitor"
                      },
                      "mark": "13:38.73",
                      "nationality": "GBR",
                      "place": "8.",
                      "points": null,
                      "qualified": null,
                      "records": "",
                      "wind": null,
                      "remark": null,
                      "details": null,
                      "__typename": "CalendarResultsRaceResult"
                    },
                    {
                      "competitor": {
                        "teamMembers": null,
                        "id": "bnlok0uwayee3jl1yops3r",
                        "name": "Justyn KNIGHT",
                        "iaafId": 292725,
                        "urlSlug": "canada/justyn-knight-14603387",
                        "birthDate": "19 JUL 1996",
                        "hasProfile": true,
                        "__typename": "CalendarResultsCompetitor"
                      },
                      "mark": "13:39.15",
                      "nationality": "CAN",
                      "place": "9.",
                      "points": null,
                      "qualified": null,
                      "records": "",
                      "wind": null,
                      "remark": null,
                      "details": null,
                      "__typename": "CalendarResultsRaceResult"
                    },
                    {
                      "competitor": {
                        "teamMembers": null,
                        "id": "0lbq7mrx1j66cxt3uyhq7",
                        "name": "Kemoy CAMPBELL",
                        "iaafId": 236452,
                        "urlSlug": "jamaica/kemoy-campbell-014201885",
                        "birthDate": "14 JAN 1991",
                        "hasProfile": true,
                        "__typename": "CalendarResultsCompetitor"
                      },
                      "mark": "13:39.74",
                      "nationality": "JAM",
                      "place": "10.",
                      "points": null,
                      "qualified": null,
                      "records": "",
                      "wind": null,
                      "remark": null,
                      "details": null,
                      "__typename": "CalendarResultsRaceResult"
                    },
                    {
                      "competitor": {
                        "teamMembers": null,
                        "id": "2tpiinos97uj11gg69zwh",
                        "name": "Patrick TIERNAN",
                        "iaafId": 262772,
                        "urlSlug": "australia/patrick-tiernan-14433154",
                        "birthDate": "11 SEP 1994",
                        "hasProfile": true,
                        "__typename": "CalendarResultsCompetitor"
                      },
                      "mark": "13:40.01",
                      "nationality": "AUS",
                      "place": "11.",
                      "points": null,
                      "qualified": null,
                      "records": "",
                      "wind": null,
                      "remark": null,
                      "details": null,
                      "__typename": "CalendarResultsRaceResult"
                    },
                    {
                      "competitor": {
                        "teamMembers": null,
                        "id": "9vin6gg0qr69czvkjn6pzj",
                        "name": "Birhanu BALEW",
                        "iaafId": 297695,
                        "urlSlug": "bahrain/birhanu-balew-14695983",
                        "birthDate": "27 FEB 1996",
                        "hasProfile": true,
                        "__typename": "CalendarResultsCompetitor"
                      },
                      "mark": "13:43.25",
                      "nationality": "BRN",
                      "place": "12.",
                      "points": null,
                      "qualified": null,
                      "records": "",
                      "wind": null,
                      "remark": null,
                      "details": null,
                      "__typename": "CalendarResultsRaceResult"
                    },
                    {
                      "competitor": {
                        "teamMembers": null,
                        "id": "evo6w4ku5x6c4yf7itex84",
                        "name": "Cyrus RUTTO",
                        "iaafId": 259160,
                        "urlSlug": "kenya/cyrus-rutto-014425838",
                        "birthDate": "21 APR 1992",
                        "hasProfile": true,
                        "__typename": "CalendarResultsCompetitor"
                      },
                      "mark": "13:48.64",
                      "nationality": "KEN",
                      "place": "13.",
                      "points": null,
                      "qualified": null,
                      "records": "",
                      "wind": null,
                      "remark": null,
                      "details": null,
                      "__typename": "CalendarResultsRaceResult"
                    },
                    {
                      "competitor": {
                        "teamMembers": null,
                        "id": "5whk0lshclt40kv0hfz9mo",
                        "name": "Awet HABTE",
                        "iaafId": 311432,
                        "urlSlug": "eritrea/awet-habte-14647861",
                        "birthDate": "29 SEP 1997",
                        "hasProfile": true,
                        "__typename": "CalendarResultsCompetitor"
                      },
                      "mark": "13:58.68",
                      "nationality": "ERI",
                      "place": "14.",
                      "points": null,
                      "qualified": null,
                      "records": "",
                      "wind": null,
                      "remark": null,
                      "details": null,
                      "__typename": "CalendarResultsRaceResult"
                    },
                    {
                      "competitor": {
                        "teamMembers": null,
                        "id": "jf08pgwzbxuiwek04rz9",
                        "name": "Ryan HILL",
                        "iaafId": 246331,
                        "urlSlug": "united-states/ryan-hill-014367867",
                        "birthDate": "31 JAN 1990",
                        "hasProfile": true,
                        "__typename": "CalendarResultsCompetitor"
                      },
                      "mark": "DNS",
                      "nationality": "USA",
                      "place": "",
                      "points": null,
                      "qualified": null,
                      "records": "",
                      "wind": null,
                      "remark": null,
                      "details": null,
                      "__typename": "CalendarResultsRaceResult"
                    }
                  ],
                  "startList": null,
                  "wind": null,
                  "__typename": "CalendarResultsRace"
                },
                {
                  "date": "2017-08-09",
                  "day": 6,
                  "race": "Round 1 - Heat",
                  "raceId": 11,
                  "raceNumber": 1,
                  "results": [
                    {
                      "competitor": {
                        "teamMembers": null,
                        "id": "7l8wozft4h64nd8089q52l",
                        "name": "Yomif KEJELCHA",
                        "iaafId": 283623,
                        "urlSlug": "ethiopia/yomif-kejelcha-14594967",
                        "birthDate": "01 AUG 1997",
                        "hasProfile": true,
                        "__typename": "CalendarResultsCompetitor"
                      },
                      "mark": "13:30.07",
                      "nationality": "ETH",
                      "place": "1.",
                      "points": null,
                      "qualified": false,
                      "records": "",
                      "wind": null,
                      "remark": null,
                      "details": null,
                      "__typename": "CalendarResultsRaceResult"
                    },
                    {
                      "competitor": {
                        "teamMembers": null,
                        "id": "6670u6929v549heyu99c17",
                        "name": "Mo FARAH",
                        "iaafId": 179892,
                        "urlSlug": "great-britain-ni/mo-farah-14189197",
                        "birthDate": "23 MAR 1983",
                        "hasProfile": true,
                        "__typename": "CalendarResultsCompetitor"
                      },
                      "mark": "13:30.18",
                      "nationality": "GBR",
                      "place": "2.",
                      "points": null,
                      "qualified": false,
                      "records": "",
                      "wind": null,
                      "remark": null,
                      "details": null,
                      "__typename": "CalendarResultsRaceResult"
                    },
                    {
                      "competitor": {
                        "teamMembers": null,
                        "id": "32lgvxrqpynw1vpubk7in",
                        "name": "Muktar EDRIS",
                        "iaafId": 262470,
                        "urlSlug": "ethiopia/muktar-edris-14464221",
                        "birthDate": "14 JAN 1994",
                        "hasProfile": true,
                        "__typename": "CalendarResultsCompetitor"
                      },
                      "mark": "13:30.22",
                      "nationality": "ETH",
                      "place": "3.",
                      "points": null,
                      "qualified": false,
                      "records": "",
                      "wind": null,
                      "remark": null,
                      "details": null,
                      "__typename": "CalendarResultsRaceResult"
                    },
                    {
                      "competitor": {
                        "teamMembers": null,
                        "id": "t3qlcqgaf5g1vlefh814d3",
                        "name": "Justyn KNIGHT",
                        "iaafId": 292725,
                        "urlSlug": "canada/justyn-knight-14603387",
                        "birthDate": "19 JUL 1996",
                        "hasProfile": true,
                        "__typename": "CalendarResultsCompetitor"
                      },
                      "mark": "13:30.27",
                      "nationality": "CAN",
                      "place": "4.",
                      "points": null,
                      "qualified": false,
                      "records": "",
                      "wind": null,
                      "remark": null,
                      "details": null,
                      "__typename": "CalendarResultsRaceResult"
                    },
                    {
                      "competitor": {
                        "teamMembers": null,
                        "id": "jaknqioojn8tl8m5ogebs",
                        "name": "Aron KIFLE",
                        "iaafId": 297672,
                        "urlSlug": "eritrea/aron-kifle-14693555",
                        "birthDate": "20 FEB 1998",
                        "hasProfile": true,
                        "__typename": "CalendarResultsCompetitor"
                      },
                      "mark": "13:30.36",
                      "nationality": "ERI",
                      "place": "5.",
                      "points": null,
                      "qualified": false,
                      "records": "",
                      "wind": null,
                      "remark": null,
                      "details": null,
                      "__typename": "CalendarResultsRaceResult"
                    },
                    {
                      "competitor": {
                        "teamMembers": null,
                        "id": "im7luaauy3d5tj7ems4",
                        "name": "Bashir ABDI",
                        "iaafId": 281105,
                        "urlSlug": "belgium/bashir-abdi-14375137",
                        "birthDate": "10 FEB 1989",
                        "hasProfile": true,
                        "__typename": "CalendarResultsCompetitor"
                      },
                      "mark": "13:30.71",
                      "nationality": "BEL",
                      "place": "6.",
                      "points": null,
                      "qualified": null,
                      "records": "",
                      "wind": null,
                      "remark": null,
                      "details": null,
                      "__typename": "CalendarResultsRaceResult"
                    },
                    {
                      "competitor": {
                        "teamMembers": null,
                        "id": "phbik2infypi2qunmc1j8",
                        "name": "Morgan MCDONALD",
                        "iaafId": 277925,
                        "urlSlug": "australia/morgan-mcdonald-14496066",
                        "birthDate": "23 APR 1996",
                        "hasProfile": true,
                        "__typename": "CalendarResultsCompetitor"
                      },
                      "mark": "13:30.73",
                      "nationality": "AUS",
                      "place": "7.",
                      "points": null,
                      "qualified": null,
                      "records": "",
                      "wind": null,
                      "remark": null,
                      "details": null,
                      "__typename": "CalendarResultsRaceResult"
                    },
                    {
                      "competitor": {
                        "teamMembers": null,
                        "id": "n9101b6iqubvxsl0i60p6",
                        "name": "Soufiyan BOUQANTAR",
                        "iaafId": 258264,
                        "urlSlug": "morocco/soufiyan-bouqantar-14442147",
                        "birthDate": "30 AUG 1993",
                        "hasProfile": true,
                        "__typename": "CalendarResultsCompetitor"
                      },
                      "mark": "13:30.78",
                      "nationality": "MAR",
                      "place": "8.",
                      "points": null,
                      "qualified": null,
                      "records": "",
                      "wind": null,
                      "remark": null,
                      "details": null,
                      "__typename": "CalendarResultsRaceResult"
                    },
                    {
                      "competitor": {
                        "teamMembers": null,
                        "id": "xn1amo8x343izljt5pk9u",
                        "name": "Jacob KIPLIMO",
                        "iaafId": 310901,
                        "urlSlug": "uganda/jacob-kiplimo-14735365",
                        "birthDate": "14 NOV 2000",
                        "hasProfile": true,
                        "__typename": "CalendarResultsCompetitor"
                      },
                      "mark": "13:30.92",
                      "nationality": "UGA",
                      "place": "9.",
                      "points": null,
                      "qualified": null,
                      "records": "",
                      "wind": null,
                      "remark": null,
                      "details": null,
                      "__typename": "CalendarResultsRaceResult"
                    },
                    {
                      "competitor": {
                        "teamMembers": null,
                        "id": "9e6zothzp76fgioisbxcun",
                        "name": "Eric JENKINS",
                        "iaafId": 270424,
                        "urlSlug": "united-states/eric-jenkins-014406813",
                        "birthDate": "24 NOV 1991",
                        "hasProfile": true,
                        "__typename": "CalendarResultsCompetitor"
                      },
                      "mark": "13:31.09",
                      "nationality": "USA",
                      "place": "10.",
                      "points": null,
                      "qualified": null,
                      "records": "",
                      "wind": null,
                      "remark": null,
                      "details": null,
                      "__typename": "CalendarResultsRaceResult"
                    },
                    {
                      "competitor": {
                        "teamMembers": null,
                        "id": "179jo84gwbmku55akrc2jj",
                        "name": "Sam MCENTEE",
                        "iaafId": 266822,
                        "urlSlug": "australia/sam-mcentee-14384240",
                        "birthDate": "03 FEB 1992",
                        "hasProfile": true,
                        "__typename": "CalendarResultsCompetitor"
                      },
                      "mark": "13:31.58",
                      "nationality": "AUS",
                      "place": "11.",
                      "points": null,
                      "qualified": null,
                      "records": "",
                      "wind": null,
                      "remark": null,
                      "details": null,
                      "__typename": "CalendarResultsRaceResult"
                    },
                    {
                      "competitor": {
                        "teamMembers": null,
                        "id": "n8p0nz52cemtfn1a3xrhzs",
                        "name": "Hayle IBRAHIMOV",
                        "iaafId": 248829,
                        "urlSlug": "azerbaijan/hayle-ibrahimov-14374059",
                        "birthDate": "18 JAN 1990",
                        "hasProfile": true,
                        "__typename": "CalendarResultsCompetitor"
                      },
                      "mark": "13:32.15",
                      "nationality": "AZE",
                      "place": "12.",
                      "points": null,
                      "qualified": null,
                      "records": "",
                      "wind": null,
                      "remark": null,
                      "details": null,
                      "__typename": "CalendarResultsRaceResult"
                    },
                    {
                      "competitor": {
                        "teamMembers": null,
                        "id": "dnw68c0c2jqfycsavjddl",
                        "name": "Emanuel Giniki GISAMODA",
                        "iaafId": 233134,
                        "urlSlug": "tanzania/emanuel-giniki-gisamoda-14228315",
                        "birthDate": "18 MAY 1988",
                        "hasProfile": true,
                        "__typename": "CalendarResultsCompetitor"
                      },
                      "mark": "13:32.31",
                      "nationality": "TAN",
                      "place": "13.",
                      "points": null,
                      "qualified": null,
                      "records": "",
                      "wind": null,
                      "remark": null,
                      "details": null,
                      "__typename": "CalendarResultsRaceResult"
                    },
                    {
                      "competitor": {
                        "teamMembers": null,
                        "id": "selax67g0oe16zbyr7wlha",
                        "name": "Albert ROP",
                        "iaafId": 265309,
                        "urlSlug": "bahrain/albert-rop-014479153",
                        "birthDate": "17 JUL 1992",
                        "hasProfile": true,
                        "__typename": "CalendarResultsCompetitor"
                      },
                      "mark": "13:32.40",
                      "nationality": "BRN",
                      "place": "14.",
                      "points": null,
                      "qualified": null,
                      "records": "",
                      "wind": null,
                      "remark": null,
                      "details": null,
                      "__typename": "CalendarResultsRaceResult"
                    },
                    {
                      "competitor": {
                        "teamMembers": null,
                        "id": "upbqpi2dh8emine8lso1cd",
                        "name": "Lakshmanan GOVINDAN",
                        "iaafId": 297117,
                        "urlSlug": "india/lakshmanan-govindan-14532382",
                        "birthDate": "05 JUN 1990",
                        "hasProfile": true,
                        "__typename": "CalendarResultsCompetitor"
                      },
                      "mark": "13:35.69",
                      "nationality": "IND",
                      "place": "15.",
                      "points": null,
                      "qualified": null,
                      "records": "",
                      "wind": null,
                      "remark": null,
                      "details": null,
                      "__typename": "CalendarResultsRaceResult"
                    },
                    {
                      "competitor": {
                        "teamMembers": null,
                        "id": "3aokrm2wzbrdbvatkf9o2",
                        "name": "Ilias FIFA",
                        "iaafId": 267131,
                        "urlSlug": "spain/ilias-fifa-14372018",
                        "birthDate": "16 MAY 1989",
                        "hasProfile": true,
                        "__typename": "CalendarResultsCompetitor"
                      },
                      "mark": "13:47.90",
                      "nationality": "ESP",
                      "place": "16.",
                      "points": null,
                      "qualified": null,
                      "records": "",
                      "wind": null,
                      "remark": null,
                      "details": null,
                      "__typename": "CalendarResultsRaceResult"
                    },
                    {
                      "competitor": {
                        "teamMembers": null,
                        "id": "jppjcu94eli8xv6wxsvuwu",
                        "name": "Kadar Omar ABDULLAHI",
                        "iaafId": 321911,
                        "urlSlug": "ethiopia/kadar-omar-abdullahi-14808749",
                        "birthDate": "1996",
                        "hasProfile": true,
                        "__typename": "CalendarResultsCompetitor"
                      },
                      "mark": "14:32.67",
                      "nationality": "ART",
                      "place": "17.",
                      "points": null,
                      "qualified": null,
                      "records": "",
                      "wind": null,
                      "remark": null,
                      "details": null,
                      "__typename": "CalendarResultsRaceResult"
                    },
                    {
                      "competitor": {
                        "teamMembers": null,
                        "id": "w2z7y4mali54ka6j39zid",
                        "name": "Mohamed Daud MOHAMED",
                        "iaafId": 313389,
                        "urlSlug": "somalia/mohamed-daud-mohamed-014762267",
                        "birthDate": "01 MAR 1996",
                        "hasProfile": true,
                        "__typename": "CalendarResultsCompetitor"
                      },
                      "mark": "14:34.27",
                      "nationality": "SOM",
                      "place": "18.",
                      "points": null,
                      "qualified": null,
                      "records": "",
                      "wind": null,
                      "remark": null,
                      "details": null,
                      "__typename": "CalendarResultsRaceResult"
                    },
                    {
                      "competitor": {
                        "teamMembers": null,
                        "id": "hcorvcf64gcxmermmiqnho",
                        "name": "Davis KIPLANGAT",
                        "iaafId": 298342,
                        "urlSlug": "kenya/davis-kiplangat-014689592",
                        "birthDate": "10 JUL 1998",
                        "hasProfile": true,
                        "__typename": "CalendarResultsCompetitor"
                      },
                      "mark": "14:52.98",
                      "nationality": "KEN",
                      "place": "19.",
                      "points": null,
                      "qualified": null,
                      "records": "",
                      "wind": null,
                      "remark": null,
                      "details": null,
                      "__typename": "CalendarResultsRaceResult"
                    },
                    {
                      "competitor": {
                        "teamMembers": null,
                        "id": "ghhmao2j3rqmbl4117dhpj",
                        "name": "David KULANG",
                        "iaafId": 316745,
                        "urlSlug": "south-sudan/david-kulang-014757816",
                        "birthDate": "22 SEP 1995",
                        "hasProfile": true,
                        "__typename": "CalendarResultsCompetitor"
                      },
                      "mark": "14:53.19",
                      "nationality": "SSD",
                      "place": "20.",
                      "points": null,
                      "qualified": null,
                      "records": "",
                      "wind": null,
                      "remark": null,
                      "details": null,
                      "__typename": "CalendarResultsRaceResult"
                    },
                    {
                      "competitor": {
                        "teamMembers": null,
                        "id": "mqu5djaq9wkpa9c70ro1s",
                        "name": "Mohamed SAMBE",
                        "iaafId": 321788,
                        "urlSlug": "mauritania/mohamed-sambe-014808748",
                        "birthDate": "14 SEP 1983",
                        "hasProfile": true,
                        "__typename": "CalendarResultsCompetitor"
                      },
                      "mark": "16:16.29",
                      "nationality": "MTN",
                      "place": "21.",
                      "points": null,
                      "qualified": null,
                      "records": "",
                      "wind": null,
                      "remark": null,
                      "details": null,
                      "__typename": "CalendarResultsRaceResult"
                    }
                  ],
                  "startList": null,
                  "wind": null,
                  "__typename": "CalendarResultsRace"
                },
                {
                  "date": "2017-08-09",
                  "day": 6,
                  "race": "Round 1 - Heat",
                  "raceId": 11,
                  "raceNumber": 2,
                  "results": [
                    {
                      "competitor": {
                        "teamMembers": null,
                        "id": "gxkz3p63fwae7jogboh5f",
                        "name": "Selemon BAREGA",
                        "iaafId": 310950,
                        "urlSlug": "ethiopia/selemon-barega-14751317",
                        "birthDate": "20 JAN 2000",
                        "hasProfile": true,
                        "__typename": "CalendarResultsCompetitor"
                      },
                      "mark": "13:21.50",
                      "nationality": "ETH",
                      "place": "1.",
                      "points": null,
                      "qualified": false,
                      "records": "",
                      "wind": null,
                      "remark": null,
                      "details": null,
                      "__typename": "CalendarResultsRaceResult"
                    },
                    {
                      "competitor": {
                        "teamMembers": null,
                        "id": "hn3r83qbrq62ll17akepdp",
                        "name": "Birhanu BALEW",
                        "iaafId": 297695,
                        "urlSlug": "bahrain/birhanu-balew-14695983",
                        "birthDate": "27 FEB 1996",
                        "hasProfile": true,
                        "__typename": "CalendarResultsCompetitor"
                      },
                      "mark": "13:21.91",
                      "nationality": "BRN",
                      "place": "2.",
                      "points": null,
                      "qualified": false,
                      "records": "",
                      "wind": null,
                      "remark": null,
                      "details": null,
                      "__typename": "CalendarResultsRaceResult"
                    },
                    {
                      "competitor": {
                        "teamMembers": null,
                        "id": "xle2wi3kwajen6tiv2sfj",
                        "name": "Cyrus RUTTO",
                        "iaafId": 259160,
                        "urlSlug": "kenya/cyrus-rutto-014425838",
                        "birthDate": "21 APR 1992",
                        "hasProfile": true,
                        "__typename": "CalendarResultsCompetitor"
                      },
                      "mark": "13:22.45",
                      "nationality": "KEN",
                      "place": "3.",
                      "points": null,
                      "qualified": false,
                      "records": "",
                      "wind": null,
                      "remark": null,
                      "details": null,
                      "__typename": "CalendarResultsRaceResult"
                    },
                    {
                      "competitor": {
                        "teamMembers": null,
                        "id": "jfkb6l2cnu2dv2aq962mt",
                        "name": "Patrick TIERNAN",
                        "iaafId": 262772,
                        "urlSlug": "australia/patrick-tiernan-14433154",
                        "birthDate": "11 SEP 1994",
                        "hasProfile": true,
                        "__typename": "CalendarResultsCompetitor"
                      },
                      "mark": "13:22.52",
                      "nationality": "AUS",
                      "place": "4.",
                      "points": null,
                      "qualified": false,
                      "records": "",
                      "wind": null,
                      "remark": null,
                      "details": null,
                      "__typename": "CalendarResultsRaceResult"
                    },
                    {
                      "competitor": {
                        "teamMembers": null,
                        "id": "d3pnveiku7o5fcm16pwntf",
                        "name": "Ryan HILL",
                        "iaafId": 246331,
                        "urlSlug": "united-states/ryan-hill-014367867",
                        "birthDate": "31 JAN 1990",
                        "hasProfile": true,
                        "__typename": "CalendarResultsCompetitor"
                      },
                      "mark": "13:22.79",
                      "nationality": "USA",
                      "place": "5.",
                      "points": null,
                      "qualified": false,
                      "records": "",
                      "wind": null,
                      "remark": null,
                      "details": null,
                      "__typename": "CalendarResultsRaceResult"
                    },
                    {
                      "competitor": {
                        "teamMembers": null,
                        "id": "h09krow4dztc2diy5730hg",
                        "name": "Mohammed AHMED",
                        "iaafId": 240623,
                        "urlSlug": "canada/mohammed-ahmed-14330105",
                        "birthDate": "05 JAN 1991",
                        "hasProfile": true,
                        "__typename": "CalendarResultsCompetitor"
                      },
                      "mark": "13:22.97",
                      "nationality": "CAN",
                      "place": "6.",
                      "points": null,
                      "qualified": null,
                      "records": "",
                      "wind": null,
                      "remark": null,
                      "details": null,
                      "__typename": "CalendarResultsRaceResult"
                    },
                    {
                      "competitor": {
                        "teamMembers": null,
                        "id": "05tbqf1tgqt17gu0d2fprm",
                        "name": "Andrew BUTCHART",
                        "iaafId": 297634,
                        "urlSlug": "great-britain-ni/andrew-butchart-14377202",
                        "birthDate": "14 OCT 1991",
                        "hasProfile": true,
                        "__typename": "CalendarResultsCompetitor"
                      },
                      "mark": "13:24.78",
                      "nationality": "GBR",
                      "place": "7.",
                      "points": null,
                      "qualified": null,
                      "records": "",
                      "wind": null,
                      "remark": null,
                      "details": null,
                      "__typename": "CalendarResultsRaceResult"
                    },
                    {
                      "competitor": {
                        "teamMembers": null,
                        "id": "e037xaig8kkjee11774c5r",
                        "name": "Paul CHELIMO",
                        "iaafId": 270274,
                        "urlSlug": "united-states/paul-chelimo-14454958",
                        "birthDate": "27 OCT 1990",
                        "hasProfile": true,
                        "__typename": "CalendarResultsCompetitor"
                      },
                      "mark": "13:24.88",
                      "nationality": "USA",
                      "place": "8.",
                      "points": null,
                      "qualified": null,
                      "records": "",
                      "wind": null,
                      "remark": null,
                      "details": null,
                      "__typename": "CalendarResultsRaceResult"
                    },
                    {
                      "competitor": {
                        "teamMembers": null,
                        "id": "22qtfob3tfj6wcaclhzizw",
                        "name": "Kemoy CAMPBELL",
                        "iaafId": 236452,
                        "urlSlug": "jamaica/kemoy-campbell-014201885",
                        "birthDate": "14 JAN 1991",
                        "hasProfile": true,
                        "__typename": "CalendarResultsCompetitor"
                      },
                      "mark": "13:26.67",
                      "nationality": "JAM",
                      "place": "9.",
                      "points": null,
                      "qualified": null,
                      "records": "",
                      "wind": null,
                      "remark": null,
                      "details": null,
                      "__typename": "CalendarResultsRaceResult"
                    },
                    {
                      "competitor": {
                        "teamMembers": null,
                        "id": "dtkz7c6r0g1xafr9ckcfm",
                        "name": "Awet HABTE",
                        "iaafId": 311432,
                        "urlSlug": "eritrea/awet-habte-14647861",
                        "birthDate": "29 SEP 1997",
                        "hasProfile": true,
                        "__typename": "CalendarResultsCompetitor"
                      },
                      "mark": "13:27.70",
                      "nationality": "ERI",
                      "place": "10.",
                      "points": null,
                      "qualified": null,
                      "records": "",
                      "wind": null,
                      "remark": null,
                      "details": null,
                      "__typename": "CalendarResultsRaceResult"
                    },
                    {
                      "competitor": {
                        "teamMembers": null,
                        "id": "d8qahlxm4w705htao7915gx",
                        "name": "Soufiane BOUCHIKHI",
                        "iaafId": 250933,
                        "urlSlug": "belgium/soufiane-bouchikhi-014329545",
                        "birthDate": "22 MAR 1990",
                        "hasProfile": true,
                        "__typename": "CalendarResultsCompetitor"
                      },
                      "mark": "13:28.64",
                      "nationality": "BEL",
                      "place": "11.",
                      "points": null,
                      "qualified": null,
                      "records": "",
                      "wind": null,
                      "remark": null,
                      "details": null,
                      "__typename": "CalendarResultsRaceResult"
                    },
                    {
                      "competitor": {
                        "teamMembers": null,
                        "id": "2dkkjlq15ch305d366in6m",
                        "name": "Djamal Abdi DIREH",
                        "iaafId": 310951,
                        "urlSlug": "djibouti/djamal-abdi-direh-14760500",
                        "birthDate": "01 JAN 1997",
                        "hasProfile": true,
                        "__typename": "CalendarResultsCompetitor"
                      },
                      "mark": "13:28.98",
                      "nationality": "DJI",
                      "place": "12.",
                      "points": null,
                      "qualified": null,
                      "records": "",
                      "wind": null,
                      "remark": null,
                      "details": null,
                      "__typename": "CalendarResultsRaceResult"
                    },
                    {
                      "competitor": {
                        "teamMembers": null,
                        "id": "jzs38d2tr0csbzw80qsrn",
                        "name": "Zouha\u00efr AWAD",
                        "iaafId": 305085,
                        "urlSlug": "bahrain/zouhair-awad-014389216",
                        "birthDate": "07 APR 1989",
                        "hasProfile": true,
                        "__typename": "CalendarResultsCompetitor"
                      },
                      "mark": "13:29.28",
                      "nationality": "BRN",
                      "place": "13.",
                      "points": null,
                      "qualified": null,
                      "records": "",
                      "wind": null,
                      "remark": null,
                      "details": null,
                      "__typename": "CalendarResultsRaceResult"
                    },
                    {
                      "competitor": {
                        "teamMembers": null,
                        "id": "eixsf3e0v3sa8xn9g8j0tu",
                        "name": "Sondre Nordstad MOEN",
                        "iaafId": 227935,
                        "urlSlug": "norway/sondre-nordstad-moen-14215417",
                        "birthDate": "12 JAN 1991",
                        "hasProfile": true,
                        "__typename": "CalendarResultsCompetitor"
                      },
                      "mark": "13:31.71",
                      "nationality": "NOR",
                      "place": "14.",
                      "points": null,
                      "qualified": null,
                      "records": "",
                      "wind": null,
                      "remark": null,
                      "details": null,
                      "__typename": "CalendarResultsRaceResult"
                    },
                    {
                      "competitor": {
                        "teamMembers": null,
                        "id": "mdks2mmqoc3rtoaqszf4q",
                        "name": "Stephen KISSA",
                        "iaafId": 316764,
                        "urlSlug": "uganda/stephen-kissa-14677961",
                        "birthDate": "01 DEC 1988",
                        "hasProfile": true,
                        "__typename": "CalendarResultsCompetitor"
                      },
                      "mark": "13:32.86",
                      "nationality": "UGA",
                      "place": "15.",
                      "points": null,
                      "qualified": null,
                      "records": "",
                      "wind": null,
                      "remark": null,
                      "details": null,
                      "__typename": "CalendarResultsRaceResult"
                    },
                    {
                      "competitor": {
                        "teamMembers": null,
                        "id": "1475nt2nm5d01d70qhyv1bc",
                        "name": "Josphat Kiprono MENJO",
                        "iaafId": 206196,
                        "urlSlug": "kenya/josphat-kiprono-menjo-014209102",
                        "birthDate": "20 AUG 1979",
                        "hasProfile": true,
                        "__typename": "CalendarResultsCompetitor"
                      },
                      "mark": "13:35.68",
                      "nationality": "KEN",
                      "place": "16.",
                      "points": null,
                      "qualified": null,
                      "records": "",
                      "wind": null,
                      "remark": null,
                      "details": null,
                      "__typename": "CalendarResultsRaceResult"
                    },
                    {
                      "competitor": {
                        "teamMembers": null,
                        "id": "sizi4vgrsv9bqnlizzxf7q",
                        "name": "Richard RINGER",
                        "iaafId": 242721,
                        "urlSlug": "germany/richard-ringer-14193865",
                        "birthDate": "27 FEB 1989",
                        "hasProfile": true,
                        "__typename": "CalendarResultsCompetitor"
                      },
                      "mark": "13:36.87",
                      "nationality": "GER",
                      "place": "17.",
                      "points": null,
                      "qualified": null,
                      "records": "",
                      "wind": null,
                      "remark": null,
                      "details": null,
                      "__typename": "CalendarResultsRaceResult"
                    },
                    {
                      "competitor": {
                        "teamMembers": null,
                        "id": "jxksiowh52rcwparu05i19",
                        "name": "Marc SCOTT",
                        "iaafId": 296516,
                        "urlSlug": "great-britain-ni/marc-scott-14497504",
                        "birthDate": "21 DEC 1993",
                        "hasProfile": true,
                        "__typename": "CalendarResultsCompetitor"
                      },
                      "mark": "13:58.11",
                      "nationality": "GBR",
                      "place": "18.",
                      "points": null,
                      "qualified": null,
                      "records": "",
                      "wind": null,
                      "remark": null,
                      "details": null,
                      "__typename": "CalendarResultsRaceResult"
                    },
                    {
                      "competitor": {
                        "teamMembers": null,
                        "id": "4n2g792swevq1k30agpqj",
                        "name": "Gabriel Gerald GEAY",
                        "iaafId": 309212,
                        "urlSlug": "tanzania/gabriel-gerald-geay-14677692",
                        "birthDate": "10 SEP 1996",
                        "hasProfile": true,
                        "__typename": "CalendarResultsCompetitor"
                      },
                      "mark": "DNS",
                      "nationality": "TAN",
                      "place": "",
                      "points": null,
                      "qualified": null,
                      "records": "",
                      "wind": null,
                      "remark": null,
                      "details": null,
                      "__typename": "CalendarResultsRaceResult"
                    },
                    {
                      "competitor": {
                        "teamMembers": null,
                        "id": "u9na11tifd59q2s8nknjb",
                        "name": "Hagos GEBRHIWET",
                        "iaafId": 265241,
                        "urlSlug": "ethiopia/hagos-gebrhiwet-14477352",
                        "birthDate": "11 MAY 1994",
                        "hasProfile": true,
                        "__typename": "CalendarResultsCompetitor"
                      },
                      "mark": "DNS",
                      "nationality": "ETH",
                      "place": "",
                      "points": null,
                      "qualified": null,
                      "records": "",
                      "wind": null,
                      "remark": null,
                      "details": null,
                      "__typename": "CalendarResultsRaceResult"
                    },
                    {
                      "competitor": {
                        "teamMembers": null,
                        "id": "alj78qmhaiekyzhdojo3wi",
                        "name": "Brahim KAAZOUZI",
                        "iaafId": 292172,
                        "urlSlug": "morocco/brahim-kaazouzi-014471387",
                        "birthDate": "15 JUN 1990",
                        "hasProfile": true,
                        "__typename": "CalendarResultsCompetitor"
                      },
                      "mark": "DNF",
                      "nationality": "MAR",
                      "place": "",
                      "points": null,
                      "qualified": null,
                      "records": "",
                      "wind": null,
                      "remark": null,
                      "details": null,
                      "__typename": "CalendarResultsRaceResult"
                    }
                  ],
                  "startList": null,
                  "wind": null,
                  "__typename": "CalendarResultsRace"
                }
              ],
              "__typename": "CalendarResultsEvent"
            }
          ],
          "__typename": "CalendarResultsEventTitle"
        }
      ],
      "options": {
        "days": [
          {
            "date": "04 AUG 2017",
            "day": 1,
            "__typename": "CalendarResultsOptionsDay"
          },
          {
            "date": "05 AUG 2017",
            "day": 2,
            "__typename": "CalendarResultsOptionsDay"
          },
          {
            "date": "06 AUG 2017",
            "day": 3,
            "__typename": "CalendarResultsOptionsDay"
          },
          {
            "date": "07 AUG 2017",
            "day": 4,
            "__typename": "CalendarResultsOptionsDay"
          },
          {
            "date": "08 AUG 2017",
            "day": 5,
            "__typename": "CalendarResultsOptionsDay"
          },
          {
            "date": "09 AUG 2017",
            "day": 6,
            "__typename": "CalendarResultsOptionsDay"
          },
          {
            "date": "10 AUG 2017",
            "day": 7,
            "__typename": "CalendarResultsOptionsDay"
          },
          {
            "date": "11 AUG 2017",
            "day": 8,
            "__typename": "CalendarResultsOptionsDay"
          },
          {
            "date": "12 AUG 2017",
            "day": 9,
            "__typename": "CalendarResultsOptionsDay"
          },
          {
            "date": "13 AUG 2017",
            "day": 10,
            "__typename": "CalendarResultsOptionsDay"
          }
        ],
        "events": [
          {
            "gender": "W",
            "id": 10229509,
            "name": "Women's 100 Metres",
            "combined": null,
            "__typename": "CalendarResultsOptionEvent"
          },
          {
            "gender": "W",
            "id": 10229510,
            "name": "Women's 200 Metres",
            "combined": null,
            "__typename": "CalendarResultsOptionEvent"
          },
          {
            "gender": "W",
            "id": 10229511,
            "name": "Women's 400 Metres",
            "combined": null,
            "__typename": "CalendarResultsOptionEvent"
          },
          {
            "gender": "W",
            "id": 10229512,
            "name": "Women's 800 Metres",
            "combined": null,
            "__typename": "CalendarResultsOptionEvent"
          },
          {
            "gender": "W",
            "id": 10229513,
            "name": "Women's 1500 Metres",
            "combined": null,
            "__typename": "CalendarResultsOptionEvent"
          },
          {
            "gender": "W",
            "id": 10229519,
            "name": "Women's 3000 Metres",
            "combined": null,
            "__typename": "CalendarResultsOptionEvent"
          },
          {
            "gender": "W",
            "id": 10229514,
            "name": "Women's 5000 Metres",
            "combined": null,
            "__typename": "CalendarResultsOptionEvent"
          },
          {
            "gender": "W",
            "id": 10229521,
            "name": "Women's 10,000 Metres",
            "combined": null,
            "__typename": "CalendarResultsOptionEvent"
          },
          {
            "gender": "W",
            "id": 10229522,
            "name": "Women's 100 Metres Hurdles",
            "combined": null,
            "__typename": "CalendarResultsOptionEvent"
          },
          {
            "gender": "W",
            "id": 10229523,
            "name": "Women's 400 Metres Hurdles",
            "combined": null,
            "__typename": "CalendarResultsOptionEvent"
          },
          {
            "gender": "W",
            "id": 10229524,
            "name": "Women's 3000 Metres Steeplechase",
            "combined": null,
            "__typename": "CalendarResultsOptionEvent"
          },
          {
            "gender": "W",
            "id": 10229526,
            "name": "Women's High Jump",
            "combined": null,
            "__typename": "CalendarResultsOptionEvent"
          },
          {
            "gender": "W",
            "id": 10229527,
            "name": "Women's Pole Vault",
            "combined": null,
            "__typename": "CalendarResultsOptionEvent"
          },
          {
            "gender": "W",
            "id": 10229528,
            "name": "Women's Long Jump",
            "combined": null,
            "__typename": "CalendarResultsOptionEvent"
          },
          {
            "gender": "W",
            "id": 10229529,
            "name": "Women's Triple Jump",
            "combined": null,
            "__typename": "CalendarResultsOptionEvent"
          },
          {
            "gender": "W",
            "id": 10229530,
            "name": "Women's Shot Put",
            "combined": null,
            "__typename": "CalendarResultsOptionEvent"
          },
          {
            "gender": "W",
            "id": 10229531,
            "name": "Women's Discus Throw",
            "combined": null,
            "__typename": "CalendarResultsOptionEvent"
          },
          {
            "gender": "W",
            "id": 10229532,
            "name": "Women's Hammer Throw",
            "combined": null,
            "__typename": "CalendarResultsOptionEvent"
          },
          {
            "gender": "W",
            "id": 10229533,
            "name": "Women's Javelin Throw",
            "combined": null,
            "__typename": "CalendarResultsOptionEvent"
          },
          {
            "gender": "W",
            "id": 10229541,
            "name": "Women's Half Marathon",
            "combined": null,
            "__typename": "CalendarResultsOptionEvent"
          },
          {
            "gender": "W",
            "id": 10229534,
            "name": "Women's Marathon",
            "combined": null,
            "__typename": "CalendarResultsOptionEvent"
          },
          {
            "gender": "W",
            "id": 10229547,
            "name": "Women's 10 Kilometres Race Walk",
            "combined": null,
            "__typename": "CalendarResultsOptionEvent"
          },
          {
            "gender": "W",
            "id": 10229535,
            "name": "Women's 20 Kilometres Race Walk",
            "combined": null,
            "__typename": "CalendarResultsOptionEvent"
          },
          {
            "gender": "W",
            "id": 10229603,
            "name": "Women's 50 Kilometres Race Walk",
            "combined": null,
            "__typename": "CalendarResultsOptionEvent"
          },
          {
            "gender": "W",
            "id": 10229536,
            "name": "Women's Heptathlon",
            "combined": true,
            "__typename": "CalendarResultsOptionEvent"
          },
          {
            "gender": "W",
            "id": 204594,
            "name": "Women's 4x100 Metres Relay",
            "combined": null,
            "__typename": "CalendarResultsOptionEvent"
          },
          {
            "gender": "W",
            "id": 204596,
            "name": "Women's 4x400 Metres Relay",
            "combined": null,
            "__typename": "CalendarResultsOptionEvent"
          },
          {
            "gender": "M",
            "id": 10229630,
            "name": "Men's 100 Metres",
            "combined": null,
            "__typename": "CalendarResultsOptionEvent"
          },
          {
            "gender": "M",
            "id": 10229605,
            "name": "Men's 200 Metres",
            "combined": null,
            "__typename": "CalendarResultsOptionEvent"
          },
          {
            "gender": "M",
            "id": 10229631,
            "name": "Men's 400 Metres",
            "combined": null,
            "__typename": "CalendarResultsOptionEvent"
          },
          {
            "gender": "M",
            "id": 10229501,
            "name": "Men's 800 Metres",
            "combined": null,
            "__typename": "CalendarResultsOptionEvent"
          },
          {
            "gender": "M",
            "id": 10229502,
            "name": "Men's 1500 Metres",
            "combined": null,
            "__typename": "CalendarResultsOptionEvent"
          },
          {
            "gender": "M",
            "id": 10229609,
            "name": "Men's 5000 Metres",
            "combined": null,
            "__typename": "CalendarResultsOptionEvent"
          },
          {
            "gender": "M",
            "id": 10229610,
            "name": "Men's 10,000 Metres",
            "combined": null,
            "__typename": "CalendarResultsOptionEvent"
          },
          {
            "gender": "M",
            "id": 10229611,
            "name": "Men's 110 Metres Hurdles",
            "combined": null,
            "__typename": "CalendarResultsOptionEvent"
          },
          {
            "gender": "M",
            "id": 10229612,
            "name": "Men's 400 Metres Hurdles",
            "combined": null,
            "__typename": "CalendarResultsOptionEvent"
          },
          {
            "gender": "M",
            "id": 10229614,
            "name": "Men's 3000 Metres Steeplechase",
            "combined": null,
            "__typename": "CalendarResultsOptionEvent"
          },
          {
            "gender": "M",
            "id": 10229615,
            "name": "Men's High Jump",
            "combined": null,
            "__typename": "CalendarResultsOptionEvent"
          },
          {
            "gender": "M",
            "id": 10229616,
            "name": "Men's Pole Vault",
            "combined": null,
            "__typename": "CalendarResultsOptionEvent"
          },
          {
            "gender": "M",
            "id": 10229617,
            "name": "Men's Long Jump",
            "combined": null,
            "__typename": "CalendarResultsOptionEvent"
          },
          {
            "gender": "M",
            "id": 10229618,
            "name": "Men's Triple Jump",
            "combined": null,
            "__typename": "CalendarResultsOptionEvent"
          },
          {
            "gender": "M",
            "id": 10229619,
            "name": "Men's Shot Put",
            "combined": null,
            "__typename": "CalendarResultsOptionEvent"
          },
          {
            "gender": "M",
            "id": 10229620,
            "name": "Men's Discus Throw",
            "combined": null,
            "__typename": "CalendarResultsOptionEvent"
          },
          {
            "gender": "M",
            "id": 10229621,
            "name": "Men's Hammer Throw",
            "combined": null,
            "__typename": "CalendarResultsOptionEvent"
          },
          {
            "gender": "M",
            "id": 10229636,
            "name": "Men's Javelin Throw",
            "combined": null,
            "__typename": "CalendarResultsOptionEvent"
          },
          {
            "gender": "M",
            "id": 10229634,
            "name": "Men's Marathon",
            "combined": null,
            "__typename": "CalendarResultsOptionEvent"
          },
          {
            "gender": "M",
            "id": 10229625,
            "name": "Men's 10 Kilometres Race Walk",
            "combined": null,
            "__typename": "CalendarResultsOptionEvent"
          },
          {
            "gender": "M",
            "id": 10229508,
            "name": "Men's 20 Kilometres Race Walk",
            "combined": null,
            "__typename": "CalendarResultsOptionEvent"
          },
          {
            "gender": "M",
            "id": 10229628,
            "name": "Men's 50 Kilometres Race Walk",
            "combined": null,
            "__typename": "CalendarResultsOptionEvent"
          },
          {
            "gender": "M",
            "id": 10229629,
            "name": "Men's Decathlon",
            "combined": true,
            "__typename": "CalendarResultsOptionEvent"
          },
          {
            "gender": "M",
            "id": 204593,
            "name": "Men's 4x100 Metres Relay",
            "combined": null,
            "__typename": "CalendarResultsOptionEvent"
          },
          {
            "gender": "M",
            "id": 204595,
            "name": "Men's 4x400 Metres Relay",
            "combined": null,
            "__typename": "CalendarResultsOptionEvent"
          }
        ],
        "__typename": "CalendarResultsOptions"
      },
      "parameters": {
        "competitionId": 7093740,
        "day": null,
        "eventId": 10229609,
        "__typename": "CalendarResultsParameters"
      },
      "__typename": "CalendarCompetitionResults"
    }
  }
}