{
  "data": {
    "getCalendarCompetitionResults": {
      "competition": {
        "dateRange": "12\u201321 AUG 2016",
        "endDate": "2016-08-21",
        "name": "The XXXI Olympic Games",
        "rankingCategory": "OW",
        "startDate": "2016-08-12",
        "venue": "Est\u00e1dio Ol\u00edmpico, Rio de Janeiro (BRA)",
        "__typename": "CalendarResultsCompetition"
      },
      "eventTitles": [
        {
          "rankingCategory": "OW",
          "eventTitle": null,
          "events": [
            {
              "event": "Women's 10,000 Metres",
              "eventId": 10229521,
              "gender": "W",
              "isRelay": false,
              "perResultWind": false,
              "withWind": false,
              "summary": null,
              "races": [
                {
                  "date": "2016-08-12",
                  "day": 1,
                  "race": "Final",
                  "raceId": 10,
                  "raceNumber": 0,
                  "results": [
                    {
                      "competitor": {
                        "teamMembers": null,
                        "id": "t4317ht0373g6o1o7du0f",
                        "name": "Almaz AYANA",
                        "iaafId": 250362,
                        "urlSlug": "ethiopia/almaz-ayana-14259917",
                        "birthDate": "21 NOV 1991",
                        "hasProfile": true,
                        "__typename": "CalendarResultsCompetitor"
                      },
                      "mark": "29:17.45",
                      "nationality": "ETH",
                      "place": "1.",
                      "points": null,
                      "qualified": null,
                      "records": "",
                      "wind": null,
                      "remark": null,
                      "details": null,
                      "__typename": "CalendarResultsRaceResult"
                    },
                    {
                      "competitor": {
                        "teamMembers": null,
                        "id": "tsbin6gp7cr11lcwsbhy4o",
                        "name": "Vivian Jepkemei CHERUIYOT",
                        "iaafId": 132800,
                        "urlSlug": "kenya/vivian-jepkemei-cheruiyot-14288971",
                        "birthDate": "11 SEP 1983",
                        "hasProfile": true,
                        "__typename": "CalendarResultsCompetitor"
                      },
                      "mark": "29:32.53",
                      "nationality": "KEN",
                      "place": "2.",
                      "points": null,
                      "qualified": null,
                      "records": "",
                      "wind": null,
                      "remark": null,
                      "details": null,
                      "__typename": "CalendarResultsRaceResult"
                    },
                    {
                      "competitor": {
                        "teamMembers": null,
                        "id": "w94ui36hscsjkuo8zj6fp",
                        "name": "Tirunesh DIBABA",
                        "iaafId": 181712,
                        "urlSlug": "ethiopia/tirunesh-dibaba-014259871",
                        "birthDate": "01 OCT 1985",
                        "hasProfile": true,
                        "__typename": "CalendarResultsCompetitor"
                      },
                      "mark": "29:42.56",
                      "nationality": "ETH",
                      "place": "3.",
                      "points": null,
                      "qualified": null,
                      "records": "",
                      "wind": null,
                      "remark": null,
                      "details": null,
                      "__typename": "CalendarResultsRaceResult"
                    },
                    {
                      "competitor": {
                        "teamMembers": null,
                        "id": "9xgizngvuv24chi1cmlty",
                        "name": "Alice Aprot NAWOWUNA",
                        "iaafId": 254444,
                        "urlSlug": "kenya/alice-aprot-nawowuna-14413307",
                        "birthDate": "02 JAN 1994",
                        "hasProfile": true,
                        "__typename": "CalendarResultsCompetitor"
                      },
                      "mark": "29:53.51",
                      "nationality": "KEN",
                      "place": "4.",
                      "points": null,
                      "qualified": null,
                      "records": "",
                      "wind": null,
                      "remark": null,
                      "details": null,
                      "__typename": "CalendarResultsRaceResult"
                    },
                    {
                      "competitor": {
                        "teamMembers": null,
                        "id": "qz0k5isino5qhjqwmbsyc",
                        "name": "Betsy SAINA",
                        "iaafId": 257202,
                        "urlSlug": "united-states/betsy-saina-14363050",
                        "birthDate": "30 JUN 1988",
                        "hasProfile": true,
                        "__typename": "CalendarResultsCompetitor"
                      },
                      "mark": "30:07.78",
                      "nationality": "KEN",
                      "place": "5.",
                      "points": null,
                      "qualified": null,
                      "records": "",
                      "wind": null,
                      "remark": null,
                      "details": null,
                      "__typename": "CalendarResultsRaceResult"
                    },
                    {
                      "competitor": {
                        "teamMembers": null,
                        "id": "2sbrydel8jyfsfuyq1sip6",
                        "name": "Molly HUDDLE",
                        "iaafId": 193471,
                        "urlSlug": "united-states/molly-huddle-014313054",
                        "birthDate": "31 AUG 1984",
                        "hasProfile": true,
                        "__typename": "CalendarResultsCompetitor"
                      },
                      "mark": "30:13.17",
                      "nationality": "USA",
                      "place": "6.",
                      "points": null,
                      "qualified": null,
                      "records": "",
                      "wind": null,
                      "remark": null,
                      "details": null,
                      "__typename": "CalendarResultsRaceResult"
                    },
                    {
                      "competitor": {
                        "teamMembers": null,
                        "id": "j715vv9i3757er45pt8o5",
                        "name": "Yasemin CAN",
                        "iaafId": 308620,
                        "urlSlug": "turkey/yasemin-can-14601536",
                        "birthDate": "11 DEC 1996",
                        "hasProfile": true,
                        "__typename": "CalendarResultsCompetitor"
                      },
                      "mark": "30:26.41",
                      "nationality": "TUR",
                      "place": "7.",
                      "points": null,
                      "qualified": null,
                      "records": "",
                      "wind": null,
                      "remark": null,
                      "details": null,
                      "__typename": "CalendarResultsRaceResult"
                    },
                    {
                      "competitor": {
                        "teamMembers": null,
                        "id": "07c9v5te6j5fnado6nsfvgr",
                        "name": "Gelete BURKA",
                        "iaafId": 194277,
                        "urlSlug": "ethiopia/gelete-burka-014259909",
                        "birthDate": "23 JAN 1986",
                        "hasProfile": true,
                        "__typename": "CalendarResultsCompetitor"
                      },
                      "mark": "30:26.66",
                      "nationality": "ETH",
                      "place": "8.",
                      "points": null,
                      "qualified": null,
                      "records": "",
                      "wind": null,
                      "remark": null,
                      "details": null,
                      "__typename": "CalendarResultsRaceResult"
                    },
                    {
                      "competitor": {
                        "teamMembers": null,
                        "id": "wnc4a6n83yinmg83zu9vh",
                        "name": "Karoline Bjerkeli GR\u00d8VDAL",
                        "iaafId": 226150,
                        "urlSlug": "norway/karoline-bjerkeli-grovdal-14292573",
                        "birthDate": "14 JUN 1990",
                        "hasProfile": true,
                        "__typename": "CalendarResultsCompetitor"
                      },
                      "mark": "31:14.07",
                      "nationality": "NOR",
                      "place": "9.",
                      "points": null,
                      "qualified": null,
                      "records": "",
                      "wind": null,
                      "remark": null,
                      "details": null,
                      "__typename": "CalendarResultsRaceResult"
                    },
                    {
                      "competitor": {
                        "teamMembers": null,
                        "id": "xjpn2n1mpukzcm1jw9dx5",
                        "name": "Eloise WELLINGS",
                        "iaafId": 138972,
                        "urlSlug": "australia/eloise-wellings-14271451",
                        "birthDate": "09 NOV 1982",
                        "hasProfile": true,
                        "__typename": "CalendarResultsCompetitor"
                      },
                      "mark": "31:14.94",
                      "nationality": "AUS",
                      "place": "10.",
                      "points": null,
                      "qualified": null,
                      "records": "",
                      "wind": null,
                      "remark": null,
                      "details": null,
                      "__typename": "CalendarResultsRaceResult"
                    },
                    {
                      "competitor": {
                        "teamMembers": null,
                        "id": "i5fdg68ng8z9itzy64ay",
                        "name": "Emily INFELD",
                        "iaafId": 245250,
                        "urlSlug": "united-states/emily-infeld-14313263",
                        "birthDate": "21 MAR 1990",
                        "hasProfile": true,
                        "__typename": "CalendarResultsCompetitor"
                      },
                      "mark": "31:26.94",
                      "nationality": "USA",
                      "place": "11.",
                      "points": null,
                      "qualified": null,
                      "records": "",
                      "wind": null,
                      "remark": null,
                      "details": null,
                      "__typename": "CalendarResultsRaceResult"
                    },
                    {
                      "competitor": {
                        "teamMembers": null,
                        "id": "1rihqdz2stwaj7amzq7ula",
                        "name": "Sarah LAHTI",
                        "iaafId": 274065,
                        "urlSlug": "sweden/sarah-lahti-14403185",
                        "birthDate": "18 FEB 1995",
                        "hasProfile": true,
                        "__typename": "CalendarResultsCompetitor"
                      },
                      "mark": "31:28.43",
                      "nationality": "SWE",
                      "place": "12.",
                      "points": null,
                      "qualified": null,
                      "records": "",
                      "wind": null,
                      "remark": null,
                      "details": null,
                      "__typename": "CalendarResultsRaceResult"
                    },
                    {
                      "competitor": {
                        "teamMembers": null,
                        "id": "luzjc13la0lii5lloxmoal",
                        "name": "Diane NUKURI",
                        "iaafId": 174771,
                        "urlSlug": "united-states/diane-nukuri-014270524",
                        "birthDate": "01 DEC 1984",
                        "hasProfile": true,
                        "__typename": "CalendarResultsCompetitor"
                      },
                      "mark": "31:28.69",
                      "nationality": "BDI",
                      "place": "13.",
                      "points": null,
                      "qualified": null,
                      "records": "",
                      "wind": null,
                      "remark": null,
                      "details": null,
                      "__typename": "CalendarResultsRaceResult"
                    },
                    {
                      "competitor": {
                        "teamMembers": null,
                        "id": "x2cicsb0f8ea8kql06kcbw",
                        "name": "Susan KUIJKEN",
                        "iaafId": 200433,
                        "urlSlug": "netherlands/susan-krumins-14291825",
                        "birthDate": "08 JUL 1986",
                        "hasProfile": true,
                        "__typename": "CalendarResultsCompetitor"
                      },
                      "mark": "31:32.43",
                      "nationality": "NED",
                      "place": "14.",
                      "points": null,
                      "qualified": null,
                      "records": "",
                      "wind": null,
                      "remark": null,
                      "details": null,
                      "__typename": "CalendarResultsRaceResult"
                    },
                    {
                      "competitor": {
                        "teamMembers": null,
                        "id": "upalqh8x09bipzd2qf3vd",
                        "name": "Joanne PAVEY",
                        "iaafId": 130396,
                        "urlSlug": "great-britain-ni/joanne-pavey-014276037",
                        "birthDate": "20 SEP 1973",
                        "hasProfile": true,
                        "__typename": "CalendarResultsCompetitor"
                      },
                      "mark": "31:33.44",
                      "nationality": "GBR",
                      "place": "15.",
                      "points": null,
                      "qualified": null,
                      "records": "",
                      "wind": null,
                      "remark": null,
                      "details": null,
                      "__typename": "CalendarResultsRaceResult"
                    },
                    {
                      "competitor": {
                        "teamMembers": null,
                        "id": "u1id5bb87wgatfvm3i7vj",
                        "name": "Jessica MARTIN",
                        "iaafId": 311551,
                        "urlSlug": "great-britain-ni/jessica-martin-014422104",
                        "birthDate": "01 OCT 1992",
                        "hasProfile": true,
                        "__typename": "CalendarResultsCompetitor"
                      },
                      "mark": "31:35.92",
                      "nationality": "GBR",
                      "place": "16.",
                      "points": null,
                      "qualified": null,
                      "records": "",
                      "wind": null,
                      "remark": null,
                      "details": null,
                      "__typename": "CalendarResultsRaceResult"
                    },
                    {
                      "competitor": {
                        "teamMembers": null,
                        "id": "ggisagkxifmprfv5j3xe",
                        "name": "Alexi PAPPAS",
                        "iaafId": 270155,
                        "urlSlug": "greece/alexi-pappas-014419225",
                        "birthDate": "28 MAR 1990",
                        "hasProfile": true,
                        "__typename": "CalendarResultsCompetitor"
                      },
                      "mark": "31:36.16",
                      "nationality": "GRE",
                      "place": "17.",
                      "points": null,
                      "qualified": null,
                      "records": "",
                      "wind": null,
                      "remark": null,
                      "details": null,
                      "__typename": "CalendarResultsRaceResult"
                    },
                    {
                      "competitor": {
                        "teamMembers": null,
                        "id": "1up227rtsu32nwqxxluzhi",
                        "name": "Yuka TAKASHIMA",
                        "iaafId": 221101,
                        "urlSlug": "japan/yuka-takashima-14288055",
                        "birthDate": "12 MAY 1988",
                        "hasProfile": true,
                        "__typename": "CalendarResultsCompetitor"
                      },
                      "mark": "31:36.44",
                      "nationality": "JPN",
                      "place": "18.",
                      "points": null,
                      "qualified": null,
                      "records": "",
                      "wind": null,
                      "remark": null,
                      "details": null,
                      "__typename": "CalendarResultsRaceResult"
                    },
                    {
                      "competitor": {
                        "teamMembers": null,
                        "id": "a7wfu8f6ak5ct7t6ao4yp9",
                        "name": "Darya MASLOVA",
                        "iaafId": 291067,
                        "urlSlug": "kirghizistan/darya-maslova-014583875",
                        "birthDate": "06 MAY 1995",
                        "hasProfile": true,
                        "__typename": "CalendarResultsCompetitor"
                      },
                      "mark": "31:36.90",
                      "nationality": "KGZ",
                      "place": "19.",
                      "points": null,
                      "qualified": null,
                      "records": "",
                      "wind": null,
                      "remark": null,
                      "details": null,
                      "__typename": "CalendarResultsRaceResult"
                    },
                    {
                      "competitor": {
                        "teamMembers": null,
                        "id": "7o4m94pjrgsuq010laqq",
                        "name": "Hanami SEKINE",
                        "iaafId": 269523,
                        "urlSlug": "japan/hanami-sekine-014499981",
                        "birthDate": "26 FEB 1996",
                        "hasProfile": true,
                        "__typename": "CalendarResultsCompetitor"
                      },
                      "mark": "31:44.44",
                      "nationality": "JPN",
                      "place": "20.",
                      "points": null,
                      "qualified": null,
                      "records": "",
                      "wind": null,
                      "remark": null,
                      "details": null,
                      "__typename": "CalendarResultsRaceResult"
                    },
                    {
                      "competitor": {
                        "teamMembers": null,
                        "id": "cvneo9gcsbw6v719r94stc",
                        "name": "Dominique SCOTT",
                        "iaafId": 262545,
                        "urlSlug": "south-africa/dominique-scott-14941416",
                        "birthDate": "24 JUN 1992",
                        "hasProfile": true,
                        "__typename": "CalendarResultsCompetitor"
                      },
                      "mark": "31:51.47",
                      "nationality": "RSA",
                      "place": "21.",
                      "points": null,
                      "qualified": null,
                      "records": "",
                      "wind": null,
                      "remark": null,
                      "details": null,
                      "__typename": "CalendarResultsRaceResult"
                    },
                    {
                      "competitor": {
                        "teamMembers": null,
                        "id": "0hxpwew7hffllput6y8olvb",
                        "name": "Natasha WODAK",
                        "iaafId": 279505,
                        "urlSlug": "canada/natasha-wodak-14266948",
                        "birthDate": "17 DEC 1981",
                        "hasProfile": true,
                        "__typename": "CalendarResultsCompetitor"
                      },
                      "mark": "31:53.14",
                      "nationality": "CAN",
                      "place": "22.",
                      "points": null,
                      "qualified": null,
                      "records": "",
                      "wind": null,
                      "remark": null,
                      "details": null,
                      "__typename": "CalendarResultsRaceResult"
                    },
                    {
                      "competitor": {
                        "teamMembers": null,
                        "id": "sxfoyn6asklzxh1frv46sc",
                        "name": "Alia SAEED MOHAMMED",
                        "iaafId": 235683,
                        "urlSlug": "united-arab-emirates/alia-saeed-mohammed-14418938",
                        "birthDate": "18 MAY 1991",
                        "hasProfile": true,
                        "__typename": "CalendarResultsCompetitor"
                      },
                      "mark": "31:56.74",
                      "nationality": "UAE",
                      "place": "23.",
                      "points": null,
                      "qualified": null,
                      "records": "",
                      "wind": null,
                      "remark": null,
                      "details": null,
                      "__typename": "CalendarResultsRaceResult"
                    },
                    {
                      "competitor": {
                        "teamMembers": null,
                        "id": "4ycvx9si6c2g2g7vh0tqjg",
                        "name": "Sitora KHAMIDOVA",
                        "iaafId": 205729,
                        "urlSlug": "uzbekistan/sitora-khamidova-014325015",
                        "birthDate": "12 MAY 1989",
                        "hasProfile": true,
                        "__typename": "CalendarResultsCompetitor"
                      },
                      "mark": "31:57.77",
                      "nationality": "UZB",
                      "place": "24.",
                      "points": null,
                      "qualified": null,
                      "records": "",
                      "wind": null,
                      "remark": null,
                      "details": null,
                      "__typename": "CalendarResultsRaceResult"
                    },
                    {
                      "competitor": {
                        "teamMembers": null,
                        "id": "elozv54kgyabq48fpasqw",
                        "name": "Lanni MARCHANT",
                        "iaafId": 272197,
                        "urlSlug": "canada/lanni-marchant-14316001",
                        "birthDate": "11 APR 1984",
                        "hasProfile": true,
                        "__typename": "CalendarResultsCompetitor"
                      },
                      "mark": "32:04.21",
                      "nationality": "CAN",
                      "place": "25.",
                      "points": null,
                      "qualified": null,
                      "records": "",
                      "wind": null,
                      "remark": null,
                      "details": null,
                      "__typename": "CalendarResultsRaceResult"
                    },
                    {
                      "competitor": {
                        "teamMembers": null,
                        "id": "vnz1ak8pqxmlkrmviq6fq",
                        "name": "Salom\u00e9 ROCHA",
                        "iaafId": 235742,
                        "urlSlug": "portugal/salome-rocha-14295060",
                        "birthDate": "25 APR 1990",
                        "hasProfile": true,
                        "__typename": "CalendarResultsCompetitor"
                      },
                      "mark": "32:06.05",
                      "nationality": "POR",
                      "place": "26.",
                      "points": null,
                      "qualified": null,
                      "records": "",
                      "wind": null,
                      "remark": null,
                      "details": null,
                      "__typename": "CalendarResultsRaceResult"
                    },
                    {
                      "competitor": {
                        "teamMembers": null,
                        "id": "2ic5407aizj0d2ouolhowvu",
                        "name": "Salom\u00e9 NYIRARUKUNDO",
                        "iaafId": 310887,
                        "urlSlug": "rwanda/salome-nyirarukundo-014616429",
                        "birthDate": "20 DEC 1997",
                        "hasProfile": true,
                        "__typename": "CalendarResultsCompetitor"
                      },
                      "mark": "32:07.80",
                      "nationality": "RWA",
                      "place": "27.",
                      "points": null,
                      "qualified": null,
                      "records": "",
                      "wind": null,
                      "remark": null,
                      "details": null,
                      "__typename": "CalendarResultsRaceResult"
                    },
                    {
                      "competitor": {
                        "teamMembers": null,
                        "id": "s7hfxmvk1goqbooxa3g6r",
                        "name": "Jip VASTENBURG",
                        "iaafId": 267286,
                        "urlSlug": "netherlands/jip-vastenburg-014423990",
                        "birthDate": "21 MAR 1994",
                        "hasProfile": true,
                        "__typename": "CalendarResultsCompetitor"
                      },
                      "mark": "32:08.92",
                      "nationality": "NED",
                      "place": "28.",
                      "points": null,
                      "qualified": null,
                      "records": "",
                      "wind": null,
                      "remark": null,
                      "details": null,
                      "__typename": "CalendarResultsRaceResult"
                    },
                    {
                      "competitor": {
                        "teamMembers": null,
                        "id": "mtdf6ezw5lmedr9aylkib6",
                        "name": "Trihas GEBRE",
                        "iaafId": 237425,
                        "urlSlug": "spain/trihas-gebre-014259852",
                        "birthDate": "29 APR 1990",
                        "hasProfile": true,
                        "__typename": "CalendarResultsCompetitor"
                      },
                      "mark": "32:09.67",
                      "nationality": "ESP",
                      "place": "29.",
                      "points": null,
                      "qualified": null,
                      "records": "",
                      "wind": null,
                      "remark": null,
                      "details": null,
                      "__typename": "CalendarResultsRaceResult"
                    },
                    {
                      "competitor": {
                        "teamMembers": null,
                        "id": "05hedaoq0jx171h79dosq4",
                        "name": "Veronica INGLESE",
                        "iaafId": 240694,
                        "urlSlug": "italy/veronica-inglese-014284536",
                        "birthDate": "22 NOV 1990",
                        "hasProfile": true,
                        "__typename": "CalendarResultsCompetitor"
                      },
                      "mark": "32:11.67",
                      "nationality": "ITA",
                      "place": "30.",
                      "points": null,
                      "qualified": null,
                      "records": "",
                      "wind": null,
                      "remark": null,
                      "details": null,
                      "__typename": "CalendarResultsRaceResult"
                    },
                    {
                      "competitor": {
                        "teamMembers": null,
                        "id": "zrkn9y49h4mhs7aibnfnzn",
                        "name": "Tatiele Roberta DE CARVALHO",
                        "iaafId": 262397,
                        "urlSlug": "brazil/tatiele-roberta-de-carvalho-14372364",
                        "birthDate": "22 NOV 1989",
                        "hasProfile": true,
                        "__typename": "CalendarResultsCompetitor"
                      },
                      "mark": "32:38.21",
                      "nationality": "BRA",
                      "place": "31.",
                      "points": null,
                      "qualified": null,
                      "records": "",
                      "wind": null,
                      "remark": null,
                      "details": null,
                      "__typename": "CalendarResultsRaceResult"
                    },
                    {
                      "competitor": {
                        "teamMembers": null,
                        "id": "dj7tydghntvr5mhye44x7",
                        "name": "Brenda FLORES",
                        "iaafId": 290803,
                        "urlSlug": "mexico/brenda-flores-014414965",
                        "birthDate": "04 SEP 1991",
                        "hasProfile": true,
                        "__typename": "CalendarResultsCompetitor"
                      },
                      "mark": "32:39.08",
                      "nationality": "MEX",
                      "place": "32.",
                      "points": null,
                      "qualified": null,
                      "records": "",
                      "wind": null,
                      "remark": null,
                      "details": null,
                      "__typename": "CalendarResultsRaceResult"
                    },
                    {
                      "competitor": {
                        "teamMembers": null,
                        "id": "1pd8zxlhrgxjezffffxr8",
                        "name": "Marielle HALL",
                        "iaafId": 249835,
                        "urlSlug": "united-states/marielle-hall-014366610",
                        "birthDate": "28 JAN 1992",
                        "hasProfile": true,
                        "__typename": "CalendarResultsCompetitor"
                      },
                      "mark": "32:39.32",
                      "nationality": "USA",
                      "place": "33.",
                      "points": null,
                      "qualified": null,
                      "records": "",
                      "wind": null,
                      "remark": null,
                      "details": null,
                      "__typename": "CalendarResultsRaceResult"
                    },
                    {
                      "competitor": {
                        "teamMembers": null,
                        "id": "ndjc1rp8lgnf7309wlmdj",
                        "name": "Elizabeth POTTER",
                        "iaafId": 236244,
                        "urlSlug": "great-britain-ni/elizabeth-potter-014276095",
                        "birthDate": "27 DEC 1991",
                        "hasProfile": true,
                        "__typename": "CalendarResultsCompetitor"
                      },
                      "mark": "33:04.34",
                      "nationality": "GBR",
                      "place": "34.",
                      "points": null,
                      "qualified": null,
                      "records": "",
                      "wind": null,
                      "remark": null,
                      "details": null,
                      "__typename": "CalendarResultsRaceResult"
                    },
                    {
                      "competitor": {
                        "teamMembers": null,
                        "id": "sgnhx7guvty43yvy5191",
                        "name": "Marisol ROMERO ROSALES",
                        "iaafId": 233224,
                        "urlSlug": "mexico/marisol-romero-rosales-014291236",
                        "birthDate": "26 JAN 1983",
                        "hasProfile": true,
                        "__typename": "CalendarResultsCompetitor"
                      },
                      "mark": "35:33.03",
                      "nationality": "MEX",
                      "place": "35.",
                      "points": null,
                      "qualified": null,
                      "records": "",
                      "wind": null,
                      "remark": null,
                      "details": null,
                      "__typename": "CalendarResultsRaceResult"
                    },
                    {
                      "competitor": {
                        "teamMembers": null,
                        "id": "vj1e35hr53bi4djwtit4vi",
                        "name": "Juliet CHEKWEL",
                        "iaafId": 262632,
                        "urlSlug": "uganda/juliet-chekwel-14940422",
                        "birthDate": "25 MAY 1990",
                        "hasProfile": true,
                        "__typename": "CalendarResultsCompetitor"
                      },
                      "mark": "DNF",
                      "nationality": "UGA",
                      "place": "",
                      "points": null,
                      "qualified": null,
                      "records": "",
                      "wind": null,
                      "remark": null,
                      "details": null,
                      "__typename": "CalendarResultsRaceResult"
                    },
                    {
                      "competitor": {
                        "teamMembers": null,
                        "id": "1na3jahr7qzbgbbnubem0f",
                        "name": "Yekaterina TUNGUSKOVA",
                        "iaafId": 194151,
                        "urlSlug": "uzbekistan/yekaterina-tunguskova-14330184",
                        "birthDate": "10 MAY 1988",
                        "hasProfile": true,
                        "__typename": "CalendarResultsCompetitor"
                      },
                      "mark": "DNF",
                      "nationality": "UZB",
                      "place": "",
                      "points": null,
                      "qualified": null,
                      "records": "",
                      "wind": null,
                      "remark": null,
                      "details": null,
                      "__typename": "CalendarResultsRaceResult"
                    }
                  ],
                  "startList": null,
                  "wind": null,
                  "__typename": "CalendarResultsRace"
                }
              ],
              "__typename": "CalendarResultsEvent"
            }
          ],
          "__typename": "CalendarResultsEventTitle"
        }
      ],
      "options": {
        "days": [
          {
            "date": "12 AUG 2016",
            "day": 1,
            "__typename": "CalendarResultsOptionsDay"
          },
          {
            "date": "13 AUG 2016",
            "day": 2,
            "__typename": "CalendarResultsOptionsDay"
          },
          {
            "date": "14 AUG 2016",
            "day": 3,
            "__typename": "CalendarResultsOptionsDay"
          },
          {
            "date": "15 AUG 2016",
            "day": 4,
            "__typename": "CalendarResultsOptionsDay"
          },
          {
            "date": "16 AUG 2016",
            "day": 5,
            "__typename": "CalendarResultsOptionsDay"
          },
          {
            "date": "17 AUG 2016",
            "day": 6,
            "__typename": "CalendarResultsOptionsDay"
          },
          {
            "date": "18 AUG 2016",
            "day": 7,
            "__typename": "CalendarResultsOptionsDay"
          },
          {
            "date": "19 AUG 2016",
            "day": 8,
            "__typename": "CalendarResultsOptionsDay"
          },
          {
            "date": "20 AUG 2016",
            "day": 9,
            "__typename": "CalendarResultsOptionsDay"
          },
          {
            "date": "21 AUG 2016",
            "day": 10,
            "__typename": "CalendarResultsOptionsDay"
          }
        ],
        "events": [
          {
            "gender": "W",
            "id": 10229509,
            "name": "Women's 100 Metres",
            "combined": null,
            "__typename": "CalendarResultsOptionEvent"
          },
          {
            "gender": "W",
            "id": 10229510,
            "name": "Women's 200 Metres",
            "combined": null,
            "__typename": "CalendarResultsOptionEvent"
          },
          {
            "gender": "W",
            "id": 10229511,
            "name": "Women's 400 Metres",
            "combined": null,
            "__typename": "CalendarResultsOptionEvent"
          },
          {
            "gender": "W",
            "id": 10229512,
            "name": "Women's 800 Metres",
            "combined": null,
            "__typename": "CalendarResultsOptionEvent"
          },
          {
            "gender": "W",
            "id": 10229513,
            "name": "Women's 1500 Metres",
            "combined": null,
            "__typename": "CalendarResultsOptionEvent"
          },
          {
            "gender": "W",
            "id": 10229514,
            "name": "Women's 5000 Metres",
            "combined": null,
            "__typename": "CalendarResultsOptionEvent"
          },
          {
            "gender": "W",
            "id": 10229521,
            "name": "Women's 10,000 Metres",
            "combined": null,
            "__typename": "CalendarResultsOptionEvent"
          },
          {
            "gender": "W",
            "id": 10229522,
            "name": "Women's 100 Metres Hurdles",
            "combined": null,
            "__typename": "CalendarResultsOptionEvent"
          },
          {
            "gender": "W",
            "id": 10229523,
            "name": "Women's 400 Metres Hurdles",
            "combined": null,
            "__typename": "CalendarResultsOptionEvent"
          },
          {
            "gender": "W",
            "id": 10229524,
            "name": "Women's 3000 Metres Steeplechase",
            "combined": null,
            "__typename": "CalendarResultsOptionEvent"
          },
          {
            "gender": "W",
            "id": 10229526,
            "name": "Women's High Jump",
            "combined": null,
            "__typename": "CalendarResultsOptionEvent"
          },
          {
            "gender": "W",
            "id": 10229527,
            "name": "Women's Pole Vault",
            "combined": null,
            "__typename": "CalendarResultsOptionEvent"
          },
          {
            "gender": "W",
            "id": 10229528,
            "name": "Women's Long Jump",
            "combined": null,
            "__typename": "CalendarResultsOptionEvent"
          },
          {
            "gender": "W",
            "id": 10229529,
            "name": "Women's Triple Jump",
            "combined": null,
            "__typename": "CalendarResultsOptionEvent"
          },
          {
            "gender": "W",
            "id": 10229530,
            "name": "Women's Shot Put",
            "combined": null,
            "__typename": "CalendarResultsOptionEvent"
          },
          {
            "gender": "W",
            "id": 10229531,
            "name": "Women's Discus Throw",
            "combined": null,
            "__typename": "CalendarResultsOptionEvent"
          },
          {
            "gender": "W",
            "id": 10229532,
            "name": "Women's Hammer Throw",
            "combined": null,
            "__typename": "CalendarResultsOptionEvent"
          },
          {
            "gender": "W",
            "id": 10229533,
            "name": "Women's Javelin Throw",
            "combined": null,
            "__typename": "CalendarResultsOptionEvent"
          },
          {
            "gender": "W",
            "id": 10229534,
            "name": "Women's Marathon",
            "combined": null,
            "__typename": "CalendarResultsOptionEvent"
          },
          {
            "gender": "W",
            "id": 10229535,
            "name": "Women's 20 Kilometres Race Walk",
            "combined": null,
            "__typename": "CalendarResultsOptionEvent"
          },
          {
            "gender": "W",
            "id": 10229536,
            "name": "Women's Heptathlon",
            "combined": true,
            "__typename": "CalendarResultsOptionEvent"
          },
          {
            "gender": "W",
            "id": 204594,
            "name": "Women's 4x100 Metres Relay",
            "combined": null,
            "__typename": "CalendarResultsOptionEvent"
          },
          {
            "gender": "W",
            "id": 204596,
            "name": "Women's 4x400 Metres Relay",
            "combined": null,
            "__typename": "CalendarResultsOptionEvent"
          },
          {
            "gender": "M",
            "id": 10229630,
            "name": "Men's 100 Metres",
            "combined": null,
            "__typename": "CalendarResultsOptionEvent"
          },
          {
            "gender": "M",
            "id": 10229605,
            "name": "Men's 200 Metres",
            "combined": null,
            "__typename": "CalendarResultsOptionEvent"
          },
          {
            "gender": "M",
            "id": 10229631,
            "name": "Men's 400 Metres",
            "combined": null,
            "__typename": "CalendarResultsOptionEvent"
          },
          {
            "gender": "M",
            "id": 10229501,
            "name": "Men's 800 Metres",
            "combined": null,
            "__typename": "CalendarResultsOptionEvent"
          },
          {
            "gender": "M",
            "id": 10229502,
            "name": "Men's 1500 Metres",
            "combined": null,
            "__typename": "CalendarResultsOptionEvent"
          },
          {
            "gender": "M",
            "id": 10229609,
            "name": "Men's 5000 Metres",
            "combined": null,
            "__typename": "CalendarResultsOptionEvent"
          },
          {
            "gender": "M",
            "id": 10229610,
            "name": "Men's 10,000 Metres",
            "combined": null,
            "__typename": "CalendarResultsOptionEvent"
          },
          {
            "gender": "M",
            "id": 10229611,
            "name": "Men's 110 Metres Hurdles",
            "combined": null,
            "__typename": "CalendarResultsOptionEvent"
          },
          {
            "gender": "M",
            "id": 10229612,
            "name": "Men's 400 Metres Hurdles",
            "combined": null,
            "__typename": "CalendarResultsOptionEvent"
          },
          {
            "gender": "M",
            "id": 10229614,
            "name": "Men's 3000 Metres Steeplechase",
            "combined": null,
            "__typename": "CalendarResultsOptionEvent"
          },
          {
            "gender": "M",
            "id": 10229615,
            "name": "Men's High Jump",
            "combined": null,
            "__typename": "CalendarResultsOptionEvent"
          },
          {
            "gender": "M",
            "id": 10229616,
            "name": "Men's Pole Vault",
            "combined": null,
            "__typename": "CalendarResultsOptionEvent"
          },
          {
            "gender": "M",
            "id": 10229617,
            "name": "Men's Long Jump",
            "combined": null,
            "__typename": "CalendarResultsOptionEvent"
          },
          {
            "gender": "M",
            "id": 10229618,
            "name": "Men's Triple Jump",
            "combined": null,
            "__typename": "CalendarResultsOptionEvent"
          },
          {
            "gender": "M",
            "id": 10229619,
            "name": "Men's Shot Put",
            "combined": null,
            "__typename": "CalendarResultsOptionEvent"
          },
          {
            "gender": "M",
            "id": 10229620,
            "name": "Men's Discus Throw",
            "combined": null,
            "__typename": "CalendarResultsOptionEvent"
          },
          {
            "gender": "M",
            "id": 10229621,
            "name": "Men's Hammer Throw",
            "combined": null,
            "__typename": "CalendarResultsOptionEvent"
          },
          {
            "gender": "M",
            "id": 10229636,
            "name": "Men's Javelin Throw",
            "combined": null,
            "__typename": "CalendarResultsOptionEvent"
          },
          {
            "gender": "M",
            "id": 10229634,
            "name": "Men's Marathon",
            "combined": null,
            "__typename": "CalendarResultsOptionEvent"
          },
          {
            "gender": "M",
            "id": 10229625,
            "name": "Men's 10 Kilometres Race Walk",
            "combined": null,
            "__typename": "CalendarResultsOptionEvent"
          },
          {
            "gender": "M",
            "id": 10229508,
            "name": "Men's 20 Kilometres Race Walk",
            "combined": null,
            "__typename": "CalendarResultsOptionEvent"
          },
          {
            "gender": "M",
            "id": 10229627,
            "name": "Men's 35 Kilometres Race Walk",
            "combined": null,
            "__typename": "CalendarResultsOptionEvent"
          },
          {
            "gender": "M",
            "id": 10229628,
            "name": "Men's 50 Kilometres Race Walk",
            "combined": null,
            "__typename": "CalendarResultsOptionEvent"
          },
          {
            "gender": "M",
            "id": 10229629,
            "name": "Men's Decathlon",
            "combined": true,
            "__typename": "CalendarResultsOptionEvent"
          },
          {
            "gender": "M",
            "id": 204593,
            "name": "Men's 4x100 Metres Relay",
            "combined": null,
            "__typename": "CalendarResultsOptionEvent"
          },
          {
            "gender": "M",
            "id": 204595,
            "name": "Men's 4x400 Metres Relay",
            "combined": null,
            "__typename": "CalendarResultsOptionEvent"
          }
        ],
        "__typename": "CalendarResultsOptions"
      },
      "parameters": {
        "competitionId": 7093747,
        "day": null,
        "eventId": 10229521,
        "__typename": "CalendarResultsParameters"
      },
      "__typename": "CalendarCompetitionResults"
    }
  }
}