{
  "data": {
    "getCalendarCompetitionResults": {
      "competition": {
        "dateRange": "25 AUG\u201302 SEP 2007",
        "endDate": "2007-09-02",
        "name": "IAAF World Championships",
        "rankingCategory": "OW",
        "startDate": "2007-08-25",
        "venue": "Yanmar Stadium Nagai, Osaka (JPN)",
        "__typename": "CalendarResultsCompetition"
      },
      "eventTitles": [
        {
          "rankingCategory": "OW",
          "eventTitle": null,
          "events": [
            {
              "event": "Women's 5000 Metres",
              "eventId": 10229514,
              "gender": "W",
              "isRelay": false,
              "perResultWind": false,
              "withWind": false,
              "summary": null,
              "races": [
                {
                  "date": "2007-09-01",
                  "day": 8,
                  "race": "Final",
                  "raceId": 10,
                  "raceNumber": 0,
                  "results": [
                    {
                      "competitor": {
                        "teamMembers": null,
                        "id": "5c6nu1tsg7yc0o6ebryml5",
                        "name": "Meseret DEFAR",
                        "iaafId": 171229,
                        "urlSlug": "ethiopia/meseret-defar-014259882",
                        "birthDate": "19 NOV 1983",
                        "hasProfile": true,
                        "__typename": "CalendarResultsCompetitor"
                      },
                      "mark": "14:57.91",
                      "nationality": "ETH",
                      "place": "1.",
                      "points": null,
                      "qualified": null,
                      "records": "",
                      "wind": null,
                      "remark": null,
                      "details": null,
                      "__typename": "CalendarResultsRaceResult"
                    },
                    {
                      "competitor": {
                        "teamMembers": null,
                        "id": "b0zzye1bh26rwhu2lyvqx",
                        "name": "Vivian Jepkemei CHERUIYOT",
                        "iaafId": 132800,
                        "urlSlug": "kenya/vivian-jepkemei-cheruiyot-14288971",
                        "birthDate": "11 SEP 1983",
                        "hasProfile": true,
                        "__typename": "CalendarResultsCompetitor"
                      },
                      "mark": "14:58.50",
                      "nationality": "KEN",
                      "place": "2.",
                      "points": null,
                      "qualified": null,
                      "records": "",
                      "wind": null,
                      "remark": null,
                      "details": null,
                      "__typename": "CalendarResultsRaceResult"
                    },
                    {
                      "competitor": {
                        "teamMembers": null,
                        "id": "jj6xofwfzo13ztbjedkgto",
                        "name": "Priscah Jepleting CHERONO",
                        "iaafId": 115753,
                        "urlSlug": "kenya/priscah-jepleting-cherono-014289351",
                        "birthDate": "27 JUN 1980",
                        "hasProfile": true,
                        "__typename": "CalendarResultsCompetitor"
                      },
                      "mark": "14:59.21",
                      "nationality": "KEN",
                      "place": "3.",
                      "points": null,
                      "qualified": null,
                      "records": "",
                      "wind": null,
                      "remark": null,
                      "details": null,
                      "__typename": "CalendarResultsRaceResult"
                    },
                    {
                      "competitor": {
                        "teamMembers": null,
                        "id": "rdlcqccxmotfy8z5tfwpb",
                        "name": "Sylvia Jebiwot KIBET",
                        "iaafId": 171450,
                        "urlSlug": "kenya/sylvia-jebiwot-kibet-014289098",
                        "birthDate": "28 MAR 1984",
                        "hasProfile": true,
                        "__typename": "CalendarResultsCompetitor"
                      },
                      "mark": "14:59.26",
                      "nationality": "KEN",
                      "place": "4.",
                      "points": null,
                      "qualified": null,
                      "records": "",
                      "wind": null,
                      "remark": null,
                      "details": null,
                      "__typename": "CalendarResultsRaceResult"
                    },
                    {
                      "competitor": {
                        "teamMembers": null,
                        "id": "lqh9h9xgz9hqyjpgu6glci",
                        "name": "Meselech MELKAMU",
                        "iaafId": 194275,
                        "urlSlug": "ethiopia/meselech-melkamu-014259772",
                        "birthDate": "19 APR 1985",
                        "hasProfile": true,
                        "__typename": "CalendarResultsCompetitor"
                      },
                      "mark": "15:01.42",
                      "nationality": "ETH",
                      "place": "5.",
                      "points": null,
                      "qualified": null,
                      "records": "",
                      "wind": null,
                      "remark": null,
                      "details": null,
                      "__typename": "CalendarResultsRaceResult"
                    },
                    {
                      "competitor": {
                        "teamMembers": null,
                        "id": "tkywotwy1qpr43sc3e4y5",
                        "name": "Jennifer RHINES",
                        "iaafId": 110233,
                        "urlSlug": "united-states/jennifer-rhines-014319792",
                        "birthDate": "01 JUL 1974",
                        "hasProfile": true,
                        "__typename": "CalendarResultsCompetitor"
                      },
                      "mark": "15:03.09",
                      "nationality": "USA",
                      "place": "6.",
                      "points": null,
                      "qualified": null,
                      "records": "",
                      "wind": null,
                      "remark": null,
                      "details": null,
                      "__typename": "CalendarResultsRaceResult"
                    },
                    {
                      "competitor": {
                        "teamMembers": null,
                        "id": "5jklk90e7ixw6gijyylikr",
                        "name": "Shalane FLANAGAN",
                        "iaafId": 174853,
                        "urlSlug": "united-states/shalane-flanagan-014310164",
                        "birthDate": "08 JUL 1981",
                        "hasProfile": true,
                        "__typename": "CalendarResultsCompetitor"
                      },
                      "mark": "15:03.86",
                      "nationality": "USA",
                      "place": "7.",
                      "points": null,
                      "qualified": null,
                      "records": "",
                      "wind": null,
                      "remark": null,
                      "details": null,
                      "__typename": "CalendarResultsRaceResult"
                    },
                    {
                      "competitor": {
                        "teamMembers": null,
                        "id": "kt5uxo02rbgtf6qdg1wc5",
                        "name": "Joanne PAVEY",
                        "iaafId": 130396,
                        "urlSlug": "great-britain-ni/joanne-pavey-014276037",
                        "birthDate": "20 SEP 1973",
                        "hasProfile": true,
                        "__typename": "CalendarResultsCompetitor"
                      },
                      "mark": "15:04.77",
                      "nationality": "GBR",
                      "place": "8.",
                      "points": null,
                      "qualified": null,
                      "records": "",
                      "wind": null,
                      "remark": null,
                      "details": null,
                      "__typename": "CalendarResultsRaceResult"
                    },
                    {
                      "competitor": {
                        "teamMembers": null,
                        "id": "ce1p0qs05yqhyknb2ksslr",
                        "name": "Gelete BURKA",
                        "iaafId": 194277,
                        "urlSlug": "ethiopia/gelete-burka-014259909",
                        "birthDate": "23 JAN 1986",
                        "hasProfile": true,
                        "__typename": "CalendarResultsCompetitor"
                      },
                      "mark": "15:07.46",
                      "nationality": "ETH",
                      "place": "9.",
                      "points": null,
                      "qualified": null,
                      "records": "",
                      "wind": null,
                      "remark": null,
                      "details": null,
                      "__typename": "CalendarResultsRaceResult"
                    },
                    {
                      "competitor": {
                        "teamMembers": null,
                        "id": "l7ecf4330d8ici4rdppq7k",
                        "name": "Mariya KONOVALOVA",
                        "iaafId": 75110,
                        "urlSlug": "russia/mariya-konovalova-014298199",
                        "birthDate": "14 AUG 1974",
                        "hasProfile": true,
                        "__typename": "CalendarResultsCompetitor"
                      },
                      "mark": "15:09.71",
                      "nationality": "RUS",
                      "place": "10.",
                      "points": null,
                      "qualified": null,
                      "records": "",
                      "wind": null,
                      "remark": null,
                      "details": null,
                      "__typename": "CalendarResultsRaceResult"
                    },
                    {
                      "competitor": {
                        "teamMembers": null,
                        "id": "4gflpvflswexx0198wj7pa",
                        "name": "Silvia WEISSTEINER",
                        "iaafId": 115747,
                        "urlSlug": "italy/silvia-weissteiner-014285471",
                        "birthDate": "13 JUL 1979",
                        "hasProfile": true,
                        "__typename": "CalendarResultsCompetitor"
                      },
                      "mark": "15:11.81",
                      "nationality": "ITA",
                      "place": "11.",
                      "points": null,
                      "qualified": null,
                      "records": "",
                      "wind": null,
                      "remark": null,
                      "details": null,
                      "__typename": "CalendarResultsRaceResult"
                    },
                    {
                      "competitor": {
                        "teamMembers": null,
                        "id": "dntp861f8zewc349qr7nhj",
                        "name": "Olga KRAVTSOVA",
                        "iaafId": 195983,
                        "urlSlug": "belarus/olga-kravtsova-014269803",
                        "birthDate": "25 JUL 1981",
                        "hasProfile": true,
                        "__typename": "CalendarResultsCompetitor"
                      },
                      "mark": "15:11.82",
                      "nationality": "BLR",
                      "place": "12.",
                      "points": null,
                      "qualified": null,
                      "records": "",
                      "wind": null,
                      "remark": null,
                      "details": null,
                      "__typename": "CalendarResultsRaceResult"
                    },
                    {
                      "competitor": {
                        "teamMembers": null,
                        "id": "yj3g5ngfrlhet0v5x4bp",
                        "name": "Kayoko FUKUSHI",
                        "iaafId": 179923,
                        "urlSlug": "japan/kayoko-fukushi-014286215",
                        "birthDate": "25 MAR 1982",
                        "hasProfile": true,
                        "__typename": "CalendarResultsCompetitor"
                      },
                      "mark": "15:19.40",
                      "nationality": "JPN",
                      "place": "13.",
                      "points": null,
                      "qualified": null,
                      "records": "",
                      "wind": null,
                      "remark": null,
                      "details": null,
                      "__typename": "CalendarResultsRaceResult"
                    },
                    {
                      "competitor": {
                        "teamMembers": null,
                        "id": "988399jdg2c1pezjgtc4hn",
                        "name": "Jessica AUGUSTO",
                        "iaafId": 139750,
                        "urlSlug": "portugal/jessica-augusto-14294784",
                        "birthDate": "08 NOV 1981",
                        "hasProfile": true,
                        "__typename": "CalendarResultsCompetitor"
                      },
                      "mark": "15:24.93",
                      "nationality": "POR",
                      "place": "14.",
                      "points": null,
                      "qualified": null,
                      "records": "",
                      "wind": null,
                      "remark": null,
                      "details": null,
                      "__typename": "CalendarResultsRaceResult"
                    },
                    {
                      "competitor": {
                        "teamMembers": null,
                        "id": "l79t9o7i5ggdg9kmapee8p",
                        "name": "Elvan ABEYLEGESSE",
                        "iaafId": 171056,
                        "urlSlug": "turkey/elvan-abeylegesse-014303189",
                        "birthDate": "11 SEP 1982",
                        "hasProfile": true,
                        "__typename": "CalendarResultsCompetitor"
                      },
                      "mark": "DQ",
                      "nationality": "TUR",
                      "place": " - ",
                      "points": null,
                      "qualified": null,
                      "records": "",
                      "wind": null,
                      "remark": null,
                      "details": null,
                      "__typename": "CalendarResultsRaceResult"
                    }
                  ],
                  "startList": null,
                  "wind": null,
                  "__typename": "CalendarResultsRace"
                },
                {
                  "date": "2007-08-29",
                  "day": 5,
                  "race": "Round 1 - Heat",
                  "raceId": 11,
                  "raceNumber": 1,
                  "results": [
                    {
                      "competitor": {
                        "teamMembers": null,
                        "id": "xsmn0xb4zscyg7tc25q6fg",
                        "name": "Vivian Jepkemei CHERUIYOT",
                        "iaafId": 132800,
                        "urlSlug": "kenya/vivian-jepkemei-cheruiyot-14288971",
                        "birthDate": "11 SEP 1983",
                        "hasProfile": true,
                        "__typename": "CalendarResultsCompetitor"
                      },
                      "mark": "15:06.54",
                      "nationality": "KEN",
                      "place": "1.",
                      "points": null,
                      "qualified": false,
                      "records": "",
                      "wind": null,
                      "remark": null,
                      "details": null,
                      "__typename": "CalendarResultsRaceResult"
                    },
                    {
                      "competitor": {
                        "teamMembers": null,
                        "id": "3l9z1furgnqh62mru7vfao",
                        "name": "Sylvia Jebiwot KIBET",
                        "iaafId": 171450,
                        "urlSlug": "kenya/sylvia-jebiwot-kibet-014289098",
                        "birthDate": "28 MAR 1984",
                        "hasProfile": true,
                        "__typename": "CalendarResultsCompetitor"
                      },
                      "mark": "15:06.54",
                      "nationality": "KEN",
                      "place": "2.",
                      "points": null,
                      "qualified": false,
                      "records": "",
                      "wind": null,
                      "remark": null,
                      "details": null,
                      "__typename": "CalendarResultsRaceResult"
                    },
                    {
                      "competitor": {
                        "teamMembers": null,
                        "id": "sdnviz8lctafnt9wwmdwf",
                        "name": "Gelete BURKA",
                        "iaafId": 194277,
                        "urlSlug": "ethiopia/gelete-burka-014259909",
                        "birthDate": "23 JAN 1986",
                        "hasProfile": true,
                        "__typename": "CalendarResultsCompetitor"
                      },
                      "mark": "15:07.21",
                      "nationality": "ETH",
                      "place": "3.",
                      "points": null,
                      "qualified": false,
                      "records": "",
                      "wind": null,
                      "remark": null,
                      "details": null,
                      "__typename": "CalendarResultsRaceResult"
                    },
                    {
                      "competitor": {
                        "teamMembers": null,
                        "id": "pqrk3cozymbnrscm85gu1",
                        "name": "Shalane FLANAGAN",
                        "iaafId": 174853,
                        "urlSlug": "united-states/shalane-flanagan-014310164",
                        "birthDate": "08 JUL 1981",
                        "hasProfile": true,
                        "__typename": "CalendarResultsCompetitor"
                      },
                      "mark": "15:07.47",
                      "nationality": "USA",
                      "place": "4.",
                      "points": null,
                      "qualified": false,
                      "records": "",
                      "wind": null,
                      "remark": null,
                      "details": null,
                      "__typename": "CalendarResultsRaceResult"
                    },
                    {
                      "competitor": {
                        "teamMembers": null,
                        "id": "bjdj0xqprld5dagtlj3c7",
                        "name": "Olga KRAVTSOVA",
                        "iaafId": 195983,
                        "urlSlug": "belarus/olga-kravtsova-014269803",
                        "birthDate": "25 JUL 1981",
                        "hasProfile": true,
                        "__typename": "CalendarResultsCompetitor"
                      },
                      "mark": "15:17.64",
                      "nationality": "BLR",
                      "place": "5.",
                      "points": null,
                      "qualified": false,
                      "records": "",
                      "wind": null,
                      "remark": null,
                      "details": null,
                      "__typename": "CalendarResultsRaceResult"
                    },
                    {
                      "competitor": {
                        "teamMembers": null,
                        "id": "vibhuqr4ok8516u6bmvsm",
                        "name": "Kayoko FUKUSHI",
                        "iaafId": 179923,
                        "urlSlug": "japan/kayoko-fukushi-014286215",
                        "birthDate": "25 MAR 1982",
                        "hasProfile": true,
                        "__typename": "CalendarResultsCompetitor"
                      },
                      "mark": "15:19.67",
                      "nationality": "JPN",
                      "place": "6.",
                      "points": null,
                      "qualified": false,
                      "records": "",
                      "wind": null,
                      "remark": null,
                      "details": null,
                      "__typename": "CalendarResultsRaceResult"
                    },
                    {
                      "competitor": {
                        "teamMembers": null,
                        "id": "kdrw8in9i7ghx209hzao3c",
                        "name": "Simret SULTAN",
                        "iaafId": 138525,
                        "urlSlug": "eritrea/simret-sultan-014262199",
                        "birthDate": "20 JUL 1984",
                        "hasProfile": true,
                        "__typename": "CalendarResultsCompetitor"
                      },
                      "mark": "15:25.29",
                      "nationality": "ERI",
                      "place": "7.",
                      "points": null,
                      "qualified": null,
                      "records": "",
                      "wind": null,
                      "remark": null,
                      "details": null,
                      "__typename": "CalendarResultsRaceResult"
                    },
                    {
                      "competitor": {
                        "teamMembers": null,
                        "id": "trncpffzw09a1vaqloerv",
                        "name": "Michelle SIKES",
                        "iaafId": 231579,
                        "urlSlug": "united-states/michelle-sikes-014321272",
                        "birthDate": "27 FEB 1985",
                        "hasProfile": true,
                        "__typename": "CalendarResultsCompetitor"
                      },
                      "mark": "15:54.06",
                      "nationality": "USA",
                      "place": "8.",
                      "points": null,
                      "qualified": null,
                      "records": "",
                      "wind": null,
                      "remark": null,
                      "details": null,
                      "__typename": "CalendarResultsRaceResult"
                    },
                    {
                      "competitor": {
                        "teamMembers": null,
                        "id": "07ibaj99soxh9x63vvkffx",
                        "name": "Nora Leticia ROCHA",
                        "iaafId": 80553,
                        "urlSlug": "mexico/nora-leticia-rocha-014291221",
                        "birthDate": "18 DEC 1967",
                        "hasProfile": true,
                        "__typename": "CalendarResultsCompetitor"
                      },
                      "mark": "16:34.74",
                      "nationality": "MEX",
                      "place": "9.",
                      "points": null,
                      "qualified": null,
                      "records": "",
                      "wind": null,
                      "remark": null,
                      "details": null,
                      "__typename": "CalendarResultsRaceResult"
                    },
                    {
                      "competitor": {
                        "teamMembers": null,
                        "id": "l42vlea77fc4z7djez6ljo",
                        "name": "Lucia CHANDAMALE",
                        "iaafId": 200483,
                        "urlSlug": "malawi/lucia-chandamale-014290868",
                        "birthDate": "18 JUN 1988",
                        "hasProfile": true,
                        "__typename": "CalendarResultsCompetitor"
                      },
                      "mark": "16:35.75",
                      "nationality": "MAW",
                      "place": "10.",
                      "points": null,
                      "qualified": null,
                      "records": "",
                      "wind": null,
                      "remark": null,
                      "details": null,
                      "__typename": "CalendarResultsRaceResult"
                    },
                    {
                      "competitor": {
                        "teamMembers": null,
                        "id": "l2kau8gy5gg4njqmmp5ogt",
                        "name": "Francique NIYONIZIGIYE",
                        "iaafId": 200521,
                        "urlSlug": "burundi/francique-niyonizigiye-014270529",
                        "birthDate": "16 NOV 1988",
                        "hasProfile": true,
                        "__typename": "CalendarResultsCompetitor"
                      },
                      "mark": "17:25.22",
                      "nationality": "BDI",
                      "place": "11.",
                      "points": null,
                      "qualified": null,
                      "records": "",
                      "wind": null,
                      "remark": null,
                      "details": null,
                      "__typename": "CalendarResultsRaceResult"
                    },
                    {
                      "competitor": {
                        "teamMembers": null,
                        "id": "ohpmfzla3oip3kqtwx0fvf",
                        "name": "Tirunesh DIBABA",
                        "iaafId": 181712,
                        "urlSlug": "ethiopia/tirunesh-dibaba-014259871",
                        "birthDate": "01 OCT 1985",
                        "hasProfile": true,
                        "__typename": "CalendarResultsCompetitor"
                      },
                      "mark": "DNS",
                      "nationality": "ETH",
                      "place": "",
                      "points": null,
                      "qualified": null,
                      "records": "",
                      "wind": null,
                      "remark": null,
                      "details": null,
                      "__typename": "CalendarResultsRaceResult"
                    },
                    {
                      "competitor": {
                        "teamMembers": null,
                        "id": "xnswilgbgyjrhry8fkmd",
                        "name": "Yekaterina VOLKOVA",
                        "iaafId": 172033,
                        "urlSlug": "russia/yekaterina-volkova-014299734",
                        "birthDate": "16 FEB 1978",
                        "hasProfile": true,
                        "__typename": "CalendarResultsCompetitor"
                      },
                      "mark": "DNS",
                      "nationality": "RUS",
                      "place": "",
                      "points": null,
                      "qualified": null,
                      "records": "",
                      "wind": null,
                      "remark": null,
                      "details": null,
                      "__typename": "CalendarResultsRaceResult"
                    },
                    {
                      "competitor": {
                        "teamMembers": null,
                        "id": "2scywmy0m572lleeerqp6v",
                        "name": "Elvan ABEYLEGESSE",
                        "iaafId": 171056,
                        "urlSlug": "turkey/elvan-abeylegesse-014303189",
                        "birthDate": "11 SEP 1982",
                        "hasProfile": true,
                        "__typename": "CalendarResultsCompetitor"
                      },
                      "mark": "DQ",
                      "nationality": "TUR",
                      "place": " - ",
                      "points": null,
                      "qualified": null,
                      "records": "",
                      "wind": null,
                      "remark": null,
                      "details": null,
                      "__typename": "CalendarResultsRaceResult"
                    }
                  ],
                  "startList": null,
                  "wind": null,
                  "__typename": "CalendarResultsRace"
                },
                {
                  "date": "2007-08-29",
                  "day": 5,
                  "race": "Round 1 - Heat",
                  "raceId": 11,
                  "raceNumber": 2,
                  "results": [
                    {
                      "competitor": {
                        "teamMembers": null,
                        "id": "gjy279x5h1arjm3ebzjcfs",
                        "name": "Meseret DEFAR",
                        "iaafId": 171229,
                        "urlSlug": "ethiopia/meseret-defar-014259882",
                        "birthDate": "19 NOV 1983",
                        "hasProfile": true,
                        "__typename": "CalendarResultsCompetitor"
                      },
                      "mark": "15:10.13",
                      "nationality": "ETH",
                      "place": "1.",
                      "points": null,
                      "qualified": false,
                      "records": "",
                      "wind": null,
                      "remark": null,
                      "details": null,
                      "__typename": "CalendarResultsRaceResult"
                    },
                    {
                      "competitor": {
                        "teamMembers": null,
                        "id": "gpio09fcsmftq60kngshom",
                        "name": "Meselech MELKAMU",
                        "iaafId": 194275,
                        "urlSlug": "ethiopia/meselech-melkamu-014259772",
                        "birthDate": "19 APR 1985",
                        "hasProfile": true,
                        "__typename": "CalendarResultsCompetitor"
                      },
                      "mark": "15:10.32",
                      "nationality": "ETH",
                      "place": "2.",
                      "points": null,
                      "qualified": false,
                      "records": "",
                      "wind": null,
                      "remark": null,
                      "details": null,
                      "__typename": "CalendarResultsRaceResult"
                    },
                    {
                      "competitor": {
                        "teamMembers": null,
                        "id": "gpovo9plj76z5suf9fqvh",
                        "name": "Priscah Jepleting CHERONO",
                        "iaafId": 115753,
                        "urlSlug": "kenya/priscah-jepleting-cherono-014289351",
                        "birthDate": "27 JUN 1980",
                        "hasProfile": true,
                        "__typename": "CalendarResultsCompetitor"
                      },
                      "mark": "15:11.22",
                      "nationality": "KEN",
                      "place": "3.",
                      "points": null,
                      "qualified": false,
                      "records": "",
                      "wind": null,
                      "remark": null,
                      "details": null,
                      "__typename": "CalendarResultsRaceResult"
                    },
                    {
                      "competitor": {
                        "teamMembers": null,
                        "id": "phw0hs3fh3ea6zqlqat94o",
                        "name": "Joanne PAVEY",
                        "iaafId": 130396,
                        "urlSlug": "great-britain-ni/joanne-pavey-014276037",
                        "birthDate": "20 SEP 1973",
                        "hasProfile": true,
                        "__typename": "CalendarResultsCompetitor"
                      },
                      "mark": "15:11.83",
                      "nationality": "GBR",
                      "place": "4.",
                      "points": null,
                      "qualified": false,
                      "records": "",
                      "wind": null,
                      "remark": null,
                      "details": null,
                      "__typename": "CalendarResultsRaceResult"
                    },
                    {
                      "competitor": {
                        "teamMembers": null,
                        "id": "9gabyehxj99bqdovgwjtnn",
                        "name": "Jennifer RHINES",
                        "iaafId": 110233,
                        "urlSlug": "united-states/jennifer-rhines-014319792",
                        "birthDate": "01 JUL 1974",
                        "hasProfile": true,
                        "__typename": "CalendarResultsCompetitor"
                      },
                      "mark": "15:14.30",
                      "nationality": "USA",
                      "place": "5.",
                      "points": null,
                      "qualified": false,
                      "records": "",
                      "wind": null,
                      "remark": null,
                      "details": null,
                      "__typename": "CalendarResultsRaceResult"
                    },
                    {
                      "competitor": {
                        "teamMembers": null,
                        "id": "frk2hn5p1wo3tbpkqutumi",
                        "name": "Silvia WEISSTEINER",
                        "iaafId": 115747,
                        "urlSlug": "italy/silvia-weissteiner-014285471",
                        "birthDate": "13 JUL 1979",
                        "hasProfile": true,
                        "__typename": "CalendarResultsCompetitor"
                      },
                      "mark": "15:15.74",
                      "nationality": "ITA",
                      "place": "6.",
                      "points": null,
                      "qualified": false,
                      "records": "",
                      "wind": null,
                      "remark": null,
                      "details": null,
                      "__typename": "CalendarResultsRaceResult"
                    },
                    {
                      "competitor": {
                        "teamMembers": null,
                        "id": "nn6ky7wzsqiuvjv9o7gcz",
                        "name": "Mariya KONOVALOVA",
                        "iaafId": 75110,
                        "urlSlug": "russia/mariya-konovalova-014298199",
                        "birthDate": "14 AUG 1974",
                        "hasProfile": true,
                        "__typename": "CalendarResultsCompetitor"
                      },
                      "mark": "15:16.49",
                      "nationality": "RUS",
                      "place": "7.",
                      "points": null,
                      "qualified": false,
                      "records": "",
                      "wind": null,
                      "remark": null,
                      "details": null,
                      "__typename": "CalendarResultsRaceResult"
                    },
                    {
                      "competitor": {
                        "teamMembers": null,
                        "id": "nwu7vt170kjp3jiopgkd4b",
                        "name": "Jessica AUGUSTO",
                        "iaafId": 139750,
                        "urlSlug": "portugal/jessica-augusto-14294784",
                        "birthDate": "08 NOV 1981",
                        "hasProfile": true,
                        "__typename": "CalendarResultsCompetitor"
                      },
                      "mark": "15:21.23",
                      "nationality": "POR",
                      "place": "8.",
                      "points": null,
                      "qualified": false,
                      "records": "",
                      "wind": null,
                      "remark": null,
                      "details": null,
                      "__typename": "CalendarResultsRaceResult"
                    },
                    {
                      "competitor": {
                        "teamMembers": null,
                        "id": "8v290hkri8r8k2qv1zdycw",
                        "name": "Kayo SUGIHARA",
                        "iaafId": 195752,
                        "urlSlug": "japan/kayo-sugihara-014287914",
                        "birthDate": "24 FEB 1983",
                        "hasProfile": true,
                        "__typename": "CalendarResultsCompetitor"
                      },
                      "mark": "15:31.44",
                      "nationality": "JPN",
                      "place": "9.",
                      "points": null,
                      "qualified": null,
                      "records": "",
                      "wind": null,
                      "remark": null,
                      "details": null,
                      "__typename": "CalendarResultsRaceResult"
                    },
                    {
                      "competitor": {
                        "teamMembers": null,
                        "id": "kmg7dgt3un4sjsqb6giv8",
                        "name": "Zakia Mrisho MOHAMED",
                        "iaafId": 179022,
                        "urlSlug": "tanzania/zakia-mrisho-mohamed-014302619",
                        "birthDate": "19 FEB 1984",
                        "hasProfile": true,
                        "__typename": "CalendarResultsCompetitor"
                      },
                      "mark": "15:33.81",
                      "nationality": "TAN",
                      "place": "10.",
                      "points": null,
                      "qualified": null,
                      "records": "",
                      "wind": null,
                      "remark": null,
                      "details": null,
                      "__typename": "CalendarResultsRaceResult"
                    },
                    {
                      "competitor": {
                        "teamMembers": null,
                        "id": "0ugduyf6pmlizz4b31zwaxj",
                        "name": "Mary Teresa CULLEN",
                        "iaafId": 138451,
                        "urlSlug": "ireland/mary-teresa-cullen-014283178",
                        "birthDate": "17 AUG 1982",
                        "hasProfile": true,
                        "__typename": "CalendarResultsCompetitor"
                      },
                      "mark": "15:40.53",
                      "nationality": "IRL",
                      "place": "11.",
                      "points": null,
                      "qualified": null,
                      "records": "",
                      "wind": null,
                      "remark": null,
                      "details": null,
                      "__typename": "CalendarResultsRaceResult"
                    },
                    {
                      "competitor": {
                        "teamMembers": null,
                        "id": "xs8mtirroc593ruptx0c6",
                        "name": "Angeline NYIRANSABIMANA",
                        "iaafId": 200524,
                        "urlSlug": "rwanda/angeline-nyiransabimana-14299959",
                        "birthDate": "10 JAN 1985",
                        "hasProfile": true,
                        "__typename": "CalendarResultsCompetitor"
                      },
                      "mark": "15:53.23",
                      "nationality": "RWA",
                      "place": "12.",
                      "points": null,
                      "qualified": null,
                      "records": "",
                      "wind": null,
                      "remark": null,
                      "details": null,
                      "__typename": "CalendarResultsRaceResult"
                    },
                    {
                      "competitor": {
                        "teamMembers": null,
                        "id": "5j3x8d9fwprf59gib6l2pc",
                        "name": "Gabriela TRA\u00d1A",
                        "iaafId": 197459,
                        "urlSlug": "costa-rica/gabriela-trana-014263873",
                        "birthDate": "03 MAR 1980",
                        "hasProfile": true,
                        "__typename": "CalendarResultsCompetitor"
                      },
                      "mark": "17:45.56",
                      "nationality": "CRC",
                      "place": "13.",
                      "points": null,
                      "qualified": null,
                      "records": "",
                      "wind": null,
                      "remark": null,
                      "details": null,
                      "__typename": "CalendarResultsRaceResult"
                    },
                    {
                      "competitor": {
                        "teamMembers": null,
                        "id": "aota3cwaxuu87z11zuiisa",
                        "name": "Mariem ALAOUI SELSOULI",
                        "iaafId": 183925,
                        "urlSlug": "morocco/mariem-alaoui-selsouli-014290568",
                        "birthDate": "08 APR 1984",
                        "hasProfile": true,
                        "__typename": "CalendarResultsCompetitor"
                      },
                      "mark": "DNF",
                      "nationality": "MAR",
                      "place": "",
                      "points": null,
                      "qualified": null,
                      "records": "",
                      "wind": null,
                      "remark": null,
                      "details": null,
                      "__typename": "CalendarResultsRaceResult"
                    }
                  ],
                  "startList": null,
                  "wind": null,
                  "__typename": "CalendarResultsRace"
                }
              ],
              "__typename": "CalendarResultsEvent"
            }
          ],
          "__typename": "CalendarResultsEventTitle"
        }
      ],
      "options": {
        "days": [
          {
            "date": "25 AUG 2007",
            "day": 1,
            "__typename": "CalendarResultsOptionsDay"
          },
          {
            "date": "26 AUG 2007",
            "day": 2,
            "__typename": "CalendarResultsOptionsDay"
          },
          {
            "date": "27 AUG 2007",
            "day": 3,
            "__typename": "CalendarResultsOptionsDay"
          },
          {
            "date": "28 AUG 2007",
            "day": 4,
            "__typename": "CalendarResultsOptionsDay"
          },
          {
            "date": "29 AUG 2007",
            "day": 5,
            "__typename": "CalendarResultsOptionsDay"
          },
          {
            "date": "30 AUG 2007",
            "day": 6,
            "__typename": "CalendarResultsOptionsDay"
          },
          {
            "date": "31 AUG 2007",
            "day": 7,
            "__typename": "CalendarResultsOptionsDay"
          },
          {
            "date": "01 SEP 2007",
            "day": 8,
            "__typename": "CalendarResultsOptionsDay"
          },
          {
            "date": "02 SEP 2007",
            "day": 9,
            "__typename": "CalendarResultsOptionsDay"
          }
        ],
        "events": [
          {
            "gender": "W",
            "id": 10229509,
            "name": "Women's 100 Metres",
            "combined": null,
            "__typename": "CalendarResultsOptionEvent"
          },
          {
            "gender": "W",
            "id": 10229510,
            "name": "Women's 200 Metres",
            "combined": null,
            "__typename": "CalendarResultsOptionEvent"
          },
          {
            "gender": "W",
            "id": 10229511,
            "name": "Women's 400 Metres",
            "combined": null,
            "__typename": "CalendarResultsOptionEvent"
          },
          {
            "gender": "W",
            "id": 10229512,
            "name": "Women's 800 Metres",
            "combined": null,
            "__typename": "CalendarResultsOptionEvent"
          },
          {
            "gender": "W",
            "id": 10229513,
            "name": "Women's 1500 Metres",
            "combined": null,
            "__typename": "CalendarResultsOptionEvent"
          },
          {
            "gender": "W",
            "id": 10229514,
            "name": "Women's 5000 Metres",
            "combined": null,
            "__typename": "CalendarResultsOptionEvent"
          },
          {
            "gender": "W",
            "id": 10229521,
            "name": "Women's 10,000 Metres",
            "combined": null,
            "__typename": "CalendarResultsOptionEvent"
          },
          {
            "gender": "W",
            "id": 10229522,
            "name": "Women's 100 Metres Hurdles",
            "combined": null,
            "__typename": "CalendarResultsOptionEvent"
          },
          {
            "gender": "W",
            "id": 10229523,
            "name": "Women's 400 Metres Hurdles",
            "combined": null,
            "__typename": "CalendarResultsOptionEvent"
          },
          {
            "gender": "W",
            "id": 10229524,
            "name": "Women's 3000 Metres Steeplechase",
            "combined": null,
            "__typename": "CalendarResultsOptionEvent"
          },
          {
            "gender": "W",
            "id": 10230041,
            "name": "Women's 1500m Wheelchair",
            "combined": null,
            "__typename": "CalendarResultsOptionEvent"
          },
          {
            "gender": "W",
            "id": 10229526,
            "name": "Women's High Jump",
            "combined": null,
            "__typename": "CalendarResultsOptionEvent"
          },
          {
            "gender": "W",
            "id": 10229527,
            "name": "Women's Pole Vault",
            "combined": null,
            "__typename": "CalendarResultsOptionEvent"
          },
          {
            "gender": "W",
            "id": 10229528,
            "name": "Women's Long Jump",
            "combined": null,
            "__typename": "CalendarResultsOptionEvent"
          },
          {
            "gender": "W",
            "id": 10229529,
            "name": "Women's Triple Jump",
            "combined": null,
            "__typename": "CalendarResultsOptionEvent"
          },
          {
            "gender": "W",
            "id": 10229530,
            "name": "Women's Shot Put",
            "combined": null,
            "__typename": "CalendarResultsOptionEvent"
          },
          {
            "gender": "W",
            "id": 10229531,
            "name": "Women's Discus Throw",
            "combined": null,
            "__typename": "CalendarResultsOptionEvent"
          },
          {
            "gender": "W",
            "id": 10229532,
            "name": "Women's Hammer Throw",
            "combined": null,
            "__typename": "CalendarResultsOptionEvent"
          },
          {
            "gender": "W",
            "id": 10229533,
            "name": "Women's Javelin Throw",
            "combined": null,
            "__typename": "CalendarResultsOptionEvent"
          },
          {
            "gender": "W",
            "id": 10229534,
            "name": "Women's Marathon",
            "combined": null,
            "__typename": "CalendarResultsOptionEvent"
          },
          {
            "gender": "W",
            "id": 10229535,
            "name": "Women's 20 Kilometres Race Walk",
            "combined": null,
            "__typename": "CalendarResultsOptionEvent"
          },
          {
            "gender": "W",
            "id": 10229536,
            "name": "Women's Heptathlon",
            "combined": true,
            "__typename": "CalendarResultsOptionEvent"
          },
          {
            "gender": "W",
            "id": 204594,
            "name": "Women's 4x100 Metres Relay",
            "combined": null,
            "__typename": "CalendarResultsOptionEvent"
          },
          {
            "gender": "W",
            "id": 204596,
            "name": "Women's 4x400 Metres Relay",
            "combined": null,
            "__typename": "CalendarResultsOptionEvent"
          },
          {
            "gender": "M",
            "id": 10229630,
            "name": "Men's 100 Metres",
            "combined": null,
            "__typename": "CalendarResultsOptionEvent"
          },
          {
            "gender": "M",
            "id": 10229605,
            "name": "Men's 200 Metres",
            "combined": null,
            "__typename": "CalendarResultsOptionEvent"
          },
          {
            "gender": "M",
            "id": 10229631,
            "name": "Men's 400 Metres",
            "combined": null,
            "__typename": "CalendarResultsOptionEvent"
          },
          {
            "gender": "M",
            "id": 10229501,
            "name": "Men's 800 Metres",
            "combined": null,
            "__typename": "CalendarResultsOptionEvent"
          },
          {
            "gender": "M",
            "id": 10229502,
            "name": "Men's 1500 Metres",
            "combined": null,
            "__typename": "CalendarResultsOptionEvent"
          },
          {
            "gender": "M",
            "id": 10229609,
            "name": "Men's 5000 Metres",
            "combined": null,
            "__typename": "CalendarResultsOptionEvent"
          },
          {
            "gender": "M",
            "id": 10229610,
            "name": "Men's 10,000 Metres",
            "combined": null,
            "__typename": "CalendarResultsOptionEvent"
          },
          {
            "gender": "M",
            "id": 10229611,
            "name": "Men's 110 Metres Hurdles",
            "combined": null,
            "__typename": "CalendarResultsOptionEvent"
          },
          {
            "gender": "M",
            "id": 10229612,
            "name": "Men's 400 Metres Hurdles",
            "combined": null,
            "__typename": "CalendarResultsOptionEvent"
          },
          {
            "gender": "M",
            "id": 10229614,
            "name": "Men's 3000 Metres Steeplechase",
            "combined": null,
            "__typename": "CalendarResultsOptionEvent"
          },
          {
            "gender": "M",
            "id": 10230039,
            "name": "Men's 1500m Wheelchair",
            "combined": null,
            "__typename": "CalendarResultsOptionEvent"
          },
          {
            "gender": "M",
            "id": 10229615,
            "name": "Men's High Jump",
            "combined": null,
            "__typename": "CalendarResultsOptionEvent"
          },
          {
            "gender": "M",
            "id": 10229616,
            "name": "Men's Pole Vault",
            "combined": null,
            "__typename": "CalendarResultsOptionEvent"
          },
          {
            "gender": "M",
            "id": 10229617,
            "name": "Men's Long Jump",
            "combined": null,
            "__typename": "CalendarResultsOptionEvent"
          },
          {
            "gender": "M",
            "id": 10229618,
            "name": "Men's Triple Jump",
            "combined": null,
            "__typename": "CalendarResultsOptionEvent"
          },
          {
            "gender": "M",
            "id": 10229619,
            "name": "Men's Shot Put",
            "combined": null,
            "__typename": "CalendarResultsOptionEvent"
          },
          {
            "gender": "M",
            "id": 10229620,
            "name": "Men's Discus Throw",
            "combined": null,
            "__typename": "CalendarResultsOptionEvent"
          },
          {
            "gender": "M",
            "id": 10229621,
            "name": "Men's Hammer Throw",
            "combined": null,
            "__typename": "CalendarResultsOptionEvent"
          },
          {
            "gender": "M",
            "id": 10229636,
            "name": "Men's Javelin Throw",
            "combined": null,
            "__typename": "CalendarResultsOptionEvent"
          },
          {
            "gender": "M",
            "id": 10229634,
            "name": "Men's Marathon",
            "combined": null,
            "__typename": "CalendarResultsOptionEvent"
          },
          {
            "gender": "M",
            "id": 10229508,
            "name": "Men's 20 Kilometres Race Walk",
            "combined": null,
            "__typename": "CalendarResultsOptionEvent"
          },
          {
            "gender": "M",
            "id": 10229628,
            "name": "Men's 50 Kilometres Race Walk",
            "combined": null,
            "__typename": "CalendarResultsOptionEvent"
          },
          {
            "gender": "M",
            "id": 10229629,
            "name": "Men's Decathlon",
            "combined": true,
            "__typename": "CalendarResultsOptionEvent"
          },
          {
            "gender": "M",
            "id": 204593,
            "name": "Men's 4x100 Metres Relay",
            "combined": null,
            "__typename": "CalendarResultsOptionEvent"
          },
          {
            "gender": "M",
            "id": 204595,
            "name": "Men's 4x400 Metres Relay",
            "combined": null,
            "__typename": "CalendarResultsOptionEvent"
          }
        ],
        "__typename": "CalendarResultsOptions"
      },
      "parameters": {
        "competitionId": 6903480,
        "day": null,
        "eventId": 10229514,
        "__typename": "CalendarResultsParameters"
      },
      "__typename": "CalendarCompetitionResults"
    }
  }
}