{
  "data": {
    "getCalendarCompetitionResults": {
      "competition": {
        "dateRange": "25 AUG\u201302 SEP 2007",
        "endDate": "2007-09-02",
        "name": "IAAF World Championships",
        "rankingCategory": "OW",
        "startDate": "2007-08-25",
        "venue": "Yanmar Stadium Nagai, Osaka (JPN)",
        "__typename": "CalendarResultsCompetition"
      },
      "eventTitles": [
        {
          "rankingCategory": "OW",
          "eventTitle": null,
          "events": [
            {
              "event": "Women's Hammer Throw",
              "eventId": 10229532,
              "gender": "W",
              "isRelay": false,
              "perResultWind": false,
              "withWind": false,
              "summary": null,
              "races": [
                {
                  "date": "2007-08-30",
                  "day": 6,
                  "race": "Final",
                  "raceId": 10,
                  "raceNumber": 0,
                  "results": [
                    {
                      "competitor": {
                        "teamMembers": null,
                        "id": "vl89yy8ef5poib9fxnx74a",
                        "name": "Betty HEIDLER",
                        "iaafId": 176297,
                        "urlSlug": "germany/betty-heidler-014277951",
                        "birthDate": "14 OCT 1983",
                        "hasProfile": true,
                        "__typename": "CalendarResultsCompetitor"
                      },
                      "mark": "74.76",
                      "nationality": "GER",
                      "place": "1.",
                      "points": null,
                      "qualified": null,
                      "records": "",
                      "wind": null,
                      "remark": null,
                      "details": null,
                      "__typename": "CalendarResultsRaceResult"
                    },
                    {
                      "competitor": {
                        "teamMembers": null,
                        "id": "d523wce2fyikc1q4si7gm9",
                        "name": "Yipsi MORENO",
                        "iaafId": 134579,
                        "urlSlug": "cuba/yipsi-moreno-014263462",
                        "birthDate": "19 NOV 1980",
                        "hasProfile": true,
                        "__typename": "CalendarResultsCompetitor"
                      },
                      "mark": "74.74",
                      "nationality": "CUB",
                      "place": "2.",
                      "points": null,
                      "qualified": null,
                      "records": "",
                      "wind": null,
                      "remark": null,
                      "details": null,
                      "__typename": "CalendarResultsRaceResult"
                    },
                    {
                      "competitor": {
                        "teamMembers": null,
                        "id": "ui28a92ioghksyuyjwnxsh",
                        "name": "Wenxiu ZHANG",
                        "iaafId": 193952,
                        "urlSlug": "pr-of-china/wenxiu-zhang-014264385",
                        "birthDate": "22 MAR 1986",
                        "hasProfile": true,
                        "__typename": "CalendarResultsCompetitor"
                      },
                      "mark": "74.39",
                      "nationality": "CHN",
                      "place": "3.",
                      "points": null,
                      "qualified": null,
                      "records": "",
                      "wind": null,
                      "remark": null,
                      "details": null,
                      "__typename": "CalendarResultsRaceResult"
                    },
                    {
                      "competitor": {
                        "teamMembers": null,
                        "id": "nisbcu3oiajj6z5kfgkif9",
                        "name": "Kamila SKOLIMOWSKA",
                        "iaafId": 134973,
                        "urlSlug": "poland/kamila-skolimowska-14294418",
                        "birthDate": "04 NOV 1982",
                        "hasProfile": true,
                        "__typename": "CalendarResultsCompetitor"
                      },
                      "mark": "73.75",
                      "nationality": "POL",
                      "place": "4.",
                      "points": null,
                      "qualified": null,
                      "records": "",
                      "wind": null,
                      "remark": null,
                      "details": null,
                      "__typename": "CalendarResultsRaceResult"
                    },
                    {
                      "competitor": {
                        "teamMembers": null,
                        "id": "n3ev7ia5p9kyg5gxn9ecjj",
                        "name": "Yelena KONYEVTSOVA",
                        "iaafId": 175300,
                        "urlSlug": "russia/yelena-konyevtsova-014299535",
                        "birthDate": "11 MAR 1981",
                        "hasProfile": true,
                        "__typename": "CalendarResultsCompetitor"
                      },
                      "mark": "72.45",
                      "nationality": "RUS",
                      "place": "5.",
                      "points": null,
                      "qualified": null,
                      "records": "",
                      "wind": null,
                      "remark": null,
                      "details": null,
                      "__typename": "CalendarResultsRaceResult"
                    },
                    {
                      "competitor": {
                        "teamMembers": null,
                        "id": "91ervheil1czi5ldf8y61",
                        "name": "Eileen O'KEEFFE",
                        "iaafId": 179513,
                        "urlSlug": "ireland/eileen-okeeffe-014283338",
                        "birthDate": "31 MAY 1981",
                        "hasProfile": true,
                        "__typename": "CalendarResultsCompetitor"
                      },
                      "mark": "70.93",
                      "nationality": "IRL",
                      "place": "6.",
                      "points": null,
                      "qualified": null,
                      "records": "",
                      "wind": null,
                      "remark": null,
                      "details": null,
                      "__typename": "CalendarResultsRaceResult"
                    },
                    {
                      "competitor": {
                        "teamMembers": null,
                        "id": "21hx68tur4wr5j6j0bvx4",
                        "name": "Clarissa CLARETTI",
                        "iaafId": 174598,
                        "urlSlug": "italy/clarissa-claretti-014284078",
                        "birthDate": "07 OCT 1980",
                        "hasProfile": true,
                        "__typename": "CalendarResultsCompetitor"
                      },
                      "mark": "70.74",
                      "nationality": "ITA",
                      "place": "7.",
                      "points": null,
                      "qualified": null,
                      "records": "",
                      "wind": null,
                      "remark": null,
                      "details": null,
                      "__typename": "CalendarResultsRaceResult"
                    },
                    {
                      "competitor": {
                        "teamMembers": null,
                        "id": "u2yvfd3efcao9srxk3l0s",
                        "name": "Manuela MONTEBRUN",
                        "iaafId": 134657,
                        "urlSlug": "france/manuela-montebrun-014273210",
                        "birthDate": "13 NOV 1979",
                        "hasProfile": true,
                        "__typename": "CalendarResultsCompetitor"
                      },
                      "mark": "70.36",
                      "nationality": "FRA",
                      "place": "8.",
                      "points": null,
                      "qualified": null,
                      "records": "",
                      "wind": null,
                      "remark": null,
                      "details": null,
                      "__typename": "CalendarResultsRaceResult"
                    },
                    {
                      "competitor": {
                        "teamMembers": null,
                        "id": "s0l5r1ehfgqmtkuyn9igj",
                        "name": "Arasay THONDIKE",
                        "iaafId": 194723,
                        "urlSlug": "cuba/arasay-thondike-014263362",
                        "birthDate": "28 MAY 1986",
                        "hasProfile": true,
                        "__typename": "CalendarResultsCompetitor"
                      },
                      "mark": "70.20",
                      "nationality": "CUB",
                      "place": "9.",
                      "points": null,
                      "qualified": null,
                      "records": "",
                      "wind": null,
                      "remark": null,
                      "details": null,
                      "__typename": "CalendarResultsRaceResult"
                    },
                    {
                      "competitor": {
                        "teamMembers": null,
                        "id": "suyklxo6urkx7kchsi445",
                        "name": "Ivana BRKLJA\u010cI\u0106",
                        "iaafId": 134543,
                        "urlSlug": "croatia/ivana-brkljacic-014263852",
                        "birthDate": "25 JAN 1983",
                        "hasProfile": true,
                        "__typename": "CalendarResultsCompetitor"
                      },
                      "mark": "68.16",
                      "nationality": "CRO",
                      "place": "10.",
                      "points": null,
                      "qualified": null,
                      "records": "",
                      "wind": null,
                      "remark": null,
                      "details": null,
                      "__typename": "CalendarResultsRaceResult"
                    },
                    {
                      "competitor": {
                        "teamMembers": null,
                        "id": "0fi2vx5pao4kcy5gzfj0dp",
                        "name": "Yunaika CRAWFORD",
                        "iaafId": 134528,
                        "urlSlug": "cuba/yunaika-crawford-014263619",
                        "birthDate": "02 NOV 1982",
                        "hasProfile": true,
                        "__typename": "CalendarResultsCompetitor"
                      },
                      "mark": "67.56",
                      "nationality": "CUB",
                      "place": "11.",
                      "points": null,
                      "qualified": null,
                      "records": "",
                      "wind": null,
                      "remark": null,
                      "details": null,
                      "__typename": "CalendarResultsRaceResult"
                    },
                    {
                      "competitor": {
                        "teamMembers": null,
                        "id": "vebia32qz686qhjq50c5aw",
                        "name": "Gulfiya KHANAFEYEVA",
                        "iaafId": 176994,
                        "urlSlug": "russia/gulfiya-agafonova-014298075",
                        "birthDate": "04 JUN 1982",
                        "hasProfile": true,
                        "__typename": "CalendarResultsCompetitor"
                      },
                      "mark": "DQ",
                      "nationality": "RUS",
                      "place": " - ",
                      "points": null,
                      "qualified": null,
                      "records": "",
                      "wind": null,
                      "remark": null,
                      "details": null,
                      "__typename": "CalendarResultsRaceResult"
                    }
                  ],
                  "startList": null,
                  "wind": null,
                  "__typename": "CalendarResultsRace"
                },
                {
                  "date": "2007-08-28",
                  "day": 4,
                  "race": "Qualification - Group",
                  "raceId": 71,
                  "raceNumber": 1,
                  "results": [
                    {
                      "competitor": {
                        "teamMembers": null,
                        "id": "llndslu7epldjrvylxovoe",
                        "name": "Ivana BRKLJA\u010cI\u0106",
                        "iaafId": 134543,
                        "urlSlug": "croatia/ivana-brkljacic-014263852",
                        "birthDate": "25 JAN 1983",
                        "hasProfile": true,
                        "__typename": "CalendarResultsCompetitor"
                      },
                      "mark": "74.69",
                      "nationality": "CRO",
                      "place": "1.",
                      "points": null,
                      "qualified": false,
                      "records": "",
                      "wind": null,
                      "remark": null,
                      "details": null,
                      "__typename": "CalendarResultsRaceResult"
                    },
                    {
                      "competitor": {
                        "teamMembers": null,
                        "id": "9frjsgieo4in3zx9dlikk",
                        "name": "Betty HEIDLER",
                        "iaafId": 176297,
                        "urlSlug": "germany/betty-heidler-014277951",
                        "birthDate": "14 OCT 1983",
                        "hasProfile": true,
                        "__typename": "CalendarResultsCompetitor"
                      },
                      "mark": "72.27",
                      "nationality": "GER",
                      "place": "2.",
                      "points": null,
                      "qualified": false,
                      "records": "",
                      "wind": null,
                      "remark": null,
                      "details": null,
                      "__typename": "CalendarResultsRaceResult"
                    },
                    {
                      "competitor": {
                        "teamMembers": null,
                        "id": "e2asdi7wycu82nwgsh1qet",
                        "name": "Manuela MONTEBRUN",
                        "iaafId": 134657,
                        "urlSlug": "france/manuela-montebrun-014273210",
                        "birthDate": "13 NOV 1979",
                        "hasProfile": true,
                        "__typename": "CalendarResultsCompetitor"
                      },
                      "mark": "69.77",
                      "nationality": "FRA",
                      "place": "3.",
                      "points": null,
                      "qualified": false,
                      "records": "",
                      "wind": null,
                      "remark": null,
                      "details": null,
                      "__typename": "CalendarResultsRaceResult"
                    },
                    {
                      "competitor": {
                        "teamMembers": null,
                        "id": "06jimuqvq8oe4ycmi843ks",
                        "name": "Arasay THONDIKE",
                        "iaafId": 194723,
                        "urlSlug": "cuba/arasay-thondike-014263362",
                        "birthDate": "28 MAY 1986",
                        "hasProfile": true,
                        "__typename": "CalendarResultsCompetitor"
                      },
                      "mark": "69.14",
                      "nationality": "CUB",
                      "place": "4.",
                      "points": null,
                      "qualified": false,
                      "records": "",
                      "wind": null,
                      "remark": null,
                      "details": null,
                      "__typename": "CalendarResultsRaceResult"
                    },
                    {
                      "competitor": {
                        "teamMembers": null,
                        "id": "cspma8h66ycvhyzklngb5",
                        "name": "Martina HRA\u0160NOV\u00c1",
                        "iaafId": 171118,
                        "urlSlug": "slovak-republic/martina-hrasnova-14301404",
                        "birthDate": "21 MAR 1983",
                        "hasProfile": true,
                        "__typename": "CalendarResultsCompetitor"
                      },
                      "mark": "68.15",
                      "nationality": "SVK",
                      "place": "5.",
                      "points": null,
                      "qualified": null,
                      "records": "",
                      "wind": null,
                      "remark": null,
                      "details": null,
                      "__typename": "CalendarResultsRaceResult"
                    },
                    {
                      "competitor": {
                        "teamMembers": null,
                        "id": "oo6jf1idvxhw8ghad830pr",
                        "name": "Cecilia NILSSON",
                        "iaafId": 134729,
                        "urlSlug": "sweden/cecilia-nilsson-014302241",
                        "birthDate": "22 JUN 1979",
                        "hasProfile": true,
                        "__typename": "CalendarResultsCompetitor"
                      },
                      "mark": "68.09",
                      "nationality": "SWE",
                      "place": "6.",
                      "points": null,
                      "qualified": null,
                      "records": "",
                      "wind": null,
                      "remark": null,
                      "details": null,
                      "__typename": "CalendarResultsRaceResult"
                    },
                    {
                      "competitor": {
                        "teamMembers": null,
                        "id": "unf6m9e521brcdrp5pdxg",
                        "name": "Alexandra PAPAGEORGIOU",
                        "iaafId": 177251,
                        "urlSlug": "greece/alexandra-papageorgiou-014280840",
                        "birthDate": "17 DEC 1980",
                        "hasProfile": true,
                        "__typename": "CalendarResultsCompetitor"
                      },
                      "mark": "66.88",
                      "nationality": "GRE",
                      "place": "7.",
                      "points": null,
                      "qualified": null,
                      "records": "",
                      "wind": null,
                      "remark": null,
                      "details": null,
                      "__typename": "CalendarResultsRaceResult"
                    },
                    {
                      "competitor": {
                        "teamMembers": null,
                        "id": "6dslqn6bsn5ogmwawn13zc",
                        "name": "Yelena RIGERT",
                        "iaafId": 194526,
                        "urlSlug": "russia/yelena-rigert-014299014",
                        "birthDate": "02 DEC 1983",
                        "hasProfile": true,
                        "__typename": "CalendarResultsCompetitor"
                      },
                      "mark": "66.84",
                      "nationality": "RUS",
                      "place": "8.",
                      "points": null,
                      "qualified": null,
                      "records": "",
                      "wind": null,
                      "remark": null,
                      "details": null,
                      "__typename": "CalendarResultsRaceResult"
                    },
                    {
                      "competitor": {
                        "teamMembers": null,
                        "id": "kpqx3gnia1pnuydvktf0zo",
                        "name": "Svetlana SUDAK-TORUN",
                        "iaafId": 75127,
                        "urlSlug": "turkey/svetlana-sudak-torun-014269589",
                        "birthDate": "17 NOV 1971",
                        "hasProfile": true,
                        "__typename": "CalendarResultsCompetitor"
                      },
                      "mark": "65.65",
                      "nationality": "TUR",
                      "place": "9.",
                      "points": null,
                      "qualified": null,
                      "records": "",
                      "wind": null,
                      "remark": null,
                      "details": null,
                      "__typename": "CalendarResultsRaceResult"
                    },
                    {
                      "competitor": {
                        "teamMembers": null,
                        "id": "wb566a2i56poy1td0itm",
                        "name": "Jennifer DAHLGREN",
                        "iaafId": 175595,
                        "urlSlug": "argentina/jennifer-dahlgren-014272677",
                        "birthDate": "21 APR 1984",
                        "hasProfile": true,
                        "__typename": "CalendarResultsCompetitor"
                      },
                      "mark": "65.64",
                      "nationality": "ARG",
                      "place": "10.",
                      "points": null,
                      "qualified": null,
                      "records": "",
                      "wind": null,
                      "remark": null,
                      "details": null,
                      "__typename": "CalendarResultsRaceResult"
                    },
                    {
                      "competitor": {
                        "teamMembers": null,
                        "id": "h66715k8zeh54qbt4dbyzo",
                        "name": "Berta CASTELLS",
                        "iaafId": 181336,
                        "urlSlug": "spain/berta-castells-014261855",
                        "birthDate": "24 JAN 1984",
                        "hasProfile": true,
                        "__typename": "CalendarResultsCompetitor"
                      },
                      "mark": "63.32",
                      "nationality": "ESP",
                      "place": "11.",
                      "points": null,
                      "qualified": null,
                      "records": "",
                      "wind": null,
                      "remark": null,
                      "details": null,
                      "__typename": "CalendarResultsRaceResult"
                    },
                    {
                      "competitor": {
                        "teamMembers": null,
                        "id": "e2e494fulaitxnydburaz",
                        "name": "Yinghui LIU",
                        "iaafId": 172971,
                        "urlSlug": "pr-of-china/yinghui-liu-014265712",
                        "birthDate": "29 JUN 1978",
                        "hasProfile": true,
                        "__typename": "CalendarResultsCompetitor"
                      },
                      "mark": "62.83",
                      "nationality": "CHN",
                      "place": "12.",
                      "points": null,
                      "qualified": null,
                      "records": "",
                      "wind": null,
                      "remark": null,
                      "details": null,
                      "__typename": "CalendarResultsRaceResult"
                    },
                    {
                      "competitor": {
                        "teamMembers": null,
                        "id": "wlgdc8tg6hgoj0v3hwjf",
                        "name": "Masumi AYA",
                        "iaafId": 175636,
                        "urlSlug": "japan/masumi-aya-014286119",
                        "birthDate": "01 JAN 1980",
                        "hasProfile": true,
                        "__typename": "CalendarResultsCompetitor"
                      },
                      "mark": "62.68",
                      "nationality": "JPN",
                      "place": "13.",
                      "points": null,
                      "qualified": null,
                      "records": "",
                      "wind": null,
                      "remark": null,
                      "details": null,
                      "__typename": "CalendarResultsRaceResult"
                    },
                    {
                      "competitor": {
                        "teamMembers": null,
                        "id": "etl3ya550ppgqqsj3cupyc",
                        "name": "Mihaela MELINTE",
                        "iaafId": 76264,
                        "urlSlug": "romania/mihaela-melinte-014295749",
                        "birthDate": "27 MAR 1975",
                        "hasProfile": true,
                        "__typename": "CalendarResultsCompetitor"
                      },
                      "mark": "62.40",
                      "nationality": "ROU",
                      "place": "14.",
                      "points": null,
                      "qualified": null,
                      "records": "",
                      "wind": null,
                      "remark": null,
                      "details": null,
                      "__typename": "CalendarResultsRaceResult"
                    },
                    {
                      "competitor": {
                        "teamMembers": null,
                        "id": "pe924d13gzbcmzhylx1a3r",
                        "name": "V\u00e2nia SILVA",
                        "iaafId": 134862,
                        "urlSlug": "portugal/vania-silva-014295104",
                        "birthDate": "08 JUN 1980",
                        "hasProfile": true,
                        "__typename": "CalendarResultsCompetitor"
                      },
                      "mark": "61.81",
                      "nationality": "POR",
                      "place": "15.",
                      "points": null,
                      "qualified": null,
                      "records": "",
                      "wind": null,
                      "remark": null,
                      "details": null,
                      "__typename": "CalendarResultsRaceResult"
                    },
                    {
                      "competitor": {
                        "teamMembers": null,
                        "id": "88s3t7fvrcts8oa1aism0i",
                        "name": "Katalin DIV\u00d3S",
                        "iaafId": 70715,
                        "urlSlug": "hungary/katalin-divos-014281410",
                        "birthDate": "11 MAY 1974",
                        "hasProfile": true,
                        "__typename": "CalendarResultsCompetitor"
                      },
                      "mark": "59.45",
                      "nationality": "HUN",
                      "place": "16.",
                      "points": null,
                      "qualified": null,
                      "records": "",
                      "wind": null,
                      "remark": null,
                      "details": null,
                      "__typename": "CalendarResultsRaceResult"
                    },
                    {
                      "competitor": {
                        "teamMembers": null,
                        "id": "11l2bwnwto4lcehlri8mor",
                        "name": "Brittany RILEY",
                        "iaafId": 207931,
                        "urlSlug": "united-states/brittany-riley-014319921",
                        "birthDate": "26 AUG 1986",
                        "hasProfile": true,
                        "__typename": "CalendarResultsCompetitor"
                      },
                      "mark": "55.72",
                      "nationality": "USA",
                      "place": "17.",
                      "points": null,
                      "qualified": null,
                      "records": "",
                      "wind": null,
                      "remark": null,
                      "details": null,
                      "__typename": "CalendarResultsRaceResult"
                    },
                    {
                      "competitor": {
                        "teamMembers": null,
                        "id": "db1v1mf33anbebp6exbu9",
                        "name": "Oksana MIANKOVA",
                        "iaafId": 183513,
                        "urlSlug": "belarus/oksana-miankova-014269736",
                        "birthDate": "10 MAY 1982",
                        "hasProfile": true,
                        "__typename": "CalendarResultsCompetitor"
                      },
                      "mark": "NM",
                      "nationality": "BLR",
                      "place": "",
                      "points": null,
                      "qualified": null,
                      "records": "",
                      "wind": null,
                      "remark": null,
                      "details": null,
                      "__typename": "CalendarResultsRaceResult"
                    },
                    {
                      "competitor": {
                        "teamMembers": null,
                        "id": "n8dw8qqq2b72axfmre1bm5",
                        "name": "Susanne KEIL",
                        "iaafId": 136183,
                        "urlSlug": "germany/susanne-keil-014278282",
                        "birthDate": "18 MAY 1978",
                        "hasProfile": true,
                        "__typename": "CalendarResultsCompetitor"
                      },
                      "mark": "NM",
                      "nationality": "GER",
                      "place": "",
                      "points": null,
                      "qualified": null,
                      "records": "",
                      "wind": null,
                      "remark": null,
                      "details": null,
                      "__typename": "CalendarResultsRaceResult"
                    },
                    {
                      "competitor": {
                        "teamMembers": null,
                        "id": "kafl4g7602agf6s915or",
                        "name": "Gulfiya KHANAFEYEVA",
                        "iaafId": 176994,
                        "urlSlug": "russia/gulfiya-agafonova-014298075",
                        "birthDate": "04 JUN 1982",
                        "hasProfile": true,
                        "__typename": "CalendarResultsCompetitor"
                      },
                      "mark": "DQ",
                      "nationality": "RUS",
                      "place": " - ",
                      "points": null,
                      "qualified": null,
                      "records": "",
                      "wind": null,
                      "remark": null,
                      "details": null,
                      "__typename": "CalendarResultsRaceResult"
                    }
                  ],
                  "startList": null,
                  "wind": null,
                  "__typename": "CalendarResultsRace"
                },
                {
                  "date": "2007-08-28",
                  "day": 4,
                  "race": "Qualification - Group",
                  "raceId": 71,
                  "raceNumber": 2,
                  "results": [
                    {
                      "competitor": {
                        "teamMembers": null,
                        "id": "4hs38eirohkozc2d10iggs",
                        "name": "Yipsi MORENO",
                        "iaafId": 134579,
                        "urlSlug": "cuba/yipsi-moreno-014263462",
                        "birthDate": "19 NOV 1980",
                        "hasProfile": true,
                        "__typename": "CalendarResultsCompetitor"
                      },
                      "mark": "72.87",
                      "nationality": "CUB",
                      "place": "1.",
                      "points": null,
                      "qualified": false,
                      "records": "",
                      "wind": null,
                      "remark": null,
                      "details": null,
                      "__typename": "CalendarResultsRaceResult"
                    },
                    {
                      "competitor": {
                        "teamMembers": null,
                        "id": "4czilyxa4flofqq5ameri",
                        "name": "Wenxiu ZHANG",
                        "iaafId": 193952,
                        "urlSlug": "pr-of-china/wenxiu-zhang-014264385",
                        "birthDate": "22 MAR 1986",
                        "hasProfile": true,
                        "__typename": "CalendarResultsCompetitor"
                      },
                      "mark": "71.31",
                      "nationality": "CHN",
                      "place": "2.",
                      "points": null,
                      "qualified": false,
                      "records": "",
                      "wind": null,
                      "remark": null,
                      "details": null,
                      "__typename": "CalendarResultsRaceResult"
                    },
                    {
                      "competitor": {
                        "teamMembers": null,
                        "id": "996l7o26lncobqyrab7jbm",
                        "name": "Eileen O'KEEFFE",
                        "iaafId": 179513,
                        "urlSlug": "ireland/eileen-okeeffe-014283338",
                        "birthDate": "31 MAY 1981",
                        "hasProfile": true,
                        "__typename": "CalendarResultsCompetitor"
                      },
                      "mark": "71.07",
                      "nationality": "IRL",
                      "place": "3.",
                      "points": null,
                      "qualified": false,
                      "records": "",
                      "wind": null,
                      "remark": null,
                      "details": null,
                      "__typename": "CalendarResultsRaceResult"
                    },
                    {
                      "competitor": {
                        "teamMembers": null,
                        "id": "nf6gk3pn3waf8qy018d2mg",
                        "name": "Yelena KONYEVTSOVA",
                        "iaafId": 175300,
                        "urlSlug": "russia/yelena-konyevtsova-014299535",
                        "birthDate": "11 MAR 1981",
                        "hasProfile": true,
                        "__typename": "CalendarResultsCompetitor"
                      },
                      "mark": "70.65",
                      "nationality": "RUS",
                      "place": "4.",
                      "points": null,
                      "qualified": false,
                      "records": "",
                      "wind": null,
                      "remark": null,
                      "details": null,
                      "__typename": "CalendarResultsRaceResult"
                    },
                    {
                      "competitor": {
                        "teamMembers": null,
                        "id": "ha1esfuzqf5a75gijmq6n",
                        "name": "Kamila SKOLIMOWSKA",
                        "iaafId": 134973,
                        "urlSlug": "poland/kamila-skolimowska-14294418",
                        "birthDate": "04 NOV 1982",
                        "hasProfile": true,
                        "__typename": "CalendarResultsCompetitor"
                      },
                      "mark": "70.18",
                      "nationality": "POL",
                      "place": "5.",
                      "points": null,
                      "qualified": false,
                      "records": "",
                      "wind": null,
                      "remark": null,
                      "details": null,
                      "__typename": "CalendarResultsRaceResult"
                    },
                    {
                      "competitor": {
                        "teamMembers": null,
                        "id": "9z94jual7zec8ebzfp530d",
                        "name": "Clarissa CLARETTI",
                        "iaafId": 174598,
                        "urlSlug": "italy/clarissa-claretti-014284078",
                        "birthDate": "07 OCT 1980",
                        "hasProfile": true,
                        "__typename": "CalendarResultsCompetitor"
                      },
                      "mark": "69.53",
                      "nationality": "ITA",
                      "place": "6.",
                      "points": null,
                      "qualified": false,
                      "records": "",
                      "wind": null,
                      "remark": null,
                      "details": null,
                      "__typename": "CalendarResultsRaceResult"
                    },
                    {
                      "competitor": {
                        "teamMembers": null,
                        "id": "nc3cxhtebk4pqta9qxofv",
                        "name": "Yunaika CRAWFORD",
                        "iaafId": 134528,
                        "urlSlug": "cuba/yunaika-crawford-014263619",
                        "birthDate": "02 NOV 1982",
                        "hasProfile": true,
                        "__typename": "CalendarResultsCompetitor"
                      },
                      "mark": "68.55",
                      "nationality": "CUB",
                      "place": "7.",
                      "points": null,
                      "qualified": false,
                      "records": "",
                      "wind": null,
                      "remark": null,
                      "details": null,
                      "__typename": "CalendarResultsRaceResult"
                    },
                    {
                      "competitor": {
                        "teamMembers": null,
                        "id": "ecsnsj0o0rp40ssxgok9q5",
                        "name": "Jessica COSBY-TORUGA",
                        "iaafId": 180069,
                        "urlSlug": "united-states/jessica-cosby-toruga-014308131",
                        "birthDate": "31 MAY 1982",
                        "hasProfile": true,
                        "__typename": "CalendarResultsCompetitor"
                      },
                      "mark": "67.90",
                      "nationality": "USA",
                      "place": "8.",
                      "points": null,
                      "qualified": null,
                      "records": "",
                      "wind": null,
                      "remark": null,
                      "details": null,
                      "__typename": "CalendarResultsRaceResult"
                    },
                    {
                      "competitor": {
                        "teamMembers": null,
                        "id": "zmvwjcgbb4exvocd82r7",
                        "name": "Merja KORPELA",
                        "iaafId": 134326,
                        "urlSlug": "finland/merja-korpela-014259386",
                        "birthDate": "15 MAY 1981",
                        "hasProfile": true,
                        "__typename": "CalendarResultsCompetitor"
                      },
                      "mark": "67.87",
                      "nationality": "FIN",
                      "place": "9.",
                      "points": null,
                      "qualified": null,
                      "records": "",
                      "wind": null,
                      "remark": null,
                      "details": null,
                      "__typename": "CalendarResultsRaceResult"
                    },
                    {
                      "competitor": {
                        "teamMembers": null,
                        "id": "m2tu8cpe7ig2kn0rmm2dq",
                        "name": "St\u00e9phanie FALZON",
                        "iaafId": 179818,
                        "urlSlug": "france/stephanie-falzon-014257573",
                        "birthDate": "07 JAN 1983",
                        "hasProfile": true,
                        "__typename": "CalendarResultsCompetitor"
                      },
                      "mark": "67.19",
                      "nationality": "FRA",
                      "place": "10.",
                      "points": null,
                      "qualified": null,
                      "records": "",
                      "wind": null,
                      "remark": null,
                      "details": null,
                      "__typename": "CalendarResultsRaceResult"
                    },
                    {
                      "competitor": {
                        "teamMembers": null,
                        "id": "nsyz447t9fmhsuuorzp5sa",
                        "name": "Am\u00e9lie PERRIN",
                        "iaafId": 134652,
                        "urlSlug": "france/amelie-perrin-014273482",
                        "birthDate": "30 MAR 1980",
                        "hasProfile": true,
                        "__typename": "CalendarResultsCompetitor"
                      },
                      "mark": "66.67",
                      "nationality": "FRA",
                      "place": "11.",
                      "points": null,
                      "qualified": null,
                      "records": "",
                      "wind": null,
                      "remark": null,
                      "details": null,
                      "__typename": "CalendarResultsRaceResult"
                    },
                    {
                      "competitor": {
                        "teamMembers": null,
                        "id": "teui5hulr22x091czyurh",
                        "name": "Lenka LEDVINOV\u00c1",
                        "iaafId": 184090,
                        "urlSlug": "czech-republic/lenka-valesova-14262946",
                        "birthDate": "11 AUG 1985",
                        "hasProfile": true,
                        "__typename": "CalendarResultsCompetitor"
                      },
                      "mark": "66.57",
                      "nationality": "CZE",
                      "place": "12.",
                      "points": null,
                      "qualified": null,
                      "records": "",
                      "wind": null,
                      "remark": null,
                      "details": null,
                      "__typename": "CalendarResultsRaceResult"
                    },
                    {
                      "competitor": {
                        "teamMembers": null,
                        "id": "4sf67poy6jdsc9lco1856h",
                        "name": "Olga KUZENKOVA",
                        "iaafId": 63228,
                        "urlSlug": "russia/olga-kuzenkova-014298370",
                        "birthDate": "04 OCT 1970",
                        "hasProfile": true,
                        "__typename": "CalendarResultsCompetitor"
                      },
                      "mark": "66.56",
                      "nationality": "RUS",
                      "place": "13.",
                      "points": null,
                      "qualified": null,
                      "records": "",
                      "wind": null,
                      "remark": null,
                      "details": null,
                      "__typename": "CalendarResultsRaceResult"
                    },
                    {
                      "competitor": {
                        "teamMembers": null,
                        "id": "iruhe1vvuelt6lw7fqzt3o",
                        "name": "Mona Christine HOLM",
                        "iaafId": 189453,
                        "urlSlug": "norway/mona-christine-holm-014292656",
                        "birthDate": "05 AUG 1983",
                        "hasProfile": true,
                        "__typename": "CalendarResultsCompetitor"
                      },
                      "mark": "65.65",
                      "nationality": "NOR",
                      "place": "14.",
                      "points": null,
                      "qualified": null,
                      "records": "",
                      "wind": null,
                      "remark": null,
                      "details": null,
                      "__typename": "CalendarResultsRaceResult"
                    },
                    {
                      "competitor": {
                        "teamMembers": null,
                        "id": "25eremxvjfugt7ie6dylfp",
                        "name": "Kristal KOSTIEW",
                        "iaafId": 193935,
                        "urlSlug": "united-states/kristal-kostiew-014314706",
                        "birthDate": "08 JAN 1982",
                        "hasProfile": true,
                        "__typename": "CalendarResultsCompetitor"
                      },
                      "mark": "64.63",
                      "nationality": "USA",
                      "place": "15.",
                      "points": null,
                      "qualified": null,
                      "records": "",
                      "wind": null,
                      "remark": null,
                      "details": null,
                      "__typename": "CalendarResultsRaceResult"
                    },
                    {
                      "competitor": {
                        "teamMembers": null,
                        "id": "jbcpltj1cgnawnjhrlhd7",
                        "name": "Bianca Florentina PERIE",
                        "iaafId": 200739,
                        "urlSlug": "romania/bianca-florentina-ghelber-14295835",
                        "birthDate": "01 JUN 1990",
                        "hasProfile": true,
                        "__typename": "CalendarResultsCompetitor"
                      },
                      "mark": "64.18",
                      "nationality": "ROU",
                      "place": "16.",
                      "points": null,
                      "qualified": null,
                      "records": "",
                      "wind": null,
                      "remark": null,
                      "details": null,
                      "__typename": "CalendarResultsRaceResult"
                    },
                    {
                      "competitor": {
                        "teamMembers": null,
                        "id": "nmskbaxmnqtfg7o47d1z8",
                        "name": "Kathrin KLAAS",
                        "iaafId": 189445,
                        "urlSlug": "germany/kathrin-klaas-014278327",
                        "birthDate": "06 FEB 1984",
                        "hasProfile": true,
                        "__typename": "CalendarResultsCompetitor"
                      },
                      "mark": "64.00",
                      "nationality": "GER",
                      "place": "17.",
                      "points": null,
                      "qualified": null,
                      "records": "",
                      "wind": null,
                      "remark": null,
                      "details": null,
                      "__typename": "CalendarResultsRaceResult"
                    },
                    {
                      "competitor": {
                        "teamMembers": null,
                        "id": "0cf2nd6dqbs9v0vjs5o634",
                        "name": "Nataliya ZOLOTUKHINA",
                        "iaafId": 182651,
                        "urlSlug": "ukraine/nataliya-zolotukhina-014304378",
                        "birthDate": "04 JAN 1985",
                        "hasProfile": true,
                        "__typename": "CalendarResultsCompetitor"
                      },
                      "mark": "63.64",
                      "nationality": "UKR",
                      "place": "18.",
                      "points": null,
                      "qualified": null,
                      "records": "",
                      "wind": null,
                      "remark": null,
                      "details": null,
                      "__typename": "CalendarResultsRaceResult"
                    },
                    {
                      "competitor": {
                        "teamMembers": null,
                        "id": "gi59ex3zldtl8jxf2mtov",
                        "name": "Rosa Andreina RODR\u00cdGUEZ",
                        "iaafId": 184627,
                        "urlSlug": "venezuela/rosa-andreina-rodriguez-14325206",
                        "birthDate": "02 JUL 1986",
                        "hasProfile": true,
                        "__typename": "CalendarResultsCompetitor"
                      },
                      "mark": "61.77",
                      "nationality": "VEN",
                      "place": "19.",
                      "points": null,
                      "qualified": null,
                      "records": "",
                      "wind": null,
                      "remark": null,
                      "details": null,
                      "__typename": "CalendarResultsRaceResult"
                    },
                    {
                      "competitor": {
                        "teamMembers": null,
                        "id": "zdaj87pev7n55x6tnnskm7",
                        "name": "Shuai HAO",
                        "iaafId": 204233,
                        "urlSlug": "pr-of-china/shuai-hao-014266362",
                        "birthDate": "19 JUL 1987",
                        "hasProfile": true,
                        "__typename": "CalendarResultsCompetitor"
                      },
                      "mark": "59.09",
                      "nationality": "CHN",
                      "place": "20.",
                      "points": null,
                      "qualified": null,
                      "records": "",
                      "wind": null,
                      "remark": null,
                      "details": null,
                      "__typename": "CalendarResultsRaceResult"
                    }
                  ],
                  "startList": null,
                  "wind": null,
                  "__typename": "CalendarResultsRace"
                }
              ],
              "__typename": "CalendarResultsEvent"
            }
          ],
          "__typename": "CalendarResultsEventTitle"
        }
      ],
      "options": {
        "days": [
          {
            "date": "25 AUG 2007",
            "day": 1,
            "__typename": "CalendarResultsOptionsDay"
          },
          {
            "date": "26 AUG 2007",
            "day": 2,
            "__typename": "CalendarResultsOptionsDay"
          },
          {
            "date": "27 AUG 2007",
            "day": 3,
            "__typename": "CalendarResultsOptionsDay"
          },
          {
            "date": "28 AUG 2007",
            "day": 4,
            "__typename": "CalendarResultsOptionsDay"
          },
          {
            "date": "29 AUG 2007",
            "day": 5,
            "__typename": "CalendarResultsOptionsDay"
          },
          {
            "date": "30 AUG 2007",
            "day": 6,
            "__typename": "CalendarResultsOptionsDay"
          },
          {
            "date": "31 AUG 2007",
            "day": 7,
            "__typename": "CalendarResultsOptionsDay"
          },
          {
            "date": "01 SEP 2007",
            "day": 8,
            "__typename": "CalendarResultsOptionsDay"
          },
          {
            "date": "02 SEP 2007",
            "day": 9,
            "__typename": "CalendarResultsOptionsDay"
          }
        ],
        "events": [
          {
            "gender": "W",
            "id": 10229509,
            "name": "Women's 100 Metres",
            "combined": null,
            "__typename": "CalendarResultsOptionEvent"
          },
          {
            "gender": "W",
            "id": 10229510,
            "name": "Women's 200 Metres",
            "combined": null,
            "__typename": "CalendarResultsOptionEvent"
          },
          {
            "gender": "W",
            "id": 10229511,
            "name": "Women's 400 Metres",
            "combined": null,
            "__typename": "CalendarResultsOptionEvent"
          },
          {
            "gender": "W",
            "id": 10229512,
            "name": "Women's 800 Metres",
            "combined": null,
            "__typename": "CalendarResultsOptionEvent"
          },
          {
            "gender": "W",
            "id": 10229513,
            "name": "Women's 1500 Metres",
            "combined": null,
            "__typename": "CalendarResultsOptionEvent"
          },
          {
            "gender": "W",
            "id": 10229514,
            "name": "Women's 5000 Metres",
            "combined": null,
            "__typename": "CalendarResultsOptionEvent"
          },
          {
            "gender": "W",
            "id": 10229521,
            "name": "Women's 10,000 Metres",
            "combined": null,
            "__typename": "CalendarResultsOptionEvent"
          },
          {
            "gender": "W",
            "id": 10229522,
            "name": "Women's 100 Metres Hurdles",
            "combined": null,
            "__typename": "CalendarResultsOptionEvent"
          },
          {
            "gender": "W",
            "id": 10229523,
            "name": "Women's 400 Metres Hurdles",
            "combined": null,
            "__typename": "CalendarResultsOptionEvent"
          },
          {
            "gender": "W",
            "id": 10229524,
            "name": "Women's 3000 Metres Steeplechase",
            "combined": null,
            "__typename": "CalendarResultsOptionEvent"
          },
          {
            "gender": "W",
            "id": 10230041,
            "name": "Women's 1500m Wheelchair",
            "combined": null,
            "__typename": "CalendarResultsOptionEvent"
          },
          {
            "gender": "W",
            "id": 10229526,
            "name": "Women's High Jump",
            "combined": null,
            "__typename": "CalendarResultsOptionEvent"
          },
          {
            "gender": "W",
            "id": 10229527,
            "name": "Women's Pole Vault",
            "combined": null,
            "__typename": "CalendarResultsOptionEvent"
          },
          {
            "gender": "W",
            "id": 10229528,
            "name": "Women's Long Jump",
            "combined": null,
            "__typename": "CalendarResultsOptionEvent"
          },
          {
            "gender": "W",
            "id": 10229529,
            "name": "Women's Triple Jump",
            "combined": null,
            "__typename": "CalendarResultsOptionEvent"
          },
          {
            "gender": "W",
            "id": 10229530,
            "name": "Women's Shot Put",
            "combined": null,
            "__typename": "CalendarResultsOptionEvent"
          },
          {
            "gender": "W",
            "id": 10229531,
            "name": "Women's Discus Throw",
            "combined": null,
            "__typename": "CalendarResultsOptionEvent"
          },
          {
            "gender": "W",
            "id": 10229532,
            "name": "Women's Hammer Throw",
            "combined": null,
            "__typename": "CalendarResultsOptionEvent"
          },
          {
            "gender": "W",
            "id": 10229533,
            "name": "Women's Javelin Throw",
            "combined": null,
            "__typename": "CalendarResultsOptionEvent"
          },
          {
            "gender": "W",
            "id": 10229534,
            "name": "Women's Marathon",
            "combined": null,
            "__typename": "CalendarResultsOptionEvent"
          },
          {
            "gender": "W",
            "id": 10229535,
            "name": "Women's 20 Kilometres Race Walk",
            "combined": null,
            "__typename": "CalendarResultsOptionEvent"
          },
          {
            "gender": "W",
            "id": 10229536,
            "name": "Women's Heptathlon",
            "combined": true,
            "__typename": "CalendarResultsOptionEvent"
          },
          {
            "gender": "W",
            "id": 204594,
            "name": "Women's 4x100 Metres Relay",
            "combined": null,
            "__typename": "CalendarResultsOptionEvent"
          },
          {
            "gender": "W",
            "id": 204596,
            "name": "Women's 4x400 Metres Relay",
            "combined": null,
            "__typename": "CalendarResultsOptionEvent"
          },
          {
            "gender": "M",
            "id": 10229630,
            "name": "Men's 100 Metres",
            "combined": null,
            "__typename": "CalendarResultsOptionEvent"
          },
          {
            "gender": "M",
            "id": 10229605,
            "name": "Men's 200 Metres",
            "combined": null,
            "__typename": "CalendarResultsOptionEvent"
          },
          {
            "gender": "M",
            "id": 10229631,
            "name": "Men's 400 Metres",
            "combined": null,
            "__typename": "CalendarResultsOptionEvent"
          },
          {
            "gender": "M",
            "id": 10229501,
            "name": "Men's 800 Metres",
            "combined": null,
            "__typename": "CalendarResultsOptionEvent"
          },
          {
            "gender": "M",
            "id": 10229502,
            "name": "Men's 1500 Metres",
            "combined": null,
            "__typename": "CalendarResultsOptionEvent"
          },
          {
            "gender": "M",
            "id": 10229609,
            "name": "Men's 5000 Metres",
            "combined": null,
            "__typename": "CalendarResultsOptionEvent"
          },
          {
            "gender": "M",
            "id": 10229610,
            "name": "Men's 10,000 Metres",
            "combined": null,
            "__typename": "CalendarResultsOptionEvent"
          },
          {
            "gender": "M",
            "id": 10229611,
            "name": "Men's 110 Metres Hurdles",
            "combined": null,
            "__typename": "CalendarResultsOptionEvent"
          },
          {
            "gender": "M",
            "id": 10229612,
            "name": "Men's 400 Metres Hurdles",
            "combined": null,
            "__typename": "CalendarResultsOptionEvent"
          },
          {
            "gender": "M",
            "id": 10229614,
            "name": "Men's 3000 Metres Steeplechase",
            "combined": null,
            "__typename": "CalendarResultsOptionEvent"
          },
          {
            "gender": "M",
            "id": 10230039,
            "name": "Men's 1500m Wheelchair",
            "combined": null,
            "__typename": "CalendarResultsOptionEvent"
          },
          {
            "gender": "M",
            "id": 10229615,
            "name": "Men's High Jump",
            "combined": null,
            "__typename": "CalendarResultsOptionEvent"
          },
          {
            "gender": "M",
            "id": 10229616,
            "name": "Men's Pole Vault",
            "combined": null,
            "__typename": "CalendarResultsOptionEvent"
          },
          {
            "gender": "M",
            "id": 10229617,
            "name": "Men's Long Jump",
            "combined": null,
            "__typename": "CalendarResultsOptionEvent"
          },
          {
            "gender": "M",
            "id": 10229618,
            "name": "Men's Triple Jump",
            "combined": null,
            "__typename": "CalendarResultsOptionEvent"
          },
          {
            "gender": "M",
            "id": 10229619,
            "name": "Men's Shot Put",
            "combined": null,
            "__typename": "CalendarResultsOptionEvent"
          },
          {
            "gender": "M",
            "id": 10229620,
            "name": "Men's Discus Throw",
            "combined": null,
            "__typename": "CalendarResultsOptionEvent"
          },
          {
            "gender": "M",
            "id": 10229621,
            "name": "Men's Hammer Throw",
            "combined": null,
            "__typename": "CalendarResultsOptionEvent"
          },
          {
            "gender": "M",
            "id": 10229636,
            "name": "Men's Javelin Throw",
            "combined": null,
            "__typename": "CalendarResultsOptionEvent"
          },
          {
            "gender": "M",
            "id": 10229634,
            "name": "Men's Marathon",
            "combined": null,
            "__typename": "CalendarResultsOptionEvent"
          },
          {
            "gender": "M",
            "id": 10229508,
            "name": "Men's 20 Kilometres Race Walk",
            "combined": null,
            "__typename": "CalendarResultsOptionEvent"
          },
          {
            "gender": "M",
            "id": 10229628,
            "name": "Men's 50 Kilometres Race Walk",
            "combined": null,
            "__typename": "CalendarResultsOptionEvent"
          },
          {
            "gender": "M",
            "id": 10229629,
            "name": "Men's Decathlon",
            "combined": true,
            "__typename": "CalendarResultsOptionEvent"
          },
          {
            "gender": "M",
            "id": 204593,
            "name": "Men's 4x100 Metres Relay",
            "combined": null,
            "__typename": "CalendarResultsOptionEvent"
          },
          {
            "gender": "M",
            "id": 204595,
            "name": "Men's 4x400 Metres Relay",
            "combined": null,
            "__typename": "CalendarResultsOptionEvent"
          }
        ],
        "__typename": "CalendarResultsOptions"
      },
      "parameters": {
        "competitionId": 6903480,
        "day": null,
        "eventId": 10229532,
        "__typename": "CalendarResultsParameters"
      },
      "__typename": "CalendarCompetitionResults"
    }
  }
}