{
  "data": {
    "getCalendarCompetitionResults": {
      "competition": {
        "dateRange": "25 AUG\u201302 SEP 2007",
        "endDate": "2007-09-02",
        "name": "IAAF World Championships",
        "rankingCategory": "OW",
        "startDate": "2007-08-25",
        "venue": "Yanmar Stadium Nagai, Osaka (JPN)",
        "__typename": "CalendarResultsCompetition"
      },
      "eventTitles": [
        {
          "rankingCategory": "OW",
          "eventTitle": null,
          "events": [
            {
              "event": "Women's Pole Vault",
              "eventId": 10229527,
              "gender": "W",
              "isRelay": false,
              "perResultWind": false,
              "withWind": false,
              "summary": null,
              "races": [
                {
                  "date": "2007-08-28",
                  "day": 4,
                  "race": "Final",
                  "raceId": 10,
                  "raceNumber": 0,
                  "results": [
                    {
                      "competitor": {
                        "teamMembers": null,
                        "id": "r8x2ebvpxsg3ykt9yx527z",
                        "name": "Yelena ISINBAYEVA",
                        "iaafId": 134797,
                        "urlSlug": "russia/yelena-isinbayeva-014297931",
                        "birthDate": "03 JUN 1982",
                        "hasProfile": true,
                        "__typename": "CalendarResultsCompetitor"
                      },
                      "mark": "4.80",
                      "nationality": "RUS",
                      "place": "1.",
                      "points": null,
                      "qualified": null,
                      "records": "",
                      "wind": null,
                      "remark": null,
                      "details": null,
                      "__typename": "CalendarResultsRaceResult"
                    },
                    {
                      "competitor": {
                        "teamMembers": null,
                        "id": "imkp9o4d1nn123q7zndo9r",
                        "name": "Kate\u0159ina BA\u010eUROV\u00c1",
                        "iaafId": 169985,
                        "urlSlug": "czech-republic/katerina-badurova-14263260",
                        "birthDate": "18 DEC 1982",
                        "hasProfile": true,
                        "__typename": "CalendarResultsCompetitor"
                      },
                      "mark": "4.75",
                      "nationality": "CZE",
                      "place": "2.",
                      "points": null,
                      "qualified": null,
                      "records": "",
                      "wind": null,
                      "remark": null,
                      "details": null,
                      "__typename": "CalendarResultsRaceResult"
                    },
                    {
                      "competitor": {
                        "teamMembers": null,
                        "id": "3h4b7na9bvyoc2u4mjrgim",
                        "name": "Svetlana FEOFANOVA",
                        "iaafId": 136765,
                        "urlSlug": "russia/svetlana-feofanova-014297689",
                        "birthDate": "16 JUL 1980",
                        "hasProfile": true,
                        "__typename": "CalendarResultsCompetitor"
                      },
                      "mark": "4.75",
                      "nationality": "RUS",
                      "place": "3.",
                      "points": null,
                      "qualified": null,
                      "records": "",
                      "wind": null,
                      "remark": null,
                      "details": null,
                      "__typename": "CalendarResultsRaceResult"
                    },
                    {
                      "competitor": {
                        "teamMembers": null,
                        "id": "v56cqjnydq7xuqq22x6j",
                        "name": "Monika PYREK",
                        "iaafId": 134962,
                        "urlSlug": "poland/monika-pyrek-014294321",
                        "birthDate": "11 AUG 1980",
                        "hasProfile": true,
                        "__typename": "CalendarResultsCompetitor"
                      },
                      "mark": "4.75",
                      "nationality": "POL",
                      "place": "4.",
                      "points": null,
                      "qualified": null,
                      "records": "",
                      "wind": null,
                      "remark": null,
                      "details": null,
                      "__typename": "CalendarResultsRaceResult"
                    },
                    {
                      "competitor": {
                        "teamMembers": null,
                        "id": "6g9zl28n3s3adtm00ui52u",
                        "name": "Vanessa BOSLAK",
                        "iaafId": 134669,
                        "urlSlug": "france/vanessa-boslak-014258379",
                        "birthDate": "11 JUN 1982",
                        "hasProfile": true,
                        "__typename": "CalendarResultsCompetitor"
                      },
                      "mark": "4.70",
                      "nationality": "FRA",
                      "place": "5.",
                      "points": null,
                      "qualified": null,
                      "records": "",
                      "wind": null,
                      "remark": null,
                      "details": null,
                      "__typename": "CalendarResultsRaceResult"
                    },
                    {
                      "competitor": {
                        "teamMembers": null,
                        "id": "r8ta7mzgnaz5f8e68tojj",
                        "name": "Fabiana MURER",
                        "iaafId": 134530,
                        "urlSlug": "brazil/fabiana-murer-014269252",
                        "birthDate": "16 MAR 1981",
                        "hasProfile": true,
                        "__typename": "CalendarResultsCompetitor"
                      },
                      "mark": "4.65",
                      "nationality": "BRA",
                      "place": "6.",
                      "points": null,
                      "qualified": null,
                      "records": "",
                      "wind": null,
                      "remark": null,
                      "details": null,
                      "__typename": "CalendarResultsRaceResult"
                    },
                    {
                      "competitor": {
                        "teamMembers": null,
                        "id": "8vxlglvhcmgb7adlsgiwze",
                        "name": "Yuliya GOLUBCHIKOVA",
                        "iaafId": 187318,
                        "urlSlug": "russia/yuliya-golubchikova-014297812",
                        "birthDate": "27 MAR 1983",
                        "hasProfile": true,
                        "__typename": "CalendarResultsCompetitor"
                      },
                      "mark": "4.65",
                      "nationality": "RUS",
                      "place": "6.",
                      "points": null,
                      "qualified": null,
                      "records": "",
                      "wind": null,
                      "remark": null,
                      "details": null,
                      "__typename": "CalendarResultsRaceResult"
                    },
                    {
                      "competitor": {
                        "teamMembers": null,
                        "id": "48f4a6oe1dpkxrnyitriam",
                        "name": "Anna ROGOWSKA",
                        "iaafId": 181016,
                        "urlSlug": "poland/anna-rogowska-014294343",
                        "birthDate": "21 MAY 1981",
                        "hasProfile": true,
                        "__typename": "CalendarResultsCompetitor"
                      },
                      "mark": "4.60",
                      "nationality": "POL",
                      "place": "8.",
                      "points": null,
                      "qualified": null,
                      "records": "",
                      "wind": null,
                      "remark": null,
                      "details": null,
                      "__typename": "CalendarResultsRaceResult"
                    },
                    {
                      "competitor": {
                        "teamMembers": null,
                        "id": "hwnwik65gilntwb9jzem3c",
                        "name": "Tatyana POLNOVA",
                        "iaafId": 131293,
                        "urlSlug": "russia/tatyana-polnova-14298953",
                        "birthDate": "20 APR 1979",
                        "hasProfile": true,
                        "__typename": "CalendarResultsCompetitor"
                      },
                      "mark": "4.60",
                      "nationality": "RUS",
                      "place": "9.",
                      "points": null,
                      "qualified": null,
                      "records": "",
                      "wind": null,
                      "remark": null,
                      "details": null,
                      "__typename": "CalendarResultsRaceResult"
                    },
                    {
                      "competitor": {
                        "teamMembers": null,
                        "id": "c0yv6o1fl5h7gnc8y7tf8o",
                        "name": "Jennifer SUHR",
                        "iaafId": 205673,
                        "urlSlug": "united-states/jennifer-suhr-14322231",
                        "birthDate": "05 FEB 1982",
                        "hasProfile": true,
                        "__typename": "CalendarResultsCompetitor"
                      },
                      "mark": "4.50",
                      "nationality": "USA",
                      "place": "10.",
                      "points": null,
                      "qualified": null,
                      "records": "",
                      "wind": null,
                      "remark": null,
                      "details": null,
                      "__typename": "CalendarResultsRaceResult"
                    },
                    {
                      "competitor": {
                        "teamMembers": null,
                        "id": "gn9p6qacp9haooubhnvqti",
                        "name": "Kym HOWE-NADIN",
                        "iaafId": 134203,
                        "urlSlug": "australia/kym-howe-nadin-014271925",
                        "birthDate": "12 JUN 1980",
                        "hasProfile": true,
                        "__typename": "CalendarResultsCompetitor"
                      },
                      "mark": "4.50",
                      "nationality": "AUS",
                      "place": "11.",
                      "points": null,
                      "qualified": null,
                      "records": "",
                      "wind": null,
                      "remark": null,
                      "details": null,
                      "__typename": "CalendarResultsRaceResult"
                    },
                    {
                      "competitor": {
                        "teamMembers": null,
                        "id": "9rwa2k9ji1ruh53rfd73f",
                        "name": "Silke SPIEGELBURG",
                        "iaafId": 181116,
                        "urlSlug": "germany/silke-spiegelburg-014279851",
                        "birthDate": "17 MAR 1986",
                        "hasProfile": true,
                        "__typename": "CalendarResultsCompetitor"
                      },
                      "mark": "NM",
                      "nationality": "GER",
                      "place": "",
                      "points": null,
                      "qualified": null,
                      "records": "",
                      "wind": null,
                      "remark": null,
                      "details": null,
                      "__typename": "CalendarResultsRaceResult"
                    }
                  ],
                  "startList": null,
                  "wind": null,
                  "__typename": "CalendarResultsRace"
                },
                {
                  "date": "2007-08-26",
                  "day": 2,
                  "race": "Qualification - Group",
                  "raceId": 71,
                  "raceNumber": 1,
                  "results": [
                    {
                      "competitor": {
                        "teamMembers": null,
                        "id": "dtzybclxrb5tv6oeef61",
                        "name": "Jennifer SUHR",
                        "iaafId": 205673,
                        "urlSlug": "united-states/jennifer-suhr-14322231",
                        "birthDate": "05 FEB 1982",
                        "hasProfile": true,
                        "__typename": "CalendarResultsCompetitor"
                      },
                      "mark": "4.55",
                      "nationality": "USA",
                      "place": "1.",
                      "points": null,
                      "qualified": false,
                      "records": "",
                      "wind": null,
                      "remark": null,
                      "details": null,
                      "__typename": "CalendarResultsRaceResult"
                    },
                    {
                      "competitor": {
                        "teamMembers": null,
                        "id": "u9brtlhj7u6frfxsrk9ue",
                        "name": "Kate\u0159ina BA\u010eUROV\u00c1",
                        "iaafId": 169985,
                        "urlSlug": "czech-republic/katerina-badurova-14263260",
                        "birthDate": "18 DEC 1982",
                        "hasProfile": true,
                        "__typename": "CalendarResultsCompetitor"
                      },
                      "mark": "4.55",
                      "nationality": "CZE",
                      "place": "2.",
                      "points": null,
                      "qualified": false,
                      "records": "",
                      "wind": null,
                      "remark": null,
                      "details": null,
                      "__typename": "CalendarResultsRaceResult"
                    },
                    {
                      "competitor": {
                        "teamMembers": null,
                        "id": "z9ljeorzqfcf7gfdmqy9lt",
                        "name": "Yuliya GOLUBCHIKOVA",
                        "iaafId": 187318,
                        "urlSlug": "russia/yuliya-golubchikova-014297812",
                        "birthDate": "27 MAR 1983",
                        "hasProfile": true,
                        "__typename": "CalendarResultsCompetitor"
                      },
                      "mark": "4.55",
                      "nationality": "RUS",
                      "place": "3.",
                      "points": null,
                      "qualified": false,
                      "records": "",
                      "wind": null,
                      "remark": null,
                      "details": null,
                      "__typename": "CalendarResultsRaceResult"
                    },
                    {
                      "competitor": {
                        "teamMembers": null,
                        "id": "q9fcla2483ym8wi0wo68",
                        "name": "Svetlana FEOFANOVA",
                        "iaafId": 136765,
                        "urlSlug": "russia/svetlana-feofanova-014297689",
                        "birthDate": "16 JUL 1980",
                        "hasProfile": true,
                        "__typename": "CalendarResultsCompetitor"
                      },
                      "mark": "4.55",
                      "nationality": "RUS",
                      "place": "4.",
                      "points": null,
                      "qualified": false,
                      "records": "",
                      "wind": null,
                      "remark": null,
                      "details": null,
                      "__typename": "CalendarResultsRaceResult"
                    },
                    {
                      "competitor": {
                        "teamMembers": null,
                        "id": "tgrg2i1rx0a3gbmrxow89x",
                        "name": "Fabiana MURER",
                        "iaafId": 134530,
                        "urlSlug": "brazil/fabiana-murer-014269252",
                        "birthDate": "16 MAR 1981",
                        "hasProfile": true,
                        "__typename": "CalendarResultsCompetitor"
                      },
                      "mark": "4.55",
                      "nationality": "BRA",
                      "place": "5.",
                      "points": null,
                      "qualified": false,
                      "records": "",
                      "wind": null,
                      "remark": null,
                      "details": null,
                      "__typename": "CalendarResultsRaceResult"
                    },
                    {
                      "competitor": {
                        "teamMembers": null,
                        "id": "zr15qg4r80d1nrgxy0evz",
                        "name": "Anna ROGOWSKA",
                        "iaafId": 181016,
                        "urlSlug": "poland/anna-rogowska-014294343",
                        "birthDate": "21 MAY 1981",
                        "hasProfile": true,
                        "__typename": "CalendarResultsCompetitor"
                      },
                      "mark": "4.55",
                      "nationality": "POL",
                      "place": "6.",
                      "points": null,
                      "qualified": false,
                      "records": "",
                      "wind": null,
                      "remark": null,
                      "details": null,
                      "__typename": "CalendarResultsRaceResult"
                    },
                    {
                      "competitor": {
                        "teamMembers": null,
                        "id": "6nn5gp9lywuxqcvf40jg9",
                        "name": "Naroa AGIRRE",
                        "iaafId": 137012,
                        "urlSlug": "spain/naroa-agirre-014262159",
                        "birthDate": "15 MAY 1979",
                        "hasProfile": true,
                        "__typename": "CalendarResultsCompetitor"
                      },
                      "mark": "4.50",
                      "nationality": "ESP",
                      "place": "7.",
                      "points": null,
                      "qualified": null,
                      "records": "",
                      "wind": null,
                      "remark": null,
                      "details": null,
                      "__typename": "CalendarResultsRaceResult"
                    },
                    {
                      "competitor": {
                        "teamMembers": null,
                        "id": "xhy6engbjhjk4w5wn0qm",
                        "name": "Jillian SCHWARTZ",
                        "iaafId": 176152,
                        "urlSlug": "israel/jillian-schwartz-014320878",
                        "birthDate": "19 SEP 1979",
                        "hasProfile": true,
                        "__typename": "CalendarResultsCompetitor"
                      },
                      "mark": "4.50",
                      "nationality": "USA",
                      "place": "8.",
                      "points": null,
                      "qualified": null,
                      "records": "",
                      "wind": null,
                      "remark": null,
                      "details": null,
                      "__typename": "CalendarResultsRaceResult"
                    },
                    {
                      "competitor": {
                        "teamMembers": null,
                        "id": "0qhu7cu2tgxk32k04gyingq",
                        "name": "Julia H\u00dcTTER",
                        "iaafId": 170732,
                        "urlSlug": "germany/julia-hutter-014278163",
                        "birthDate": "26 JUL 1983",
                        "hasProfile": true,
                        "__typename": "CalendarResultsCompetitor"
                      },
                      "mark": "4.45",
                      "nationality": "GER",
                      "place": "9.",
                      "points": null,
                      "qualified": null,
                      "records": "",
                      "wind": null,
                      "remark": null,
                      "details": null,
                      "__typename": "CalendarResultsRaceResult"
                    },
                    {
                      "competitor": {
                        "teamMembers": null,
                        "id": "53nkhssi7f3lr5vpeqf9u",
                        "name": "Carolin HINGST",
                        "iaafId": 176295,
                        "urlSlug": "germany/carolin-hingst-014278051",
                        "birthDate": "18 SEP 1980",
                        "hasProfile": true,
                        "__typename": "CalendarResultsCompetitor"
                      },
                      "mark": "4.35",
                      "nationality": "GER",
                      "place": "10.",
                      "points": null,
                      "qualified": null,
                      "records": "",
                      "wind": null,
                      "remark": null,
                      "details": null,
                      "__typename": "CalendarResultsRaceResult"
                    },
                    {
                      "competitor": {
                        "teamMembers": null,
                        "id": "n46znusdll5iopg1l5s6",
                        "name": "Afroditi SKAFIDA",
                        "iaafId": 187733,
                        "urlSlug": "greece/afroditi-skafida-014280902",
                        "birthDate": "20 MAR 1982",
                        "hasProfile": true,
                        "__typename": "CalendarResultsCompetitor"
                      },
                      "mark": "4.35",
                      "nationality": "GRE",
                      "place": "11.",
                      "points": null,
                      "qualified": null,
                      "records": "",
                      "wind": null,
                      "remark": null,
                      "details": null,
                      "__typename": "CalendarResultsRaceResult"
                    },
                    {
                      "competitor": {
                        "teamMembers": null,
                        "id": "5m9c6dca2afphldy00zm7t",
                        "name": "Minna NIKKANEN",
                        "iaafId": 197902,
                        "urlSlug": "finland/minna-nikkanen-014259185",
                        "birthDate": "09 APR 1988",
                        "hasProfile": true,
                        "__typename": "CalendarResultsCompetitor"
                      },
                      "mark": "4.35",
                      "nationality": "FIN",
                      "place": "11.",
                      "points": null,
                      "qualified": null,
                      "records": "",
                      "wind": null,
                      "remark": null,
                      "details": null,
                      "__typename": "CalendarResultsRaceResult"
                    },
                    {
                      "competitor": {
                        "teamMembers": null,
                        "id": "sxhmpstr2ybsdr7o1srvs",
                        "name": "Yingning ZHANG",
                        "iaafId": 234048,
                        "urlSlug": "pr-of-china/yingning-zhang-014264361",
                        "birthDate": "06 JAN 1990",
                        "hasProfile": true,
                        "__typename": "CalendarResultsCompetitor"
                      },
                      "mark": "4.35",
                      "nationality": "CHN",
                      "place": "13.",
                      "points": null,
                      "qualified": null,
                      "records": "",
                      "wind": null,
                      "remark": null,
                      "details": null,
                      "__typename": "CalendarResultsRaceResult"
                    },
                    {
                      "competitor": {
                        "teamMembers": null,
                        "id": "347znhdj8sy6qzed2kualp",
                        "name": "Takayo KONDO",
                        "iaafId": 172769,
                        "urlSlug": "japan/takayo-kondo-014286906",
                        "birthDate": "17 NOV 1975",
                        "hasProfile": true,
                        "__typename": "CalendarResultsCompetitor"
                      },
                      "mark": "4.35",
                      "nationality": "JPN",
                      "place": "14.",
                      "points": null,
                      "qualified": null,
                      "records": "",
                      "wind": null,
                      "remark": null,
                      "details": null,
                      "__typename": "CalendarResultsRaceResult"
                    },
                    {
                      "competitor": {
                        "teamMembers": null,
                        "id": "vghck70q75g5zvtc1evdyw",
                        "name": "Alejandra GARC\u00cdA FLOOD",
                        "iaafId": 110097,
                        "urlSlug": "argentina/alejandra-garcia-flood-014272653",
                        "birthDate": "13 JUN 1973",
                        "hasProfile": true,
                        "__typename": "CalendarResultsCompetitor"
                      },
                      "mark": "4.20",
                      "nationality": "ARG",
                      "place": "15.",
                      "points": null,
                      "qualified": null,
                      "records": "",
                      "wind": null,
                      "remark": null,
                      "details": null,
                      "__typename": "CalendarResultsRaceResult"
                    },
                    {
                      "competitor": {
                        "teamMembers": null,
                        "id": "o9awegaj5vxwimrar5dze",
                        "name": "Alana BOYD",
                        "iaafId": 194576,
                        "urlSlug": "australia/alana-boyd-014272414",
                        "birthDate": "10 MAY 1984",
                        "hasProfile": true,
                        "__typename": "CalendarResultsCompetitor"
                      },
                      "mark": "4.20",
                      "nationality": "AUS",
                      "place": "16.",
                      "points": null,
                      "qualified": null,
                      "records": "",
                      "wind": null,
                      "remark": null,
                      "details": null,
                      "__typename": "CalendarResultsRaceResult"
                    }
                  ],
                  "startList": null,
                  "wind": null,
                  "__typename": "CalendarResultsRace"
                },
                {
                  "date": "2007-08-26",
                  "day": 2,
                  "race": "Qualification - Group",
                  "raceId": 71,
                  "raceNumber": 2,
                  "results": [
                    {
                      "competitor": {
                        "teamMembers": null,
                        "id": "5u2z6b17nl9qyfvloo9hke",
                        "name": "Yelena ISINBAYEVA",
                        "iaafId": 134797,
                        "urlSlug": "russia/yelena-isinbayeva-014297931",
                        "birthDate": "03 JUN 1982",
                        "hasProfile": true,
                        "__typename": "CalendarResultsCompetitor"
                      },
                      "mark": "4.55",
                      "nationality": "RUS",
                      "place": "1.",
                      "points": null,
                      "qualified": false,
                      "records": "",
                      "wind": null,
                      "remark": null,
                      "details": null,
                      "__typename": "CalendarResultsRaceResult"
                    },
                    {
                      "competitor": {
                        "teamMembers": null,
                        "id": "10mv9j5stdgmb8o743t4zpk",
                        "name": "Tatyana POLNOVA",
                        "iaafId": 131293,
                        "urlSlug": "russia/tatyana-polnova-14298953",
                        "birthDate": "20 APR 1979",
                        "hasProfile": true,
                        "__typename": "CalendarResultsCompetitor"
                      },
                      "mark": "4.55",
                      "nationality": "RUS",
                      "place": "1.",
                      "points": null,
                      "qualified": false,
                      "records": "",
                      "wind": null,
                      "remark": null,
                      "details": null,
                      "__typename": "CalendarResultsRaceResult"
                    },
                    {
                      "competitor": {
                        "teamMembers": null,
                        "id": "b5jgqz3yjse6ca44c2un8w",
                        "name": "Monika PYREK",
                        "iaafId": 134962,
                        "urlSlug": "poland/monika-pyrek-014294321",
                        "birthDate": "11 AUG 1980",
                        "hasProfile": true,
                        "__typename": "CalendarResultsCompetitor"
                      },
                      "mark": "4.55",
                      "nationality": "POL",
                      "place": "1.",
                      "points": null,
                      "qualified": false,
                      "records": "",
                      "wind": null,
                      "remark": null,
                      "details": null,
                      "__typename": "CalendarResultsRaceResult"
                    },
                    {
                      "competitor": {
                        "teamMembers": null,
                        "id": "yjt98glsym8omqk7zccx6",
                        "name": "Kym HOWE-NADIN",
                        "iaafId": 134203,
                        "urlSlug": "australia/kym-howe-nadin-014271925",
                        "birthDate": "12 JUN 1980",
                        "hasProfile": true,
                        "__typename": "CalendarResultsCompetitor"
                      },
                      "mark": "4.55",
                      "nationality": "AUS",
                      "place": "4.",
                      "points": null,
                      "qualified": false,
                      "records": "",
                      "wind": null,
                      "remark": null,
                      "details": null,
                      "__typename": "CalendarResultsRaceResult"
                    },
                    {
                      "competitor": {
                        "teamMembers": null,
                        "id": "b0nehzc8ayweldbyq76za",
                        "name": "Vanessa BOSLAK",
                        "iaafId": 134669,
                        "urlSlug": "france/vanessa-boslak-014258379",
                        "birthDate": "11 JUN 1982",
                        "hasProfile": true,
                        "__typename": "CalendarResultsCompetitor"
                      },
                      "mark": "4.55",
                      "nationality": "FRA",
                      "place": "5.",
                      "points": null,
                      "qualified": false,
                      "records": "",
                      "wind": null,
                      "remark": null,
                      "details": null,
                      "__typename": "CalendarResultsRaceResult"
                    },
                    {
                      "competitor": {
                        "teamMembers": null,
                        "id": "ygjupz9e2nb4jird2cq5",
                        "name": "Silke SPIEGELBURG",
                        "iaafId": 181116,
                        "urlSlug": "germany/silke-spiegelburg-014279851",
                        "birthDate": "17 MAR 1986",
                        "hasProfile": true,
                        "__typename": "CalendarResultsCompetitor"
                      },
                      "mark": "4.55",
                      "nationality": "GER",
                      "place": "6.",
                      "points": null,
                      "qualified": false,
                      "records": "",
                      "wind": null,
                      "remark": null,
                      "details": null,
                      "__typename": "CalendarResultsRaceResult"
                    },
                    {
                      "competitor": {
                        "teamMembers": null,
                        "id": "562o6fihjwd1x6ket5xmv",
                        "name": "Shuying GAO",
                        "iaafId": 134261,
                        "urlSlug": "pr-of-china/shuying-gao-014266445",
                        "birthDate": "28 OCT 1979",
                        "hasProfile": true,
                        "__typename": "CalendarResultsCompetitor"
                      },
                      "mark": "4.50",
                      "nationality": "CHN",
                      "place": "7.",
                      "points": null,
                      "qualified": null,
                      "records": "",
                      "wind": null,
                      "remark": null,
                      "details": null,
                      "__typename": "CalendarResultsRaceResult"
                    },
                    {
                      "competitor": {
                        "teamMembers": null,
                        "id": "s9tmpw6qf920epk9zr0qv",
                        "name": "Niki MCEWEN",
                        "iaafId": 169825,
                        "urlSlug": "united-states/niki-mcewen-014316514",
                        "birthDate": "01 APR 1980",
                        "hasProfile": true,
                        "__typename": "CalendarResultsCompetitor"
                      },
                      "mark": "4.35",
                      "nationality": "USA",
                      "place": "8.",
                      "points": null,
                      "qualified": null,
                      "records": "",
                      "wind": null,
                      "remark": null,
                      "details": null,
                      "__typename": "CalendarResultsRaceResult"
                    },
                    {
                      "competitor": {
                        "teamMembers": null,
                        "id": "83huoq8zdeuw4trbxlfbx8",
                        "name": "Pavla HAM\u00c1\u010cKOV\u00c1-RYBOV\u00c1",
                        "iaafId": 136236,
                        "urlSlug": "czech-republic/pavla-hamackova-rybova-014263106",
                        "birthDate": "20 MAY 1978",
                        "hasProfile": true,
                        "__typename": "CalendarResultsCompetitor"
                      },
                      "mark": "4.35",
                      "nationality": "CZE",
                      "place": "9.",
                      "points": null,
                      "qualified": null,
                      "records": "",
                      "wind": null,
                      "remark": null,
                      "details": null,
                      "__typename": "CalendarResultsRaceResult"
                    },
                    {
                      "competitor": {
                        "teamMembers": null,
                        "id": "g0e8o2qtize0d90abozkoab",
                        "name": "Th\u00f3rey Edda ELISD\u00d3TTIR",
                        "iaafId": 131211,
                        "urlSlug": "iceland/thorey-edda-elisdottir-014283424",
                        "birthDate": "30 JUN 1977",
                        "hasProfile": true,
                        "__typename": "CalendarResultsCompetitor"
                      },
                      "mark": "4.35",
                      "nationality": "ISL",
                      "place": "9.",
                      "points": null,
                      "qualified": null,
                      "records": "",
                      "wind": null,
                      "remark": null,
                      "details": null,
                      "__typename": "CalendarResultsRaceResult"
                    },
                    {
                      "competitor": {
                        "teamMembers": null,
                        "id": "wjym06loywj0dxny5irn8",
                        "name": "Roslinda SAMSU",
                        "iaafId": 171113,
                        "urlSlug": "malaysia/roslinda-samsu-014290849",
                        "birthDate": "09 JUN 1982",
                        "hasProfile": true,
                        "__typename": "CalendarResultsCompetitor"
                      },
                      "mark": "4.35",
                      "nationality": "MAS",
                      "place": "11.",
                      "points": null,
                      "qualified": null,
                      "records": "",
                      "wind": null,
                      "remark": null,
                      "details": null,
                      "__typename": "CalendarResultsRaceResult"
                    },
                    {
                      "competitor": {
                        "teamMembers": null,
                        "id": "ufm61bczdk0miu6zmqxw2",
                        "name": "Hanna-Mia PERSSON",
                        "iaafId": 177211,
                        "urlSlug": "sweden/hanna-mia-persson-014302336",
                        "birthDate": "11 FEB 1978",
                        "hasProfile": true,
                        "__typename": "CalendarResultsCompetitor"
                      },
                      "mark": "4.20",
                      "nationality": "SWE",
                      "place": "12.",
                      "points": null,
                      "qualified": null,
                      "records": "",
                      "wind": null,
                      "remark": null,
                      "details": null,
                      "__typename": "CalendarResultsRaceResult"
                    },
                    {
                      "competitor": {
                        "teamMembers": null,
                        "id": "3373hx4lig2udz6gdr07s",
                        "name": "Kate DENNISON",
                        "iaafId": 187219,
                        "urlSlug": "great-britain-ni/kate-dennison-014274879",
                        "birthDate": "07 MAY 1984",
                        "hasProfile": true,
                        "__typename": "CalendarResultsCompetitor"
                      },
                      "mark": "4.20",
                      "nationality": "GBR",
                      "place": "13.",
                      "points": null,
                      "qualified": null,
                      "records": "",
                      "wind": null,
                      "remark": null,
                      "details": null,
                      "__typename": "CalendarResultsRaceResult"
                    },
                    {
                      "competitor": {
                        "teamMembers": null,
                        "id": "j7ds9nrt8vlr3l8j6pqrs",
                        "name": "Anna Katharina SCHMID",
                        "iaafId": 236446,
                        "urlSlug": "switzerland/anna-katharina-schmid-014301201",
                        "birthDate": "02 DEC 1989",
                        "hasProfile": true,
                        "__typename": "CalendarResultsCompetitor"
                      },
                      "mark": "4.20",
                      "nationality": "SUI",
                      "place": "14.",
                      "points": null,
                      "qualified": null,
                      "records": "",
                      "wind": null,
                      "remark": null,
                      "details": null,
                      "__typename": "CalendarResultsRaceResult"
                    },
                    {
                      "competitor": {
                        "teamMembers": null,
                        "id": "x9n2tp3hd0qsjbnm64ycij",
                        "name": "Vicky PARNOV",
                        "iaafId": 199405,
                        "urlSlug": "australia/vicky-parnov-014271506",
                        "birthDate": "24 OCT 1990",
                        "hasProfile": true,
                        "__typename": "CalendarResultsCompetitor"
                      },
                      "mark": "4.05",
                      "nationality": "AUS",
                      "place": "15.",
                      "points": null,
                      "qualified": null,
                      "records": "",
                      "wind": null,
                      "remark": null,
                      "details": null,
                      "__typename": "CalendarResultsRaceResult"
                    },
                    {
                      "competitor": {
                        "teamMembers": null,
                        "id": "kfx0njpo9h4juoejteztv",
                        "name": "Joana RIBEIRO COSTA",
                        "iaafId": 176564,
                        "urlSlug": "brazil/joana-ribeiro-costa-014268886",
                        "birthDate": "15 MAY 1981",
                        "hasProfile": true,
                        "__typename": "CalendarResultsCompetitor"
                      },
                      "mark": "4.05",
                      "nationality": "BRA",
                      "place": "16.",
                      "points": null,
                      "qualified": null,
                      "records": "",
                      "wind": null,
                      "remark": null,
                      "details": null,
                      "__typename": "CalendarResultsRaceResult"
                    },
                    {
                      "competitor": {
                        "teamMembers": null,
                        "id": "h52vk5z9zu96mdgbw4om1q",
                        "name": "Elisabete TAVARES ANSEL",
                        "iaafId": 134864,
                        "urlSlug": "portugal/elisabete-tavares-ansel-014295118",
                        "birthDate": "07 MAR 1980",
                        "hasProfile": true,
                        "__typename": "CalendarResultsCompetitor"
                      },
                      "mark": "4.05",
                      "nationality": "POR",
                      "place": "17.",
                      "points": null,
                      "qualified": null,
                      "records": "",
                      "wind": null,
                      "remark": null,
                      "details": null,
                      "__typename": "CalendarResultsRaceResult"
                    }
                  ],
                  "startList": null,
                  "wind": null,
                  "__typename": "CalendarResultsRace"
                }
              ],
              "__typename": "CalendarResultsEvent"
            }
          ],
          "__typename": "CalendarResultsEventTitle"
        }
      ],
      "options": {
        "days": [
          {
            "date": "25 AUG 2007",
            "day": 1,
            "__typename": "CalendarResultsOptionsDay"
          },
          {
            "date": "26 AUG 2007",
            "day": 2,
            "__typename": "CalendarResultsOptionsDay"
          },
          {
            "date": "27 AUG 2007",
            "day": 3,
            "__typename": "CalendarResultsOptionsDay"
          },
          {
            "date": "28 AUG 2007",
            "day": 4,
            "__typename": "CalendarResultsOptionsDay"
          },
          {
            "date": "29 AUG 2007",
            "day": 5,
            "__typename": "CalendarResultsOptionsDay"
          },
          {
            "date": "30 AUG 2007",
            "day": 6,
            "__typename": "CalendarResultsOptionsDay"
          },
          {
            "date": "31 AUG 2007",
            "day": 7,
            "__typename": "CalendarResultsOptionsDay"
          },
          {
            "date": "01 SEP 2007",
            "day": 8,
            "__typename": "CalendarResultsOptionsDay"
          },
          {
            "date": "02 SEP 2007",
            "day": 9,
            "__typename": "CalendarResultsOptionsDay"
          }
        ],
        "events": [
          {
            "gender": "W",
            "id": 10229509,
            "name": "Women's 100 Metres",
            "combined": null,
            "__typename": "CalendarResultsOptionEvent"
          },
          {
            "gender": "W",
            "id": 10229510,
            "name": "Women's 200 Metres",
            "combined": null,
            "__typename": "CalendarResultsOptionEvent"
          },
          {
            "gender": "W",
            "id": 10229511,
            "name": "Women's 400 Metres",
            "combined": null,
            "__typename": "CalendarResultsOptionEvent"
          },
          {
            "gender": "W",
            "id": 10229512,
            "name": "Women's 800 Metres",
            "combined": null,
            "__typename": "CalendarResultsOptionEvent"
          },
          {
            "gender": "W",
            "id": 10229513,
            "name": "Women's 1500 Metres",
            "combined": null,
            "__typename": "CalendarResultsOptionEvent"
          },
          {
            "gender": "W",
            "id": 10229514,
            "name": "Women's 5000 Metres",
            "combined": null,
            "__typename": "CalendarResultsOptionEvent"
          },
          {
            "gender": "W",
            "id": 10229521,
            "name": "Women's 10,000 Metres",
            "combined": null,
            "__typename": "CalendarResultsOptionEvent"
          },
          {
            "gender": "W",
            "id": 10229522,
            "name": "Women's 100 Metres Hurdles",
            "combined": null,
            "__typename": "CalendarResultsOptionEvent"
          },
          {
            "gender": "W",
            "id": 10229523,
            "name": "Women's 400 Metres Hurdles",
            "combined": null,
            "__typename": "CalendarResultsOptionEvent"
          },
          {
            "gender": "W",
            "id": 10229524,
            "name": "Women's 3000 Metres Steeplechase",
            "combined": null,
            "__typename": "CalendarResultsOptionEvent"
          },
          {
            "gender": "W",
            "id": 10230041,
            "name": "Women's 1500m Wheelchair",
            "combined": null,
            "__typename": "CalendarResultsOptionEvent"
          },
          {
            "gender": "W",
            "id": 10229526,
            "name": "Women's High Jump",
            "combined": null,
            "__typename": "CalendarResultsOptionEvent"
          },
          {
            "gender": "W",
            "id": 10229527,
            "name": "Women's Pole Vault",
            "combined": null,
            "__typename": "CalendarResultsOptionEvent"
          },
          {
            "gender": "W",
            "id": 10229528,
            "name": "Women's Long Jump",
            "combined": null,
            "__typename": "CalendarResultsOptionEvent"
          },
          {
            "gender": "W",
            "id": 10229529,
            "name": "Women's Triple Jump",
            "combined": null,
            "__typename": "CalendarResultsOptionEvent"
          },
          {
            "gender": "W",
            "id": 10229530,
            "name": "Women's Shot Put",
            "combined": null,
            "__typename": "CalendarResultsOptionEvent"
          },
          {
            "gender": "W",
            "id": 10229531,
            "name": "Women's Discus Throw",
            "combined": null,
            "__typename": "CalendarResultsOptionEvent"
          },
          {
            "gender": "W",
            "id": 10229532,
            "name": "Women's Hammer Throw",
            "combined": null,
            "__typename": "CalendarResultsOptionEvent"
          },
          {
            "gender": "W",
            "id": 10229533,
            "name": "Women's Javelin Throw",
            "combined": null,
            "__typename": "CalendarResultsOptionEvent"
          },
          {
            "gender": "W",
            "id": 10229534,
            "name": "Women's Marathon",
            "combined": null,
            "__typename": "CalendarResultsOptionEvent"
          },
          {
            "gender": "W",
            "id": 10229535,
            "name": "Women's 20 Kilometres Race Walk",
            "combined": null,
            "__typename": "CalendarResultsOptionEvent"
          },
          {
            "gender": "W",
            "id": 10229536,
            "name": "Women's Heptathlon",
            "combined": true,
            "__typename": "CalendarResultsOptionEvent"
          },
          {
            "gender": "W",
            "id": 204594,
            "name": "Women's 4x100 Metres Relay",
            "combined": null,
            "__typename": "CalendarResultsOptionEvent"
          },
          {
            "gender": "W",
            "id": 204596,
            "name": "Women's 4x400 Metres Relay",
            "combined": null,
            "__typename": "CalendarResultsOptionEvent"
          },
          {
            "gender": "M",
            "id": 10229630,
            "name": "Men's 100 Metres",
            "combined": null,
            "__typename": "CalendarResultsOptionEvent"
          },
          {
            "gender": "M",
            "id": 10229605,
            "name": "Men's 200 Metres",
            "combined": null,
            "__typename": "CalendarResultsOptionEvent"
          },
          {
            "gender": "M",
            "id": 10229631,
            "name": "Men's 400 Metres",
            "combined": null,
            "__typename": "CalendarResultsOptionEvent"
          },
          {
            "gender": "M",
            "id": 10229501,
            "name": "Men's 800 Metres",
            "combined": null,
            "__typename": "CalendarResultsOptionEvent"
          },
          {
            "gender": "M",
            "id": 10229502,
            "name": "Men's 1500 Metres",
            "combined": null,
            "__typename": "CalendarResultsOptionEvent"
          },
          {
            "gender": "M",
            "id": 10229609,
            "name": "Men's 5000 Metres",
            "combined": null,
            "__typename": "CalendarResultsOptionEvent"
          },
          {
            "gender": "M",
            "id": 10229610,
            "name": "Men's 10,000 Metres",
            "combined": null,
            "__typename": "CalendarResultsOptionEvent"
          },
          {
            "gender": "M",
            "id": 10229611,
            "name": "Men's 110 Metres Hurdles",
            "combined": null,
            "__typename": "CalendarResultsOptionEvent"
          },
          {
            "gender": "M",
            "id": 10229612,
            "name": "Men's 400 Metres Hurdles",
            "combined": null,
            "__typename": "CalendarResultsOptionEvent"
          },
          {
            "gender": "M",
            "id": 10229614,
            "name": "Men's 3000 Metres Steeplechase",
            "combined": null,
            "__typename": "CalendarResultsOptionEvent"
          },
          {
            "gender": "M",
            "id": 10230039,
            "name": "Men's 1500m Wheelchair",
            "combined": null,
            "__typename": "CalendarResultsOptionEvent"
          },
          {
            "gender": "M",
            "id": 10229615,
            "name": "Men's High Jump",
            "combined": null,
            "__typename": "CalendarResultsOptionEvent"
          },
          {
            "gender": "M",
            "id": 10229616,
            "name": "Men's Pole Vault",
            "combined": null,
            "__typename": "CalendarResultsOptionEvent"
          },
          {
            "gender": "M",
            "id": 10229617,
            "name": "Men's Long Jump",
            "combined": null,
            "__typename": "CalendarResultsOptionEvent"
          },
          {
            "gender": "M",
            "id": 10229618,
            "name": "Men's Triple Jump",
            "combined": null,
            "__typename": "CalendarResultsOptionEvent"
          },
          {
            "gender": "M",
            "id": 10229619,
            "name": "Men's Shot Put",
            "combined": null,
            "__typename": "CalendarResultsOptionEvent"
          },
          {
            "gender": "M",
            "id": 10229620,
            "name": "Men's Discus Throw",
            "combined": null,
            "__typename": "CalendarResultsOptionEvent"
          },
          {
            "gender": "M",
            "id": 10229621,
            "name": "Men's Hammer Throw",
            "combined": null,
            "__typename": "CalendarResultsOptionEvent"
          },
          {
            "gender": "M",
            "id": 10229636,
            "name": "Men's Javelin Throw",
            "combined": null,
            "__typename": "CalendarResultsOptionEvent"
          },
          {
            "gender": "M",
            "id": 10229634,
            "name": "Men's Marathon",
            "combined": null,
            "__typename": "CalendarResultsOptionEvent"
          },
          {
            "gender": "M",
            "id": 10229508,
            "name": "Men's 20 Kilometres Race Walk",
            "combined": null,
            "__typename": "CalendarResultsOptionEvent"
          },
          {
            "gender": "M",
            "id": 10229628,
            "name": "Men's 50 Kilometres Race Walk",
            "combined": null,
            "__typename": "CalendarResultsOptionEvent"
          },
          {
            "gender": "M",
            "id": 10229629,
            "name": "Men's Decathlon",
            "combined": true,
            "__typename": "CalendarResultsOptionEvent"
          },
          {
            "gender": "M",
            "id": 204593,
            "name": "Men's 4x100 Metres Relay",
            "combined": null,
            "__typename": "CalendarResultsOptionEvent"
          },
          {
            "gender": "M",
            "id": 204595,
            "name": "Men's 4x400 Metres Relay",
            "combined": null,
            "__typename": "CalendarResultsOptionEvent"
          }
        ],
        "__typename": "CalendarResultsOptions"
      },
      "parameters": {
        "competitionId": 6903480,
        "day": null,
        "eventId": 10229527,
        "__typename": "CalendarResultsParameters"
      },
      "__typename": "CalendarCompetitionResults"
    }
  }
}