{
  "data": {
    "getCalendarCompetitionResults": {
      "competition": {
        "dateRange": "18\u201329 AUG 2004",
        "endDate": "2004-08-29",
        "name": "The XXVIII Olympic Games",
        "rankingCategory": "OW",
        "startDate": "2004-08-18",
        "venue": "Olympic Stadium, Athina (GRE)",
        "__typename": "CalendarResultsCompetition"
      },
      "eventTitles": [
        {
          "rankingCategory": "OW",
          "eventTitle": null,
          "events": [
            {
              "event": "Women's Discus Throw",
              "eventId": 10229531,
              "gender": "W",
              "isRelay": false,
              "perResultWind": false,
              "withWind": false,
              "summary": null,
              "races": [
                {
                  "date": "2004-08-21",
                  "day": 4,
                  "race": "Final",
                  "raceId": 10,
                  "raceNumber": 0,
                  "results": [
                    {
                      "competitor": {
                        "teamMembers": null,
                        "id": "mwze1k4zsutcd77iht20n",
                        "name": "Natalya SADOVA",
                        "iaafId": 68333,
                        "urlSlug": "russia/natalya-sadova-014299134",
                        "birthDate": "15 JUN 1972",
                        "hasProfile": true,
                        "__typename": "CalendarResultsCompetitor"
                      },
                      "mark": "67.02",
                      "nationality": "RUS",
                      "place": "1.",
                      "points": null,
                      "qualified": null,
                      "records": "",
                      "wind": null,
                      "remark": null,
                      "details": null,
                      "__typename": "CalendarResultsRaceResult"
                    },
                    {
                      "competitor": {
                        "teamMembers": null,
                        "id": "yls0oxzgbifl94h54zaao",
                        "name": "Anastasia KELESIDOU",
                        "iaafId": 68412,
                        "urlSlug": "greece/anastasia-kelesidou-014280691",
                        "birthDate": "28 NOV 1972",
                        "hasProfile": true,
                        "__typename": "CalendarResultsCompetitor"
                      },
                      "mark": "66.68",
                      "nationality": "GRE",
                      "place": "2.",
                      "points": null,
                      "qualified": null,
                      "records": "",
                      "wind": null,
                      "remark": null,
                      "details": null,
                      "__typename": "CalendarResultsRaceResult"
                    },
                    {
                      "competitor": {
                        "teamMembers": null,
                        "id": "5jwpgt3rxmux3k2sz30s",
                        "name": "V\u011bra POSP\u00cd\u0160ILOV\u00c1-CECHLOV\u00c1",
                        "iaafId": 133520,
                        "urlSlug": "czech-republic/vera-pospisilova-cechlova-014262808",
                        "birthDate": "19 NOV 1978",
                        "hasProfile": true,
                        "__typename": "CalendarResultsCompetitor"
                      },
                      "mark": "66.08",
                      "nationality": "CZE",
                      "place": "3.",
                      "points": null,
                      "qualified": null,
                      "records": "",
                      "wind": null,
                      "remark": null,
                      "details": null,
                      "__typename": "CalendarResultsRaceResult"
                    },
                    {
                      "competitor": {
                        "teamMembers": null,
                        "id": "bxcxbq7xlwwdxuj4yw00vf",
                        "name": "Olena ANTONOVA",
                        "iaafId": 62966,
                        "urlSlug": "ukraine/olena-antonova-014303418",
                        "birthDate": "16 JUN 1972",
                        "hasProfile": true,
                        "__typename": "CalendarResultsCompetitor"
                      },
                      "mark": "65.75",
                      "nationality": "UKR",
                      "place": "4.",
                      "points": null,
                      "qualified": null,
                      "records": "",
                      "wind": null,
                      "remark": null,
                      "details": null,
                      "__typename": "CalendarResultsRaceResult"
                    },
                    {
                      "competitor": {
                        "teamMembers": null,
                        "id": "hb27t1syat4vd1lpmv3ts",
                        "name": "Nicoleta GRASU",
                        "iaafId": 67956,
                        "urlSlug": "romania/nicoleta-grasu-014295647",
                        "birthDate": "11 SEP 1971",
                        "hasProfile": true,
                        "__typename": "CalendarResultsCompetitor"
                      },
                      "mark": "64.92",
                      "nationality": "ROU",
                      "place": "5.",
                      "points": null,
                      "qualified": null,
                      "records": "",
                      "wind": null,
                      "remark": null,
                      "details": null,
                      "__typename": "CalendarResultsRaceResult"
                    },
                    {
                      "competitor": {
                        "teamMembers": null,
                        "id": "gh5v7fs2jk8zbsdvf0i3cl",
                        "name": "Beatrice FAUMUINA",
                        "iaafId": 63975,
                        "urlSlug": "new-zealand/beatrice-faumuina-014292969",
                        "birthDate": "23 OCT 1974",
                        "hasProfile": true,
                        "__typename": "CalendarResultsCompetitor"
                      },
                      "mark": "63.45",
                      "nationality": "NZL",
                      "place": "6.",
                      "points": null,
                      "qualified": null,
                      "records": "",
                      "wind": null,
                      "remark": null,
                      "details": null,
                      "__typename": "CalendarResultsRaceResult"
                    },
                    {
                      "competitor": {
                        "teamMembers": null,
                        "id": "rofss4qy4tgwt33ztunvnd",
                        "name": "Katerina VOGGOLI",
                        "iaafId": 67564,
                        "urlSlug": "greece/katerina-voggoli-014280997",
                        "birthDate": "30 OCT 1970",
                        "hasProfile": true,
                        "__typename": "CalendarResultsCompetitor"
                      },
                      "mark": "62.37",
                      "nationality": "GRE",
                      "place": "7.",
                      "points": null,
                      "qualified": null,
                      "records": "",
                      "wind": null,
                      "remark": null,
                      "details": null,
                      "__typename": "CalendarResultsRaceResult"
                    },
                    {
                      "competitor": {
                        "teamMembers": null,
                        "id": "xupvt4cnm5x3w6m4tz0hs",
                        "name": "Yanfeng LI",
                        "iaafId": 171932,
                        "urlSlug": "pr-of-china/yanfeng-li-014265931",
                        "birthDate": "15 MAY 1979",
                        "hasProfile": true,
                        "__typename": "CalendarResultsCompetitor"
                      },
                      "mark": "61.05",
                      "nationality": "CHN",
                      "place": "8.",
                      "points": null,
                      "qualified": null,
                      "records": "",
                      "wind": null,
                      "remark": null,
                      "details": null,
                      "__typename": "CalendarResultsRaceResult"
                    },
                    {
                      "competitor": {
                        "teamMembers": null,
                        "id": "t0n45e6s97dqrsmxff77x",
                        "name": "Joanna WI\u015aNIEWSKA",
                        "iaafId": 80069,
                        "urlSlug": "poland/joanna-wisniewska-014294644",
                        "birthDate": "24 MAY 1972",
                        "hasProfile": true,
                        "__typename": "CalendarResultsCompetitor"
                      },
                      "mark": "60.74",
                      "nationality": "POL",
                      "place": "9.",
                      "points": null,
                      "qualified": null,
                      "records": "",
                      "wind": null,
                      "remark": null,
                      "details": null,
                      "__typename": "CalendarResultsRaceResult"
                    },
                    {
                      "competitor": {
                        "teamMembers": null,
                        "id": "sr7mcfmy6z1xwavcfcl65",
                        "name": "Stella TSIKOUNA",
                        "iaafId": 80010,
                        "urlSlug": "greece/stella-tsikouna-014280961",
                        "birthDate": "19 OCT 1972",
                        "hasProfile": true,
                        "__typename": "CalendarResultsCompetitor"
                      },
                      "mark": "59.48",
                      "nationality": "GRE",
                      "place": "10.",
                      "points": null,
                      "qualified": null,
                      "records": "",
                      "wind": null,
                      "remark": null,
                      "details": null,
                      "__typename": "CalendarResultsRaceResult"
                    },
                    {
                      "competitor": {
                        "teamMembers": null,
                        "id": "25bfdmvkuqra7qds7eqp6",
                        "name": "Yania FERRALES",
                        "iaafId": 170327,
                        "urlSlug": "cuba/yania-ferrales-014263581",
                        "birthDate": "28 JUL 1977",
                        "hasProfile": true,
                        "__typename": "CalendarResultsCompetitor"
                      },
                      "mark": "NM",
                      "nationality": "CUB",
                      "place": "",
                      "points": null,
                      "qualified": null,
                      "records": "",
                      "wind": null,
                      "remark": null,
                      "details": null,
                      "__typename": "CalendarResultsRaceResult"
                    },
                    {
                      "competitor": {
                        "teamMembers": null,
                        "id": "q3w5gte18e4dx80y9tx3g",
                        "name": "Irina YATCHENKO",
                        "iaafId": 67040,
                        "urlSlug": "belarus/irina-yatchenko-014269536",
                        "birthDate": "31 OCT 1965",
                        "hasProfile": true,
                        "__typename": "CalendarResultsCompetitor"
                      },
                      "mark": "DQ",
                      "nationality": "BLR",
                      "place": " - ",
                      "points": null,
                      "qualified": null,
                      "records": "",
                      "wind": null,
                      "remark": null,
                      "details": null,
                      "__typename": "CalendarResultsRaceResult"
                    }
                  ],
                  "startList": null,
                  "wind": null,
                  "__typename": "CalendarResultsRace"
                },
                {
                  "date": "2004-08-20",
                  "day": 3,
                  "race": "Qualification - Group",
                  "raceId": 71,
                  "raceNumber": 1,
                  "results": [
                    {
                      "competitor": {
                        "teamMembers": null,
                        "id": "teb5ushch1ffxq0kqug17b",
                        "name": "V\u011bra POSP\u00cd\u0160ILOV\u00c1-CECHLOV\u00c1",
                        "iaafId": 133520,
                        "urlSlug": "czech-republic/vera-pospisilova-cechlova-014262808",
                        "birthDate": "19 NOV 1978",
                        "hasProfile": true,
                        "__typename": "CalendarResultsCompetitor"
                      },
                      "mark": "64.48",
                      "nationality": "CZE",
                      "place": "1.",
                      "points": null,
                      "qualified": false,
                      "records": "",
                      "wind": null,
                      "remark": null,
                      "details": null,
                      "__typename": "CalendarResultsRaceResult"
                    },
                    {
                      "competitor": {
                        "teamMembers": null,
                        "id": "fydmjr889m9gccc35ut1wh",
                        "name": "Natalya SADOVA",
                        "iaafId": 68333,
                        "urlSlug": "russia/natalya-sadova-014299134",
                        "birthDate": "15 JUN 1972",
                        "hasProfile": true,
                        "__typename": "CalendarResultsCompetitor"
                      },
                      "mark": "64.33",
                      "nationality": "RUS",
                      "place": "2.",
                      "points": null,
                      "qualified": false,
                      "records": "",
                      "wind": null,
                      "remark": null,
                      "details": null,
                      "__typename": "CalendarResultsRaceResult"
                    },
                    {
                      "competitor": {
                        "teamMembers": null,
                        "id": "5l3cyyn51aiqrcfqgt92l",
                        "name": "Beatrice FAUMUINA",
                        "iaafId": 63975,
                        "urlSlug": "new-zealand/beatrice-faumuina-014292969",
                        "birthDate": "23 OCT 1974",
                        "hasProfile": true,
                        "__typename": "CalendarResultsCompetitor"
                      },
                      "mark": "64.07",
                      "nationality": "NZL",
                      "place": "3.",
                      "points": null,
                      "qualified": false,
                      "records": "",
                      "wind": null,
                      "remark": null,
                      "details": null,
                      "__typename": "CalendarResultsRaceResult"
                    },
                    {
                      "competitor": {
                        "teamMembers": null,
                        "id": "2y50gg5xwl2j4fg4qqfxun",
                        "name": "Katerina VOGGOLI",
                        "iaafId": 67564,
                        "urlSlug": "greece/katerina-voggoli-014280997",
                        "birthDate": "30 OCT 1970",
                        "hasProfile": true,
                        "__typename": "CalendarResultsCompetitor"
                      },
                      "mark": "63.39",
                      "nationality": "GRE",
                      "place": "4.",
                      "points": null,
                      "qualified": false,
                      "records": "",
                      "wind": null,
                      "remark": null,
                      "details": null,
                      "__typename": "CalendarResultsRaceResult"
                    },
                    {
                      "competitor": {
                        "teamMembers": null,
                        "id": "2nrthtt9g63tc92lvzf8q",
                        "name": "Nicoleta GRASU",
                        "iaafId": 67956,
                        "urlSlug": "romania/nicoleta-grasu-014295647",
                        "birthDate": "11 SEP 1971",
                        "hasProfile": true,
                        "__typename": "CalendarResultsCompetitor"
                      },
                      "mark": "61.91",
                      "nationality": "ROU",
                      "place": "5.",
                      "points": null,
                      "qualified": false,
                      "records": "",
                      "wind": null,
                      "remark": null,
                      "details": null,
                      "__typename": "CalendarResultsRaceResult"
                    },
                    {
                      "competitor": {
                        "teamMembers": null,
                        "id": "lrwrj6nmty886kp2qsx6lt",
                        "name": "Joanna WI\u015aNIEWSKA",
                        "iaafId": 80069,
                        "urlSlug": "poland/joanna-wisniewska-014294644",
                        "birthDate": "24 MAY 1972",
                        "hasProfile": true,
                        "__typename": "CalendarResultsCompetitor"
                      },
                      "mark": "61.48",
                      "nationality": "POL",
                      "place": "6.",
                      "points": null,
                      "qualified": false,
                      "records": "",
                      "wind": null,
                      "remark": null,
                      "details": null,
                      "__typename": "CalendarResultsRaceResult"
                    },
                    {
                      "competitor": {
                        "teamMembers": null,
                        "id": "nf3hzfewslijyde57i8lr",
                        "name": "Harwant KAUR",
                        "iaafId": 177233,
                        "urlSlug": "india/harwant-kaur-014282896",
                        "birthDate": "05 JUL 1980",
                        "hasProfile": true,
                        "__typename": "CalendarResultsCompetitor"
                      },
                      "mark": "60.82",
                      "nationality": "IND",
                      "place": "7.",
                      "points": null,
                      "qualified": null,
                      "records": "",
                      "wind": null,
                      "remark": null,
                      "details": null,
                      "__typename": "CalendarResultsRaceResult"
                    },
                    {
                      "competitor": {
                        "teamMembers": null,
                        "id": "t1krc033g81s1ngw0sw1s",
                        "name": "Ellina ZVEREVA",
                        "iaafId": 62547,
                        "urlSlug": "belarus/ellina-zvereva-014269508",
                        "birthDate": "16 NOV 1960",
                        "hasProfile": true,
                        "__typename": "CalendarResultsCompetitor"
                      },
                      "mark": "60.63",
                      "nationality": "BLR",
                      "place": "8.",
                      "points": null,
                      "qualified": null,
                      "records": "",
                      "wind": null,
                      "remark": null,
                      "details": null,
                      "__typename": "CalendarResultsRaceResult"
                    },
                    {
                      "competitor": {
                        "teamMembers": null,
                        "id": "28szh4wamhezqc0uh86r",
                        "name": "Philippa ROLES",
                        "iaafId": 173516,
                        "urlSlug": "great-britain-ni/philippa-roles-014276229",
                        "birthDate": "01 MAR 1978",
                        "hasProfile": true,
                        "__typename": "CalendarResultsCompetitor"
                      },
                      "mark": "58.83",
                      "nationality": "GBR",
                      "place": "9.",
                      "points": null,
                      "qualified": null,
                      "records": "",
                      "wind": null,
                      "remark": null,
                      "details": null,
                      "__typename": "CalendarResultsRaceResult"
                    },
                    {
                      "competitor": {
                        "teamMembers": null,
                        "id": "s33la3fg809zzvihdeo37f",
                        "name": "Olga CHERNYAVSKAYA",
                        "iaafId": 60254,
                        "urlSlug": "russia/olga-chernyavskaya-014297526",
                        "birthDate": "17 SEP 1963",
                        "hasProfile": true,
                        "__typename": "CalendarResultsCompetitor"
                      },
                      "mark": "58.64",
                      "nationality": "RUS",
                      "place": "10.",
                      "points": null,
                      "qualified": null,
                      "records": "",
                      "wind": null,
                      "remark": null,
                      "details": null,
                      "__typename": "CalendarResultsRaceResult"
                    },
                    {
                      "competitor": {
                        "teamMembers": null,
                        "id": "i7l4fn407mjfbhpcfvbd89",
                        "name": "Stephanie BROWN-TRAFTON",
                        "iaafId": 183032,
                        "urlSlug": "united-states/stephanie-brown-trafton-014306659",
                        "birthDate": "01 AUG 1979",
                        "hasProfile": true,
                        "__typename": "CalendarResultsCompetitor"
                      },
                      "mark": "58.54",
                      "nationality": "USA",
                      "place": "11.",
                      "points": null,
                      "qualified": null,
                      "records": "",
                      "wind": null,
                      "remark": null,
                      "details": null,
                      "__typename": "CalendarResultsRaceResult"
                    },
                    {
                      "competitor": {
                        "teamMembers": null,
                        "id": "2caltahhryfw0mh140bil",
                        "name": "Nataliya SEMENOVA",
                        "iaafId": 180231,
                        "urlSlug": "ukraine/nataliya-semenova-014303569",
                        "birthDate": "07 JUL 1982",
                        "hasProfile": true,
                        "__typename": "CalendarResultsCompetitor"
                      },
                      "mark": "58.28",
                      "nationality": "UKR",
                      "place": "12.",
                      "points": null,
                      "qualified": null,
                      "records": "",
                      "wind": null,
                      "remark": null,
                      "details": null,
                      "__typename": "CalendarResultsRaceResult"
                    },
                    {
                      "competitor": {
                        "teamMembers": null,
                        "id": "jowtba5gupl1uxjpoe94f",
                        "name": "Elis\u00e2ngela Maria ADRIANO",
                        "iaafId": 62667,
                        "urlSlug": "brazil/elisangela-maria-adriano-014269458",
                        "birthDate": "27 JUL 1972",
                        "hasProfile": true,
                        "__typename": "CalendarResultsCompetitor"
                      },
                      "mark": "58.13",
                      "nationality": "BRA",
                      "place": "13.",
                      "points": null,
                      "qualified": null,
                      "records": "",
                      "wind": null,
                      "remark": null,
                      "details": null,
                      "__typename": "CalendarResultsRaceResult"
                    },
                    {
                      "competitor": {
                        "teamMembers": null,
                        "id": "28lix9dclxfir1jfnuaze",
                        "name": "Franka DIETZSCH",
                        "iaafId": 60445,
                        "urlSlug": "germany/franka-dietzsch-014277366",
                        "birthDate": "22 JAN 1968",
                        "hasProfile": true,
                        "__typename": "CalendarResultsCompetitor"
                      },
                      "mark": "58.12",
                      "nationality": "GER",
                      "place": "14.",
                      "points": null,
                      "qualified": null,
                      "records": "",
                      "wind": null,
                      "remark": null,
                      "details": null,
                      "__typename": "CalendarResultsRaceResult"
                    },
                    {
                      "competitor": {
                        "teamMembers": null,
                        "id": "e88ujuluo2goqlm2t40dpk",
                        "name": "Vera BEGI\u0106",
                        "iaafId": 134544,
                        "urlSlug": "croatia/vera-begic-014263860",
                        "birthDate": "17 MAR 1982",
                        "hasProfile": true,
                        "__typename": "CalendarResultsCompetitor"
                      },
                      "mark": "57.31",
                      "nationality": "CRO",
                      "place": "15.",
                      "points": null,
                      "qualified": null,
                      "records": "",
                      "wind": null,
                      "remark": null,
                      "details": null,
                      "__typename": "CalendarResultsRaceResult"
                    },
                    {
                      "competitor": {
                        "teamMembers": null,
                        "id": "8loj9i4jzx7peypgixm5hk",
                        "name": "Melina ROBERT-MICHON",
                        "iaafId": 134650,
                        "urlSlug": "france/melina-robert-michon-14273725",
                        "birthDate": "18 JUL 1979",
                        "hasProfile": true,
                        "__typename": "CalendarResultsCompetitor"
                      },
                      "mark": "56.70",
                      "nationality": "FRA",
                      "place": "16.",
                      "points": null,
                      "qualified": null,
                      "records": "",
                      "wind": null,
                      "remark": null,
                      "details": null,
                      "__typename": "CalendarResultsRaceResult"
                    },
                    {
                      "competitor": {
                        "teamMembers": null,
                        "id": "73hele5udz6kgthuiwk4gj",
                        "name": "Qun HUANG",
                        "iaafId": 176066,
                        "urlSlug": "pr-of-china/qun-huang-014266273",
                        "birthDate": "12 APR 1979",
                        "hasProfile": true,
                        "__typename": "CalendarResultsCompetitor"
                      },
                      "mark": "56.53",
                      "nationality": "CHN",
                      "place": "17.",
                      "points": null,
                      "qualified": null,
                      "records": "",
                      "wind": null,
                      "remark": null,
                      "details": null,
                      "__typename": "CalendarResultsRaceResult"
                    },
                    {
                      "competitor": {
                        "teamMembers": null,
                        "id": "52mn25twaufna9sxsydz",
                        "name": "Anna S\u00d6DERBERG",
                        "iaafId": 68587,
                        "urlSlug": "sweden/anna-soderberg-014302435",
                        "birthDate": "11 JUN 1973",
                        "hasProfile": true,
                        "__typename": "CalendarResultsCompetitor"
                      },
                      "mark": "55.49",
                      "nationality": "SWE",
                      "place": "18.",
                      "points": null,
                      "qualified": null,
                      "records": "",
                      "wind": null,
                      "remark": null,
                      "details": null,
                      "__typename": "CalendarResultsRaceResult"
                    },
                    {
                      "competitor": {
                        "teamMembers": null,
                        "id": "8n0qdhtqe0ekbsbohgqaj",
                        "name": "\u00c9va K\u00dcRTI",
                        "iaafId": 133519,
                        "urlSlug": "hungary/eva-kurti-014281941",
                        "birthDate": "21 JUL 1976",
                        "hasProfile": true,
                        "__typename": "CalendarResultsCompetitor"
                      },
                      "mark": "52.52",
                      "nationality": "HUN",
                      "place": "19.",
                      "points": null,
                      "qualified": null,
                      "records": "",
                      "wind": null,
                      "remark": null,
                      "details": null,
                      "__typename": "CalendarResultsRaceResult"
                    },
                    {
                      "competitor": {
                        "teamMembers": null,
                        "id": "vzbql58zb6f8zdwk8mwfb4",
                        "name": "Tereapii TAPOKI",
                        "iaafId": 183308,
                        "urlSlug": "cook-islands/tereapii-tapoki-014264068",
                        "birthDate": "19 APR 1984",
                        "hasProfile": true,
                        "__typename": "CalendarResultsCompetitor"
                      },
                      "mark": "48.12",
                      "nationality": "COK",
                      "place": "20.",
                      "points": null,
                      "qualified": null,
                      "records": "",
                      "wind": null,
                      "remark": null,
                      "details": null,
                      "__typename": "CalendarResultsRaceResult"
                    },
                    {
                      "competitor": {
                        "teamMembers": null,
                        "id": "h6m4rz3mr0j8o9l54watpx",
                        "name": "Tsvetanka KHRISTOVA",
                        "iaafId": 60928,
                        "urlSlug": "bulgaria/tsvetanka-khristova-014268669",
                        "birthDate": "14 MAR 1962",
                        "hasProfile": true,
                        "__typename": "CalendarResultsCompetitor"
                      },
                      "mark": "43.25",
                      "nationality": "BUL",
                      "place": "21.",
                      "points": null,
                      "qualified": null,
                      "records": "",
                      "wind": null,
                      "remark": null,
                      "details": null,
                      "__typename": "CalendarResultsRaceResult"
                    }
                  ],
                  "startList": null,
                  "wind": null,
                  "__typename": "CalendarResultsRace"
                },
                {
                  "date": "2004-08-20",
                  "day": 3,
                  "race": "Qualification - Group",
                  "raceId": 71,
                  "raceNumber": 2,
                  "results": [
                    {
                      "competitor": {
                        "teamMembers": null,
                        "id": "wych1vk5cpxcha0s07ph",
                        "name": "Olena ANTONOVA",
                        "iaafId": 62966,
                        "urlSlug": "ukraine/olena-antonova-014303418",
                        "birthDate": "16 JUN 1972",
                        "hasProfile": true,
                        "__typename": "CalendarResultsCompetitor"
                      },
                      "mark": "64.20",
                      "nationality": "UKR",
                      "place": "1.",
                      "points": null,
                      "qualified": false,
                      "records": "",
                      "wind": null,
                      "remark": null,
                      "details": null,
                      "__typename": "CalendarResultsRaceResult"
                    },
                    {
                      "competitor": {
                        "teamMembers": null,
                        "id": "1e5awvetx3l28droin3hdp",
                        "name": "Anastasia KELESIDOU",
                        "iaafId": 68412,
                        "urlSlug": "greece/anastasia-kelesidou-014280691",
                        "birthDate": "28 NOV 1972",
                        "hasProfile": true,
                        "__typename": "CalendarResultsCompetitor"
                      },
                      "mark": "64.13",
                      "nationality": "GRE",
                      "place": "2.",
                      "points": null,
                      "qualified": false,
                      "records": "",
                      "wind": null,
                      "remark": null,
                      "details": null,
                      "__typename": "CalendarResultsRaceResult"
                    },
                    {
                      "competitor": {
                        "teamMembers": null,
                        "id": "x5blp5mgqmpvgbgseix36e",
                        "name": "Stella TSIKOUNA",
                        "iaafId": 80010,
                        "urlSlug": "greece/stella-tsikouna-014280961",
                        "birthDate": "19 OCT 1972",
                        "hasProfile": true,
                        "__typename": "CalendarResultsCompetitor"
                      },
                      "mark": "61.72",
                      "nationality": "GRE",
                      "place": "3.",
                      "points": null,
                      "qualified": null,
                      "records": "",
                      "wind": null,
                      "remark": null,
                      "details": null,
                      "__typename": "CalendarResultsRaceResult"
                    },
                    {
                      "competitor": {
                        "teamMembers": null,
                        "id": "gyfwrd45b4631i278ved56",
                        "name": "Yania FERRALES",
                        "iaafId": 170327,
                        "urlSlug": "cuba/yania-ferrales-014263581",
                        "birthDate": "28 JUL 1977",
                        "hasProfile": true,
                        "__typename": "CalendarResultsCompetitor"
                      },
                      "mark": "61.54",
                      "nationality": "CUB",
                      "place": "4.",
                      "points": null,
                      "qualified": null,
                      "records": "",
                      "wind": null,
                      "remark": null,
                      "details": null,
                      "__typename": "CalendarResultsRaceResult"
                    },
                    {
                      "competitor": {
                        "teamMembers": null,
                        "id": "h83i8cw488kjgca1od7ah",
                        "name": "Yanfeng LI",
                        "iaafId": 171932,
                        "urlSlug": "pr-of-china/yanfeng-li-014265931",
                        "birthDate": "15 MAY 1979",
                        "hasProfile": true,
                        "__typename": "CalendarResultsCompetitor"
                      },
                      "mark": "61.35",
                      "nationality": "CHN",
                      "place": "5.",
                      "points": null,
                      "qualified": null,
                      "records": "",
                      "wind": null,
                      "remark": null,
                      "details": null,
                      "__typename": "CalendarResultsRaceResult"
                    },
                    {
                      "competitor": {
                        "teamMembers": null,
                        "id": "zq1s2lxin6lgsbcd64xqt4",
                        "name": "Seema PUNIA",
                        "iaafId": 180270,
                        "urlSlug": "india/seema-punia-14282762",
                        "birthDate": "27 JUL 1983",
                        "hasProfile": true,
                        "__typename": "CalendarResultsCompetitor"
                      },
                      "mark": "60.64",
                      "nationality": "IND",
                      "place": "6.",
                      "points": null,
                      "qualified": null,
                      "records": "",
                      "wind": null,
                      "remark": null,
                      "details": null,
                      "__typename": "CalendarResultsRaceResult"
                    },
                    {
                      "competitor": {
                        "teamMembers": null,
                        "id": "gfij15amhy6pqf344ted2",
                        "name": "Wioletta POT\u0118PA",
                        "iaafId": 134967,
                        "urlSlug": "poland/wioletta-potepa-014294297",
                        "birthDate": "14 DEC 1980",
                        "hasProfile": true,
                        "__typename": "CalendarResultsCompetitor"
                      },
                      "mark": "60.50",
                      "nationality": "POL",
                      "place": "7.",
                      "points": null,
                      "qualified": null,
                      "records": "",
                      "wind": null,
                      "remark": null,
                      "details": null,
                      "__typename": "CalendarResultsRaceResult"
                    },
                    {
                      "competitor": {
                        "teamMembers": null,
                        "id": "2pw825el8k5i34k76htozb",
                        "name": "Neelam Jaswant SINGH",
                        "iaafId": 172017,
                        "urlSlug": "india/neelam-jaswant-singh-014283072",
                        "birthDate": "08 JAN 1971",
                        "hasProfile": true,
                        "__typename": "CalendarResultsCompetitor"
                      },
                      "mark": "60.26",
                      "nationality": "IND",
                      "place": "8.",
                      "points": null,
                      "qualified": null,
                      "records": "",
                      "wind": null,
                      "remark": null,
                      "details": null,
                      "__typename": "CalendarResultsRaceResult"
                    },
                    {
                      "competitor": {
                        "teamMembers": null,
                        "id": "zb55qxp1atdqesij8ub0k",
                        "name": "Aretha D. THURMOND",
                        "iaafId": 136028,
                        "urlSlug": "united-states/aretha-d-thurmond-014322809",
                        "birthDate": "14 AUG 1976",
                        "hasProfile": true,
                        "__typename": "CalendarResultsCompetitor"
                      },
                      "mark": "58.82",
                      "nationality": "USA",
                      "place": "9.",
                      "points": null,
                      "qualified": null,
                      "records": "",
                      "wind": null,
                      "remark": null,
                      "details": null,
                      "__typename": "CalendarResultsRaceResult"
                    },
                    {
                      "competitor": {
                        "teamMembers": null,
                        "id": "xoec377opyhnibbxdalw",
                        "name": "Elizna NAUDE",
                        "iaafId": 136258,
                        "urlSlug": "south-africa/elizna-naude-014296677",
                        "birthDate": "14 SEP 1978",
                        "hasProfile": true,
                        "__typename": "CalendarResultsCompetitor"
                      },
                      "mark": "58.74",
                      "nationality": "RSA",
                      "place": "10.",
                      "points": null,
                      "qualified": null,
                      "records": "",
                      "wind": null,
                      "remark": null,
                      "details": null,
                      "__typename": "CalendarResultsRaceResult"
                    },
                    {
                      "competitor": {
                        "teamMembers": null,
                        "id": "9o1ai1qs7udiuwkiuohsbb",
                        "name": "Teresa MACHADO",
                        "iaafId": 63271,
                        "urlSlug": "portugal/teresa-machado-014294962",
                        "birthDate": "22 JUL 1969",
                        "hasProfile": true,
                        "__typename": "CalendarResultsCompetitor"
                      },
                      "mark": "58.47",
                      "nationality": "POR",
                      "place": "11.",
                      "points": null,
                      "qualified": null,
                      "records": "",
                      "wind": null,
                      "remark": null,
                      "details": null,
                      "__typename": "CalendarResultsRaceResult"
                    },
                    {
                      "competitor": {
                        "teamMembers": null,
                        "id": "jr4uy4djp28mln0ninkiif",
                        "name": "Aimin SONG",
                        "iaafId": 173154,
                        "urlSlug": "pr-of-china/aimin-song-014265336",
                        "birthDate": "15 MAR 1978",
                        "hasProfile": true,
                        "__typename": "CalendarResultsCompetitor"
                      },
                      "mark": "58.19",
                      "nationality": "CHN",
                      "place": "12.",
                      "points": null,
                      "qualified": null,
                      "records": "",
                      "wind": null,
                      "remark": null,
                      "details": null,
                      "__typename": "CalendarResultsRaceResult"
                    },
                    {
                      "competitor": {
                        "teamMembers": null,
                        "id": "84kxagtcs6fygog7xzbdgq",
                        "name": "Dace RUSKULE",
                        "iaafId": 180227,
                        "urlSlug": "latvia/dace-ruskule-14290072",
                        "birthDate": "20 SEP 1981",
                        "hasProfile": true,
                        "__typename": "CalendarResultsCompetitor"
                      },
                      "mark": "57.43",
                      "nationality": "LAT",
                      "place": "13.",
                      "points": null,
                      "qualified": null,
                      "records": "",
                      "wind": null,
                      "remark": null,
                      "details": null,
                      "__typename": "CalendarResultsRaceResult"
                    },
                    {
                      "competitor": {
                        "teamMembers": null,
                        "id": "0e3iyv1b33jwe0ier2b8f",
                        "name": "Oksana YESIPCHUK",
                        "iaafId": 131303,
                        "urlSlug": "russia/oksana-yesipchuk-014299821",
                        "birthDate": "13 DEC 1976",
                        "hasProfile": true,
                        "__typename": "CalendarResultsCompetitor"
                      },
                      "mark": "57.27",
                      "nationality": "RUS",
                      "place": "14.",
                      "points": null,
                      "qualified": null,
                      "records": "",
                      "wind": null,
                      "remark": null,
                      "details": null,
                      "__typename": "CalendarResultsRaceResult"
                    },
                    {
                      "competitor": {
                        "teamMembers": null,
                        "id": "wx3hp8vjzhpkn9cd88lov",
                        "name": "Shelley DREW-NEWMAN",
                        "iaafId": 70521,
                        "urlSlug": "great-britain-ni/shelley-drew-newman-014274931",
                        "birthDate": "08 AUG 1973",
                        "hasProfile": true,
                        "__typename": "CalendarResultsCompetitor"
                      },
                      "mark": "56.04",
                      "nationality": "GBR",
                      "place": "15.",
                      "points": null,
                      "qualified": null,
                      "records": "",
                      "wind": null,
                      "remark": null,
                      "details": null,
                      "__typename": "CalendarResultsRaceResult"
                    },
                    {
                      "competitor": {
                        "teamMembers": null,
                        "id": "dr35i42r9hhha9r80ket",
                        "name": "Vladim\u00edra MAL\u00c1TOV\u00c1-RACKOV\u00c1",
                        "iaafId": 61151,
                        "urlSlug": "czech-republic/vladimira-malatova-rackova-014262924",
                        "birthDate": "15 MAY 1967",
                        "hasProfile": true,
                        "__typename": "CalendarResultsCompetitor"
                      },
                      "mark": "55.82",
                      "nationality": "CZE",
                      "place": "16.",
                      "points": null,
                      "qualified": null,
                      "records": "",
                      "wind": null,
                      "remark": null,
                      "details": null,
                      "__typename": "CalendarResultsRaceResult"
                    },
                    {
                      "competitor": {
                        "teamMembers": null,
                        "id": "nx347up0wzjdbyrhi0owgj",
                        "name": "Alice MATEJKOV\u00c1",
                        "iaafId": 67074,
                        "urlSlug": "spain/alice-matejkova-14261023",
                        "birthDate": "11 JAN 1969",
                        "hasProfile": true,
                        "__typename": "CalendarResultsCompetitor"
                      },
                      "mark": "55.37",
                      "nationality": "ESP",
                      "place": "17.",
                      "points": null,
                      "qualified": null,
                      "records": "",
                      "wind": null,
                      "remark": null,
                      "details": null,
                      "__typename": "CalendarResultsRaceResult"
                    },
                    {
                      "competitor": {
                        "teamMembers": null,
                        "id": "kpq64q0hgrnwed7jnkneqg",
                        "name": "Eha R\u00dcNNE",
                        "iaafId": 67837,
                        "urlSlug": "estonia/eha-runne-014260026",
                        "birthDate": "25 MAY 1963",
                        "hasProfile": true,
                        "__typename": "CalendarResultsCompetitor"
                      },
                      "mark": "54.82",
                      "nationality": "EST",
                      "place": "18.",
                      "points": null,
                      "qualified": null,
                      "records": "",
                      "wind": null,
                      "remark": null,
                      "details": null,
                      "__typename": "CalendarResultsRaceResult"
                    },
                    {
                      "competitor": {
                        "teamMembers": null,
                        "id": "mzsv6t68holt95qr0e8vua",
                        "name": "Dragana TOMA\u0160EVI\u0106",
                        "iaafId": 189020,
                        "urlSlug": "serbia/dragana-tomasevic-014300434",
                        "birthDate": "04 JUN 1982",
                        "hasProfile": true,
                        "__typename": "CalendarResultsCompetitor"
                      },
                      "mark": "54.44",
                      "nationality": "SCG",
                      "place": "19.",
                      "points": null,
                      "qualified": null,
                      "records": "",
                      "wind": null,
                      "remark": null,
                      "details": null,
                      "__typename": "CalendarResultsRaceResult"
                    },
                    {
                      "competitor": {
                        "teamMembers": null,
                        "id": "igpg7j0etxz5dts4gxz7n",
                        "name": "Seilala SUA",
                        "iaafId": 132559,
                        "urlSlug": "united-states/seilala-sua-014322248",
                        "birthDate": "25 FEB 1978",
                        "hasProfile": true,
                        "__typename": "CalendarResultsCompetitor"
                      },
                      "mark": "NM",
                      "nationality": "USA",
                      "place": "",
                      "points": null,
                      "qualified": null,
                      "records": "",
                      "wind": null,
                      "remark": null,
                      "details": null,
                      "__typename": "CalendarResultsRaceResult"
                    },
                    {
                      "competitor": {
                        "teamMembers": null,
                        "id": "dme21dllqp80vk6mxgdr9",
                        "name": "Irina YATCHENKO",
                        "iaafId": 67040,
                        "urlSlug": "belarus/irina-yatchenko-014269536",
                        "birthDate": "31 OCT 1965",
                        "hasProfile": true,
                        "__typename": "CalendarResultsCompetitor"
                      },
                      "mark": "DQ",
                      "nationality": "BLR",
                      "place": " - ",
                      "points": null,
                      "qualified": false,
                      "records": "",
                      "wind": null,
                      "remark": null,
                      "details": null,
                      "__typename": "CalendarResultsRaceResult"
                    }
                  ],
                  "startList": null,
                  "wind": null,
                  "__typename": "CalendarResultsRace"
                }
              ],
              "__typename": "CalendarResultsEvent"
            }
          ],
          "__typename": "CalendarResultsEventTitle"
        }
      ],
      "options": {
        "days": [
          {
            "date": "18 AUG 2004",
            "day": 1,
            "__typename": "CalendarResultsOptionsDay"
          },
          {
            "date": "20 AUG 2004",
            "day": 3,
            "__typename": "CalendarResultsOptionsDay"
          },
          {
            "date": "21 AUG 2004",
            "day": 4,
            "__typename": "CalendarResultsOptionsDay"
          },
          {
            "date": "22 AUG 2004",
            "day": 5,
            "__typename": "CalendarResultsOptionsDay"
          },
          {
            "date": "23 AUG 2004",
            "day": 6,
            "__typename": "CalendarResultsOptionsDay"
          },
          {
            "date": "24 AUG 2004",
            "day": 7,
            "__typename": "CalendarResultsOptionsDay"
          },
          {
            "date": "25 AUG 2004",
            "day": 8,
            "__typename": "CalendarResultsOptionsDay"
          },
          {
            "date": "26 AUG 2004",
            "day": 9,
            "__typename": "CalendarResultsOptionsDay"
          },
          {
            "date": "27 AUG 2004",
            "day": 10,
            "__typename": "CalendarResultsOptionsDay"
          },
          {
            "date": "28 AUG 2004",
            "day": 11,
            "__typename": "CalendarResultsOptionsDay"
          },
          {
            "date": "29 AUG 2004",
            "day": 12,
            "__typename": "CalendarResultsOptionsDay"
          }
        ],
        "events": [
          {
            "gender": "W",
            "id": 10229509,
            "name": "Women's 100 Metres",
            "combined": null,
            "__typename": "CalendarResultsOptionEvent"
          },
          {
            "gender": "W",
            "id": 10229510,
            "name": "Women's 200 Metres",
            "combined": null,
            "__typename": "CalendarResultsOptionEvent"
          },
          {
            "gender": "W",
            "id": 10229511,
            "name": "Women's 400 Metres",
            "combined": null,
            "__typename": "CalendarResultsOptionEvent"
          },
          {
            "gender": "W",
            "id": 10229512,
            "name": "Women's 800 Metres",
            "combined": null,
            "__typename": "CalendarResultsOptionEvent"
          },
          {
            "gender": "W",
            "id": 10229513,
            "name": "Women's 1500 Metres",
            "combined": null,
            "__typename": "CalendarResultsOptionEvent"
          },
          {
            "gender": "W",
            "id": 10229514,
            "name": "Women's 5000 Metres",
            "combined": null,
            "__typename": "CalendarResultsOptionEvent"
          },
          {
            "gender": "W",
            "id": 10229521,
            "name": "Women's 10,000 Metres",
            "combined": null,
            "__typename": "CalendarResultsOptionEvent"
          },
          {
            "gender": "W",
            "id": 10229522,
            "name": "Women's 100 Metres Hurdles",
            "combined": null,
            "__typename": "CalendarResultsOptionEvent"
          },
          {
            "gender": "W",
            "id": 10229523,
            "name": "Women's 400 Metres Hurdles",
            "combined": null,
            "__typename": "CalendarResultsOptionEvent"
          },
          {
            "gender": "W",
            "id": 10230040,
            "name": "Women's 800m Wheelchair",
            "combined": null,
            "__typename": "CalendarResultsOptionEvent"
          },
          {
            "gender": "W",
            "id": 10229526,
            "name": "Women's High Jump",
            "combined": null,
            "__typename": "CalendarResultsOptionEvent"
          },
          {
            "gender": "W",
            "id": 10229527,
            "name": "Women's Pole Vault",
            "combined": null,
            "__typename": "CalendarResultsOptionEvent"
          },
          {
            "gender": "W",
            "id": 10229528,
            "name": "Women's Long Jump",
            "combined": null,
            "__typename": "CalendarResultsOptionEvent"
          },
          {
            "gender": "W",
            "id": 10229529,
            "name": "Women's Triple Jump",
            "combined": null,
            "__typename": "CalendarResultsOptionEvent"
          },
          {
            "gender": "W",
            "id": 10229530,
            "name": "Women's Shot Put",
            "combined": null,
            "__typename": "CalendarResultsOptionEvent"
          },
          {
            "gender": "W",
            "id": 10229531,
            "name": "Women's Discus Throw",
            "combined": null,
            "__typename": "CalendarResultsOptionEvent"
          },
          {
            "gender": "W",
            "id": 10229532,
            "name": "Women's Hammer Throw",
            "combined": null,
            "__typename": "CalendarResultsOptionEvent"
          },
          {
            "gender": "W",
            "id": 10229533,
            "name": "Women's Javelin Throw",
            "combined": null,
            "__typename": "CalendarResultsOptionEvent"
          },
          {
            "gender": "W",
            "id": 10229534,
            "name": "Women's Marathon",
            "combined": null,
            "__typename": "CalendarResultsOptionEvent"
          },
          {
            "gender": "W",
            "id": 10229535,
            "name": "Women's 20 Kilometres Race Walk",
            "combined": null,
            "__typename": "CalendarResultsOptionEvent"
          },
          {
            "gender": "W",
            "id": 10229536,
            "name": "Women's Heptathlon",
            "combined": true,
            "__typename": "CalendarResultsOptionEvent"
          },
          {
            "gender": "W",
            "id": 204594,
            "name": "Women's 4x100 Metres Relay",
            "combined": null,
            "__typename": "CalendarResultsOptionEvent"
          },
          {
            "gender": "W",
            "id": 204596,
            "name": "Women's 4x400 Metres Relay",
            "combined": null,
            "__typename": "CalendarResultsOptionEvent"
          },
          {
            "gender": "M",
            "id": 10229630,
            "name": "Men's 100 Metres",
            "combined": null,
            "__typename": "CalendarResultsOptionEvent"
          },
          {
            "gender": "M",
            "id": 10229605,
            "name": "Men's 200 Metres",
            "combined": null,
            "__typename": "CalendarResultsOptionEvent"
          },
          {
            "gender": "M",
            "id": 10229631,
            "name": "Men's 400 Metres",
            "combined": null,
            "__typename": "CalendarResultsOptionEvent"
          },
          {
            "gender": "M",
            "id": 10229501,
            "name": "Men's 800 Metres",
            "combined": null,
            "__typename": "CalendarResultsOptionEvent"
          },
          {
            "gender": "M",
            "id": 10229502,
            "name": "Men's 1500 Metres",
            "combined": null,
            "__typename": "CalendarResultsOptionEvent"
          },
          {
            "gender": "M",
            "id": 10229609,
            "name": "Men's 5000 Metres",
            "combined": null,
            "__typename": "CalendarResultsOptionEvent"
          },
          {
            "gender": "M",
            "id": 10229610,
            "name": "Men's 10,000 Metres",
            "combined": null,
            "__typename": "CalendarResultsOptionEvent"
          },
          {
            "gender": "M",
            "id": 10229611,
            "name": "Men's 110 Metres Hurdles",
            "combined": null,
            "__typename": "CalendarResultsOptionEvent"
          },
          {
            "gender": "M",
            "id": 10229612,
            "name": "Men's 400 Metres Hurdles",
            "combined": null,
            "__typename": "CalendarResultsOptionEvent"
          },
          {
            "gender": "M",
            "id": 10229614,
            "name": "Men's 3000 Metres Steeplechase",
            "combined": null,
            "__typename": "CalendarResultsOptionEvent"
          },
          {
            "gender": "M",
            "id": 10230039,
            "name": "Men's 1500m Wheelchair",
            "combined": null,
            "__typename": "CalendarResultsOptionEvent"
          },
          {
            "gender": "M",
            "id": 10229615,
            "name": "Men's High Jump",
            "combined": null,
            "__typename": "CalendarResultsOptionEvent"
          },
          {
            "gender": "M",
            "id": 10229616,
            "name": "Men's Pole Vault",
            "combined": null,
            "__typename": "CalendarResultsOptionEvent"
          },
          {
            "gender": "M",
            "id": 10229617,
            "name": "Men's Long Jump",
            "combined": null,
            "__typename": "CalendarResultsOptionEvent"
          },
          {
            "gender": "M",
            "id": 10229618,
            "name": "Men's Triple Jump",
            "combined": null,
            "__typename": "CalendarResultsOptionEvent"
          },
          {
            "gender": "M",
            "id": 10229619,
            "name": "Men's Shot Put",
            "combined": null,
            "__typename": "CalendarResultsOptionEvent"
          },
          {
            "gender": "M",
            "id": 10229620,
            "name": "Men's Discus Throw",
            "combined": null,
            "__typename": "CalendarResultsOptionEvent"
          },
          {
            "gender": "M",
            "id": 10229621,
            "name": "Men's Hammer Throw",
            "combined": null,
            "__typename": "CalendarResultsOptionEvent"
          },
          {
            "gender": "M",
            "id": 10229636,
            "name": "Men's Javelin Throw",
            "combined": null,
            "__typename": "CalendarResultsOptionEvent"
          },
          {
            "gender": "M",
            "id": 10229634,
            "name": "Men's Marathon",
            "combined": null,
            "__typename": "CalendarResultsOptionEvent"
          },
          {
            "gender": "M",
            "id": 10229508,
            "name": "Men's 20 Kilometres Race Walk",
            "combined": null,
            "__typename": "CalendarResultsOptionEvent"
          },
          {
            "gender": "M",
            "id": 10229628,
            "name": "Men's 50 Kilometres Race Walk",
            "combined": null,
            "__typename": "CalendarResultsOptionEvent"
          },
          {
            "gender": "M",
            "id": 10229629,
            "name": "Men's Decathlon",
            "combined": true,
            "__typename": "CalendarResultsOptionEvent"
          },
          {
            "gender": "M",
            "id": 204593,
            "name": "Men's 4x100 Metres Relay",
            "combined": null,
            "__typename": "CalendarResultsOptionEvent"
          },
          {
            "gender": "M",
            "id": 204595,
            "name": "Men's 4x400 Metres Relay",
            "combined": null,
            "__typename": "CalendarResultsOptionEvent"
          }
        ],
        "__typename": "CalendarResultsOptions"
      },
      "parameters": {
        "competitionId": 6913163,
        "day": null,
        "eventId": 10229531,
        "__typename": "CalendarResultsParameters"
      },
      "__typename": "CalendarCompetitionResults"
    }
  }
}