{
  "data": {
    "getCalendarCompetitionResults": {
      "competition": {
        "dateRange": "01\u201310 AUG 1997",
        "endDate": "1997-08-10",
        "name": "IAAF World Championships",
        "rankingCategory": "OW",
        "startDate": "1997-08-01",
        "venue": "Olympic Stadium, Athina (GRE)",
        "__typename": "CalendarResultsCompetition"
      },
      "eventTitles": [
        {
          "rankingCategory": "OW",
          "eventTitle": null,
          "events": [
            {
              "event": "Women's 5000 Metres",
              "eventId": 10229514,
              "gender": "W",
              "isRelay": false,
              "perResultWind": false,
              "withWind": false,
              "summary": null,
              "races": [
                {
                  "date": "1997-08-09",
                  "day": 9,
                  "race": "Final",
                  "raceId": 10,
                  "raceNumber": 0,
                  "results": [
                    {
                      "competitor": {
                        "teamMembers": null,
                        "id": "qvpalsekyxs0fciimnarjt",
                        "name": "Gabriela SZABO",
                        "iaafId": 62935,
                        "urlSlug": "romania/gabriela-szabo-014295963",
                        "birthDate": "14 NOV 1975",
                        "hasProfile": true,
                        "__typename": "CalendarResultsCompetitor"
                      },
                      "mark": "14:57.68",
                      "nationality": "ROU",
                      "place": "1.",
                      "points": null,
                      "qualified": null,
                      "records": "",
                      "wind": null,
                      "remark": null,
                      "details": null,
                      "__typename": "CalendarResultsRaceResult"
                    },
                    {
                      "competitor": {
                        "teamMembers": null,
                        "id": "oxp579m2xchi1wtu0rxm",
                        "name": "Roberta BRUNET",
                        "iaafId": 60235,
                        "urlSlug": "italy/roberta-brunet-014283896",
                        "birthDate": "20 MAY 1965",
                        "hasProfile": true,
                        "__typename": "CalendarResultsCompetitor"
                      },
                      "mark": "14:58.29",
                      "nationality": "ITA",
                      "place": "2.",
                      "points": null,
                      "qualified": null,
                      "records": "",
                      "wind": null,
                      "remark": null,
                      "details": null,
                      "__typename": "CalendarResultsRaceResult"
                    },
                    {
                      "competitor": {
                        "teamMembers": null,
                        "id": "kccg7t74k9btfepp93nr4",
                        "name": "Fernanda RIBEIRO",
                        "iaafId": 61588,
                        "urlSlug": "portugal/fernanda-ribeiro-014295050",
                        "birthDate": "23 JUN 1969",
                        "hasProfile": true,
                        "__typename": "CalendarResultsCompetitor"
                      },
                      "mark": "14:58.85",
                      "nationality": "POR",
                      "place": "3.",
                      "points": null,
                      "qualified": null,
                      "records": "",
                      "wind": null,
                      "remark": null,
                      "details": null,
                      "__typename": "CalendarResultsRaceResult"
                    },
                    {
                      "competitor": {
                        "teamMembers": null,
                        "id": "sur1s2ohrcp9tks7fs3j2",
                        "name": "Paula RADCLIFFE",
                        "iaafId": 62914,
                        "urlSlug": "great-britain-ni/paula-radcliffe-014276130",
                        "birthDate": "17 DEC 1973",
                        "hasProfile": true,
                        "__typename": "CalendarResultsCompetitor"
                      },
                      "mark": "15:01.74",
                      "nationality": "GBR",
                      "place": "4.",
                      "points": null,
                      "qualified": null,
                      "records": "",
                      "wind": null,
                      "remark": null,
                      "details": null,
                      "__typename": "CalendarResultsRaceResult"
                    },
                    {
                      "competitor": {
                        "teamMembers": null,
                        "id": "10mx9jvkxchh2ip3u8esmy8",
                        "name": "Lydia CHEROMEI",
                        "iaafId": 62433,
                        "urlSlug": "kenya/lydia-cheromei-014288949",
                        "birthDate": "11 MAY 1977",
                        "hasProfile": true,
                        "__typename": "CalendarResultsCompetitor"
                      },
                      "mark": "15:07.88",
                      "nationality": "KEN",
                      "place": "5.",
                      "points": null,
                      "qualified": null,
                      "records": "",
                      "wind": null,
                      "remark": null,
                      "details": null,
                      "__typename": "CalendarResultsRaceResult"
                    },
                    {
                      "competitor": {
                        "teamMembers": null,
                        "id": "g6ug1i5nbd9sq882hvqel",
                        "name": "Jianying LIU",
                        "iaafId": 70235,
                        "urlSlug": "pr-of-china/jianying-liu-014265801",
                        "birthDate": "17 OCT 1970",
                        "hasProfile": true,
                        "__typename": "CalendarResultsCompetitor"
                      },
                      "mark": "15:10.64",
                      "nationality": "CHN",
                      "place": "6.",
                      "points": null,
                      "qualified": null,
                      "records": "",
                      "wind": null,
                      "remark": null,
                      "details": null,
                      "__typename": "CalendarResultsRaceResult"
                    },
                    {
                      "competitor": {
                        "teamMembers": null,
                        "id": "t3y27h1ytproowdyisywm",
                        "name": "Libbie JOHNSON-HICKMAN",
                        "iaafId": 71430,
                        "urlSlug": "united-states/libbie-johnson-hickman-014313837",
                        "birthDate": "17 FEB 1965",
                        "hasProfile": true,
                        "__typename": "CalendarResultsCompetitor"
                      },
                      "mark": "15:11.15",
                      "nationality": "USA",
                      "place": "7.",
                      "points": null,
                      "qualified": null,
                      "records": "",
                      "wind": null,
                      "remark": null,
                      "details": null,
                      "__typename": "CalendarResultsRaceResult"
                    },
                    {
                      "competitor": {
                        "teamMembers": null,
                        "id": "h0vu3944k7r4t3v0yzdpoi",
                        "name": "Harumi HIROYAMA-SUZUKI",
                        "iaafId": 67942,
                        "urlSlug": "japan/harumi-hiroyama-suzuki-014286397",
                        "birthDate": "02 SEP 1968",
                        "hasProfile": true,
                        "__typename": "CalendarResultsCompetitor"
                      },
                      "mark": "15:21.19",
                      "nationality": "JPN",
                      "place": "8.",
                      "points": null,
                      "qualified": null,
                      "records": "",
                      "wind": null,
                      "remark": null,
                      "details": null,
                      "__typename": "CalendarResultsRaceResult"
                    },
                    {
                      "competitor": {
                        "teamMembers": null,
                        "id": "36rr833sc14be232kzje0m",
                        "name": "Wei LI",
                        "iaafId": 70239,
                        "urlSlug": "pr-of-china/wei-li-014265959",
                        "birthDate": "29 JUN 1972",
                        "hasProfile": true,
                        "__typename": "CalendarResultsCompetitor"
                      },
                      "mark": "15:24.04",
                      "nationality": "CHN",
                      "place": "9.",
                      "points": null,
                      "qualified": null,
                      "records": "",
                      "wind": null,
                      "remark": null,
                      "details": null,
                      "__typename": "CalendarResultsRaceResult"
                    },
                    {
                      "competitor": {
                        "teamMembers": null,
                        "id": "kbg4quk0def7ia4o4feyqg",
                        "name": "Merima DENBOBA",
                        "iaafId": 70403,
                        "urlSlug": "ethiopia/merima-denboba-014259878",
                        "birthDate": "21 AUG 1974",
                        "hasProfile": true,
                        "__typename": "CalendarResultsCompetitor"
                      },
                      "mark": "15:27.76",
                      "nationality": "ETH",
                      "place": "10.",
                      "points": null,
                      "qualified": null,
                      "records": "",
                      "wind": null,
                      "remark": null,
                      "details": null,
                      "__typename": "CalendarResultsRaceResult"
                    },
                    {
                      "competitor": {
                        "teamMembers": null,
                        "id": "yfjr5b2yctsd87otiaued",
                        "name": "Kate ANDERSON-RICHARDSON",
                        "iaafId": 70026,
                        "urlSlug": "australia/kate-anderson-richardson-14272510",
                        "birthDate": "05 NOV 1973",
                        "hasProfile": true,
                        "__typename": "CalendarResultsCompetitor"
                      },
                      "mark": "15:27.78",
                      "nationality": "AUS",
                      "place": "11.",
                      "points": null,
                      "qualified": null,
                      "records": "",
                      "wind": null,
                      "remark": null,
                      "details": null,
                      "__typename": "CalendarResultsRaceResult"
                    },
                    {
                      "competitor": {
                        "teamMembers": null,
                        "id": "qvd41gxnskihh32vi446ui",
                        "name": "Ayelech WORKU",
                        "iaafId": 115307,
                        "urlSlug": "ethiopia/ayelech-worku-014259699",
                        "birthDate": "12 JUN 1979",
                        "hasProfile": true,
                        "__typename": "CalendarResultsCompetitor"
                      },
                      "mark": "15:28.07",
                      "nationality": "ETH",
                      "place": "12.",
                      "points": null,
                      "qualified": null,
                      "records": "",
                      "wind": null,
                      "remark": null,
                      "details": null,
                      "__typename": "CalendarResultsRaceResult"
                    },
                    {
                      "competitor": {
                        "teamMembers": null,
                        "id": "icr4ak4ctae3nk9hmu8j6k",
                        "name": "Naoko TAKAHASHI",
                        "iaafId": 115555,
                        "urlSlug": "japan/naoko-takahashi-014288024",
                        "birthDate": "06 MAY 1972",
                        "hasProfile": true,
                        "__typename": "CalendarResultsCompetitor"
                      },
                      "mark": "15:32.83",
                      "nationality": "JPN",
                      "place": "13.",
                      "points": null,
                      "qualified": null,
                      "records": "",
                      "wind": null,
                      "remark": null,
                      "details": null,
                      "__typename": "CalendarResultsRaceResult"
                    },
                    {
                      "competitor": {
                        "teamMembers": null,
                        "id": "5jlqb9ysermx3g958kuqjq",
                        "name": "Gunhild HALLE-HAUGEN",
                        "iaafId": 68424,
                        "urlSlug": "norway/gunhild-halle-haugen-014292639",
                        "birthDate": "01 JUN 1972",
                        "hasProfile": true,
                        "__typename": "CalendarResultsCompetitor"
                      },
                      "mark": "15:37.85",
                      "nationality": "NOR",
                      "place": "14.",
                      "points": null,
                      "qualified": null,
                      "records": "",
                      "wind": null,
                      "remark": null,
                      "details": null,
                      "__typename": "CalendarResultsRaceResult"
                    },
                    {
                      "competitor": {
                        "teamMembers": null,
                        "id": "0z1wsocbubspbw4syjh39fc",
                        "name": "Yuko KAWAKAMI",
                        "iaafId": 115267,
                        "urlSlug": "japan/yuko-kawakami-014286746",
                        "birthDate": "01 AUG 1975",
                        "hasProfile": true,
                        "__typename": "CalendarResultsCompetitor"
                      },
                      "mark": "15:45.48",
                      "nationality": "JPN",
                      "place": "15.",
                      "points": null,
                      "qualified": null,
                      "records": "",
                      "wind": null,
                      "remark": null,
                      "details": null,
                      "__typename": "CalendarResultsRaceResult"
                    }
                  ],
                  "startList": null,
                  "wind": null,
                  "__typename": "CalendarResultsRace"
                },
                {
                  "date": "1997-08-07",
                  "day": 7,
                  "race": "Round 1 - Heat",
                  "raceId": 11,
                  "raceNumber": 0,
                  "results": [
                    {
                      "competitor": {
                        "teamMembers": null,
                        "id": "pop91h9jhqavy5fepvtb6",
                        "name": "Maysaa Hussein MATROOD",
                        "iaafId": 130463,
                        "urlSlug": "iraq/maysaa-hussein-matrood-014283413",
                        "birthDate": "28 DEC 1977",
                        "hasProfile": true,
                        "__typename": "CalendarResultsCompetitor"
                      },
                      "mark": "DNS",
                      "nationality": "IRQ",
                      "place": "",
                      "points": null,
                      "qualified": null,
                      "records": "",
                      "wind": null,
                      "remark": null,
                      "details": null,
                      "__typename": "CalendarResultsRaceResult"
                    },
                    {
                      "competitor": {
                        "teamMembers": null,
                        "id": "j77rcbct6h1jin87odmhz",
                        "name": "Elana MEYER",
                        "iaafId": 63297,
                        "urlSlug": "south-africa/elana-meyer-014296630",
                        "birthDate": "10 OCT 1966",
                        "hasProfile": true,
                        "__typename": "CalendarResultsCompetitor"
                      },
                      "mark": "DNS",
                      "nationality": "RSA",
                      "place": "",
                      "points": null,
                      "qualified": null,
                      "records": "",
                      "wind": null,
                      "remark": null,
                      "details": null,
                      "__typename": "CalendarResultsRaceResult"
                    }
                  ],
                  "startList": null,
                  "wind": null,
                  "__typename": "CalendarResultsRace"
                },
                {
                  "date": "1997-08-07",
                  "day": 7,
                  "race": "Round 1 - Heat",
                  "raceId": 11,
                  "raceNumber": 1,
                  "results": [
                    {
                      "competitor": {
                        "teamMembers": null,
                        "id": "snwrfgzyb7apsxgj9cdrzl",
                        "name": "Gabriela SZABO",
                        "iaafId": 62935,
                        "urlSlug": "romania/gabriela-szabo-014295963",
                        "birthDate": "14 NOV 1975",
                        "hasProfile": true,
                        "__typename": "CalendarResultsCompetitor"
                      },
                      "mark": "15:26.62",
                      "nationality": "ROU",
                      "place": "1.",
                      "points": null,
                      "qualified": null,
                      "records": "",
                      "wind": null,
                      "remark": null,
                      "details": null,
                      "__typename": "CalendarResultsRaceResult"
                    },
                    {
                      "competitor": {
                        "teamMembers": null,
                        "id": "s61qejz6znlocdxlqtajyl",
                        "name": "Paula RADCLIFFE",
                        "iaafId": 62914,
                        "urlSlug": "great-britain-ni/paula-radcliffe-014276130",
                        "birthDate": "17 DEC 1973",
                        "hasProfile": true,
                        "__typename": "CalendarResultsCompetitor"
                      },
                      "mark": "15:27.25",
                      "nationality": "GBR",
                      "place": "2.",
                      "points": null,
                      "qualified": null,
                      "records": "",
                      "wind": null,
                      "remark": null,
                      "details": null,
                      "__typename": "CalendarResultsRaceResult"
                    },
                    {
                      "competitor": {
                        "teamMembers": null,
                        "id": "12jqmh6huexrtqcbn7xrhzm",
                        "name": "Harumi HIROYAMA-SUZUKI",
                        "iaafId": 67942,
                        "urlSlug": "japan/harumi-hiroyama-suzuki-014286397",
                        "birthDate": "02 SEP 1968",
                        "hasProfile": true,
                        "__typename": "CalendarResultsCompetitor"
                      },
                      "mark": "15:27.75",
                      "nationality": "JPN",
                      "place": "3.",
                      "points": null,
                      "qualified": null,
                      "records": "",
                      "wind": null,
                      "remark": null,
                      "details": null,
                      "__typename": "CalendarResultsRaceResult"
                    },
                    {
                      "competitor": {
                        "teamMembers": null,
                        "id": "w4sicq3je4cv9o001yzgy",
                        "name": "Roberta BRUNET",
                        "iaafId": 60235,
                        "urlSlug": "italy/roberta-brunet-014283896",
                        "birthDate": "20 MAY 1965",
                        "hasProfile": true,
                        "__typename": "CalendarResultsCompetitor"
                      },
                      "mark": "15:29.03",
                      "nationality": "ITA",
                      "place": "4.",
                      "points": null,
                      "qualified": null,
                      "records": "",
                      "wind": null,
                      "remark": null,
                      "details": null,
                      "__typename": "CalendarResultsRaceResult"
                    },
                    {
                      "competitor": {
                        "teamMembers": null,
                        "id": "q7dbunj07jl15n25gn2gky",
                        "name": "Ayelech WORKU",
                        "iaafId": 115307,
                        "urlSlug": "ethiopia/ayelech-worku-014259699",
                        "birthDate": "12 JUN 1979",
                        "hasProfile": true,
                        "__typename": "CalendarResultsCompetitor"
                      },
                      "mark": "15:29.37",
                      "nationality": "ETH",
                      "place": "5.",
                      "points": null,
                      "qualified": null,
                      "records": "",
                      "wind": null,
                      "remark": null,
                      "details": null,
                      "__typename": "CalendarResultsRaceResult"
                    },
                    {
                      "competitor": {
                        "teamMembers": null,
                        "id": "ldn4fvqeg23ibfjra8sya",
                        "name": "Wei LI",
                        "iaafId": 70239,
                        "urlSlug": "pr-of-china/wei-li-014265959",
                        "birthDate": "29 JUN 1972",
                        "hasProfile": true,
                        "__typename": "CalendarResultsCompetitor"
                      },
                      "mark": "15:29.62",
                      "nationality": "CHN",
                      "place": "6.",
                      "points": null,
                      "qualified": null,
                      "records": "",
                      "wind": null,
                      "remark": null,
                      "details": null,
                      "__typename": "CalendarResultsRaceResult"
                    },
                    {
                      "competitor": {
                        "teamMembers": null,
                        "id": "dze1eat1jp5o6f7hfbvqw",
                        "name": "Libbie JOHNSON-HICKMAN",
                        "iaafId": 71430,
                        "urlSlug": "united-states/libbie-johnson-hickman-014313837",
                        "birthDate": "17 FEB 1965",
                        "hasProfile": true,
                        "__typename": "CalendarResultsCompetitor"
                      },
                      "mark": "15:30.56",
                      "nationality": "USA",
                      "place": "7.",
                      "points": null,
                      "qualified": null,
                      "records": "",
                      "wind": null,
                      "remark": null,
                      "details": null,
                      "__typename": "CalendarResultsRaceResult"
                    },
                    {
                      "competitor": {
                        "teamMembers": null,
                        "id": "qckznt3cy58185lpnkflu",
                        "name": "Gunhild HALLE-HAUGEN",
                        "iaafId": 68424,
                        "urlSlug": "norway/gunhild-halle-haugen-014292639",
                        "birthDate": "01 JUN 1972",
                        "hasProfile": true,
                        "__typename": "CalendarResultsCompetitor"
                      },
                      "mark": "15:32.13",
                      "nationality": "NOR",
                      "place": "8.",
                      "points": null,
                      "qualified": null,
                      "records": "",
                      "wind": null,
                      "remark": null,
                      "details": null,
                      "__typename": "CalendarResultsRaceResult"
                    },
                    {
                      "competitor": {
                        "teamMembers": null,
                        "id": "hf3bflq6mph7gjxuh59giw",
                        "name": "Kate ANDERSON-RICHARDSON",
                        "iaafId": 70026,
                        "urlSlug": "australia/kate-anderson-richardson-14272510",
                        "birthDate": "05 NOV 1973",
                        "hasProfile": true,
                        "__typename": "CalendarResultsCompetitor"
                      },
                      "mark": "15:36.16",
                      "nationality": "AUS",
                      "place": "9.",
                      "points": null,
                      "qualified": null,
                      "records": "",
                      "wind": null,
                      "remark": null,
                      "details": null,
                      "__typename": "CalendarResultsRaceResult"
                    },
                    {
                      "competitor": {
                        "teamMembers": null,
                        "id": "0vou6fpwbqv8cnpjlt7wi8g",
                        "name": "Yelena KOPYTOVA",
                        "iaafId": 68053,
                        "urlSlug": "turkey/ebru-kavaklioglu-014303283",
                        "birthDate": "14 MAR 1970",
                        "hasProfile": true,
                        "__typename": "CalendarResultsCompetitor"
                      },
                      "mark": "15:37.19",
                      "nationality": "RUS",
                      "place": "10.",
                      "points": null,
                      "qualified": null,
                      "records": "",
                      "wind": null,
                      "remark": null,
                      "details": null,
                      "__typename": "CalendarResultsRaceResult"
                    },
                    {
                      "competitor": {
                        "teamMembers": null,
                        "id": "8gv83wubje5c3y92vymy4",
                        "name": "Adriana FERN\u00c1NDEZ MIRANDA",
                        "iaafId": 76255,
                        "urlSlug": "mexico/adriana-fernandez-miranda-014291056",
                        "birthDate": "04 APR 1971",
                        "hasProfile": true,
                        "__typename": "CalendarResultsCompetitor"
                      },
                      "mark": "15:41.55",
                      "nationality": "MEX",
                      "place": "11.",
                      "points": null,
                      "qualified": null,
                      "records": "",
                      "wind": null,
                      "remark": null,
                      "details": null,
                      "__typename": "CalendarResultsRaceResult"
                    },
                    {
                      "competitor": {
                        "teamMembers": null,
                        "id": "sk4b5oegvk8pv0j4h1",
                        "name": "Melody FAIRCHILD",
                        "iaafId": 71315,
                        "urlSlug": "united-states/melody-fairchild-014309875",
                        "birthDate": "10 SEP 1973",
                        "hasProfile": true,
                        "__typename": "CalendarResultsCompetitor"
                      },
                      "mark": "15:47.66",
                      "nationality": "USA",
                      "place": "12.",
                      "points": null,
                      "qualified": null,
                      "records": "",
                      "wind": null,
                      "remark": null,
                      "details": null,
                      "__typename": "CalendarResultsRaceResult"
                    },
                    {
                      "competitor": {
                        "teamMembers": null,
                        "id": "aneuvzgm04c1yfjc9ivtkb",
                        "name": "Marina BASTOS",
                        "iaafId": 60129,
                        "urlSlug": "portugal/marina-bastos-014295067",
                        "birthDate": "07 JUL 1971",
                        "hasProfile": true,
                        "__typename": "CalendarResultsCompetitor"
                      },
                      "mark": "15:54.01",
                      "nationality": "POR",
                      "place": "13.",
                      "points": null,
                      "qualified": null,
                      "records": "",
                      "wind": null,
                      "remark": null,
                      "details": null,
                      "__typename": "CalendarResultsRaceResult"
                    },
                    {
                      "competitor": {
                        "teamMembers": null,
                        "id": "rc4l8akb0hfx9o53h55rs",
                        "name": "Valerie VAUGHAN",
                        "iaafId": 70806,
                        "urlSlug": "ireland/valerie-vaughan-014283399",
                        "birthDate": "01 NOV 1966",
                        "hasProfile": true,
                        "__typename": "CalendarResultsCompetitor"
                      },
                      "mark": "15:57.58",
                      "nationality": "IRL",
                      "place": "14.",
                      "points": null,
                      "qualified": null,
                      "records": "",
                      "wind": null,
                      "remark": null,
                      "details": null,
                      "__typename": "CalendarResultsRaceResult"
                    },
                    {
                      "competitor": {
                        "teamMembers": null,
                        "id": "la0puw64hgfsmvxpo3z4sa",
                        "name": "Zahra OUAZIZ",
                        "iaafId": 68012,
                        "urlSlug": "morocco/zahra-ouaziz-014290750",
                        "birthDate": "20 DEC 1969",
                        "hasProfile": true,
                        "__typename": "CalendarResultsCompetitor"
                      },
                      "mark": "15:58.84",
                      "nationality": "MAR",
                      "place": "15.",
                      "points": null,
                      "qualified": null,
                      "records": "",
                      "wind": null,
                      "remark": null,
                      "details": null,
                      "__typename": "CalendarResultsRaceResult"
                    },
                    {
                      "competitor": {
                        "teamMembers": null,
                        "id": "qt9d162ffi8mzo8o3z9bj",
                        "name": "Gennet GEBRE GEORGIS",
                        "iaafId": 70407,
                        "urlSlug": "ethiopia/gennet-gebre-georgis-014259849",
                        "birthDate": "05 JAN 1977",
                        "hasProfile": true,
                        "__typename": "CalendarResultsCompetitor"
                      },
                      "mark": "16:04.40",
                      "nationality": "ETH",
                      "place": "16.",
                      "points": null,
                      "qualified": null,
                      "records": "",
                      "wind": null,
                      "remark": null,
                      "details": null,
                      "__typename": "CalendarResultsRaceResult"
                    },
                    {
                      "competitor": {
                        "teamMembers": null,
                        "id": "4uhm6kblafg2b69znl1afu",
                        "name": "Laurence DUQUENOY",
                        "iaafId": 75062,
                        "urlSlug": "france/laurence-duquenoy-014257654",
                        "birthDate": "29 SEP 1969",
                        "hasProfile": true,
                        "__typename": "CalendarResultsCompetitor"
                      },
                      "mark": "16:06.02",
                      "nationality": "FRA",
                      "place": "17.",
                      "points": null,
                      "qualified": null,
                      "records": "",
                      "wind": null,
                      "remark": null,
                      "details": null,
                      "__typename": "CalendarResultsRaceResult"
                    },
                    {
                      "competitor": {
                        "teamMembers": null,
                        "id": "lsh07txy37fv6upy27p1q",
                        "name": "Justine NAHIMANA",
                        "iaafId": 130321,
                        "urlSlug": "burundi/justine-nahimana-014270530",
                        "birthDate": "06 AUG 1979",
                        "hasProfile": true,
                        "__typename": "CalendarResultsCompetitor"
                      },
                      "mark": "17:21.77",
                      "nationality": "BDI",
                      "place": "18.",
                      "points": null,
                      "qualified": null,
                      "records": "",
                      "wind": null,
                      "remark": null,
                      "details": null,
                      "__typename": "CalendarResultsRaceResult"
                    },
                    {
                      "competitor": {
                        "teamMembers": null,
                        "id": "atw1ue8q2u98m9p106utr",
                        "name": "Nebiat HABTEMARIAM",
                        "iaafId": 130344,
                        "urlSlug": "eritrea/nebiat-habtemariam-014262204",
                        "birthDate": "29 DEC 1978",
                        "hasProfile": true,
                        "__typename": "CalendarResultsCompetitor"
                      },
                      "mark": "18:26.50",
                      "nationality": "ERI",
                      "place": "19.",
                      "points": null,
                      "qualified": null,
                      "records": "",
                      "wind": null,
                      "remark": null,
                      "details": null,
                      "__typename": "CalendarResultsRaceResult"
                    },
                    {
                      "competitor": {
                        "teamMembers": null,
                        "id": "6dlx937pov6ksfllsyc6j",
                        "name": "Zalia ALIOU BOUKARY",
                        "iaafId": 130034,
                        "urlSlug": "togo/zalia-aliou-boukary-014302770",
                        "birthDate": "1979",
                        "hasProfile": true,
                        "__typename": "CalendarResultsCompetitor"
                      },
                      "mark": "18:34.45",
                      "nationality": "TOG",
                      "place": "20.",
                      "points": null,
                      "qualified": null,
                      "records": "",
                      "wind": null,
                      "remark": null,
                      "details": null,
                      "__typename": "CalendarResultsRaceResult"
                    },
                    {
                      "competitor": {
                        "teamMembers": null,
                        "id": "9spuz33gsijc4yees12e4",
                        "name": "Martha PORTOBLANCO",
                        "iaafId": 68094,
                        "urlSlug": "nicaragua/martha-portoblanco-014560645",
                        "birthDate": "29 JAN 1971",
                        "hasProfile": true,
                        "__typename": "CalendarResultsCompetitor"
                      },
                      "mark": "19:08.44",
                      "nationality": "NCA",
                      "place": "21.",
                      "points": null,
                      "qualified": null,
                      "records": "",
                      "wind": null,
                      "remark": null,
                      "details": null,
                      "__typename": "CalendarResultsRaceResult"
                    }
                  ],
                  "startList": null,
                  "wind": null,
                  "__typename": "CalendarResultsRace"
                },
                {
                  "date": "1997-08-07",
                  "day": 7,
                  "race": "Round 1 - Heat",
                  "raceId": 11,
                  "raceNumber": 2,
                  "results": [
                    {
                      "competitor": {
                        "teamMembers": null,
                        "id": "ix0ad5md3sig0xbmuehyi4",
                        "name": "Fernanda RIBEIRO",
                        "iaafId": 61588,
                        "urlSlug": "portugal/fernanda-ribeiro-014295050",
                        "birthDate": "23 JUN 1969",
                        "hasProfile": true,
                        "__typename": "CalendarResultsCompetitor"
                      },
                      "mark": "15:27.30",
                      "nationality": "POR",
                      "place": "1.",
                      "points": null,
                      "qualified": null,
                      "records": "",
                      "wind": null,
                      "remark": null,
                      "details": null,
                      "__typename": "CalendarResultsRaceResult"
                    },
                    {
                      "competitor": {
                        "teamMembers": null,
                        "id": "qp56l8ciro9f5eiynphiye",
                        "name": "Jianying LIU",
                        "iaafId": 70235,
                        "urlSlug": "pr-of-china/jianying-liu-014265801",
                        "birthDate": "17 OCT 1970",
                        "hasProfile": true,
                        "__typename": "CalendarResultsCompetitor"
                      },
                      "mark": "15:29.28",
                      "nationality": "CHN",
                      "place": "2.",
                      "points": null,
                      "qualified": null,
                      "records": "",
                      "wind": null,
                      "remark": null,
                      "details": null,
                      "__typename": "CalendarResultsRaceResult"
                    },
                    {
                      "competitor": {
                        "teamMembers": null,
                        "id": "v1ox65epts82xj696g91",
                        "name": "Lydia CHEROMEI",
                        "iaafId": 62433,
                        "urlSlug": "kenya/lydia-cheromei-014288949",
                        "birthDate": "11 MAY 1977",
                        "hasProfile": true,
                        "__typename": "CalendarResultsCompetitor"
                      },
                      "mark": "15:32.00",
                      "nationality": "KEN",
                      "place": "3.",
                      "points": null,
                      "qualified": null,
                      "records": "",
                      "wind": null,
                      "remark": null,
                      "details": null,
                      "__typename": "CalendarResultsRaceResult"
                    },
                    {
                      "competitor": {
                        "teamMembers": null,
                        "id": "r0pcux7472mg7vldm9o2bf",
                        "name": "Merima DENBOBA",
                        "iaafId": 70403,
                        "urlSlug": "ethiopia/merima-denboba-014259878",
                        "birthDate": "21 AUG 1974",
                        "hasProfile": true,
                        "__typename": "CalendarResultsCompetitor"
                      },
                      "mark": "15:32.01",
                      "nationality": "ETH",
                      "place": "4.",
                      "points": null,
                      "qualified": null,
                      "records": "",
                      "wind": null,
                      "remark": null,
                      "details": null,
                      "__typename": "CalendarResultsRaceResult"
                    },
                    {
                      "competitor": {
                        "teamMembers": null,
                        "id": "1ykaozdusbfea6keziq8fj",
                        "name": "Naoko TAKAHASHI",
                        "iaafId": 115555,
                        "urlSlug": "japan/naoko-takahashi-014288024",
                        "birthDate": "06 MAY 1972",
                        "hasProfile": true,
                        "__typename": "CalendarResultsCompetitor"
                      },
                      "mark": "15:32.25",
                      "nationality": "JPN",
                      "place": "5.",
                      "points": null,
                      "qualified": null,
                      "records": "",
                      "wind": null,
                      "remark": null,
                      "details": null,
                      "__typename": "CalendarResultsRaceResult"
                    },
                    {
                      "competitor": {
                        "teamMembers": null,
                        "id": "shakmm46k3p72mpq2m5xh",
                        "name": "Yuko KAWAKAMI",
                        "iaafId": 115267,
                        "urlSlug": "japan/yuko-kawakami-014286746",
                        "birthDate": "01 AUG 1975",
                        "hasProfile": true,
                        "__typename": "CalendarResultsCompetitor"
                      },
                      "mark": "15:32.71",
                      "nationality": "JPN",
                      "place": "6.",
                      "points": null,
                      "qualified": null,
                      "records": "",
                      "wind": null,
                      "remark": null,
                      "details": null,
                      "__typename": "CalendarResultsRaceResult"
                    },
                    {
                      "competitor": {
                        "teamMembers": null,
                        "id": "qhfaaunzgbpiv808tmtslf",
                        "name": "Sonia O'SULLIVAN",
                        "iaafId": 61397,
                        "urlSlug": "ireland/sonia-osullivan-014283351",
                        "birthDate": "28 NOV 1969",
                        "hasProfile": true,
                        "__typename": "CalendarResultsCompetitor"
                      },
                      "mark": "15:40.82",
                      "nationality": "IRL",
                      "place": "7.",
                      "points": null,
                      "qualified": null,
                      "records": "",
                      "wind": null,
                      "remark": null,
                      "details": null,
                      "__typename": "CalendarResultsRaceResult"
                    },
                    {
                      "competitor": {
                        "teamMembers": null,
                        "id": "o5reo2jv3gnxdrev7s1ja",
                        "name": "Stela OLTEANU",
                        "iaafId": 115465,
                        "urlSlug": "romania/stela-olteanu-014295809",
                        "birthDate": "25 FEB 1972",
                        "hasProfile": true,
                        "__typename": "CalendarResultsCompetitor"
                      },
                      "mark": "15:40.86",
                      "nationality": "ROU",
                      "place": "8.",
                      "points": null,
                      "qualified": null,
                      "records": "",
                      "wind": null,
                      "remark": null,
                      "details": null,
                      "__typename": "CalendarResultsRaceResult"
                    },
                    {
                      "competitor": {
                        "teamMembers": null,
                        "id": "mov9d5abhhpdgc3u1dcnsg",
                        "name": "Olivera JEVTI\u0106",
                        "iaafId": 76257,
                        "urlSlug": "serbia/olivera-jevtic-014300350",
                        "birthDate": "24 JUL 1977",
                        "hasProfile": true,
                        "__typename": "CalendarResultsCompetitor"
                      },
                      "mark": "15:43.76",
                      "nationality": "YUG",
                      "place": "9.",
                      "points": null,
                      "qualified": null,
                      "records": "",
                      "wind": null,
                      "remark": null,
                      "details": null,
                      "__typename": "CalendarResultsRaceResult"
                    },
                    {
                      "competitor": {
                        "teamMembers": null,
                        "id": "v6ic14iljpnxvw9vy7it",
                        "name": "Chrysostomia IAKOVOU",
                        "iaafId": 76253,
                        "urlSlug": "greece/chrysostomia-iakovou-014280644",
                        "birthDate": "09 APR 1971",
                        "hasProfile": true,
                        "__typename": "CalendarResultsCompetitor"
                      },
                      "mark": "15:51.14",
                      "nationality": "GRE",
                      "place": "10.",
                      "points": null,
                      "qualified": null,
                      "records": "",
                      "wind": null,
                      "remark": null,
                      "details": null,
                      "__typename": "CalendarResultsRaceResult"
                    },
                    {
                      "competitor": {
                        "teamMembers": null,
                        "id": "pil7vp6n4u95fro7et66oc",
                        "name": "Restituta JOSEPH KEMI",
                        "iaafId": 115231,
                        "urlSlug": "tanzania/restituta-joseph-kemi-014302608",
                        "birthDate": "30 JUL 1971",
                        "hasProfile": true,
                        "__typename": "CalendarResultsCompetitor"
                      },
                      "mark": "15:55.22",
                      "nationality": "TAN",
                      "place": "11.",
                      "points": null,
                      "qualified": null,
                      "records": "",
                      "wind": null,
                      "remark": null,
                      "details": null,
                      "__typename": "CalendarResultsRaceResult"
                    },
                    {
                      "competitor": {
                        "teamMembers": null,
                        "id": "15zn3l2buqlxsotn65ovgg",
                        "name": "Amy RUDOLPH",
                        "iaafId": 81061,
                        "urlSlug": "united-states/amy-rudolph-014320356",
                        "birthDate": "18 SEP 1973",
                        "hasProfile": true,
                        "__typename": "CalendarResultsCompetitor"
                      },
                      "mark": "16:00.87",
                      "nationality": "USA",
                      "place": "12.",
                      "points": null,
                      "qualified": null,
                      "records": "",
                      "wind": null,
                      "remark": null,
                      "details": null,
                      "__typename": "CalendarResultsRaceResult"
                    },
                    {
                      "competitor": {
                        "teamMembers": null,
                        "id": "5jf0o26jaeyq8szxnada6",
                        "name": "Una ENGLISH",
                        "iaafId": 81073,
                        "urlSlug": "ireland/una-english-014283204",
                        "birthDate": "14 AUG 1970",
                        "hasProfile": true,
                        "__typename": "CalendarResultsCompetitor"
                      },
                      "mark": "16:07.09",
                      "nationality": "IRL",
                      "place": "13.",
                      "points": null,
                      "qualified": null,
                      "records": "",
                      "wind": null,
                      "remark": null,
                      "details": null,
                      "__typename": "CalendarResultsRaceResult"
                    },
                    {
                      "competitor": {
                        "teamMembers": null,
                        "id": "0kxuxgrn3v3o013ldib4p",
                        "name": "Je\u013cena PROKOP\u010cUKA",
                        "iaafId": 173460,
                        "urlSlug": "latvia/jelena-prokopcuka-14289965",
                        "birthDate": "21 SEP 1976",
                        "hasProfile": true,
                        "__typename": "CalendarResultsCompetitor"
                      },
                      "mark": "16:27.63",
                      "nationality": "LAT",
                      "place": "14.",
                      "points": null,
                      "qualified": null,
                      "records": "",
                      "wind": null,
                      "remark": null,
                      "details": null,
                      "__typename": "CalendarResultsRaceResult"
                    },
                    {
                      "competitor": {
                        "teamMembers": null,
                        "id": "7k54pwuzif3c0z5upe0iur",
                        "name": "Helena JAVORNIK",
                        "iaafId": 67329,
                        "urlSlug": "slovenia/helena-javornik-014300140",
                        "birthDate": "26 MAR 1966",
                        "hasProfile": true,
                        "__typename": "CalendarResultsCompetitor"
                      },
                      "mark": "16:28.38",
                      "nationality": "SLO",
                      "place": "15.",
                      "points": null,
                      "qualified": null,
                      "records": "",
                      "wind": null,
                      "remark": null,
                      "details": null,
                      "__typename": "CalendarResultsRaceResult"
                    },
                    {
                      "competitor": {
                        "teamMembers": null,
                        "id": "8iw3gq6r3iu34kjg378ico",
                        "name": "Carol HOWE",
                        "iaafId": 130433,
                        "urlSlug": "canada/carol-howe-014267846",
                        "birthDate": "08 DEC 1965",
                        "hasProfile": true,
                        "__typename": "CalendarResultsCompetitor"
                      },
                      "mark": "DNS",
                      "nationality": "CAN",
                      "place": "",
                      "points": null,
                      "qualified": null,
                      "records": "",
                      "wind": null,
                      "remark": null,
                      "details": null,
                      "__typename": "CalendarResultsRaceResult"
                    },
                    {
                      "competitor": {
                        "teamMembers": null,
                        "id": "7qicxg3jkusfr8z87hj73n",
                        "name": "Anne HARE",
                        "iaafId": 63140,
                        "urlSlug": "new-zealand/anne-hare-014292993",
                        "birthDate": "07 JUN 1964",
                        "hasProfile": true,
                        "__typename": "CalendarResultsCompetitor"
                      },
                      "mark": "DNF",
                      "nationality": "NZL",
                      "place": "",
                      "points": null,
                      "qualified": null,
                      "records": "",
                      "wind": null,
                      "remark": null,
                      "details": null,
                      "__typename": "CalendarResultsRaceResult"
                    },
                    {
                      "competitor": {
                        "teamMembers": null,
                        "id": "prxos00v4204bio51muc95",
                        "name": "Annemari SANDELL",
                        "iaafId": 67856,
                        "urlSlug": "finland/annemari-kiekara-014259007",
                        "birthDate": "02 JAN 1977",
                        "hasProfile": true,
                        "__typename": "CalendarResultsCompetitor"
                      },
                      "mark": "DNS",
                      "nationality": "FIN",
                      "place": "",
                      "points": null,
                      "qualified": null,
                      "records": "",
                      "wind": null,
                      "remark": null,
                      "details": null,
                      "__typename": "CalendarResultsRaceResult"
                    },
                    {
                      "competitor": {
                        "teamMembers": null,
                        "id": "dsce354tmlkoxxr3tk65x",
                        "name": "Kristina DA FONSECA-WOLLHEIM",
                        "iaafId": 81047,
                        "urlSlug": "germany/kristina-da-fonseca-wollheim-014277306",
                        "birthDate": "10 FEB 1972",
                        "hasProfile": true,
                        "__typename": "CalendarResultsCompetitor"
                      },
                      "mark": "DNF",
                      "nationality": "GER",
                      "place": "",
                      "points": null,
                      "qualified": null,
                      "records": "",
                      "wind": null,
                      "remark": null,
                      "details": null,
                      "__typename": "CalendarResultsRaceResult"
                    }
                  ],
                  "startList": null,
                  "wind": null,
                  "__typename": "CalendarResultsRace"
                }
              ],
              "__typename": "CalendarResultsEvent"
            }
          ],
          "__typename": "CalendarResultsEventTitle"
        }
      ],
      "options": {
        "days": [
          {
            "date": "02 AUG 1997",
            "day": 2,
            "__typename": "CalendarResultsOptionsDay"
          },
          {
            "date": "03 AUG 1997",
            "day": 3,
            "__typename": "CalendarResultsOptionsDay"
          },
          {
            "date": "04 AUG 1997",
            "day": 4,
            "__typename": "CalendarResultsOptionsDay"
          },
          {
            "date": "05 AUG 1997",
            "day": 5,
            "__typename": "CalendarResultsOptionsDay"
          },
          {
            "date": "06 AUG 1997",
            "day": 6,
            "__typename": "CalendarResultsOptionsDay"
          },
          {
            "date": "07 AUG 1997",
            "day": 7,
            "__typename": "CalendarResultsOptionsDay"
          },
          {
            "date": "08 AUG 1997",
            "day": 8,
            "__typename": "CalendarResultsOptionsDay"
          },
          {
            "date": "09 AUG 1997",
            "day": 9,
            "__typename": "CalendarResultsOptionsDay"
          },
          {
            "date": "10 AUG 1997",
            "day": 10,
            "__typename": "CalendarResultsOptionsDay"
          }
        ],
        "events": [
          {
            "gender": "W",
            "id": 10229509,
            "name": "Women's 100 Metres",
            "combined": null,
            "__typename": "CalendarResultsOptionEvent"
          },
          {
            "gender": "W",
            "id": 10229510,
            "name": "Women's 200 Metres",
            "combined": null,
            "__typename": "CalendarResultsOptionEvent"
          },
          {
            "gender": "W",
            "id": 10229515,
            "name": "Women's 300 Metres",
            "combined": null,
            "__typename": "CalendarResultsOptionEvent"
          },
          {
            "gender": "W",
            "id": 10229511,
            "name": "Women's 400 Metres",
            "combined": null,
            "__typename": "CalendarResultsOptionEvent"
          },
          {
            "gender": "W",
            "id": 10229512,
            "name": "Women's 800 Metres",
            "combined": null,
            "__typename": "CalendarResultsOptionEvent"
          },
          {
            "gender": "W",
            "id": 10229513,
            "name": "Women's 1500 Metres",
            "combined": null,
            "__typename": "CalendarResultsOptionEvent"
          },
          {
            "gender": "W",
            "id": 10229514,
            "name": "Women's 5000 Metres",
            "combined": null,
            "__typename": "CalendarResultsOptionEvent"
          },
          {
            "gender": "W",
            "id": 10229521,
            "name": "Women's 10,000 Metres",
            "combined": null,
            "__typename": "CalendarResultsOptionEvent"
          },
          {
            "gender": "W",
            "id": 10229522,
            "name": "Women's 100 Metres Hurdles",
            "combined": null,
            "__typename": "CalendarResultsOptionEvent"
          },
          {
            "gender": "W",
            "id": 10229523,
            "name": "Women's 400 Metres Hurdles",
            "combined": null,
            "__typename": "CalendarResultsOptionEvent"
          },
          {
            "gender": "W",
            "id": 10229526,
            "name": "Women's High Jump",
            "combined": null,
            "__typename": "CalendarResultsOptionEvent"
          },
          {
            "gender": "W",
            "id": 10229528,
            "name": "Women's Long Jump",
            "combined": null,
            "__typename": "CalendarResultsOptionEvent"
          },
          {
            "gender": "W",
            "id": 10229529,
            "name": "Women's Triple Jump",
            "combined": null,
            "__typename": "CalendarResultsOptionEvent"
          },
          {
            "gender": "W",
            "id": 10229530,
            "name": "Women's Shot Put",
            "combined": null,
            "__typename": "CalendarResultsOptionEvent"
          },
          {
            "gender": "W",
            "id": 10229531,
            "name": "Women's Discus Throw",
            "combined": null,
            "__typename": "CalendarResultsOptionEvent"
          },
          {
            "gender": "W",
            "id": 10229596,
            "name": "Women's Javelin Throw (old)",
            "combined": null,
            "__typename": "CalendarResultsOptionEvent"
          },
          {
            "gender": "W",
            "id": 10229534,
            "name": "Women's Marathon",
            "combined": null,
            "__typename": "CalendarResultsOptionEvent"
          },
          {
            "gender": "W",
            "id": 10229639,
            "name": "Women's 10,000 Metres Race Walk",
            "combined": null,
            "__typename": "CalendarResultsOptionEvent"
          },
          {
            "gender": "W",
            "id": 10229536,
            "name": "Women's Heptathlon",
            "combined": true,
            "__typename": "CalendarResultsOptionEvent"
          },
          {
            "gender": "W",
            "id": 204594,
            "name": "Women's 4x100 Metres Relay",
            "combined": null,
            "__typename": "CalendarResultsOptionEvent"
          },
          {
            "gender": "W",
            "id": 204596,
            "name": "Women's 4x400 Metres Relay",
            "combined": null,
            "__typename": "CalendarResultsOptionEvent"
          },
          {
            "gender": "M",
            "id": 10229630,
            "name": "Men's 100 Metres",
            "combined": null,
            "__typename": "CalendarResultsOptionEvent"
          },
          {
            "gender": "M",
            "id": 10229605,
            "name": "Men's 200 Metres",
            "combined": null,
            "__typename": "CalendarResultsOptionEvent"
          },
          {
            "gender": "M",
            "id": 10229631,
            "name": "Men's 400 Metres",
            "combined": null,
            "__typename": "CalendarResultsOptionEvent"
          },
          {
            "gender": "M",
            "id": 10229501,
            "name": "Men's 800 Metres",
            "combined": null,
            "__typename": "CalendarResultsOptionEvent"
          },
          {
            "gender": "M",
            "id": 10229502,
            "name": "Men's 1500 Metres",
            "combined": null,
            "__typename": "CalendarResultsOptionEvent"
          },
          {
            "gender": "M",
            "id": 10229609,
            "name": "Men's 5000 Metres",
            "combined": null,
            "__typename": "CalendarResultsOptionEvent"
          },
          {
            "gender": "M",
            "id": 10229610,
            "name": "Men's 10,000 Metres",
            "combined": null,
            "__typename": "CalendarResultsOptionEvent"
          },
          {
            "gender": "M",
            "id": 10229611,
            "name": "Men's 110 Metres Hurdles",
            "combined": null,
            "__typename": "CalendarResultsOptionEvent"
          },
          {
            "gender": "M",
            "id": 10229612,
            "name": "Men's 400 Metres Hurdles",
            "combined": null,
            "__typename": "CalendarResultsOptionEvent"
          },
          {
            "gender": "M",
            "id": 10229614,
            "name": "Men's 3000 Metres Steeplechase",
            "combined": null,
            "__typename": "CalendarResultsOptionEvent"
          },
          {
            "gender": "M",
            "id": 10229615,
            "name": "Men's High Jump",
            "combined": null,
            "__typename": "CalendarResultsOptionEvent"
          },
          {
            "gender": "M",
            "id": 10229616,
            "name": "Men's Pole Vault",
            "combined": null,
            "__typename": "CalendarResultsOptionEvent"
          },
          {
            "gender": "M",
            "id": 10229617,
            "name": "Men's Long Jump",
            "combined": null,
            "__typename": "CalendarResultsOptionEvent"
          },
          {
            "gender": "M",
            "id": 10229618,
            "name": "Men's Triple Jump",
            "combined": null,
            "__typename": "CalendarResultsOptionEvent"
          },
          {
            "gender": "M",
            "id": 10229619,
            "name": "Men's Shot Put",
            "combined": null,
            "__typename": "CalendarResultsOptionEvent"
          },
          {
            "gender": "M",
            "id": 10229620,
            "name": "Men's Discus Throw",
            "combined": null,
            "__typename": "CalendarResultsOptionEvent"
          },
          {
            "gender": "M",
            "id": 10229621,
            "name": "Men's Hammer Throw",
            "combined": null,
            "__typename": "CalendarResultsOptionEvent"
          },
          {
            "gender": "M",
            "id": 10229636,
            "name": "Men's Javelin Throw",
            "combined": null,
            "__typename": "CalendarResultsOptionEvent"
          },
          {
            "gender": "M",
            "id": 10229634,
            "name": "Men's Marathon",
            "combined": null,
            "__typename": "CalendarResultsOptionEvent"
          },
          {
            "gender": "M",
            "id": 10229508,
            "name": "Men's 20 Kilometres Race Walk",
            "combined": null,
            "__typename": "CalendarResultsOptionEvent"
          },
          {
            "gender": "M",
            "id": 10229628,
            "name": "Men's 50 Kilometres Race Walk",
            "combined": null,
            "__typename": "CalendarResultsOptionEvent"
          },
          {
            "gender": "M",
            "id": 10229629,
            "name": "Men's Decathlon",
            "combined": true,
            "__typename": "CalendarResultsOptionEvent"
          },
          {
            "gender": "M",
            "id": 204593,
            "name": "Men's 4x100 Metres Relay",
            "combined": null,
            "__typename": "CalendarResultsOptionEvent"
          },
          {
            "gender": "M",
            "id": 204595,
            "name": "Men's 4x400 Metres Relay",
            "combined": null,
            "__typename": "CalendarResultsOptionEvent"
          }
        ],
        "__typename": "CalendarResultsOptions"
      },
      "parameters": {
        "competitionId": 6913256,
        "day": null,
        "eventId": 10229514,
        "__typename": "CalendarResultsParameters"
      },
      "__typename": "CalendarCompetitionResults"
    }
  }
}