{
  "data": {
    "getCalendarCompetitionResults": {
      "competition": {
        "dateRange": "01\u201310 AUG 1997",
        "endDate": "1997-08-10",
        "name": "IAAF World Championships",
        "rankingCategory": "OW",
        "startDate": "1997-08-01",
        "venue": "Olympic Stadium, Athina (GRE)",
        "__typename": "CalendarResultsCompetition"
      },
      "eventTitles": [
        {
          "rankingCategory": "OW",
          "eventTitle": null,
          "events": [
            {
              "event": "Women's Discus Throw",
              "eventId": 10229531,
              "gender": "W",
              "isRelay": false,
              "perResultWind": false,
              "withWind": false,
              "summary": null,
              "races": [
                {
                  "date": "1997-08-07",
                  "day": 7,
                  "race": "Final",
                  "raceId": 10,
                  "raceNumber": 0,
                  "results": [
                    {
                      "competitor": {
                        "teamMembers": null,
                        "id": "b620iutov781hnbm49814q",
                        "name": "Beatrice FAUMUINA",
                        "iaafId": 63975,
                        "urlSlug": "new-zealand/beatrice-faumuina-014292969",
                        "birthDate": "23 OCT 1974",
                        "hasProfile": true,
                        "__typename": "CalendarResultsCompetitor"
                      },
                      "mark": "66.82",
                      "nationality": "NZL",
                      "place": "1.",
                      "points": null,
                      "qualified": null,
                      "records": "",
                      "wind": null,
                      "remark": null,
                      "details": null,
                      "__typename": "CalendarResultsRaceResult"
                    },
                    {
                      "competitor": {
                        "teamMembers": null,
                        "id": "rsh9xhfap0cedo20thgd49",
                        "name": "Ellina ZVEREVA",
                        "iaafId": 62547,
                        "urlSlug": "belarus/ellina-zvereva-014269508",
                        "birthDate": "16 NOV 1960",
                        "hasProfile": true,
                        "__typename": "CalendarResultsCompetitor"
                      },
                      "mark": "65.90",
                      "nationality": "BLR",
                      "place": "2.",
                      "points": null,
                      "qualified": null,
                      "records": "",
                      "wind": null,
                      "remark": null,
                      "details": null,
                      "__typename": "CalendarResultsRaceResult"
                    },
                    {
                      "competitor": {
                        "teamMembers": null,
                        "id": "dv05ykkiinajpnm8bwpoko",
                        "name": "Natalya SADOVA",
                        "iaafId": 68333,
                        "urlSlug": "russia/natalya-sadova-014299134",
                        "birthDate": "15 JUN 1972",
                        "hasProfile": true,
                        "__typename": "CalendarResultsCompetitor"
                      },
                      "mark": "65.14",
                      "nationality": "RUS",
                      "place": "3.",
                      "points": null,
                      "qualified": null,
                      "records": "",
                      "wind": null,
                      "remark": null,
                      "details": null,
                      "__typename": "CalendarResultsRaceResult"
                    },
                    {
                      "competitor": {
                        "teamMembers": null,
                        "id": "1vg7rswd0ym49on63j7jcb",
                        "name": "Larisa KOROTKEVICH",
                        "iaafId": 60982,
                        "urlSlug": "russia/larisa-korotkevich-14298227",
                        "birthDate": "03 JAN 1967",
                        "hasProfile": true,
                        "__typename": "CalendarResultsCompetitor"
                      },
                      "mark": "63.02",
                      "nationality": "RUS",
                      "place": "4.",
                      "points": null,
                      "qualified": null,
                      "records": "",
                      "wind": null,
                      "remark": null,
                      "details": null,
                      "__typename": "CalendarResultsRaceResult"
                    },
                    {
                      "competitor": {
                        "teamMembers": null,
                        "id": "c8ey0shel2de4prgu9c6r",
                        "name": "Irina YATCHENKO",
                        "iaafId": 67040,
                        "urlSlug": "belarus/irina-yatchenko-014269536",
                        "birthDate": "31 OCT 1965",
                        "hasProfile": true,
                        "__typename": "CalendarResultsCompetitor"
                      },
                      "mark": "62.58",
                      "nationality": "BLR",
                      "place": "5.",
                      "points": null,
                      "qualified": null,
                      "records": "",
                      "wind": null,
                      "remark": null,
                      "details": null,
                      "__typename": "CalendarResultsRaceResult"
                    },
                    {
                      "competitor": {
                        "teamMembers": null,
                        "id": "v933c71nlqoagby9574e9",
                        "name": "Teresa MACHADO",
                        "iaafId": 63271,
                        "urlSlug": "portugal/teresa-machado-014294962",
                        "birthDate": "22 JUL 1969",
                        "hasProfile": true,
                        "__typename": "CalendarResultsCompetitor"
                      },
                      "mark": "62.00",
                      "nationality": "POR",
                      "place": "6.",
                      "points": null,
                      "qualified": null,
                      "records": "",
                      "wind": null,
                      "remark": null,
                      "details": null,
                      "__typename": "CalendarResultsRaceResult"
                    },
                    {
                      "competitor": {
                        "teamMembers": null,
                        "id": "wg894g0dbzenxafpifsjo",
                        "name": "Stella TSIKOUNA",
                        "iaafId": 80010,
                        "urlSlug": "greece/stella-tsikouna-014280961",
                        "birthDate": "19 OCT 1972",
                        "hasProfile": true,
                        "__typename": "CalendarResultsCompetitor"
                      },
                      "mark": "61.92",
                      "nationality": "GRE",
                      "place": "7.",
                      "points": null,
                      "qualified": null,
                      "records": "",
                      "wind": null,
                      "remark": null,
                      "details": null,
                      "__typename": "CalendarResultsRaceResult"
                    },
                    {
                      "competitor": {
                        "teamMembers": null,
                        "id": "dy3piuzng84umdzk25esum",
                        "name": "Agnese MAFFEIS",
                        "iaafId": 63274,
                        "urlSlug": "italy/agnese-maffeis-014284650",
                        "birthDate": "09 MAR 1965",
                        "hasProfile": true,
                        "__typename": "CalendarResultsCompetitor"
                      },
                      "mark": "61.40",
                      "nationality": "ITA",
                      "place": "8.",
                      "points": null,
                      "qualified": null,
                      "records": "",
                      "wind": null,
                      "remark": null,
                      "details": null,
                      "__typename": "CalendarResultsRaceResult"
                    },
                    {
                      "competitor": {
                        "teamMembers": null,
                        "id": "m32k0bobekfd9ebg2og65s",
                        "name": "Zhili LUAN",
                        "iaafId": 65942,
                        "urlSlug": "pr-of-china/zhili-luan-014265675",
                        "birthDate": "06 JAN 1973",
                        "hasProfile": true,
                        "__typename": "CalendarResultsCompetitor"
                      },
                      "mark": "60.62",
                      "nationality": "CHN",
                      "place": "9.",
                      "points": null,
                      "qualified": null,
                      "records": "",
                      "wind": null,
                      "remark": null,
                      "details": null,
                      "__typename": "CalendarResultsRaceResult"
                    },
                    {
                      "competitor": {
                        "teamMembers": null,
                        "id": "zh7wzx7tduopwgvfpnixur",
                        "name": "Nicoleta GRASU",
                        "iaafId": 67956,
                        "urlSlug": "romania/nicoleta-grasu-014295647",
                        "birthDate": "11 SEP 1971",
                        "hasProfile": true,
                        "__typename": "CalendarResultsCompetitor"
                      },
                      "mark": "60.14",
                      "nationality": "ROU",
                      "place": "10.",
                      "points": null,
                      "qualified": null,
                      "records": "",
                      "wind": null,
                      "remark": null,
                      "details": null,
                      "__typename": "CalendarResultsRaceResult"
                    },
                    {
                      "competitor": {
                        "teamMembers": null,
                        "id": "yjybnskzbko9jx2n75wu7",
                        "name": "Anna S\u00d6DERBERG",
                        "iaafId": 68587,
                        "urlSlug": "sweden/anna-soderberg-014302435",
                        "birthDate": "11 JUN 1973",
                        "hasProfile": true,
                        "__typename": "CalendarResultsCompetitor"
                      },
                      "mark": "58.22",
                      "nationality": "SWE",
                      "place": "11.",
                      "points": null,
                      "qualified": null,
                      "records": "",
                      "wind": null,
                      "remark": null,
                      "details": null,
                      "__typename": "CalendarResultsRaceResult"
                    },
                    {
                      "competitor": {
                        "teamMembers": null,
                        "id": "x9s6kpdmukbbu53x3pv2q4",
                        "name": "Lisa-Marie VIZANIARI",
                        "iaafId": 62004,
                        "urlSlug": "australia/lisa-marie-vizaniari-14271128",
                        "birthDate": "14 DEC 1971",
                        "hasProfile": true,
                        "__typename": "CalendarResultsCompetitor"
                      },
                      "mark": "57.56",
                      "nationality": "AUS",
                      "place": "12.",
                      "points": null,
                      "qualified": null,
                      "records": "",
                      "wind": null,
                      "remark": null,
                      "details": null,
                      "__typename": "CalendarResultsRaceResult"
                    }
                  ],
                  "startList": null,
                  "wind": null,
                  "__typename": "CalendarResultsRace"
                },
                {
                  "date": "1997-08-05",
                  "day": 5,
                  "race": "Qualification - Group",
                  "raceId": 71,
                  "raceNumber": 1,
                  "results": [
                    {
                      "competitor": {
                        "teamMembers": null,
                        "id": "zg632dpalg877s1fz8w5r",
                        "name": "Irina YATCHENKO",
                        "iaafId": 67040,
                        "urlSlug": "belarus/irina-yatchenko-014269536",
                        "birthDate": "31 OCT 1965",
                        "hasProfile": true,
                        "__typename": "CalendarResultsCompetitor"
                      },
                      "mark": "65.00",
                      "nationality": "BLR",
                      "place": "1.",
                      "points": null,
                      "qualified": null,
                      "records": "",
                      "wind": null,
                      "remark": null,
                      "details": null,
                      "__typename": "CalendarResultsRaceResult"
                    },
                    {
                      "competitor": {
                        "teamMembers": null,
                        "id": "yu5ivcijvggsdg1vo53ehl",
                        "name": "Beatrice FAUMUINA",
                        "iaafId": 63975,
                        "urlSlug": "new-zealand/beatrice-faumuina-014292969",
                        "birthDate": "23 OCT 1974",
                        "hasProfile": true,
                        "__typename": "CalendarResultsCompetitor"
                      },
                      "mark": "64.58",
                      "nationality": "NZL",
                      "place": "2.",
                      "points": null,
                      "qualified": null,
                      "records": "",
                      "wind": null,
                      "remark": null,
                      "details": null,
                      "__typename": "CalendarResultsRaceResult"
                    },
                    {
                      "competitor": {
                        "teamMembers": null,
                        "id": "zi0r9rjgla9ai9aer0agtj",
                        "name": "Stella TSIKOUNA",
                        "iaafId": 80010,
                        "urlSlug": "greece/stella-tsikouna-014280961",
                        "birthDate": "19 OCT 1972",
                        "hasProfile": true,
                        "__typename": "CalendarResultsCompetitor"
                      },
                      "mark": "61.52",
                      "nationality": "GRE",
                      "place": "3.",
                      "points": null,
                      "qualified": null,
                      "records": "",
                      "wind": null,
                      "remark": null,
                      "details": null,
                      "__typename": "CalendarResultsRaceResult"
                    },
                    {
                      "competitor": {
                        "teamMembers": null,
                        "id": "4yeew1irr4wwddbd70rjf",
                        "name": "Nicoleta GRASU",
                        "iaafId": 67956,
                        "urlSlug": "romania/nicoleta-grasu-014295647",
                        "birthDate": "11 SEP 1971",
                        "hasProfile": true,
                        "__typename": "CalendarResultsCompetitor"
                      },
                      "mark": "60.44",
                      "nationality": "ROU",
                      "place": "4.",
                      "points": null,
                      "qualified": null,
                      "records": "",
                      "wind": null,
                      "remark": null,
                      "details": null,
                      "__typename": "CalendarResultsRaceResult"
                    },
                    {
                      "competitor": {
                        "teamMembers": null,
                        "id": "pg5nntw0ipvpzkezm2n4l",
                        "name": "Larisa KOROTKEVICH",
                        "iaafId": 60982,
                        "urlSlug": "russia/larisa-korotkevich-14298227",
                        "birthDate": "03 JAN 1967",
                        "hasProfile": true,
                        "__typename": "CalendarResultsCompetitor"
                      },
                      "mark": "60.30",
                      "nationality": "RUS",
                      "place": "5.",
                      "points": null,
                      "qualified": null,
                      "records": "",
                      "wind": null,
                      "remark": null,
                      "details": null,
                      "__typename": "CalendarResultsRaceResult"
                    },
                    {
                      "competitor": {
                        "teamMembers": null,
                        "id": "w1nf2dyeyzbwa4xpk90fj",
                        "name": "Lisa-Marie VIZANIARI",
                        "iaafId": 62004,
                        "urlSlug": "australia/lisa-marie-vizaniari-14271128",
                        "birthDate": "14 DEC 1971",
                        "hasProfile": true,
                        "__typename": "CalendarResultsCompetitor"
                      },
                      "mark": "60.28",
                      "nationality": "AUS",
                      "place": "6.",
                      "points": null,
                      "qualified": null,
                      "records": "",
                      "wind": null,
                      "remark": null,
                      "details": null,
                      "__typename": "CalendarResultsRaceResult"
                    },
                    {
                      "competitor": {
                        "teamMembers": null,
                        "id": "csnwu6frjgk3m8cakmcvrx",
                        "name": "Agnese MAFFEIS",
                        "iaafId": 63274,
                        "urlSlug": "italy/agnese-maffeis-014284650",
                        "birthDate": "09 MAR 1965",
                        "hasProfile": true,
                        "__typename": "CalendarResultsCompetitor"
                      },
                      "mark": "59.94",
                      "nationality": "ITA",
                      "place": "7.",
                      "points": null,
                      "qualified": null,
                      "records": "",
                      "wind": null,
                      "remark": null,
                      "details": null,
                      "__typename": "CalendarResultsRaceResult"
                    },
                    {
                      "competitor": {
                        "teamMembers": null,
                        "id": "p6ruueugiyrgfg945apt3w",
                        "name": "Fengying LIU",
                        "iaafId": 130394,
                        "urlSlug": "pr-of-china/fengying-liu-014265815",
                        "birthDate": "26 JAN 1979",
                        "hasProfile": true,
                        "__typename": "CalendarResultsCompetitor"
                      },
                      "mark": "59.50",
                      "nationality": "CHN",
                      "place": "8.",
                      "points": null,
                      "qualified": null,
                      "records": "",
                      "wind": null,
                      "remark": null,
                      "details": null,
                      "__typename": "CalendarResultsRaceResult"
                    },
                    {
                      "competitor": {
                        "teamMembers": null,
                        "id": "35zbdf3wsy2ppgwjue1f1s",
                        "name": "Alice MATEJKOV\u00c1",
                        "iaafId": 67074,
                        "urlSlug": "spain/alice-matejkova-14261023",
                        "birthDate": "11 JAN 1969",
                        "hasProfile": true,
                        "__typename": "CalendarResultsCompetitor"
                      },
                      "mark": "58.96",
                      "nationality": "CZE",
                      "place": "9.",
                      "points": null,
                      "qualified": null,
                      "records": "",
                      "wind": null,
                      "remark": null,
                      "details": null,
                      "__typename": "CalendarResultsRaceResult"
                    },
                    {
                      "competitor": {
                        "teamMembers": null,
                        "id": "8sq73dsnakhixurwc69wus",
                        "name": "Suzy POWELL-ROOS",
                        "iaafId": 71355,
                        "urlSlug": "united-states/suzy-powell-roos-014319238",
                        "birthDate": "03 SEP 1976",
                        "hasProfile": true,
                        "__typename": "CalendarResultsCompetitor"
                      },
                      "mark": "54.22",
                      "nationality": "USA",
                      "place": "10.",
                      "points": null,
                      "qualified": null,
                      "records": "",
                      "wind": null,
                      "remark": null,
                      "details": null,
                      "__typename": "CalendarResultsRaceResult"
                    },
                    {
                      "competitor": {
                        "teamMembers": null,
                        "id": "qiludntfnrbm79rg5ahl4e",
                        "name": "Shelley DREW-NEWMAN",
                        "iaafId": 70521,
                        "urlSlug": "great-britain-ni/shelley-drew-newman-014274931",
                        "birthDate": "08 AUG 1973",
                        "hasProfile": true,
                        "__typename": "CalendarResultsCompetitor"
                      },
                      "mark": "53.96",
                      "nationality": "GBR",
                      "place": "11.",
                      "points": null,
                      "qualified": null,
                      "records": "",
                      "wind": null,
                      "remark": null,
                      "details": null,
                      "__typename": "CalendarResultsRaceResult"
                    },
                    {
                      "competitor": {
                        "teamMembers": null,
                        "id": "57mzohh8q07sp8p7k79co",
                        "name": "Tsvetanka KHRISTOVA",
                        "iaafId": 60928,
                        "urlSlug": "bulgaria/tsvetanka-khristova-014268669",
                        "birthDate": "14 MAR 1962",
                        "hasProfile": true,
                        "__typename": "CalendarResultsCompetitor"
                      },
                      "mark": "53.64",
                      "nationality": "BUL",
                      "place": "12.",
                      "points": null,
                      "qualified": null,
                      "records": "",
                      "wind": null,
                      "remark": null,
                      "details": null,
                      "__typename": "CalendarResultsRaceResult"
                    },
                    {
                      "competitor": {
                        "teamMembers": null,
                        "id": "rmmyixd2ql4csr7qhc2tq",
                        "name": "Areti AMBATZI",
                        "iaafId": 130460,
                        "urlSlug": "greece/areti-ambatzi-014280487",
                        "birthDate": "14 MAY 1974",
                        "hasProfile": true,
                        "__typename": "CalendarResultsCompetitor"
                      },
                      "mark": "49.72",
                      "nationality": "GRE",
                      "place": "13.",
                      "points": null,
                      "qualified": null,
                      "records": "",
                      "wind": null,
                      "remark": null,
                      "details": null,
                      "__typename": "CalendarResultsRaceResult"
                    },
                    {
                      "competitor": {
                        "teamMembers": null,
                        "id": "ry55qahgiyhk1qxv4xqqn",
                        "name": "H\u00fcsmiye KESKIN",
                        "iaafId": 67575,
                        "urlSlug": "turkey/husmiye-keskin-014303286",
                        "birthDate": "14 APR 1974",
                        "hasProfile": true,
                        "__typename": "CalendarResultsCompetitor"
                      },
                      "mark": "48.80",
                      "nationality": "TUR",
                      "place": "14.",
                      "points": null,
                      "qualified": null,
                      "records": "",
                      "wind": null,
                      "remark": null,
                      "details": null,
                      "__typename": "CalendarResultsRaceResult"
                    }
                  ],
                  "startList": null,
                  "wind": null,
                  "__typename": "CalendarResultsRace"
                },
                {
                  "date": "1997-08-05",
                  "day": 5,
                  "race": "Qualification - Group",
                  "raceId": 71,
                  "raceNumber": 2,
                  "results": [
                    {
                      "competitor": {
                        "teamMembers": null,
                        "id": "g28fakpjenibq6snutp8z6",
                        "name": "Ellina ZVEREVA",
                        "iaafId": 62547,
                        "urlSlug": "belarus/ellina-zvereva-014269508",
                        "birthDate": "16 NOV 1960",
                        "hasProfile": true,
                        "__typename": "CalendarResultsCompetitor"
                      },
                      "mark": "65.94",
                      "nationality": "BLR",
                      "place": "1.",
                      "points": null,
                      "qualified": null,
                      "records": "",
                      "wind": null,
                      "remark": null,
                      "details": null,
                      "__typename": "CalendarResultsRaceResult"
                    },
                    {
                      "competitor": {
                        "teamMembers": null,
                        "id": "kaoztc4qgz9g4pa61cpga4",
                        "name": "Natalya SADOVA",
                        "iaafId": 68333,
                        "urlSlug": "russia/natalya-sadova-014299134",
                        "birthDate": "15 JUN 1972",
                        "hasProfile": true,
                        "__typename": "CalendarResultsCompetitor"
                      },
                      "mark": "65.14",
                      "nationality": "RUS",
                      "place": "2.",
                      "points": null,
                      "qualified": null,
                      "records": "",
                      "wind": null,
                      "remark": null,
                      "details": null,
                      "__typename": "CalendarResultsRaceResult"
                    },
                    {
                      "competitor": {
                        "teamMembers": null,
                        "id": "s8g0ss781sd8s6lodwdmy9",
                        "name": "Teresa MACHADO",
                        "iaafId": 63271,
                        "urlSlug": "portugal/teresa-machado-014294962",
                        "birthDate": "22 JUL 1969",
                        "hasProfile": true,
                        "__typename": "CalendarResultsCompetitor"
                      },
                      "mark": "61.36",
                      "nationality": "POR",
                      "place": "3.",
                      "points": null,
                      "qualified": null,
                      "records": "",
                      "wind": null,
                      "remark": null,
                      "details": null,
                      "__typename": "CalendarResultsRaceResult"
                    },
                    {
                      "competitor": {
                        "teamMembers": null,
                        "id": "0t8sjce63fkh11q46wmdfy2",
                        "name": "Zhili LUAN",
                        "iaafId": 65942,
                        "urlSlug": "pr-of-china/zhili-luan-014265675",
                        "birthDate": "06 JAN 1973",
                        "hasProfile": true,
                        "__typename": "CalendarResultsCompetitor"
                      },
                      "mark": "61.18",
                      "nationality": "CHN",
                      "place": "4.",
                      "points": null,
                      "qualified": null,
                      "records": "",
                      "wind": null,
                      "remark": null,
                      "details": null,
                      "__typename": "CalendarResultsRaceResult"
                    },
                    {
                      "competitor": {
                        "teamMembers": null,
                        "id": "l540gd3leun7vttt8xy19",
                        "name": "Anna S\u00d6DERBERG",
                        "iaafId": 68587,
                        "urlSlug": "sweden/anna-soderberg-014302435",
                        "birthDate": "11 JUN 1973",
                        "hasProfile": true,
                        "__typename": "CalendarResultsCompetitor"
                      },
                      "mark": "59.88",
                      "nationality": "SWE",
                      "place": "5.",
                      "points": null,
                      "qualified": null,
                      "records": "",
                      "wind": null,
                      "remark": null,
                      "details": null,
                      "__typename": "CalendarResultsRaceResult"
                    },
                    {
                      "competitor": {
                        "teamMembers": null,
                        "id": "q0yv0ewj99pz5gv2d29mbc",
                        "name": "Olena ANTONOVA",
                        "iaafId": 62966,
                        "urlSlug": "ukraine/olena-antonova-014303418",
                        "birthDate": "16 JUN 1972",
                        "hasProfile": true,
                        "__typename": "CalendarResultsCompetitor"
                      },
                      "mark": "59.62",
                      "nationality": "UKR",
                      "place": "6.",
                      "points": null,
                      "qualified": null,
                      "records": "",
                      "wind": null,
                      "remark": null,
                      "details": null,
                      "__typename": "CalendarResultsRaceResult"
                    },
                    {
                      "competitor": {
                        "teamMembers": null,
                        "id": "j35u77go8fsbzp9nx88aq9",
                        "name": "Anastasia KELESIDOU",
                        "iaafId": 68412,
                        "urlSlug": "greece/anastasia-kelesidou-014280691",
                        "birthDate": "28 NOV 1972",
                        "hasProfile": true,
                        "__typename": "CalendarResultsCompetitor"
                      },
                      "mark": "59.22",
                      "nationality": "GRE",
                      "place": "7.",
                      "points": null,
                      "qualified": null,
                      "records": "",
                      "wind": null,
                      "remark": null,
                      "details": null,
                      "__typename": "CalendarResultsRaceResult"
                    },
                    {
                      "competitor": {
                        "teamMembers": null,
                        "id": "6qvy16ss10ic1t3y3gaw1o",
                        "name": "Edie BOYER",
                        "iaafId": 71437,
                        "urlSlug": "united-states/edie-boyer-014306269",
                        "birthDate": "15 FEB 1966",
                        "hasProfile": true,
                        "__typename": "CalendarResultsCompetitor"
                      },
                      "mark": "59.18",
                      "nationality": "USA",
                      "place": "8.",
                      "points": null,
                      "qualified": null,
                      "records": "",
                      "wind": null,
                      "remark": null,
                      "details": null,
                      "__typename": "CalendarResultsRaceResult"
                    },
                    {
                      "competitor": {
                        "teamMembers": null,
                        "id": "wdislk76u6d6o2fmwjgwpw",
                        "name": "Elis\u00e2ngela Maria ADRIANO",
                        "iaafId": 62667,
                        "urlSlug": "brazil/elisangela-maria-adriano-014269458",
                        "birthDate": "27 JUL 1972",
                        "hasProfile": true,
                        "__typename": "CalendarResultsCompetitor"
                      },
                      "mark": "57.88",
                      "nationality": "BRA",
                      "place": "9.",
                      "points": null,
                      "qualified": null,
                      "records": "",
                      "wind": null,
                      "remark": null,
                      "details": null,
                      "__typename": "CalendarResultsRaceResult"
                    },
                    {
                      "competitor": {
                        "teamMembers": null,
                        "id": "oigbsd6xhk4wxyrrndv2d",
                        "name": "Yanling XIAO",
                        "iaafId": 63567,
                        "urlSlug": "pr-of-china/yanling-xiao-014264863",
                        "birthDate": "27 MAR 1968",
                        "hasProfile": true,
                        "__typename": "CalendarResultsCompetitor"
                      },
                      "mark": "56.32",
                      "nationality": "CHN",
                      "place": "10.",
                      "points": null,
                      "qualified": null,
                      "records": "",
                      "wind": null,
                      "remark": null,
                      "details": null,
                      "__typename": "CalendarResultsRaceResult"
                    },
                    {
                      "competitor": {
                        "teamMembers": null,
                        "id": "4zsicdoamsg0jyos74b151g",
                        "name": "Lacy BARNES-MILEHAM",
                        "iaafId": 60119,
                        "urlSlug": "united-states/lacy-barnes-mileham-014305360",
                        "birthDate": "23 DEC 1964",
                        "hasProfile": true,
                        "__typename": "CalendarResultsCompetitor"
                      },
                      "mark": "55.52",
                      "nationality": "USA",
                      "place": "11.",
                      "points": null,
                      "qualified": null,
                      "records": "",
                      "wind": null,
                      "remark": null,
                      "details": null,
                      "__typename": "CalendarResultsRaceResult"
                    },
                    {
                      "competitor": {
                        "teamMembers": null,
                        "id": "l1qure37j1qx6zj3rjmy",
                        "name": "Siniva MARSTERS",
                        "iaafId": 130011,
                        "urlSlug": "cook-islands/siniva-marsters-014264071",
                        "birthDate": "07 OCT 1980",
                        "hasProfile": true,
                        "__typename": "CalendarResultsCompetitor"
                      },
                      "mark": "35.22",
                      "nationality": "COK",
                      "place": "12.",
                      "points": null,
                      "qualified": null,
                      "records": "",
                      "wind": null,
                      "remark": null,
                      "details": null,
                      "__typename": "CalendarResultsRaceResult"
                    },
                    {
                      "competitor": {
                        "teamMembers": null,
                        "id": "y56z46mvosrwn7oz0jbdxm",
                        "name": "Isabelle DEVALUEZ",
                        "iaafId": 65405,
                        "urlSlug": "france/isabelle-devaluez-014257783",
                        "birthDate": "17 MAR 1966",
                        "hasProfile": true,
                        "__typename": "CalendarResultsCompetitor"
                      },
                      "mark": "NM",
                      "nationality": "FRA",
                      "place": "",
                      "points": null,
                      "qualified": null,
                      "records": "",
                      "wind": null,
                      "remark": null,
                      "details": null,
                      "__typename": "CalendarResultsRaceResult"
                    },
                    {
                      "competitor": {
                        "teamMembers": null,
                        "id": "sqkznaqps5g970mxqalri8",
                        "name": "Mette BERGMANN",
                        "iaafId": 62993,
                        "urlSlug": "norway/mette-bergmann-014292569",
                        "birthDate": "09 NOV 1962",
                        "hasProfile": true,
                        "__typename": "CalendarResultsCompetitor"
                      },
                      "mark": "NM",
                      "nationality": "NOR",
                      "place": "",
                      "points": null,
                      "qualified": null,
                      "records": "",
                      "wind": null,
                      "remark": null,
                      "details": null,
                      "__typename": "CalendarResultsRaceResult"
                    },
                    {
                      "competitor": {
                        "teamMembers": null,
                        "id": "jen6msxyvla4dqdbt05ho3",
                        "name": "Franka DIETZSCH",
                        "iaafId": 60445,
                        "urlSlug": "germany/franka-dietzsch-014277366",
                        "birthDate": "22 JAN 1968",
                        "hasProfile": true,
                        "__typename": "CalendarResultsCompetitor"
                      },
                      "mark": "NM",
                      "nationality": "GER",
                      "place": "",
                      "points": null,
                      "qualified": null,
                      "records": "",
                      "wind": null,
                      "remark": null,
                      "details": null,
                      "__typename": "CalendarResultsRaceResult"
                    }
                  ],
                  "startList": null,
                  "wind": null,
                  "__typename": "CalendarResultsRace"
                }
              ],
              "__typename": "CalendarResultsEvent"
            }
          ],
          "__typename": "CalendarResultsEventTitle"
        }
      ],
      "options": {
        "days": [
          {
            "date": "02 AUG 1997",
            "day": 2,
            "__typename": "CalendarResultsOptionsDay"
          },
          {
            "date": "03 AUG 1997",
            "day": 3,
            "__typename": "CalendarResultsOptionsDay"
          },
          {
            "date": "04 AUG 1997",
            "day": 4,
            "__typename": "CalendarResultsOptionsDay"
          },
          {
            "date": "05 AUG 1997",
            "day": 5,
            "__typename": "CalendarResultsOptionsDay"
          },
          {
            "date": "06 AUG 1997",
            "day": 6,
            "__typename": "CalendarResultsOptionsDay"
          },
          {
            "date": "07 AUG 1997",
            "day": 7,
            "__typename": "CalendarResultsOptionsDay"
          },
          {
            "date": "08 AUG 1997",
            "day": 8,
            "__typename": "CalendarResultsOptionsDay"
          },
          {
            "date": "09 AUG 1997",
            "day": 9,
            "__typename": "CalendarResultsOptionsDay"
          },
          {
            "date": "10 AUG 1997",
            "day": 10,
            "__typename": "CalendarResultsOptionsDay"
          }
        ],
        "events": [
          {
            "gender": "W",
            "id": 10229509,
            "name": "Women's 100 Metres",
            "combined": null,
            "__typename": "CalendarResultsOptionEvent"
          },
          {
            "gender": "W",
            "id": 10229510,
            "name": "Women's 200 Metres",
            "combined": null,
            "__typename": "CalendarResultsOptionEvent"
          },
          {
            "gender": "W",
            "id": 10229515,
            "name": "Women's 300 Metres",
            "combined": null,
            "__typename": "CalendarResultsOptionEvent"
          },
          {
            "gender": "W",
            "id": 10229511,
            "name": "Women's 400 Metres",
            "combined": null,
            "__typename": "CalendarResultsOptionEvent"
          },
          {
            "gender": "W",
            "id": 10229512,
            "name": "Women's 800 Metres",
            "combined": null,
            "__typename": "CalendarResultsOptionEvent"
          },
          {
            "gender": "W",
            "id": 10229513,
            "name": "Women's 1500 Metres",
            "combined": null,
            "__typename": "CalendarResultsOptionEvent"
          },
          {
            "gender": "W",
            "id": 10229514,
            "name": "Women's 5000 Metres",
            "combined": null,
            "__typename": "CalendarResultsOptionEvent"
          },
          {
            "gender": "W",
            "id": 10229521,
            "name": "Women's 10,000 Metres",
            "combined": null,
            "__typename": "CalendarResultsOptionEvent"
          },
          {
            "gender": "W",
            "id": 10229522,
            "name": "Women's 100 Metres Hurdles",
            "combined": null,
            "__typename": "CalendarResultsOptionEvent"
          },
          {
            "gender": "W",
            "id": 10229523,
            "name": "Women's 400 Metres Hurdles",
            "combined": null,
            "__typename": "CalendarResultsOptionEvent"
          },
          {
            "gender": "W",
            "id": 10229526,
            "name": "Women's High Jump",
            "combined": null,
            "__typename": "CalendarResultsOptionEvent"
          },
          {
            "gender": "W",
            "id": 10229528,
            "name": "Women's Long Jump",
            "combined": null,
            "__typename": "CalendarResultsOptionEvent"
          },
          {
            "gender": "W",
            "id": 10229529,
            "name": "Women's Triple Jump",
            "combined": null,
            "__typename": "CalendarResultsOptionEvent"
          },
          {
            "gender": "W",
            "id": 10229530,
            "name": "Women's Shot Put",
            "combined": null,
            "__typename": "CalendarResultsOptionEvent"
          },
          {
            "gender": "W",
            "id": 10229531,
            "name": "Women's Discus Throw",
            "combined": null,
            "__typename": "CalendarResultsOptionEvent"
          },
          {
            "gender": "W",
            "id": 10229596,
            "name": "Women's Javelin Throw (old)",
            "combined": null,
            "__typename": "CalendarResultsOptionEvent"
          },
          {
            "gender": "W",
            "id": 10229534,
            "name": "Women's Marathon",
            "combined": null,
            "__typename": "CalendarResultsOptionEvent"
          },
          {
            "gender": "W",
            "id": 10229639,
            "name": "Women's 10,000 Metres Race Walk",
            "combined": null,
            "__typename": "CalendarResultsOptionEvent"
          },
          {
            "gender": "W",
            "id": 10229536,
            "name": "Women's Heptathlon",
            "combined": true,
            "__typename": "CalendarResultsOptionEvent"
          },
          {
            "gender": "W",
            "id": 204594,
            "name": "Women's 4x100 Metres Relay",
            "combined": null,
            "__typename": "CalendarResultsOptionEvent"
          },
          {
            "gender": "W",
            "id": 204596,
            "name": "Women's 4x400 Metres Relay",
            "combined": null,
            "__typename": "CalendarResultsOptionEvent"
          },
          {
            "gender": "M",
            "id": 10229630,
            "name": "Men's 100 Metres",
            "combined": null,
            "__typename": "CalendarResultsOptionEvent"
          },
          {
            "gender": "M",
            "id": 10229605,
            "name": "Men's 200 Metres",
            "combined": null,
            "__typename": "CalendarResultsOptionEvent"
          },
          {
            "gender": "M",
            "id": 10229631,
            "name": "Men's 400 Metres",
            "combined": null,
            "__typename": "CalendarResultsOptionEvent"
          },
          {
            "gender": "M",
            "id": 10229501,
            "name": "Men's 800 Metres",
            "combined": null,
            "__typename": "CalendarResultsOptionEvent"
          },
          {
            "gender": "M",
            "id": 10229502,
            "name": "Men's 1500 Metres",
            "combined": null,
            "__typename": "CalendarResultsOptionEvent"
          },
          {
            "gender": "M",
            "id": 10229609,
            "name": "Men's 5000 Metres",
            "combined": null,
            "__typename": "CalendarResultsOptionEvent"
          },
          {
            "gender": "M",
            "id": 10229610,
            "name": "Men's 10,000 Metres",
            "combined": null,
            "__typename": "CalendarResultsOptionEvent"
          },
          {
            "gender": "M",
            "id": 10229611,
            "name": "Men's 110 Metres Hurdles",
            "combined": null,
            "__typename": "CalendarResultsOptionEvent"
          },
          {
            "gender": "M",
            "id": 10229612,
            "name": "Men's 400 Metres Hurdles",
            "combined": null,
            "__typename": "CalendarResultsOptionEvent"
          },
          {
            "gender": "M",
            "id": 10229614,
            "name": "Men's 3000 Metres Steeplechase",
            "combined": null,
            "__typename": "CalendarResultsOptionEvent"
          },
          {
            "gender": "M",
            "id": 10229615,
            "name": "Men's High Jump",
            "combined": null,
            "__typename": "CalendarResultsOptionEvent"
          },
          {
            "gender": "M",
            "id": 10229616,
            "name": "Men's Pole Vault",
            "combined": null,
            "__typename": "CalendarResultsOptionEvent"
          },
          {
            "gender": "M",
            "id": 10229617,
            "name": "Men's Long Jump",
            "combined": null,
            "__typename": "CalendarResultsOptionEvent"
          },
          {
            "gender": "M",
            "id": 10229618,
            "name": "Men's Triple Jump",
            "combined": null,
            "__typename": "CalendarResultsOptionEvent"
          },
          {
            "gender": "M",
            "id": 10229619,
            "name": "Men's Shot Put",
            "combined": null,
            "__typename": "CalendarResultsOptionEvent"
          },
          {
            "gender": "M",
            "id": 10229620,
            "name": "Men's Discus Throw",
            "combined": null,
            "__typename": "CalendarResultsOptionEvent"
          },
          {
            "gender": "M",
            "id": 10229621,
            "name": "Men's Hammer Throw",
            "combined": null,
            "__typename": "CalendarResultsOptionEvent"
          },
          {
            "gender": "M",
            "id": 10229636,
            "name": "Men's Javelin Throw",
            "combined": null,
            "__typename": "CalendarResultsOptionEvent"
          },
          {
            "gender": "M",
            "id": 10229634,
            "name": "Men's Marathon",
            "combined": null,
            "__typename": "CalendarResultsOptionEvent"
          },
          {
            "gender": "M",
            "id": 10229508,
            "name": "Men's 20 Kilometres Race Walk",
            "combined": null,
            "__typename": "CalendarResultsOptionEvent"
          },
          {
            "gender": "M",
            "id": 10229628,
            "name": "Men's 50 Kilometres Race Walk",
            "combined": null,
            "__typename": "CalendarResultsOptionEvent"
          },
          {
            "gender": "M",
            "id": 10229629,
            "name": "Men's Decathlon",
            "combined": true,
            "__typename": "CalendarResultsOptionEvent"
          },
          {
            "gender": "M",
            "id": 204593,
            "name": "Men's 4x100 Metres Relay",
            "combined": null,
            "__typename": "CalendarResultsOptionEvent"
          },
          {
            "gender": "M",
            "id": 204595,
            "name": "Men's 4x400 Metres Relay",
            "combined": null,
            "__typename": "CalendarResultsOptionEvent"
          }
        ],
        "__typename": "CalendarResultsOptions"
      },
      "parameters": {
        "competitionId": 6913256,
        "day": null,
        "eventId": 10229531,
        "__typename": "CalendarResultsParameters"
      },
      "__typename": "CalendarCompetitionResults"
    }
  }
}