{
  "data": {
    "getCalendarCompetitionResults": {
      "competition": {
        "dateRange": "01\u201310 AUG 1997",
        "endDate": "1997-08-10",
        "name": "IAAF World Championships",
        "rankingCategory": "OW",
        "startDate": "1997-08-01",
        "venue": "Olympic Stadium, Athina (GRE)",
        "__typename": "CalendarResultsCompetition"
      },
      "eventTitles": [
        {
          "rankingCategory": "OW",
          "eventTitle": null,
          "events": [
            {
              "event": "Men's 5000 Metres",
              "eventId": 10229609,
              "gender": "M",
              "isRelay": false,
              "perResultWind": false,
              "withWind": false,
              "summary": null,
              "races": [
                {
                  "date": "1997-08-10",
                  "day": 10,
                  "race": "Final",
                  "raceId": 10,
                  "raceNumber": 0,
                  "results": [
                    {
                      "competitor": {
                        "teamMembers": null,
                        "id": "fbsa3aqjiwvksfnunwcxh",
                        "name": "Daniel KOMEN",
                        "iaafId": 15134,
                        "urlSlug": "kenya/daniel-komen-014208667",
                        "birthDate": "17 MAY 1976",
                        "hasProfile": true,
                        "__typename": "CalendarResultsCompetitor"
                      },
                      "mark": "13:07.38",
                      "nationality": "KEN",
                      "place": "1.",
                      "points": null,
                      "qualified": null,
                      "records": "",
                      "wind": null,
                      "remark": null,
                      "details": null,
                      "__typename": "CalendarResultsRaceResult"
                    },
                    {
                      "competitor": {
                        "teamMembers": null,
                        "id": "19ucbb0yojyqj5rvrhrgva",
                        "name": "Khalid BOULAMI",
                        "iaafId": 12630,
                        "urlSlug": "morocco/khalid-boulami-014211935",
                        "birthDate": "07 AUG 1969",
                        "hasProfile": true,
                        "__typename": "CalendarResultsCompetitor"
                      },
                      "mark": "13:09.34",
                      "nationality": "MAR",
                      "place": "2.",
                      "points": null,
                      "qualified": null,
                      "records": "",
                      "wind": null,
                      "remark": null,
                      "details": null,
                      "__typename": "CalendarResultsRaceResult"
                    },
                    {
                      "competitor": {
                        "teamMembers": null,
                        "id": "wrd3aojwr773r8xdzwsf",
                        "name": "Tom NYARIKI",
                        "iaafId": 55631,
                        "urlSlug": "kenya/tom-nyariki-014209491",
                        "birthDate": "27 SEP 1971",
                        "hasProfile": true,
                        "__typename": "CalendarResultsCompetitor"
                      },
                      "mark": "13:11.09",
                      "nationality": "KEN",
                      "place": "3.",
                      "points": null,
                      "qualified": null,
                      "records": "",
                      "wind": null,
                      "remark": null,
                      "details": null,
                      "__typename": "CalendarResultsRaceResult"
                    },
                    {
                      "competitor": {
                        "teamMembers": null,
                        "id": "7wibuo0l8n9td2wc2idl8",
                        "name": "Ismail SGHYR",
                        "iaafId": 12695,
                        "urlSlug": "france/ismail-sghyr-014187646",
                        "birthDate": "16 MAR 1972",
                        "hasProfile": true,
                        "__typename": "CalendarResultsCompetitor"
                      },
                      "mark": "13:17.45",
                      "nationality": "MAR",
                      "place": "4.",
                      "points": null,
                      "qualified": null,
                      "records": "",
                      "wind": null,
                      "remark": null,
                      "details": null,
                      "__typename": "CalendarResultsRaceResult"
                    },
                    {
                      "competitor": {
                        "teamMembers": null,
                        "id": "tfj8lh84cnkxoym0sb53e",
                        "name": "Dieter BAUMANN",
                        "iaafId": 5118,
                        "urlSlug": "germany/dieter-baumann-014191486",
                        "birthDate": "09 FEB 1965",
                        "hasProfile": true,
                        "__typename": "CalendarResultsCompetitor"
                      },
                      "mark": "13:17.64",
                      "nationality": "GER",
                      "place": "5.",
                      "points": null,
                      "qualified": null,
                      "records": "",
                      "wind": null,
                      "remark": null,
                      "details": null,
                      "__typename": "CalendarResultsRaceResult"
                    },
                    {
                      "competitor": {
                        "teamMembers": null,
                        "id": "l63ec8lsyzaemq9klknrs",
                        "name": "Bob KENNEDY",
                        "iaafId": 1377,
                        "urlSlug": "united-states/bob-kennedy-014242818",
                        "birthDate": "18 AUG 1970",
                        "hasProfile": true,
                        "__typename": "CalendarResultsCompetitor"
                      },
                      "mark": "13:19.45",
                      "nationality": "USA",
                      "place": "6.",
                      "points": null,
                      "qualified": null,
                      "records": "",
                      "wind": null,
                      "remark": null,
                      "details": null,
                      "__typename": "CalendarResultsRaceResult"
                    },
                    {
                      "competitor": {
                        "teamMembers": null,
                        "id": "v7m10lh2btoq08silox9c",
                        "name": "El Hassan LAHSSINI",
                        "iaafId": 50262,
                        "urlSlug": "france/el-hassan-lahssini-014185736",
                        "birthDate": "01 JAN 1975",
                        "hasProfile": true,
                        "__typename": "CalendarResultsCompetitor"
                      },
                      "mark": "13:20.52",
                      "nationality": "MAR",
                      "place": "7.",
                      "points": null,
                      "qualified": null,
                      "records": "",
                      "wind": null,
                      "remark": null,
                      "details": null,
                      "__typename": "CalendarResultsRaceResult"
                    },
                    {
                      "competitor": {
                        "teamMembers": null,
                        "id": "aisq56vepfpeqeu11u38sb",
                        "name": "Enrique MOLINA",
                        "iaafId": 9493,
                        "urlSlug": "spain/enrique-molina-014165669",
                        "birthDate": "25 FEB 1968",
                        "hasProfile": true,
                        "__typename": "CalendarResultsCompetitor"
                      },
                      "mark": "13:24.54",
                      "nationality": "ESP",
                      "place": "8.",
                      "points": null,
                      "qualified": null,
                      "records": "",
                      "wind": null,
                      "remark": null,
                      "details": null,
                      "__typename": "CalendarResultsRaceResult"
                    },
                    {
                      "competitor": {
                        "teamMembers": null,
                        "id": "2i41cykriebbdz63vks9ca",
                        "name": "Manuel PANCORBO",
                        "iaafId": 2185,
                        "urlSlug": "spain/manuel-pancorbo-014165473",
                        "birthDate": "07 JUL 1966",
                        "hasProfile": true,
                        "__typename": "CalendarResultsCompetitor"
                      },
                      "mark": "13:25.78",
                      "nationality": "ESP",
                      "place": "9.",
                      "points": null,
                      "qualified": null,
                      "records": "",
                      "wind": null,
                      "remark": null,
                      "details": null,
                      "__typename": "CalendarResultsRaceResult"
                    },
                    {
                      "competitor": {
                        "teamMembers": null,
                        "id": "h3q1v52jt7onkkpwco1zml",
                        "name": "Fita BAYISSA",
                        "iaafId": 7797,
                        "urlSlug": "ethiopia/fita-bayissa-014181347",
                        "birthDate": "15 DEC 1972",
                        "hasProfile": true,
                        "__typename": "CalendarResultsCompetitor"
                      },
                      "mark": "13:25.98",
                      "nationality": "ETH",
                      "place": "10.",
                      "points": null,
                      "qualified": null,
                      "records": "",
                      "wind": null,
                      "remark": null,
                      "details": null,
                      "__typename": "CalendarResultsRaceResult"
                    },
                    {
                      "competitor": {
                        "teamMembers": null,
                        "id": "3emsm07ie87dverkosbnxp",
                        "name": "Abdellah B\u00c9HAR",
                        "iaafId": 9818,
                        "urlSlug": "france/abdellah-behar-14183166",
                        "birthDate": "05 JUL 1963",
                        "hasProfile": true,
                        "__typename": "CalendarResultsCompetitor"
                      },
                      "mark": "13:29.10",
                      "nationality": "FRA",
                      "place": "11.",
                      "points": null,
                      "qualified": null,
                      "records": "",
                      "wind": null,
                      "remark": null,
                      "details": null,
                      "__typename": "CalendarResultsRaceResult"
                    },
                    {
                      "competitor": {
                        "teamMembers": null,
                        "id": "j3cppz6ie0nk1armkndwq",
                        "name": "Worku BIKILA",
                        "iaafId": 15136,
                        "urlSlug": "ethiopia/worku-bikila-014181374",
                        "birthDate": "06 MAY 1968",
                        "hasProfile": true,
                        "__typename": "CalendarResultsCompetitor"
                      },
                      "mark": "13:30.02",
                      "nationality": "ETH",
                      "place": "12.",
                      "points": null,
                      "qualified": null,
                      "records": "",
                      "wind": null,
                      "remark": null,
                      "details": null,
                      "__typename": "CalendarResultsRaceResult"
                    },
                    {
                      "competitor": {
                        "teamMembers": null,
                        "id": "s4x1k8i0ggad1oazf6xsc",
                        "name": "Paul BITOK",
                        "iaafId": 8739,
                        "urlSlug": "kenya/paul-bitok-014207397",
                        "birthDate": "26 JUN 1970",
                        "hasProfile": true,
                        "__typename": "CalendarResultsCompetitor"
                      },
                      "mark": "13:30.25",
                      "nationality": "KEN",
                      "place": "13.",
                      "points": null,
                      "qualified": null,
                      "records": "",
                      "wind": null,
                      "remark": null,
                      "details": null,
                      "__typename": "CalendarResultsRaceResult"
                    },
                    {
                      "competitor": {
                        "teamMembers": null,
                        "id": "9l7xz19inr93t6o58axikt",
                        "name": "Dionisio CASTRO",
                        "iaafId": 453,
                        "urlSlug": "portugal/dionisio-castro-014218094",
                        "birthDate": "22 NOV 1963",
                        "hasProfile": true,
                        "__typename": "CalendarResultsCompetitor"
                      },
                      "mark": "13:31.74",
                      "nationality": "POR",
                      "place": "14.",
                      "points": null,
                      "qualified": null,
                      "records": "",
                      "wind": null,
                      "remark": null,
                      "details": null,
                      "__typename": "CalendarResultsRaceResult"
                    },
                    {
                      "competitor": {
                        "teamMembers": null,
                        "id": "rdosj5tigab9afiyw8mmsc",
                        "name": "Pablo OLMEDO",
                        "iaafId": 12728,
                        "urlSlug": "mexico/pablo-olmedo-014213122",
                        "birthDate": "08 MAY 1975",
                        "hasProfile": true,
                        "__typename": "CalendarResultsCompetitor"
                      },
                      "mark": "14:05.59",
                      "nationality": "MEX",
                      "place": "15.",
                      "points": null,
                      "qualified": null,
                      "records": "",
                      "wind": null,
                      "remark": null,
                      "details": null,
                      "__typename": "CalendarResultsRaceResult"
                    }
                  ],
                  "startList": null,
                  "wind": null,
                  "__typename": "CalendarResultsRace"
                },
                {
                  "date": "1997-08-08",
                  "day": 8,
                  "race": "Round 1 - Heat",
                  "raceId": 11,
                  "raceNumber": 0,
                  "results": [
                    {
                      "competitor": {
                        "teamMembers": null,
                        "id": "pxbxiruy597aqg8ffdff4e",
                        "name": "Marco Antonio CONDORI",
                        "iaafId": 130143,
                        "urlSlug": "bolivia/marco-antonio-condori-014176397",
                        "birthDate": "26 MAR 1966",
                        "hasProfile": true,
                        "__typename": "CalendarResultsCompetitor"
                      },
                      "mark": "DNS",
                      "nationality": "BOL",
                      "place": "",
                      "points": null,
                      "qualified": null,
                      "records": "",
                      "wind": null,
                      "remark": null,
                      "details": null,
                      "__typename": "CalendarResultsRaceResult"
                    },
                    {
                      "competitor": {
                        "teamMembers": null,
                        "id": "qnncsx2efvdp4dx8ji4im",
                        "name": "El Hassan LAHSSINI",
                        "iaafId": 50262,
                        "urlSlug": "france/el-hassan-lahssini-014185736",
                        "birthDate": "01 JAN 1975",
                        "hasProfile": true,
                        "__typename": "CalendarResultsCompetitor"
                      },
                      "mark": "13:23.75",
                      "nationality": "MAR",
                      "place": "",
                      "points": null,
                      "qualified": false,
                      "records": "",
                      "wind": null,
                      "remark": null,
                      "details": null,
                      "__typename": "CalendarResultsRaceResult"
                    },
                    {
                      "competitor": {
                        "teamMembers": null,
                        "id": "yf38n75d4jbg1vv1nx5q",
                        "name": "Jonathan WYATT",
                        "iaafId": 12995,
                        "urlSlug": "new-zealand/jonathan-wyatt-014215949",
                        "birthDate": "20 DEC 1972",
                        "hasProfile": true,
                        "__typename": "CalendarResultsCompetitor"
                      },
                      "mark": "DNF",
                      "nationality": "NZL",
                      "place": "",
                      "points": null,
                      "qualified": null,
                      "records": "",
                      "wind": null,
                      "remark": null,
                      "details": null,
                      "__typename": "CalendarResultsRaceResult"
                    },
                    {
                      "competitor": {
                        "teamMembers": null,
                        "id": "r57uwmmaauzwbepba0dm",
                        "name": "Ahmed Ibrahim WARSAMA",
                        "iaafId": 6059,
                        "urlSlug": "qatar/ahmed-ibrahim-warsama-014219121",
                        "birthDate": "04 FEB 1966",
                        "hasProfile": true,
                        "__typename": "CalendarResultsCompetitor"
                      },
                      "mark": "13:49.55",
                      "nationality": "QAT",
                      "place": "",
                      "points": null,
                      "qualified": null,
                      "records": "",
                      "wind": null,
                      "remark": null,
                      "details": null,
                      "__typename": "CalendarResultsRaceResult"
                    },
                    {
                      "competitor": {
                        "teamMembers": null,
                        "id": "o2b4tpxgt3r23ve6azoqtxh",
                        "name": "N\u00e9stor GARC\u00cdA",
                        "iaafId": 130006,
                        "urlSlug": "uruguay/nestor-garcia-014230865",
                        "birthDate": "06 JUL 1975",
                        "hasProfile": true,
                        "__typename": "CalendarResultsCompetitor"
                      },
                      "mark": "14:12.15",
                      "nationality": "URU",
                      "place": "",
                      "points": null,
                      "qualified": null,
                      "records": "",
                      "wind": null,
                      "remark": null,
                      "details": null,
                      "__typename": "CalendarResultsRaceResult"
                    }
                  ],
                  "startList": null,
                  "wind": null,
                  "__typename": "CalendarResultsRace"
                },
                {
                  "date": "1997-08-08",
                  "day": 8,
                  "race": "Round 1 - Heat",
                  "raceId": 11,
                  "raceNumber": 1,
                  "results": [
                    {
                      "competitor": {
                        "teamMembers": null,
                        "id": "3rwfssmo2234fd9ynrgmr5",
                        "name": "Ismail SGHYR",
                        "iaafId": 12695,
                        "urlSlug": "france/ismail-sghyr-014187646",
                        "birthDate": "16 MAR 1972",
                        "hasProfile": true,
                        "__typename": "CalendarResultsCompetitor"
                      },
                      "mark": "13:19.69",
                      "nationality": "MAR",
                      "place": "1.",
                      "points": null,
                      "qualified": null,
                      "records": "",
                      "wind": null,
                      "remark": null,
                      "details": null,
                      "__typename": "CalendarResultsRaceResult"
                    },
                    {
                      "competitor": {
                        "teamMembers": null,
                        "id": "ugu895qgojrgdit28cq1lm",
                        "name": "Dieter BAUMANN",
                        "iaafId": 5118,
                        "urlSlug": "germany/dieter-baumann-014191486",
                        "birthDate": "09 FEB 1965",
                        "hasProfile": true,
                        "__typename": "CalendarResultsCompetitor"
                      },
                      "mark": "13:19.81",
                      "nationality": "GER",
                      "place": "2.",
                      "points": null,
                      "qualified": null,
                      "records": "",
                      "wind": null,
                      "remark": null,
                      "details": null,
                      "__typename": "CalendarResultsRaceResult"
                    },
                    {
                      "competitor": {
                        "teamMembers": null,
                        "id": "a73ve1cr5lvg5ge6vg3ln",
                        "name": "Daniel KOMEN",
                        "iaafId": 15134,
                        "urlSlug": "kenya/daniel-komen-014208667",
                        "birthDate": "17 MAY 1976",
                        "hasProfile": true,
                        "__typename": "CalendarResultsCompetitor"
                      },
                      "mark": "13:19.87",
                      "nationality": "KEN",
                      "place": "3.",
                      "points": null,
                      "qualified": null,
                      "records": "",
                      "wind": null,
                      "remark": null,
                      "details": null,
                      "__typename": "CalendarResultsRaceResult"
                    },
                    {
                      "competitor": {
                        "teamMembers": null,
                        "id": "ncxq55rsjaoym7sggig4s",
                        "name": "Enrique MOLINA",
                        "iaafId": 9493,
                        "urlSlug": "spain/enrique-molina-014165669",
                        "birthDate": "25 FEB 1968",
                        "hasProfile": true,
                        "__typename": "CalendarResultsCompetitor"
                      },
                      "mark": "13:22.74",
                      "nationality": "ESP",
                      "place": "4.",
                      "points": null,
                      "qualified": null,
                      "records": "",
                      "wind": null,
                      "remark": null,
                      "details": null,
                      "__typename": "CalendarResultsRaceResult"
                    },
                    {
                      "competitor": {
                        "teamMembers": null,
                        "id": "7jiircojx82k2njtj84h6",
                        "name": "Paul BITOK",
                        "iaafId": 8739,
                        "urlSlug": "kenya/paul-bitok-014207397",
                        "birthDate": "26 JUN 1970",
                        "hasProfile": true,
                        "__typename": "CalendarResultsCompetitor"
                      },
                      "mark": "13:24.85",
                      "nationality": "KEN",
                      "place": "5.",
                      "points": null,
                      "qualified": null,
                      "records": "",
                      "wind": null,
                      "remark": null,
                      "details": null,
                      "__typename": "CalendarResultsRaceResult"
                    },
                    {
                      "competitor": {
                        "teamMembers": null,
                        "id": "6mucqatmssbc16fgymmhzg",
                        "name": "Abdellah B\u00c9HAR",
                        "iaafId": 9818,
                        "urlSlug": "france/abdellah-behar-14183166",
                        "birthDate": "05 JUL 1963",
                        "hasProfile": true,
                        "__typename": "CalendarResultsCompetitor"
                      },
                      "mark": "13:26.50",
                      "nationality": "FRA",
                      "place": "6.",
                      "points": null,
                      "qualified": null,
                      "records": "",
                      "wind": null,
                      "remark": null,
                      "details": null,
                      "__typename": "CalendarResultsRaceResult"
                    },
                    {
                      "competitor": {
                        "teamMembers": null,
                        "id": "jjk273q6bsc6m1ec3epdtj",
                        "name": "Worku BIKILA",
                        "iaafId": 15136,
                        "urlSlug": "ethiopia/worku-bikila-014181374",
                        "birthDate": "06 MAY 1968",
                        "hasProfile": true,
                        "__typename": "CalendarResultsCompetitor"
                      },
                      "mark": "13:31.18",
                      "nationality": "ETH",
                      "place": "7.",
                      "points": null,
                      "qualified": null,
                      "records": "",
                      "wind": null,
                      "remark": null,
                      "details": null,
                      "__typename": "CalendarResultsRaceResult"
                    },
                    {
                      "competitor": {
                        "teamMembers": null,
                        "id": "11ib5k48bwafxvbhvsetmh",
                        "name": "Alan CULPEPPER",
                        "iaafId": 130298,
                        "urlSlug": "united-states/alan-culpepper-014235692",
                        "birthDate": "15 SEP 1972",
                        "hasProfile": true,
                        "__typename": "CalendarResultsCompetitor"
                      },
                      "mark": "13:34.74",
                      "nationality": "USA",
                      "place": "8.",
                      "points": null,
                      "qualified": null,
                      "records": "",
                      "wind": null,
                      "remark": null,
                      "details": null,
                      "__typename": "CalendarResultsRaceResult"
                    },
                    {
                      "competitor": {
                        "teamMembers": null,
                        "id": "ns68ythwnu2t8w94vu12e",
                        "name": "Anacleto JIM\u00c9NEZ",
                        "iaafId": 3618,
                        "urlSlug": "spain/anacleto-jimenez-014166108",
                        "birthDate": "24 FEB 1967",
                        "hasProfile": true,
                        "__typename": "CalendarResultsCompetitor"
                      },
                      "mark": "13:36.55",
                      "nationality": "ESP",
                      "place": "9.",
                      "points": null,
                      "qualified": null,
                      "records": "",
                      "wind": null,
                      "remark": null,
                      "details": null,
                      "__typename": "CalendarResultsRaceResult"
                    },
                    {
                      "competitor": {
                        "teamMembers": null,
                        "id": "fmosgqkxkdal5ya5ev7g0i",
                        "name": "Keith CULLEN",
                        "iaafId": 11376,
                        "urlSlug": "great-britain-ni/keith-cullen-014188958",
                        "birthDate": "13 JUN 1972",
                        "hasProfile": true,
                        "__typename": "CalendarResultsCompetitor"
                      },
                      "mark": "13:42.40",
                      "nationality": "GBR",
                      "place": "10.",
                      "points": null,
                      "qualified": null,
                      "records": "",
                      "wind": null,
                      "remark": null,
                      "details": null,
                      "__typename": "CalendarResultsRaceResult"
                    },
                    {
                      "competitor": {
                        "teamMembers": null,
                        "id": "lvf42jhnhhc76n8nfpdjt",
                        "name": "Sergey DRYGIN",
                        "iaafId": 50320,
                        "urlSlug": "russia/sergey-drygin-014222100",
                        "birthDate": "19 OCT 1970",
                        "hasProfile": true,
                        "__typename": "CalendarResultsCompetitor"
                      },
                      "mark": "13:55.56",
                      "nationality": "RUS",
                      "place": "12.",
                      "points": null,
                      "qualified": null,
                      "records": "",
                      "wind": null,
                      "remark": null,
                      "details": null,
                      "__typename": "CalendarResultsRaceResult"
                    },
                    {
                      "competitor": {
                        "teamMembers": null,
                        "id": "4t4x9ks7v6hfoknh3d6q95",
                        "name": "Jeff SCHIEBLER",
                        "iaafId": 10606,
                        "urlSlug": "canada/jeff-schiebler-014173526",
                        "birthDate": "01 JUN 1973",
                        "hasProfile": true,
                        "__typename": "CalendarResultsCompetitor"
                      },
                      "mark": "13:57.31",
                      "nationality": "CAN",
                      "place": "13.",
                      "points": null,
                      "qualified": null,
                      "records": "",
                      "wind": null,
                      "remark": null,
                      "details": null,
                      "__typename": "CalendarResultsRaceResult"
                    },
                    {
                      "competitor": {
                        "teamMembers": null,
                        "id": "7zoae6l8hg6366i5hqy7c7",
                        "name": "Mark CARROLL",
                        "iaafId": 12069,
                        "urlSlug": "ireland/mark-carroll-014198783",
                        "birthDate": "15 JAN 1972",
                        "hasProfile": true,
                        "__typename": "CalendarResultsCompetitor"
                      },
                      "mark": "13:57.88",
                      "nationality": "IRL",
                      "place": "14.",
                      "points": null,
                      "qualified": null,
                      "records": "",
                      "wind": null,
                      "remark": null,
                      "details": null,
                      "__typename": "CalendarResultsRaceResult"
                    },
                    {
                      "competitor": {
                        "teamMembers": null,
                        "id": "xlv9ulj1t6ah3zv9ykohww",
                        "name": "Robert DENMARK",
                        "iaafId": 3622,
                        "urlSlug": "great-britain-ni/robert-denmark-014189040",
                        "birthDate": "23 NOV 1968",
                        "hasProfile": true,
                        "__typename": "CalendarResultsCompetitor"
                      },
                      "mark": "13:58.08",
                      "nationality": "GBR",
                      "place": "15.",
                      "points": null,
                      "qualified": null,
                      "records": "",
                      "wind": null,
                      "remark": null,
                      "details": null,
                      "__typename": "CalendarResultsRaceResult"
                    },
                    {
                      "competitor": {
                        "teamMembers": null,
                        "id": "zmty74idntp3tmd38bc94w",
                        "name": "Ali Mabruk EL ZAIDI",
                        "iaafId": 172283,
                        "urlSlug": "libya/ali-mabruk-el-zaidi-014211141",
                        "birthDate": "13 JAN 1978",
                        "hasProfile": true,
                        "__typename": "CalendarResultsCompetitor"
                      },
                      "mark": "13:58.26",
                      "nationality": "LBA",
                      "place": "16.",
                      "points": null,
                      "qualified": null,
                      "records": "",
                      "wind": null,
                      "remark": null,
                      "details": null,
                      "__typename": "CalendarResultsRaceResult"
                    },
                    {
                      "competitor": {
                        "teamMembers": null,
                        "id": "err3l8ovz2nebej75s4w2",
                        "name": "Francis MUNTHALL",
                        "iaafId": 12703,
                        "urlSlug": "malawi/francis-munthall-014212674",
                        "birthDate": "25 DEC 1972",
                        "hasProfile": true,
                        "__typename": "CalendarResultsCompetitor"
                      },
                      "mark": "14:14.80",
                      "nationality": "MAW",
                      "place": "18.",
                      "points": null,
                      "qualified": null,
                      "records": "",
                      "wind": null,
                      "remark": null,
                      "details": null,
                      "__typename": "CalendarResultsRaceResult"
                    }
                  ],
                  "startList": null,
                  "wind": null,
                  "__typename": "CalendarResultsRace"
                },
                {
                  "date": "1997-08-08",
                  "day": 8,
                  "race": "Round 1 - Heat",
                  "raceId": 11,
                  "raceNumber": 2,
                  "results": [
                    {
                      "competitor": {
                        "teamMembers": null,
                        "id": "r3l1lkt0yfcpvdzngjfkv",
                        "name": "Bob KENNEDY",
                        "iaafId": 1377,
                        "urlSlug": "united-states/bob-kennedy-014242818",
                        "birthDate": "18 AUG 1970",
                        "hasProfile": true,
                        "__typename": "CalendarResultsCompetitor"
                      },
                      "mark": "13:23.07",
                      "nationality": "USA",
                      "place": "1.",
                      "points": null,
                      "qualified": null,
                      "records": "",
                      "wind": null,
                      "remark": null,
                      "details": null,
                      "__typename": "CalendarResultsRaceResult"
                    },
                    {
                      "competitor": {
                        "teamMembers": null,
                        "id": "lmev7q9ugg5zf5ov7wzs",
                        "name": "Khalid BOULAMI",
                        "iaafId": 12630,
                        "urlSlug": "morocco/khalid-boulami-014211935",
                        "birthDate": "07 AUG 1969",
                        "hasProfile": true,
                        "__typename": "CalendarResultsCompetitor"
                      },
                      "mark": "13:23.46",
                      "nationality": "MAR",
                      "place": "2.",
                      "points": null,
                      "qualified": null,
                      "records": "",
                      "wind": null,
                      "remark": null,
                      "details": null,
                      "__typename": "CalendarResultsRaceResult"
                    },
                    {
                      "competitor": {
                        "teamMembers": null,
                        "id": "hmalq6ktgnjtafieb2yaf",
                        "name": "Tom NYARIKI",
                        "iaafId": 55631,
                        "urlSlug": "kenya/tom-nyariki-014209491",
                        "birthDate": "27 SEP 1971",
                        "hasProfile": true,
                        "__typename": "CalendarResultsCompetitor"
                      },
                      "mark": "13:23.55",
                      "nationality": "KEN",
                      "place": "3.",
                      "points": null,
                      "qualified": null,
                      "records": "",
                      "wind": null,
                      "remark": null,
                      "details": null,
                      "__typename": "CalendarResultsRaceResult"
                    },
                    {
                      "competitor": {
                        "teamMembers": null,
                        "id": "i0m5xo1mkzlix527koteth",
                        "name": "Dionisio CASTRO",
                        "iaafId": 453,
                        "urlSlug": "portugal/dionisio-castro-014218094",
                        "birthDate": "22 NOV 1963",
                        "hasProfile": true,
                        "__typename": "CalendarResultsCompetitor"
                      },
                      "mark": "13:24.51",
                      "nationality": "POR",
                      "place": "5.",
                      "points": null,
                      "qualified": null,
                      "records": "",
                      "wind": null,
                      "remark": null,
                      "details": null,
                      "__typename": "CalendarResultsRaceResult"
                    },
                    {
                      "competitor": {
                        "teamMembers": null,
                        "id": "49os2iomabl3jkidget4li",
                        "name": "Manuel PANCORBO",
                        "iaafId": 2185,
                        "urlSlug": "spain/manuel-pancorbo-014165473",
                        "birthDate": "07 JUL 1966",
                        "hasProfile": true,
                        "__typename": "CalendarResultsCompetitor"
                      },
                      "mark": "13:25.71",
                      "nationality": "ESP",
                      "place": "6.",
                      "points": null,
                      "qualified": null,
                      "records": "",
                      "wind": null,
                      "remark": null,
                      "details": null,
                      "__typename": "CalendarResultsRaceResult"
                    },
                    {
                      "competitor": {
                        "teamMembers": null,
                        "id": "k2razfgbssuqwj93y0e4g",
                        "name": "Pablo OLMEDO",
                        "iaafId": 12728,
                        "urlSlug": "mexico/pablo-olmedo-014213122",
                        "birthDate": "08 MAY 1975",
                        "hasProfile": true,
                        "__typename": "CalendarResultsCompetitor"
                      },
                      "mark": "13:27.65",
                      "nationality": "MEX",
                      "place": "7.",
                      "points": null,
                      "qualified": null,
                      "records": "",
                      "wind": null,
                      "remark": null,
                      "details": null,
                      "__typename": "CalendarResultsRaceResult"
                    },
                    {
                      "competitor": {
                        "teamMembers": null,
                        "id": "s6eaalyf39qm9m6nl0aik",
                        "name": "Fita BAYISSA",
                        "iaafId": 7797,
                        "urlSlug": "ethiopia/fita-bayissa-014181347",
                        "birthDate": "15 DEC 1972",
                        "hasProfile": true,
                        "__typename": "CalendarResultsCompetitor"
                      },
                      "mark": "13:28.54",
                      "nationality": "ETH",
                      "place": "8.",
                      "points": null,
                      "qualified": null,
                      "records": "",
                      "wind": null,
                      "remark": null,
                      "details": null,
                      "__typename": "CalendarResultsRaceResult"
                    },
                    {
                      "competitor": {
                        "teamMembers": null,
                        "id": "1wmizex3p0uhqkk7bpik6",
                        "name": "Ismael KIRUI",
                        "iaafId": 1425,
                        "urlSlug": "kenya/ismael-kirui-014208553",
                        "birthDate": "20 FEB 1975",
                        "hasProfile": true,
                        "__typename": "CalendarResultsCompetitor"
                      },
                      "mark": "13:34.52",
                      "nationality": "KEN",
                      "place": "9.",
                      "points": null,
                      "qualified": null,
                      "records": "",
                      "wind": null,
                      "remark": null,
                      "details": null,
                      "__typename": "CalendarResultsRaceResult"
                    },
                    {
                      "competitor": {
                        "teamMembers": null,
                        "id": "oyqj2716cojn3p97f35bu",
                        "name": "Ayele MEZGEBU",
                        "iaafId": 15261,
                        "urlSlug": "ethiopia/ayele-mezgebu-014181580",
                        "birthDate": "06 JAN 1973",
                        "hasProfile": true,
                        "__typename": "CalendarResultsCompetitor"
                      },
                      "mark": "13:38.96",
                      "nationality": "ETH",
                      "place": "10.",
                      "points": null,
                      "qualified": null,
                      "records": "",
                      "wind": null,
                      "remark": null,
                      "details": null,
                      "__typename": "CalendarResultsRaceResult"
                    },
                    {
                      "competitor": {
                        "teamMembers": null,
                        "id": "62wsu5swobd40cmptosl3u",
                        "name": "Mustapha ESSA\u00cfD",
                        "iaafId": 3878,
                        "urlSlug": "france/mustapha-essaid-14184646",
                        "birthDate": "20 JAN 1970",
                        "hasProfile": true,
                        "__typename": "CalendarResultsCompetitor"
                      },
                      "mark": "13:39.11",
                      "nationality": "FRA",
                      "place": "11.",
                      "points": null,
                      "qualified": null,
                      "records": "",
                      "wind": null,
                      "remark": null,
                      "details": null,
                      "__typename": "CalendarResultsRaceResult"
                    },
                    {
                      "competitor": {
                        "teamMembers": null,
                        "id": "j7gbv79cgwbvrvlxipqcg",
                        "name": "Panayotis PAPOULIAS",
                        "iaafId": 16284,
                        "urlSlug": "greece/panayotis-papoulias-014195413",
                        "birthDate": "09 DEC 1969",
                        "hasProfile": true,
                        "__typename": "CalendarResultsCompetitor"
                      },
                      "mark": "13:58.27",
                      "nationality": "GRE",
                      "place": "12.",
                      "points": null,
                      "qualified": null,
                      "records": "",
                      "wind": null,
                      "remark": null,
                      "details": null,
                      "__typename": "CalendarResultsRaceResult"
                    },
                    {
                      "competitor": {
                        "teamMembers": null,
                        "id": "nwljpmhcwsowivgwm78l",
                        "name": "Brian BAKER",
                        "iaafId": 50245,
                        "urlSlug": "united-states/brian-baker-014231831",
                        "birthDate": "08 JUN 1970",
                        "hasProfile": true,
                        "__typename": "CalendarResultsCompetitor"
                      },
                      "mark": "14:03.95",
                      "nationality": "USA",
                      "place": "13.",
                      "points": null,
                      "qualified": null,
                      "records": "",
                      "wind": null,
                      "remark": null,
                      "details": null,
                      "__typename": "CalendarResultsRaceResult"
                    },
                    {
                      "competitor": {
                        "teamMembers": null,
                        "id": "xro2k4rkt3s2r7cslo86",
                        "name": "Adrian PASSEY",
                        "iaafId": 11636,
                        "urlSlug": "great-britain-ni/adrian-passey-014190418",
                        "birthDate": "02 SEP 1964",
                        "hasProfile": true,
                        "__typename": "CalendarResultsCompetitor"
                      },
                      "mark": "14:07.49",
                      "nationality": "GBR",
                      "place": "14.",
                      "points": null,
                      "qualified": null,
                      "records": "",
                      "wind": null,
                      "remark": null,
                      "details": null,
                      "__typename": "CalendarResultsRaceResult"
                    },
                    {
                      "competitor": {
                        "teamMembers": null,
                        "id": "vxqs6gmmmdfv05d3mxj0k8",
                        "name": "Samuli VASALA",
                        "iaafId": 50296,
                        "urlSlug": "finland/samuli-vasala-014182670",
                        "birthDate": "29 NOV 1976",
                        "hasProfile": true,
                        "__typename": "CalendarResultsCompetitor"
                      },
                      "mark": "14:10.92",
                      "nationality": "FIN",
                      "place": "15.",
                      "points": null,
                      "qualified": null,
                      "records": "",
                      "wind": null,
                      "remark": null,
                      "details": null,
                      "__typename": "CalendarResultsRaceResult"
                    },
                    {
                      "competitor": {
                        "teamMembers": null,
                        "id": "ccdiu6d83cnwsewx71s6md",
                        "name": "Yohannes GHIRMAI",
                        "iaafId": 130343,
                        "urlSlug": "eritrea/yohannes-ghirmai-014167423",
                        "birthDate": "1972",
                        "hasProfile": true,
                        "__typename": "CalendarResultsCompetitor"
                      },
                      "mark": "14:59.47",
                      "nationality": "ERI",
                      "place": "16.",
                      "points": null,
                      "qualified": null,
                      "records": "",
                      "wind": null,
                      "remark": null,
                      "details": null,
                      "__typename": "CalendarResultsRaceResult"
                    },
                    {
                      "competitor": {
                        "teamMembers": null,
                        "id": "oc3wg4mpcdrjgjeyjc4iwa",
                        "name": "Kama Pakoula LEKADE",
                        "iaafId": 55291,
                        "urlSlug": "togo/kama-pakoula-lekade-014228670",
                        "birthDate": "04 JUL 1976",
                        "hasProfile": true,
                        "__typename": "CalendarResultsCompetitor"
                      },
                      "mark": "15:00.21",
                      "nationality": "TOG",
                      "place": "17.",
                      "points": null,
                      "qualified": null,
                      "records": "",
                      "wind": null,
                      "remark": null,
                      "details": null,
                      "__typename": "CalendarResultsRaceResult"
                    },
                    {
                      "competitor": {
                        "teamMembers": null,
                        "id": "6f9luvmwy4qe9q29z2358",
                        "name": "Yeli MOUSSA",
                        "iaafId": 130097,
                        "urlSlug": "niger/yeli-moussa-014215182",
                        "birthDate": "1973",
                        "hasProfile": true,
                        "__typename": "CalendarResultsCompetitor"
                      },
                      "mark": "15:00.61",
                      "nationality": "NIG",
                      "place": "18.",
                      "points": null,
                      "qualified": null,
                      "records": "",
                      "wind": null,
                      "remark": null,
                      "details": null,
                      "__typename": "CalendarResultsRaceResult"
                    }
                  ],
                  "startList": null,
                  "wind": null,
                  "__typename": "CalendarResultsRace"
                }
              ],
              "__typename": "CalendarResultsEvent"
            }
          ],
          "__typename": "CalendarResultsEventTitle"
        }
      ],
      "options": {
        "days": [
          {
            "date": "02 AUG 1997",
            "day": 2,
            "__typename": "CalendarResultsOptionsDay"
          },
          {
            "date": "03 AUG 1997",
            "day": 3,
            "__typename": "CalendarResultsOptionsDay"
          },
          {
            "date": "04 AUG 1997",
            "day": 4,
            "__typename": "CalendarResultsOptionsDay"
          },
          {
            "date": "05 AUG 1997",
            "day": 5,
            "__typename": "CalendarResultsOptionsDay"
          },
          {
            "date": "06 AUG 1997",
            "day": 6,
            "__typename": "CalendarResultsOptionsDay"
          },
          {
            "date": "07 AUG 1997",
            "day": 7,
            "__typename": "CalendarResultsOptionsDay"
          },
          {
            "date": "08 AUG 1997",
            "day": 8,
            "__typename": "CalendarResultsOptionsDay"
          },
          {
            "date": "09 AUG 1997",
            "day": 9,
            "__typename": "CalendarResultsOptionsDay"
          },
          {
            "date": "10 AUG 1997",
            "day": 10,
            "__typename": "CalendarResultsOptionsDay"
          }
        ],
        "events": [
          {
            "gender": "W",
            "id": 10229509,
            "name": "Women's 100 Metres",
            "combined": null,
            "__typename": "CalendarResultsOptionEvent"
          },
          {
            "gender": "W",
            "id": 10229510,
            "name": "Women's 200 Metres",
            "combined": null,
            "__typename": "CalendarResultsOptionEvent"
          },
          {
            "gender": "W",
            "id": 10229515,
            "name": "Women's 300 Metres",
            "combined": null,
            "__typename": "CalendarResultsOptionEvent"
          },
          {
            "gender": "W",
            "id": 10229511,
            "name": "Women's 400 Metres",
            "combined": null,
            "__typename": "CalendarResultsOptionEvent"
          },
          {
            "gender": "W",
            "id": 10229512,
            "name": "Women's 800 Metres",
            "combined": null,
            "__typename": "CalendarResultsOptionEvent"
          },
          {
            "gender": "W",
            "id": 10229513,
            "name": "Women's 1500 Metres",
            "combined": null,
            "__typename": "CalendarResultsOptionEvent"
          },
          {
            "gender": "W",
            "id": 10229514,
            "name": "Women's 5000 Metres",
            "combined": null,
            "__typename": "CalendarResultsOptionEvent"
          },
          {
            "gender": "W",
            "id": 10229521,
            "name": "Women's 10,000 Metres",
            "combined": null,
            "__typename": "CalendarResultsOptionEvent"
          },
          {
            "gender": "W",
            "id": 10229522,
            "name": "Women's 100 Metres Hurdles",
            "combined": null,
            "__typename": "CalendarResultsOptionEvent"
          },
          {
            "gender": "W",
            "id": 10229523,
            "name": "Women's 400 Metres Hurdles",
            "combined": null,
            "__typename": "CalendarResultsOptionEvent"
          },
          {
            "gender": "W",
            "id": 10229526,
            "name": "Women's High Jump",
            "combined": null,
            "__typename": "CalendarResultsOptionEvent"
          },
          {
            "gender": "W",
            "id": 10229528,
            "name": "Women's Long Jump",
            "combined": null,
            "__typename": "CalendarResultsOptionEvent"
          },
          {
            "gender": "W",
            "id": 10229529,
            "name": "Women's Triple Jump",
            "combined": null,
            "__typename": "CalendarResultsOptionEvent"
          },
          {
            "gender": "W",
            "id": 10229530,
            "name": "Women's Shot Put",
            "combined": null,
            "__typename": "CalendarResultsOptionEvent"
          },
          {
            "gender": "W",
            "id": 10229531,
            "name": "Women's Discus Throw",
            "combined": null,
            "__typename": "CalendarResultsOptionEvent"
          },
          {
            "gender": "W",
            "id": 10229596,
            "name": "Women's Javelin Throw (old)",
            "combined": null,
            "__typename": "CalendarResultsOptionEvent"
          },
          {
            "gender": "W",
            "id": 10229534,
            "name": "Women's Marathon",
            "combined": null,
            "__typename": "CalendarResultsOptionEvent"
          },
          {
            "gender": "W",
            "id": 10229639,
            "name": "Women's 10,000 Metres Race Walk",
            "combined": null,
            "__typename": "CalendarResultsOptionEvent"
          },
          {
            "gender": "W",
            "id": 10229536,
            "name": "Women's Heptathlon",
            "combined": true,
            "__typename": "CalendarResultsOptionEvent"
          },
          {
            "gender": "W",
            "id": 204594,
            "name": "Women's 4x100 Metres Relay",
            "combined": null,
            "__typename": "CalendarResultsOptionEvent"
          },
          {
            "gender": "W",
            "id": 204596,
            "name": "Women's 4x400 Metres Relay",
            "combined": null,
            "__typename": "CalendarResultsOptionEvent"
          },
          {
            "gender": "M",
            "id": 10229630,
            "name": "Men's 100 Metres",
            "combined": null,
            "__typename": "CalendarResultsOptionEvent"
          },
          {
            "gender": "M",
            "id": 10229605,
            "name": "Men's 200 Metres",
            "combined": null,
            "__typename": "CalendarResultsOptionEvent"
          },
          {
            "gender": "M",
            "id": 10229631,
            "name": "Men's 400 Metres",
            "combined": null,
            "__typename": "CalendarResultsOptionEvent"
          },
          {
            "gender": "M",
            "id": 10229501,
            "name": "Men's 800 Metres",
            "combined": null,
            "__typename": "CalendarResultsOptionEvent"
          },
          {
            "gender": "M",
            "id": 10229502,
            "name": "Men's 1500 Metres",
            "combined": null,
            "__typename": "CalendarResultsOptionEvent"
          },
          {
            "gender": "M",
            "id": 10229609,
            "name": "Men's 5000 Metres",
            "combined": null,
            "__typename": "CalendarResultsOptionEvent"
          },
          {
            "gender": "M",
            "id": 10229610,
            "name": "Men's 10,000 Metres",
            "combined": null,
            "__typename": "CalendarResultsOptionEvent"
          },
          {
            "gender": "M",
            "id": 10229611,
            "name": "Men's 110 Metres Hurdles",
            "combined": null,
            "__typename": "CalendarResultsOptionEvent"
          },
          {
            "gender": "M",
            "id": 10229612,
            "name": "Men's 400 Metres Hurdles",
            "combined": null,
            "__typename": "CalendarResultsOptionEvent"
          },
          {
            "gender": "M",
            "id": 10229614,
            "name": "Men's 3000 Metres Steeplechase",
            "combined": null,
            "__typename": "CalendarResultsOptionEvent"
          },
          {
            "gender": "M",
            "id": 10229615,
            "name": "Men's High Jump",
            "combined": null,
            "__typename": "CalendarResultsOptionEvent"
          },
          {
            "gender": "M",
            "id": 10229616,
            "name": "Men's Pole Vault",
            "combined": null,
            "__typename": "CalendarResultsOptionEvent"
          },
          {
            "gender": "M",
            "id": 10229617,
            "name": "Men's Long Jump",
            "combined": null,
            "__typename": "CalendarResultsOptionEvent"
          },
          {
            "gender": "M",
            "id": 10229618,
            "name": "Men's Triple Jump",
            "combined": null,
            "__typename": "CalendarResultsOptionEvent"
          },
          {
            "gender": "M",
            "id": 10229619,
            "name": "Men's Shot Put",
            "combined": null,
            "__typename": "CalendarResultsOptionEvent"
          },
          {
            "gender": "M",
            "id": 10229620,
            "name": "Men's Discus Throw",
            "combined": null,
            "__typename": "CalendarResultsOptionEvent"
          },
          {
            "gender": "M",
            "id": 10229621,
            "name": "Men's Hammer Throw",
            "combined": null,
            "__typename": "CalendarResultsOptionEvent"
          },
          {
            "gender": "M",
            "id": 10229636,
            "name": "Men's Javelin Throw",
            "combined": null,
            "__typename": "CalendarResultsOptionEvent"
          },
          {
            "gender": "M",
            "id": 10229634,
            "name": "Men's Marathon",
            "combined": null,
            "__typename": "CalendarResultsOptionEvent"
          },
          {
            "gender": "M",
            "id": 10229508,
            "name": "Men's 20 Kilometres Race Walk",
            "combined": null,
            "__typename": "CalendarResultsOptionEvent"
          },
          {
            "gender": "M",
            "id": 10229628,
            "name": "Men's 50 Kilometres Race Walk",
            "combined": null,
            "__typename": "CalendarResultsOptionEvent"
          },
          {
            "gender": "M",
            "id": 10229629,
            "name": "Men's Decathlon",
            "combined": true,
            "__typename": "CalendarResultsOptionEvent"
          },
          {
            "gender": "M",
            "id": 204593,
            "name": "Men's 4x100 Metres Relay",
            "combined": null,
            "__typename": "CalendarResultsOptionEvent"
          },
          {
            "gender": "M",
            "id": 204595,
            "name": "Men's 4x400 Metres Relay",
            "combined": null,
            "__typename": "CalendarResultsOptionEvent"
          }
        ],
        "__typename": "CalendarResultsOptions"
      },
      "parameters": {
        "competitionId": 6913256,
        "day": null,
        "eventId": 10229609,
        "__typename": "CalendarResultsParameters"
      },
      "__typename": "CalendarCompetitionResults"
    }
  }
}