{
  "data": {
    "getCalendarCompetitionResults": {
      "competition": {
        "dateRange": "18\u201329 AUG 2004",
        "endDate": "2004-08-29",
        "name": "The XXVIII Olympic Games",
        "rankingCategory": "OW",
        "startDate": "2004-08-18",
        "venue": "Olympic Stadium, Athina (GRE)",
        "__typename": "CalendarResultsCompetition"
      },
      "eventTitles": [
        {
          "rankingCategory": "OW",
          "eventTitle": null,
          "events": [
            {
              "event": "Men's 5000 Metres",
              "eventId": 10229609,
              "gender": "M",
              "isRelay": false,
              "perResultWind": false,
              "withWind": false,
              "summary": null,
              "races": [
                {
                  "date": "2004-08-28",
                  "day": 11,
                  "race": "Final",
                  "raceId": 10,
                  "raceNumber": 0,
                  "results": [
                    {
                      "competitor": {
                        "teamMembers": null,
                        "id": "ycti43h0c9m02ntvuyj0c",
                        "name": "Hicham EL GUERROUJ",
                        "iaafId": 9824,
                        "urlSlug": "morocco/hicham-el-guerrouj-014212038",
                        "birthDate": "14 SEP 1974",
                        "hasProfile": true,
                        "__typename": "CalendarResultsCompetitor"
                      },
                      "mark": "13:14.39",
                      "nationality": "MAR",
                      "place": "1.",
                      "points": null,
                      "qualified": null,
                      "records": "",
                      "wind": null,
                      "remark": null,
                      "details": null,
                      "__typename": "CalendarResultsRaceResult"
                    },
                    {
                      "competitor": {
                        "teamMembers": null,
                        "id": "jzm1nob8i4gk7crphsnci",
                        "name": "Kenenisa BEKELE",
                        "iaafId": 138200,
                        "urlSlug": "ethiopia/kenenisa-bekele-14181357",
                        "birthDate": "13 JUN 1982",
                        "hasProfile": true,
                        "__typename": "CalendarResultsCompetitor"
                      },
                      "mark": "13:14.59",
                      "nationality": "ETH",
                      "place": "2.",
                      "points": null,
                      "qualified": null,
                      "records": "",
                      "wind": null,
                      "remark": null,
                      "details": null,
                      "__typename": "CalendarResultsRaceResult"
                    },
                    {
                      "competitor": {
                        "teamMembers": null,
                        "id": "ghkykfdyb7dwrg1t77dbdh",
                        "name": "Eliud KIPCHOGE",
                        "iaafId": 188307,
                        "urlSlug": "kenya/eliud-kipchoge-14208194",
                        "birthDate": "05 NOV 1984",
                        "hasProfile": true,
                        "__typename": "CalendarResultsCompetitor"
                      },
                      "mark": "13:15.10",
                      "nationality": "KEN",
                      "place": "3.",
                      "points": null,
                      "qualified": null,
                      "records": "",
                      "wind": null,
                      "remark": null,
                      "details": null,
                      "__typename": "CalendarResultsRaceResult"
                    },
                    {
                      "competitor": {
                        "teamMembers": null,
                        "id": "kxskukl776fsimezibcprm",
                        "name": "Gebregziabher GEBREMARIAM",
                        "iaafId": 188449,
                        "urlSlug": "ethiopia/gebregziabher-gebremariam-014181464",
                        "birthDate": "12 OCT 1984",
                        "hasProfile": true,
                        "__typename": "CalendarResultsCompetitor"
                      },
                      "mark": "13:15.35",
                      "nationality": "ETH",
                      "place": "4.",
                      "points": null,
                      "qualified": null,
                      "records": "",
                      "wind": null,
                      "remark": null,
                      "details": null,
                      "__typename": "CalendarResultsRaceResult"
                    },
                    {
                      "competitor": {
                        "teamMembers": null,
                        "id": "2qdro2r4id1prevb8ukg18",
                        "name": "Dejene BIRHANU",
                        "iaafId": 191649,
                        "urlSlug": "ethiopia/dejene-birhanu-014181377",
                        "birthDate": "12 DEC 1980",
                        "hasProfile": true,
                        "__typename": "CalendarResultsCompetitor"
                      },
                      "mark": "13:16.92",
                      "nationality": "ETH",
                      "place": "5.",
                      "points": null,
                      "qualified": null,
                      "records": "",
                      "wind": null,
                      "remark": null,
                      "details": null,
                      "__typename": "CalendarResultsRaceResult"
                    },
                    {
                      "competitor": {
                        "teamMembers": null,
                        "id": "we6c311hsj8l8p4151xoi",
                        "name": "John Kemboi KIBOWEN",
                        "iaafId": 131000,
                        "urlSlug": "kenya/john-kemboi-kibowen-014208040",
                        "birthDate": "21 APR 1969",
                        "hasProfile": true,
                        "__typename": "CalendarResultsCompetitor"
                      },
                      "mark": "13:18.24",
                      "nationality": "KEN",
                      "place": "6.",
                      "points": null,
                      "qualified": null,
                      "records": "",
                      "wind": null,
                      "remark": null,
                      "details": null,
                      "__typename": "CalendarResultsRaceResult"
                    },
                    {
                      "competitor": {
                        "teamMembers": null,
                        "id": "xsy9ab8rb189rvgibwo67",
                        "name": "Zersenay TADESE",
                        "iaafId": 189002,
                        "urlSlug": "eritrea/zersenay-tadese-014167401",
                        "birthDate": "01 JAN 1982",
                        "hasProfile": true,
                        "__typename": "CalendarResultsCompetitor"
                      },
                      "mark": "13:24.31",
                      "nationality": "ERI",
                      "place": "7.",
                      "points": null,
                      "qualified": null,
                      "records": "",
                      "wind": null,
                      "remark": null,
                      "details": null,
                      "__typename": "CalendarResultsRaceResult"
                    },
                    {
                      "competitor": {
                        "teamMembers": null,
                        "id": "9qmmmwiphyo7xghpv3d2g6",
                        "name": "Craig MOTTRAM",
                        "iaafId": 137796,
                        "urlSlug": "australia/craig-mottram-014179098",
                        "birthDate": "18 JUN 1980",
                        "hasProfile": true,
                        "__typename": "CalendarResultsCompetitor"
                      },
                      "mark": "13:25.70",
                      "nationality": "AUS",
                      "place": "8.",
                      "points": null,
                      "qualified": null,
                      "records": "",
                      "wind": null,
                      "remark": null,
                      "details": null,
                      "__typename": "CalendarResultsRaceResult"
                    },
                    {
                      "competitor": {
                        "teamMembers": null,
                        "id": "984rc1j5xm8w92zpktyucm",
                        "name": "Hicham BELLANI",
                        "iaafId": 186765,
                        "urlSlug": "morocco/hicham-bellani-014211878",
                        "birthDate": "15 SEP 1979",
                        "hasProfile": true,
                        "__typename": "CalendarResultsCompetitor"
                      },
                      "mark": "13:31.81",
                      "nationality": "MAR",
                      "place": "9.",
                      "points": null,
                      "qualified": null,
                      "records": "",
                      "wind": null,
                      "remark": null,
                      "details": null,
                      "__typename": "CalendarResultsRaceResult"
                    },
                    {
                      "competitor": {
                        "teamMembers": null,
                        "id": "kpgppjqmfken9be3edjvlg",
                        "name": "Ali SAIDI-SIEF",
                        "iaafId": 131970,
                        "urlSlug": "algeria/ali-saidi-sief-014180633",
                        "birthDate": "15 MAR 1978",
                        "hasProfile": true,
                        "__typename": "CalendarResultsCompetitor"
                      },
                      "mark": "13:32.57",
                      "nationality": "ALG",
                      "place": "10.",
                      "points": null,
                      "qualified": null,
                      "records": "",
                      "wind": null,
                      "remark": null,
                      "details": null,
                      "__typename": "CalendarResultsRaceResult"
                    },
                    {
                      "competitor": {
                        "teamMembers": null,
                        "id": "1o30h2x1b2ox34q5xyey3",
                        "name": "Tim BROE",
                        "iaafId": 137352,
                        "urlSlug": "united-states/tim-broe-014233388",
                        "birthDate": "20 JUN 1977",
                        "hasProfile": true,
                        "__typename": "CalendarResultsCompetitor"
                      },
                      "mark": "13:33.06",
                      "nationality": "USA",
                      "place": "11.",
                      "points": null,
                      "qualified": null,
                      "records": "",
                      "wind": null,
                      "remark": null,
                      "details": null,
                      "__typename": "CalendarResultsRaceResult"
                    },
                    {
                      "competitor": {
                        "teamMembers": null,
                        "id": "vzgjbnqy0ma3uronoenu3y",
                        "name": "Alistair Ian CRAGG",
                        "iaafId": 56071,
                        "urlSlug": "ireland/alistair-ian-cragg-014198809",
                        "birthDate": "13 JUN 1980",
                        "hasProfile": true,
                        "__typename": "CalendarResultsCompetitor"
                      },
                      "mark": "13:43.06",
                      "nationality": "IRL",
                      "place": "12.",
                      "points": null,
                      "qualified": null,
                      "records": "",
                      "wind": null,
                      "remark": null,
                      "details": null,
                      "__typename": "CalendarResultsRaceResult"
                    },
                    {
                      "competitor": {
                        "teamMembers": null,
                        "id": "i2vyijsaqhk3jznsfaa4eq",
                        "name": "Abderrahim GOUMRI",
                        "iaafId": 55511,
                        "urlSlug": "morocco/abderrahim-goumri-014212164",
                        "birthDate": "21 MAY 1976",
                        "hasProfile": true,
                        "__typename": "CalendarResultsCompetitor"
                      },
                      "mark": "13:47.27",
                      "nationality": "MAR",
                      "place": "13.",
                      "points": null,
                      "qualified": null,
                      "records": "",
                      "wind": null,
                      "remark": null,
                      "details": null,
                      "__typename": "CalendarResultsRaceResult"
                    },
                    {
                      "competitor": {
                        "teamMembers": null,
                        "id": "xmzjtss60palo08ocj2cn",
                        "name": "Samir MOUSSAOUI",
                        "iaafId": 55057,
                        "urlSlug": "algeria/samir-moussaoui-014180662",
                        "birthDate": "15 MAY 1975",
                        "hasProfile": true,
                        "__typename": "CalendarResultsCompetitor"
                      },
                      "mark": "14:02.01",
                      "nationality": "ALG",
                      "place": "14.",
                      "points": null,
                      "qualified": null,
                      "records": "",
                      "wind": null,
                      "remark": null,
                      "details": null,
                      "__typename": "CalendarResultsRaceResult"
                    },
                    {
                      "competitor": {
                        "teamMembers": null,
                        "id": "iojjasz0vnt98170bkoui",
                        "name": "Abraham CHEBII",
                        "iaafId": 169928,
                        "urlSlug": "kenya/abraham-chebii-014207471",
                        "birthDate": "23 DEC 1979",
                        "hasProfile": true,
                        "__typename": "CalendarResultsCompetitor"
                      },
                      "mark": "DNF",
                      "nationality": "KEN",
                      "place": "",
                      "points": null,
                      "qualified": null,
                      "records": "",
                      "wind": null,
                      "remark": null,
                      "details": null,
                      "__typename": "CalendarResultsRaceResult"
                    }
                  ],
                  "startList": null,
                  "wind": null,
                  "__typename": "CalendarResultsRace"
                },
                {
                  "date": "2004-08-25",
                  "day": 8,
                  "race": "Round 1 - Heat",
                  "raceId": 11,
                  "raceNumber": 1,
                  "results": [
                    {
                      "competitor": {
                        "teamMembers": null,
                        "id": "m15eud79ii6obkk96ys8p",
                        "name": "Kenenisa BEKELE",
                        "iaafId": 138200,
                        "urlSlug": "ethiopia/kenenisa-bekele-14181357",
                        "birthDate": "13 JUN 1982",
                        "hasProfile": true,
                        "__typename": "CalendarResultsCompetitor"
                      },
                      "mark": "13:21.16",
                      "nationality": "ETH",
                      "place": "1.",
                      "points": null,
                      "qualified": false,
                      "records": "",
                      "wind": null,
                      "remark": null,
                      "details": null,
                      "__typename": "CalendarResultsRaceResult"
                    },
                    {
                      "competitor": {
                        "teamMembers": null,
                        "id": "jjb2hm1qqfl14178tbuwsa",
                        "name": "Gebregziabher GEBREMARIAM",
                        "iaafId": 188449,
                        "urlSlug": "ethiopia/gebregziabher-gebremariam-014181464",
                        "birthDate": "12 OCT 1984",
                        "hasProfile": true,
                        "__typename": "CalendarResultsCompetitor"
                      },
                      "mark": "13:21.20",
                      "nationality": "ETH",
                      "place": "2.",
                      "points": null,
                      "qualified": false,
                      "records": "",
                      "wind": null,
                      "remark": null,
                      "details": null,
                      "__typename": "CalendarResultsRaceResult"
                    },
                    {
                      "competitor": {
                        "teamMembers": null,
                        "id": "yxnu930g8psd2lz11llze",
                        "name": "Hicham EL GUERROUJ",
                        "iaafId": 9824,
                        "urlSlug": "morocco/hicham-el-guerrouj-014212038",
                        "birthDate": "14 SEP 1974",
                        "hasProfile": true,
                        "__typename": "CalendarResultsCompetitor"
                      },
                      "mark": "13:21.87",
                      "nationality": "MAR",
                      "place": "3.",
                      "points": null,
                      "qualified": false,
                      "records": "",
                      "wind": null,
                      "remark": null,
                      "details": null,
                      "__typename": "CalendarResultsRaceResult"
                    },
                    {
                      "competitor": {
                        "teamMembers": null,
                        "id": "2o86vvy2zqtj2quwq01o6",
                        "name": "Craig MOTTRAM",
                        "iaafId": 137796,
                        "urlSlug": "australia/craig-mottram-014179098",
                        "birthDate": "18 JUN 1980",
                        "hasProfile": true,
                        "__typename": "CalendarResultsCompetitor"
                      },
                      "mark": "13:21.88",
                      "nationality": "AUS",
                      "place": "4.",
                      "points": null,
                      "qualified": false,
                      "records": "",
                      "wind": null,
                      "remark": null,
                      "details": null,
                      "__typename": "CalendarResultsRaceResult"
                    },
                    {
                      "competitor": {
                        "teamMembers": null,
                        "id": "az8rwr84o9lsj5y1emd67r",
                        "name": "Abraham CHEBII",
                        "iaafId": 169928,
                        "urlSlug": "kenya/abraham-chebii-014207471",
                        "birthDate": "23 DEC 1979",
                        "hasProfile": true,
                        "__typename": "CalendarResultsCompetitor"
                      },
                      "mark": "13:22.30",
                      "nationality": "KEN",
                      "place": "5.",
                      "points": null,
                      "qualified": false,
                      "records": "",
                      "wind": null,
                      "remark": null,
                      "details": null,
                      "__typename": "CalendarResultsRaceResult"
                    },
                    {
                      "competitor": {
                        "teamMembers": null,
                        "id": "8jhqm4vhxmswhpc7ay0jep",
                        "name": "Hicham BELLANI",
                        "iaafId": 186765,
                        "urlSlug": "morocco/hicham-bellani-014211878",
                        "birthDate": "15 SEP 1979",
                        "hasProfile": true,
                        "__typename": "CalendarResultsCompetitor"
                      },
                      "mark": "13:22.64",
                      "nationality": "MAR",
                      "place": "6.",
                      "points": null,
                      "qualified": false,
                      "records": "",
                      "wind": null,
                      "remark": null,
                      "details": null,
                      "__typename": "CalendarResultsRaceResult"
                    },
                    {
                      "competitor": {
                        "teamMembers": null,
                        "id": "0lyjh1x2hrhhe4id7jcx8hj",
                        "name": "Alistair Ian CRAGG",
                        "iaafId": 56071,
                        "urlSlug": "ireland/alistair-ian-cragg-014198809",
                        "birthDate": "13 JUN 1980",
                        "hasProfile": true,
                        "__typename": "CalendarResultsCompetitor"
                      },
                      "mark": "13:23.01",
                      "nationality": "IRL",
                      "place": "7.",
                      "points": null,
                      "qualified": false,
                      "records": "",
                      "wind": null,
                      "remark": null,
                      "details": null,
                      "__typename": "CalendarResultsRaceResult"
                    },
                    {
                      "competitor": {
                        "teamMembers": null,
                        "id": "ro08tir1s6ifdwltj85mbl",
                        "name": "Samir MOUSSAOUI",
                        "iaafId": 55057,
                        "urlSlug": "algeria/samir-moussaoui-014180662",
                        "birthDate": "15 MAY 1975",
                        "hasProfile": true,
                        "__typename": "CalendarResultsCompetitor"
                      },
                      "mark": "13:24.98",
                      "nationality": "ALG",
                      "place": "8.",
                      "points": null,
                      "qualified": false,
                      "records": "",
                      "wind": null,
                      "remark": null,
                      "details": null,
                      "__typename": "CalendarResultsRaceResult"
                    },
                    {
                      "competitor": {
                        "teamMembers": null,
                        "id": "htefx7odz6jyhfrfb72gdm",
                        "name": "Sultan Khamis ZAMAN",
                        "iaafId": 180355,
                        "urlSlug": "qatar/sultan-khamis-zaman-14219130",
                        "birthDate": "23 JUL 1985",
                        "hasProfile": true,
                        "__typename": "CalendarResultsCompetitor"
                      },
                      "mark": "13:26.52",
                      "nationality": "QAT",
                      "place": "9.",
                      "points": null,
                      "qualified": null,
                      "records": "",
                      "wind": null,
                      "remark": null,
                      "details": null,
                      "__typename": "CalendarResultsRaceResult"
                    },
                    {
                      "competitor": {
                        "teamMembers": null,
                        "id": "mfd6yt2m708ur5oi2vmgvg",
                        "name": "John MAYOCK",
                        "iaafId": 9845,
                        "urlSlug": "great-britain-ni/john-mayock-014190046",
                        "birthDate": "26 OCT 1970",
                        "hasProfile": true,
                        "__typename": "CalendarResultsCompetitor"
                      },
                      "mark": "13:26.81",
                      "nationality": "GBR",
                      "place": "10.",
                      "points": null,
                      "qualified": null,
                      "records": "",
                      "wind": null,
                      "remark": null,
                      "details": null,
                      "__typename": "CalendarResultsRaceResult"
                    },
                    {
                      "competitor": {
                        "teamMembers": null,
                        "id": "l8btlsr76zaiadsjdutgts",
                        "name": "G\u00fcnther WEIDLINGER",
                        "iaafId": 131994,
                        "urlSlug": "austria/gunther-weidlinger-014178120",
                        "birthDate": "05 APR 1978",
                        "hasProfile": true,
                        "__typename": "CalendarResultsCompetitor"
                      },
                      "mark": "13:29.32",
                      "nationality": "AUT",
                      "place": "11.",
                      "points": null,
                      "qualified": null,
                      "records": "",
                      "wind": null,
                      "remark": null,
                      "details": null,
                      "__typename": "CalendarResultsRaceResult"
                    },
                    {
                      "competitor": {
                        "teamMembers": null,
                        "id": "geacijr6385vsi2d7g3fxk",
                        "name": "Christian BELZ",
                        "iaafId": 170381,
                        "urlSlug": "switzerland/christian-belz-014225792",
                        "birthDate": "11 SEP 1974",
                        "hasProfile": true,
                        "__typename": "CalendarResultsCompetitor"
                      },
                      "mark": "13:29.59",
                      "nationality": "SUI",
                      "place": "12.",
                      "points": null,
                      "qualified": null,
                      "records": "",
                      "wind": null,
                      "remark": null,
                      "details": null,
                      "__typename": "CalendarResultsRaceResult"
                    },
                    {
                      "competitor": {
                        "teamMembers": null,
                        "id": "gy5austa2qs6eemxnlxa8l",
                        "name": "Alejandro SU\u00c1REZ",
                        "iaafId": 176648,
                        "urlSlug": "mexico/alejandro-suarez-014213307",
                        "birthDate": "30 NOV 1980",
                        "hasProfile": true,
                        "__typename": "CalendarResultsCompetitor"
                      },
                      "mark": "13:35.32",
                      "nationality": "MEX",
                      "place": "13.",
                      "points": null,
                      "qualified": null,
                      "records": "",
                      "wind": null,
                      "remark": null,
                      "details": null,
                      "__typename": "CalendarResultsRaceResult"
                    },
                    {
                      "competitor": {
                        "teamMembers": null,
                        "id": "3rvqvulq60n58k6u7ho5zc",
                        "name": "Jonathon RILEY",
                        "iaafId": 137317,
                        "urlSlug": "united-states/jonathon-riley-014249597",
                        "birthDate": "29 DEC 1978",
                        "hasProfile": true,
                        "__typename": "CalendarResultsCompetitor"
                      },
                      "mark": "13:38.79",
                      "nationality": "USA",
                      "place": "14.",
                      "points": null,
                      "qualified": null,
                      "records": "",
                      "wind": null,
                      "remark": null,
                      "details": null,
                      "__typename": "CalendarResultsRaceResult"
                    },
                    {
                      "competitor": {
                        "teamMembers": null,
                        "id": "6rk4fgo7qqx9w3pla64ypg",
                        "name": "Abdelhak ZAKARIA",
                        "iaafId": 191166,
                        "urlSlug": "bahrain/abdelhak-zakaria-014175107",
                        "birthDate": "20 JUL 1974",
                        "hasProfile": true,
                        "__typename": "CalendarResultsCompetitor"
                      },
                      "mark": "13:42.04",
                      "nationality": "BRN",
                      "place": "15.",
                      "points": null,
                      "qualified": null,
                      "records": "",
                      "wind": null,
                      "remark": null,
                      "details": null,
                      "__typename": "CalendarResultsRaceResult"
                    },
                    {
                      "competitor": {
                        "teamMembers": null,
                        "id": "kyduolgq3es2bksbjbueqa",
                        "name": "Monder RIZKI",
                        "iaafId": 181412,
                        "urlSlug": "belgium/monder-rizki-014177345",
                        "birthDate": "16 AUG 1979",
                        "hasProfile": true,
                        "__typename": "CalendarResultsCompetitor"
                      },
                      "mark": "14:03.58",
                      "nationality": "BEL",
                      "place": "16.",
                      "points": null,
                      "qualified": null,
                      "records": "",
                      "wind": null,
                      "remark": null,
                      "details": null,
                      "__typename": "CalendarResultsRaceResult"
                    },
                    {
                      "competitor": {
                        "teamMembers": null,
                        "id": "pmgwfuj9q0gbkpzq4j9ej8",
                        "name": "Serhiy LEBID",
                        "iaafId": 55256,
                        "urlSlug": "ukraine/serhiy-lebid-014230207",
                        "birthDate": "15 JUL 1975",
                        "hasProfile": true,
                        "__typename": "CalendarResultsCompetitor"
                      },
                      "mark": "14:10.23",
                      "nationality": "UKR",
                      "place": "17.",
                      "points": null,
                      "qualified": null,
                      "records": "",
                      "wind": null,
                      "remark": null,
                      "details": null,
                      "__typename": "CalendarResultsRaceResult"
                    },
                    {
                      "competitor": {
                        "teamMembers": null,
                        "id": "uh66tc4gor1i0jutab7r4",
                        "name": "Carlos GARC\u00cdA",
                        "iaafId": 50350,
                        "urlSlug": "spain/carlos-garcia-014166467",
                        "birthDate": "20 AUG 1975",
                        "hasProfile": true,
                        "__typename": "CalendarResultsCompetitor"
                      },
                      "mark": "DNF",
                      "nationality": "ESP",
                      "place": "",
                      "points": null,
                      "qualified": null,
                      "records": "",
                      "wind": null,
                      "remark": null,
                      "details": null,
                      "__typename": "CalendarResultsRaceResult"
                    }
                  ],
                  "startList": null,
                  "wind": null,
                  "__typename": "CalendarResultsRace"
                },
                {
                  "date": "2004-08-25",
                  "day": 8,
                  "race": "Round 1 - Heat",
                  "raceId": 11,
                  "raceNumber": 2,
                  "results": [
                    {
                      "competitor": {
                        "teamMembers": null,
                        "id": "mz0urtaxth3f3kocrhn4z",
                        "name": "Ali SAIDI-SIEF",
                        "iaafId": 131970,
                        "urlSlug": "algeria/ali-saidi-sief-014180633",
                        "birthDate": "15 MAR 1978",
                        "hasProfile": true,
                        "__typename": "CalendarResultsCompetitor"
                      },
                      "mark": "13:18.94",
                      "nationality": "ALG",
                      "place": "1.",
                      "points": null,
                      "qualified": false,
                      "records": "",
                      "wind": null,
                      "remark": null,
                      "details": null,
                      "__typename": "CalendarResultsRaceResult"
                    },
                    {
                      "competitor": {
                        "teamMembers": null,
                        "id": "2gv7fke26zsipuf36gnjli",
                        "name": "Eliud KIPCHOGE",
                        "iaafId": 188307,
                        "urlSlug": "kenya/eliud-kipchoge-14208194",
                        "birthDate": "05 NOV 1984",
                        "hasProfile": true,
                        "__typename": "CalendarResultsCompetitor"
                      },
                      "mark": "13:19.01",
                      "nationality": "KEN",
                      "place": "2.",
                      "points": null,
                      "qualified": false,
                      "records": "",
                      "wind": null,
                      "remark": null,
                      "details": null,
                      "__typename": "CalendarResultsRaceResult"
                    },
                    {
                      "competitor": {
                        "teamMembers": null,
                        "id": "teodcoupyhm1t7ajzxqjr",
                        "name": "Dejene BIRHANU",
                        "iaafId": 191649,
                        "urlSlug": "ethiopia/dejene-birhanu-014181377",
                        "birthDate": "12 DEC 1980",
                        "hasProfile": true,
                        "__typename": "CalendarResultsCompetitor"
                      },
                      "mark": "13:19.42",
                      "nationality": "ETH",
                      "place": "3.",
                      "points": null,
                      "qualified": false,
                      "records": "",
                      "wind": null,
                      "remark": null,
                      "details": null,
                      "__typename": "CalendarResultsRaceResult"
                    },
                    {
                      "competitor": {
                        "teamMembers": null,
                        "id": "msv7o72knwanl6jlcf97ce",
                        "name": "John Kemboi KIBOWEN",
                        "iaafId": 131000,
                        "urlSlug": "kenya/john-kemboi-kibowen-014208040",
                        "birthDate": "21 APR 1969",
                        "hasProfile": true,
                        "__typename": "CalendarResultsCompetitor"
                      },
                      "mark": "13:19.65",
                      "nationality": "KEN",
                      "place": "4.",
                      "points": null,
                      "qualified": false,
                      "records": "",
                      "wind": null,
                      "remark": null,
                      "details": null,
                      "__typename": "CalendarResultsRaceResult"
                    },
                    {
                      "competitor": {
                        "teamMembers": null,
                        "id": "hv7jw6ckyc8t21fhvgu7i",
                        "name": "Abderrahim GOUMRI",
                        "iaafId": 55511,
                        "urlSlug": "morocco/abderrahim-goumri-014212164",
                        "birthDate": "21 MAY 1976",
                        "hasProfile": true,
                        "__typename": "CalendarResultsCompetitor"
                      },
                      "mark": "13:20.03",
                      "nationality": "MAR",
                      "place": "5.",
                      "points": null,
                      "qualified": false,
                      "records": "",
                      "wind": null,
                      "remark": null,
                      "details": null,
                      "__typename": "CalendarResultsRaceResult"
                    },
                    {
                      "competitor": {
                        "teamMembers": null,
                        "id": "thu614k7tjcoyxiak05nh",
                        "name": "Tim BROE",
                        "iaafId": 137352,
                        "urlSlug": "united-states/tim-broe-014233388",
                        "birthDate": "20 JUN 1977",
                        "hasProfile": true,
                        "__typename": "CalendarResultsCompetitor"
                      },
                      "mark": "13:20.29",
                      "nationality": "USA",
                      "place": "6.",
                      "points": null,
                      "qualified": false,
                      "records": "",
                      "wind": null,
                      "remark": null,
                      "details": null,
                      "__typename": "CalendarResultsRaceResult"
                    },
                    {
                      "competitor": {
                        "teamMembers": null,
                        "id": "h4tdemuhqipt0gli5bmvo",
                        "name": "Zersenay TADESE",
                        "iaafId": 189002,
                        "urlSlug": "eritrea/zersenay-tadese-014167401",
                        "birthDate": "01 JAN 1982",
                        "hasProfile": true,
                        "__typename": "CalendarResultsCompetitor"
                      },
                      "mark": "13:22.17",
                      "nationality": "ERI",
                      "place": "7.",
                      "points": null,
                      "qualified": false,
                      "records": "",
                      "wind": null,
                      "remark": null,
                      "details": null,
                      "__typename": "CalendarResultsRaceResult"
                    },
                    {
                      "competitor": {
                        "teamMembers": null,
                        "id": "xvsngs2sayjkjw7fi547d",
                        "name": "Samson KIFLEMARIAM",
                        "iaafId": 188427,
                        "urlSlug": "eritrea/samson-kiflemariam-014167414",
                        "birthDate": "23 JAN 1984",
                        "hasProfile": true,
                        "__typename": "CalendarResultsCompetitor"
                      },
                      "mark": "13:26.97",
                      "nationality": "ERI",
                      "place": "8.",
                      "points": null,
                      "qualified": null,
                      "records": "",
                      "wind": null,
                      "remark": null,
                      "details": null,
                      "__typename": "CalendarResultsRaceResult"
                    },
                    {
                      "competitor": {
                        "teamMembers": null,
                        "id": "wkxzujao0mw57lfn1pz5",
                        "name": "Roberto GARC\u00cdA",
                        "iaafId": 131941,
                        "urlSlug": "spain/roberto-garcia-014166411",
                        "birthDate": "20 AUG 1975",
                        "hasProfile": true,
                        "__typename": "CalendarResultsCompetitor"
                      },
                      "mark": "13:27.71",
                      "nationality": "ESP",
                      "place": "9.",
                      "points": null,
                      "qualified": null,
                      "records": "",
                      "wind": null,
                      "remark": null,
                      "details": null,
                      "__typename": "CalendarResultsRaceResult"
                    },
                    {
                      "competitor": {
                        "teamMembers": null,
                        "id": "2l9ycwiqkls18d0fy544pb",
                        "name": "Khoudir AGGOUNE",
                        "iaafId": 174832,
                        "urlSlug": "algeria/khoudir-aggoune-014180901",
                        "birthDate": "05 JAN 1981",
                        "hasProfile": true,
                        "__typename": "CalendarResultsCompetitor"
                      },
                      "mark": "13:29.37",
                      "nationality": "ALG",
                      "place": "10.",
                      "points": null,
                      "qualified": null,
                      "records": "",
                      "wind": null,
                      "remark": null,
                      "details": null,
                      "__typename": "CalendarResultsRaceResult"
                    },
                    {
                      "competitor": {
                        "teamMembers": null,
                        "id": "1dbm402lo3yoauf4dfs8y",
                        "name": "Fabiano Joseph NAASI",
                        "iaafId": 188360,
                        "urlSlug": "tanzania/fabiano-joseph-naasi-014228387",
                        "birthDate": "24 DEC 1985",
                        "hasProfile": true,
                        "__typename": "CalendarResultsCompetitor"
                      },
                      "mark": "13:31.89",
                      "nationality": "TAN",
                      "place": "11.",
                      "points": null,
                      "qualified": null,
                      "records": "",
                      "wind": null,
                      "remark": null,
                      "details": null,
                      "__typename": "CalendarResultsRaceResult"
                    },
                    {
                      "competitor": {
                        "teamMembers": null,
                        "id": "yqye0ri05w07pdqe9v1guo",
                        "name": "Marius BAKKEN",
                        "iaafId": 169764,
                        "urlSlug": "norway/marius-bakken-014215221",
                        "birthDate": "27 MAR 1978",
                        "hasProfile": true,
                        "__typename": "CalendarResultsCompetitor"
                      },
                      "mark": "13:36.38",
                      "nationality": "NOR",
                      "place": "12.",
                      "points": null,
                      "qualified": null,
                      "records": "",
                      "wind": null,
                      "remark": null,
                      "details": null,
                      "__typename": "CalendarResultsRaceResult"
                    },
                    {
                      "competitor": {
                        "teamMembers": null,
                        "id": "9mudxikhizm8fs7jkl86yw",
                        "name": "Freddy GONZ\u00c1LEZ",
                        "iaafId": 174670,
                        "urlSlug": "venezuela/freddy-gonzalez-014256107",
                        "birthDate": "07 OCT 1977",
                        "hasProfile": true,
                        "__typename": "CalendarResultsCompetitor"
                      },
                      "mark": "13:42.44",
                      "nationality": "VEN",
                      "place": "13.",
                      "points": null,
                      "qualified": null,
                      "records": "",
                      "wind": null,
                      "remark": null,
                      "details": null,
                      "__typename": "CalendarResultsRaceResult"
                    },
                    {
                      "competitor": {
                        "teamMembers": null,
                        "id": "g54euneqmb64xa8afa6rvj",
                        "name": "Tom COMPERNOLLE",
                        "iaafId": 172195,
                        "urlSlug": "belgium/tom-compernolle-014177664",
                        "birthDate": "13 NOV 1975",
                        "hasProfile": true,
                        "__typename": "CalendarResultsCompetitor"
                      },
                      "mark": "13:43.44",
                      "nationality": "BEL",
                      "place": "14.",
                      "points": null,
                      "qualified": null,
                      "records": "",
                      "wind": null,
                      "remark": null,
                      "details": null,
                      "__typename": "CalendarResultsRaceResult"
                    },
                    {
                      "competitor": {
                        "teamMembers": null,
                        "id": "objhdu362e5utlht2auy9",
                        "name": "Mark CARROLL",
                        "iaafId": 12069,
                        "urlSlug": "ireland/mark-carroll-014198783",
                        "birthDate": "15 JAN 1972",
                        "hasProfile": true,
                        "__typename": "CalendarResultsCompetitor"
                      },
                      "mark": "13:46.81",
                      "nationality": "IRL",
                      "place": "15.",
                      "points": null,
                      "qualified": null,
                      "records": "",
                      "wind": null,
                      "remark": null,
                      "details": null,
                      "__typename": "CalendarResultsRaceResult"
                    },
                    {
                      "competitor": {
                        "teamMembers": null,
                        "id": "pmedxrirvd95q2jhdz01p",
                        "name": "Carles CASTILLEJO",
                        "iaafId": 195623,
                        "urlSlug": "spain/carles-castillejo-014166896",
                        "birthDate": "18 AUG 1978",
                        "hasProfile": true,
                        "__typename": "CalendarResultsCompetitor"
                      },
                      "mark": "13:49.16",
                      "nationality": "ESP",
                      "place": "16.",
                      "points": null,
                      "qualified": null,
                      "records": "",
                      "wind": null,
                      "remark": null,
                      "details": null,
                      "__typename": "CalendarResultsRaceResult"
                    },
                    {
                      "competitor": {
                        "teamMembers": null,
                        "id": "9zms0tr9wzf67d54r4w2ek",
                        "name": "Michael AISH",
                        "iaafId": 174314,
                        "urlSlug": "united-states/michael-aish-014215562",
                        "birthDate": "24 JUL 1976",
                        "hasProfile": true,
                        "__typename": "CalendarResultsCompetitor"
                      },
                      "mark": "13:50.00",
                      "nationality": "NZL",
                      "place": "17.",
                      "points": null,
                      "qualified": null,
                      "records": "",
                      "wind": null,
                      "remark": null,
                      "details": null,
                      "__typename": "CalendarResultsRaceResult"
                    },
                    {
                      "competitor": {
                        "teamMembers": null,
                        "id": "a2ekklfwy85xyr5960dunf",
                        "name": "Rajendra Bah. BHANDARI",
                        "iaafId": 185514,
                        "urlSlug": "nepal/rajendra-bah-bhandari-014214796",
                        "birthDate": "13 NOV 1976",
                        "hasProfile": true,
                        "__typename": "CalendarResultsCompetitor"
                      },
                      "mark": "14:04.89",
                      "nationality": "NEP",
                      "place": "18.",
                      "points": null,
                      "qualified": null,
                      "records": "",
                      "wind": null,
                      "remark": null,
                      "details": null,
                      "__typename": "CalendarResultsRaceResult"
                    }
                  ],
                  "startList": null,
                  "wind": null,
                  "__typename": "CalendarResultsRace"
                }
              ],
              "__typename": "CalendarResultsEvent"
            }
          ],
          "__typename": "CalendarResultsEventTitle"
        }
      ],
      "options": {
        "days": [
          {
            "date": "18 AUG 2004",
            "day": 1,
            "__typename": "CalendarResultsOptionsDay"
          },
          {
            "date": "20 AUG 2004",
            "day": 3,
            "__typename": "CalendarResultsOptionsDay"
          },
          {
            "date": "21 AUG 2004",
            "day": 4,
            "__typename": "CalendarResultsOptionsDay"
          },
          {
            "date": "22 AUG 2004",
            "day": 5,
            "__typename": "CalendarResultsOptionsDay"
          },
          {
            "date": "23 AUG 2004",
            "day": 6,
            "__typename": "CalendarResultsOptionsDay"
          },
          {
            "date": "24 AUG 2004",
            "day": 7,
            "__typename": "CalendarResultsOptionsDay"
          },
          {
            "date": "25 AUG 2004",
            "day": 8,
            "__typename": "CalendarResultsOptionsDay"
          },
          {
            "date": "26 AUG 2004",
            "day": 9,
            "__typename": "CalendarResultsOptionsDay"
          },
          {
            "date": "27 AUG 2004",
            "day": 10,
            "__typename": "CalendarResultsOptionsDay"
          },
          {
            "date": "28 AUG 2004",
            "day": 11,
            "__typename": "CalendarResultsOptionsDay"
          },
          {
            "date": "29 AUG 2004",
            "day": 12,
            "__typename": "CalendarResultsOptionsDay"
          }
        ],
        "events": [
          {
            "gender": "W",
            "id": 10229509,
            "name": "Women's 100 Metres",
            "combined": null,
            "__typename": "CalendarResultsOptionEvent"
          },
          {
            "gender": "W",
            "id": 10229510,
            "name": "Women's 200 Metres",
            "combined": null,
            "__typename": "CalendarResultsOptionEvent"
          },
          {
            "gender": "W",
            "id": 10229511,
            "name": "Women's 400 Metres",
            "combined": null,
            "__typename": "CalendarResultsOptionEvent"
          },
          {
            "gender": "W",
            "id": 10229512,
            "name": "Women's 800 Metres",
            "combined": null,
            "__typename": "CalendarResultsOptionEvent"
          },
          {
            "gender": "W",
            "id": 10229513,
            "name": "Women's 1500 Metres",
            "combined": null,
            "__typename": "CalendarResultsOptionEvent"
          },
          {
            "gender": "W",
            "id": 10229514,
            "name": "Women's 5000 Metres",
            "combined": null,
            "__typename": "CalendarResultsOptionEvent"
          },
          {
            "gender": "W",
            "id": 10229521,
            "name": "Women's 10,000 Metres",
            "combined": null,
            "__typename": "CalendarResultsOptionEvent"
          },
          {
            "gender": "W",
            "id": 10229522,
            "name": "Women's 100 Metres Hurdles",
            "combined": null,
            "__typename": "CalendarResultsOptionEvent"
          },
          {
            "gender": "W",
            "id": 10229523,
            "name": "Women's 400 Metres Hurdles",
            "combined": null,
            "__typename": "CalendarResultsOptionEvent"
          },
          {
            "gender": "W",
            "id": 10230040,
            "name": "Women's 800m Wheelchair",
            "combined": null,
            "__typename": "CalendarResultsOptionEvent"
          },
          {
            "gender": "W",
            "id": 10229526,
            "name": "Women's High Jump",
            "combined": null,
            "__typename": "CalendarResultsOptionEvent"
          },
          {
            "gender": "W",
            "id": 10229527,
            "name": "Women's Pole Vault",
            "combined": null,
            "__typename": "CalendarResultsOptionEvent"
          },
          {
            "gender": "W",
            "id": 10229528,
            "name": "Women's Long Jump",
            "combined": null,
            "__typename": "CalendarResultsOptionEvent"
          },
          {
            "gender": "W",
            "id": 10229529,
            "name": "Women's Triple Jump",
            "combined": null,
            "__typename": "CalendarResultsOptionEvent"
          },
          {
            "gender": "W",
            "id": 10229530,
            "name": "Women's Shot Put",
            "combined": null,
            "__typename": "CalendarResultsOptionEvent"
          },
          {
            "gender": "W",
            "id": 10229531,
            "name": "Women's Discus Throw",
            "combined": null,
            "__typename": "CalendarResultsOptionEvent"
          },
          {
            "gender": "W",
            "id": 10229532,
            "name": "Women's Hammer Throw",
            "combined": null,
            "__typename": "CalendarResultsOptionEvent"
          },
          {
            "gender": "W",
            "id": 10229533,
            "name": "Women's Javelin Throw",
            "combined": null,
            "__typename": "CalendarResultsOptionEvent"
          },
          {
            "gender": "W",
            "id": 10229534,
            "name": "Women's Marathon",
            "combined": null,
            "__typename": "CalendarResultsOptionEvent"
          },
          {
            "gender": "W",
            "id": 10229535,
            "name": "Women's 20 Kilometres Race Walk",
            "combined": null,
            "__typename": "CalendarResultsOptionEvent"
          },
          {
            "gender": "W",
            "id": 10229536,
            "name": "Women's Heptathlon",
            "combined": true,
            "__typename": "CalendarResultsOptionEvent"
          },
          {
            "gender": "W",
            "id": 204594,
            "name": "Women's 4x100 Metres Relay",
            "combined": null,
            "__typename": "CalendarResultsOptionEvent"
          },
          {
            "gender": "W",
            "id": 204596,
            "name": "Women's 4x400 Metres Relay",
            "combined": null,
            "__typename": "CalendarResultsOptionEvent"
          },
          {
            "gender": "M",
            "id": 10229630,
            "name": "Men's 100 Metres",
            "combined": null,
            "__typename": "CalendarResultsOptionEvent"
          },
          {
            "gender": "M",
            "id": 10229605,
            "name": "Men's 200 Metres",
            "combined": null,
            "__typename": "CalendarResultsOptionEvent"
          },
          {
            "gender": "M",
            "id": 10229631,
            "name": "Men's 400 Metres",
            "combined": null,
            "__typename": "CalendarResultsOptionEvent"
          },
          {
            "gender": "M",
            "id": 10229501,
            "name": "Men's 800 Metres",
            "combined": null,
            "__typename": "CalendarResultsOptionEvent"
          },
          {
            "gender": "M",
            "id": 10229502,
            "name": "Men's 1500 Metres",
            "combined": null,
            "__typename": "CalendarResultsOptionEvent"
          },
          {
            "gender": "M",
            "id": 10229609,
            "name": "Men's 5000 Metres",
            "combined": null,
            "__typename": "CalendarResultsOptionEvent"
          },
          {
            "gender": "M",
            "id": 10229610,
            "name": "Men's 10,000 Metres",
            "combined": null,
            "__typename": "CalendarResultsOptionEvent"
          },
          {
            "gender": "M",
            "id": 10229611,
            "name": "Men's 110 Metres Hurdles",
            "combined": null,
            "__typename": "CalendarResultsOptionEvent"
          },
          {
            "gender": "M",
            "id": 10229612,
            "name": "Men's 400 Metres Hurdles",
            "combined": null,
            "__typename": "CalendarResultsOptionEvent"
          },
          {
            "gender": "M",
            "id": 10229614,
            "name": "Men's 3000 Metres Steeplechase",
            "combined": null,
            "__typename": "CalendarResultsOptionEvent"
          },
          {
            "gender": "M",
            "id": 10230039,
            "name": "Men's 1500m Wheelchair",
            "combined": null,
            "__typename": "CalendarResultsOptionEvent"
          },
          {
            "gender": "M",
            "id": 10229615,
            "name": "Men's High Jump",
            "combined": null,
            "__typename": "CalendarResultsOptionEvent"
          },
          {
            "gender": "M",
            "id": 10229616,
            "name": "Men's Pole Vault",
            "combined": null,
            "__typename": "CalendarResultsOptionEvent"
          },
          {
            "gender": "M",
            "id": 10229617,
            "name": "Men's Long Jump",
            "combined": null,
            "__typename": "CalendarResultsOptionEvent"
          },
          {
            "gender": "M",
            "id": 10229618,
            "name": "Men's Triple Jump",
            "combined": null,
            "__typename": "CalendarResultsOptionEvent"
          },
          {
            "gender": "M",
            "id": 10229619,
            "name": "Men's Shot Put",
            "combined": null,
            "__typename": "CalendarResultsOptionEvent"
          },
          {
            "gender": "M",
            "id": 10229620,
            "name": "Men's Discus Throw",
            "combined": null,
            "__typename": "CalendarResultsOptionEvent"
          },
          {
            "gender": "M",
            "id": 10229621,
            "name": "Men's Hammer Throw",
            "combined": null,
            "__typename": "CalendarResultsOptionEvent"
          },
          {
            "gender": "M",
            "id": 10229636,
            "name": "Men's Javelin Throw",
            "combined": null,
            "__typename": "CalendarResultsOptionEvent"
          },
          {
            "gender": "M",
            "id": 10229634,
            "name": "Men's Marathon",
            "combined": null,
            "__typename": "CalendarResultsOptionEvent"
          },
          {
            "gender": "M",
            "id": 10229508,
            "name": "Men's 20 Kilometres Race Walk",
            "combined": null,
            "__typename": "CalendarResultsOptionEvent"
          },
          {
            "gender": "M",
            "id": 10229628,
            "name": "Men's 50 Kilometres Race Walk",
            "combined": null,
            "__typename": "CalendarResultsOptionEvent"
          },
          {
            "gender": "M",
            "id": 10229629,
            "name": "Men's Decathlon",
            "combined": true,
            "__typename": "CalendarResultsOptionEvent"
          },
          {
            "gender": "M",
            "id": 204593,
            "name": "Men's 4x100 Metres Relay",
            "combined": null,
            "__typename": "CalendarResultsOptionEvent"
          },
          {
            "gender": "M",
            "id": 204595,
            "name": "Men's 4x400 Metres Relay",
            "combined": null,
            "__typename": "CalendarResultsOptionEvent"
          }
        ],
        "__typename": "CalendarResultsOptions"
      },
      "parameters": {
        "competitionId": 6913163,
        "day": null,
        "eventId": 10229609,
        "__typename": "CalendarResultsParameters"
      },
      "__typename": "CalendarCompetitionResults"
    }
  }
}