{
  "data": {
    "getCalendarCompetitionResults": {
      "competition": {
        "dateRange": "23\u201331 AUG 2003",
        "endDate": "2003-08-31",
        "name": "IAAF World Championships",
        "rankingCategory": "OW",
        "startDate": "2003-08-23",
        "venue": "Stade de France, Paris-St-Denis (FRA)",
        "__typename": "CalendarResultsCompetition"
      },
      "eventTitles": [
        {
          "rankingCategory": "OW",
          "eventTitle": null,
          "events": [
            {
              "event": "Women's Pole Vault",
              "eventId": 10229527,
              "gender": "W",
              "isRelay": false,
              "perResultWind": false,
              "withWind": false,
              "summary": null,
              "races": [
                {
                  "date": "2003-08-25",
                  "day": 3,
                  "race": "Final",
                  "raceId": 10,
                  "raceNumber": 0,
                  "results": [
                    {
                      "competitor": {
                        "teamMembers": null,
                        "id": "ttmon0rxubmdecbn7k71o",
                        "name": "Svetlana FEOFANOVA",
                        "iaafId": 136765,
                        "urlSlug": "russia/svetlana-feofanova-014297689",
                        "birthDate": "16 JUL 1980",
                        "hasProfile": true,
                        "__typename": "CalendarResultsCompetitor"
                      },
                      "mark": "4.75",
                      "nationality": "RUS",
                      "place": "1.",
                      "points": null,
                      "qualified": null,
                      "records": "",
                      "wind": null,
                      "remark": null,
                      "details": null,
                      "__typename": "CalendarResultsRaceResult"
                    },
                    {
                      "competitor": {
                        "teamMembers": null,
                        "id": "197oqqvwi29n21aq7ehz89",
                        "name": "Annika BECKER",
                        "iaafId": 136237,
                        "urlSlug": "germany/annika-becker-014277009",
                        "birthDate": "12 NOV 1981",
                        "hasProfile": true,
                        "__typename": "CalendarResultsCompetitor"
                      },
                      "mark": "4.70",
                      "nationality": "GER",
                      "place": "2.",
                      "points": null,
                      "qualified": null,
                      "records": "",
                      "wind": null,
                      "remark": null,
                      "details": null,
                      "__typename": "CalendarResultsRaceResult"
                    },
                    {
                      "competitor": {
                        "teamMembers": null,
                        "id": "sz5f2xwqbyrh1uh3cmora9",
                        "name": "Yelena ISINBAYEVA",
                        "iaafId": 134797,
                        "urlSlug": "russia/yelena-isinbayeva-014297931",
                        "birthDate": "03 JUN 1982",
                        "hasProfile": true,
                        "__typename": "CalendarResultsCompetitor"
                      },
                      "mark": "4.65",
                      "nationality": "RUS",
                      "place": "3.",
                      "points": null,
                      "qualified": null,
                      "records": "",
                      "wind": null,
                      "remark": null,
                      "details": null,
                      "__typename": "CalendarResultsRaceResult"
                    },
                    {
                      "competitor": {
                        "teamMembers": null,
                        "id": "fhatsimtyafy83ua38ine",
                        "name": "Monika PYREK",
                        "iaafId": 134962,
                        "urlSlug": "poland/monika-pyrek-014294321",
                        "birthDate": "11 AUG 1980",
                        "hasProfile": true,
                        "__typename": "CalendarResultsCompetitor"
                      },
                      "mark": "4.55",
                      "nationality": "POL",
                      "place": "4.",
                      "points": null,
                      "qualified": null,
                      "records": "",
                      "wind": null,
                      "remark": null,
                      "details": null,
                      "__typename": "CalendarResultsRaceResult"
                    },
                    {
                      "competitor": {
                        "teamMembers": null,
                        "id": "e7o6mck4va3lzrfbuyiug",
                        "name": "Stacy DRAGILA",
                        "iaafId": 110083,
                        "urlSlug": "united-states/stacy-dragila-014309268",
                        "birthDate": "25 MAR 1971",
                        "hasProfile": true,
                        "__typename": "CalendarResultsCompetitor"
                      },
                      "mark": "4.55",
                      "nationality": "USA",
                      "place": "4.",
                      "points": null,
                      "qualified": null,
                      "records": "",
                      "wind": null,
                      "remark": null,
                      "details": null,
                      "__typename": "CalendarResultsRaceResult"
                    },
                    {
                      "competitor": {
                        "teamMembers": null,
                        "id": "0lk80fggnvtfwe2lvlp88yb",
                        "name": "Yvonne BUSCHBAUM",
                        "iaafId": 134467,
                        "urlSlug": "germany/yvonne-buschbaum-014277249",
                        "birthDate": "14 JUL 1980",
                        "hasProfile": true,
                        "__typename": "CalendarResultsCompetitor"
                      },
                      "mark": "4.50",
                      "nationality": "GER",
                      "place": "6.",
                      "points": null,
                      "qualified": null,
                      "records": "",
                      "wind": null,
                      "remark": null,
                      "details": null,
                      "__typename": "CalendarResultsRaceResult"
                    },
                    {
                      "competitor": {
                        "teamMembers": null,
                        "id": "xcsifyx65xgbe7qw6dxlmr",
                        "name": "Anna ROGOWSKA",
                        "iaafId": 181016,
                        "urlSlug": "poland/anna-rogowska-014294343",
                        "birthDate": "21 MAY 1981",
                        "hasProfile": true,
                        "__typename": "CalendarResultsCompetitor"
                      },
                      "mark": "4.45",
                      "nationality": "POL",
                      "place": "7.",
                      "points": null,
                      "qualified": null,
                      "records": "",
                      "wind": null,
                      "remark": null,
                      "details": null,
                      "__typename": "CalendarResultsRaceResult"
                    },
                    {
                      "competitor": {
                        "teamMembers": null,
                        "id": "n87ebp455xgbk2c3q8e1j",
                        "name": "Yelena BELYAKOVA",
                        "iaafId": 110267,
                        "urlSlug": "russia/yelena-belyakova-014297360",
                        "birthDate": "07 APR 1976",
                        "hasProfile": true,
                        "__typename": "CalendarResultsCompetitor"
                      },
                      "mark": "4.45",
                      "nationality": "RUS",
                      "place": "8.",
                      "points": null,
                      "qualified": null,
                      "records": "",
                      "wind": null,
                      "remark": null,
                      "details": null,
                      "__typename": "CalendarResultsRaceResult"
                    },
                    {
                      "competitor": {
                        "teamMembers": null,
                        "id": "8l7a4lcpla8zdtjan53prs",
                        "name": "Shuying GAO",
                        "iaafId": 134261,
                        "urlSlug": "pr-of-china/shuying-gao-014266445",
                        "birthDate": "28 OCT 1979",
                        "hasProfile": true,
                        "__typename": "CalendarResultsCompetitor"
                      },
                      "mark": "4.35",
                      "nationality": "CHN",
                      "place": "9.",
                      "points": null,
                      "qualified": null,
                      "records": "",
                      "wind": null,
                      "remark": null,
                      "details": null,
                      "__typename": "CalendarResultsRaceResult"
                    },
                    {
                      "competitor": {
                        "teamMembers": null,
                        "id": "tn8smxuxlprjzc2lqbal1",
                        "name": "Mary SAUER-VINCENT",
                        "iaafId": 137025,
                        "urlSlug": "united-states/mary-sauer-vincent-014320613",
                        "birthDate": "31 OCT 1975",
                        "hasProfile": true,
                        "__typename": "CalendarResultsCompetitor"
                      },
                      "mark": "4.35",
                      "nationality": "USA",
                      "place": "10.",
                      "points": null,
                      "qualified": null,
                      "records": "",
                      "wind": null,
                      "remark": null,
                      "details": null,
                      "__typename": "CalendarResultsRaceResult"
                    },
                    {
                      "competitor": {
                        "teamMembers": null,
                        "id": "vjfg1aw2qk9jt24obu5cq",
                        "name": "Th\u00f3rey Edda ELISD\u00d3TTIR",
                        "iaafId": 131211,
                        "urlSlug": "iceland/thorey-edda-elisdottir-014283424",
                        "birthDate": "30 JUN 1977",
                        "hasProfile": true,
                        "__typename": "CalendarResultsCompetitor"
                      },
                      "mark": "NM",
                      "nationality": "ISL",
                      "place": "",
                      "points": null,
                      "qualified": null,
                      "records": "",
                      "wind": null,
                      "remark": null,
                      "details": null,
                      "__typename": "CalendarResultsRaceResult"
                    },
                    {
                      "competitor": {
                        "teamMembers": null,
                        "id": "uw3uqp4smip8oedbqoctvh",
                        "name": "Marie POISSONNIER",
                        "iaafId": 110072,
                        "urlSlug": "france/marie-poissonnier-014273555",
                        "birthDate": "04 MAY 1979",
                        "hasProfile": true,
                        "__typename": "CalendarResultsCompetitor"
                      },
                      "mark": "NM",
                      "nationality": "FRA",
                      "place": "",
                      "points": null,
                      "qualified": null,
                      "records": "",
                      "wind": null,
                      "remark": null,
                      "details": null,
                      "__typename": "CalendarResultsRaceResult"
                    }
                  ],
                  "startList": null,
                  "wind": null,
                  "__typename": "CalendarResultsRace"
                },
                {
                  "date": "2003-08-23",
                  "day": 1,
                  "race": "Qualification - Group",
                  "raceId": 71,
                  "raceNumber": 1,
                  "results": [
                    {
                      "competitor": {
                        "teamMembers": null,
                        "id": "hi36xt6c0kn859wkywmukh",
                        "name": "Svetlana FEOFANOVA",
                        "iaafId": 136765,
                        "urlSlug": "russia/svetlana-feofanova-014297689",
                        "birthDate": "16 JUL 1980",
                        "hasProfile": true,
                        "__typename": "CalendarResultsCompetitor"
                      },
                      "mark": "4.40",
                      "nationality": "RUS",
                      "place": "1.",
                      "points": null,
                      "qualified": null,
                      "records": "",
                      "wind": null,
                      "remark": null,
                      "details": null,
                      "__typename": "CalendarResultsRaceResult"
                    },
                    {
                      "competitor": {
                        "teamMembers": null,
                        "id": "rql1cyb6iea4tj20yvsgmp",
                        "name": "Yvonne BUSCHBAUM",
                        "iaafId": 134467,
                        "urlSlug": "germany/yvonne-buschbaum-014277249",
                        "birthDate": "14 JUL 1980",
                        "hasProfile": true,
                        "__typename": "CalendarResultsCompetitor"
                      },
                      "mark": "4.40",
                      "nationality": "GER",
                      "place": "2.",
                      "points": null,
                      "qualified": null,
                      "records": "",
                      "wind": null,
                      "remark": null,
                      "details": null,
                      "__typename": "CalendarResultsRaceResult"
                    },
                    {
                      "competitor": {
                        "teamMembers": null,
                        "id": "qnhkzcvps1ftxp8kc55pme",
                        "name": "Monika PYREK",
                        "iaafId": 134962,
                        "urlSlug": "poland/monika-pyrek-014294321",
                        "birthDate": "11 AUG 1980",
                        "hasProfile": true,
                        "__typename": "CalendarResultsCompetitor"
                      },
                      "mark": "4.40",
                      "nationality": "POL",
                      "place": "3.",
                      "points": null,
                      "qualified": null,
                      "records": "",
                      "wind": null,
                      "remark": null,
                      "details": null,
                      "__typename": "CalendarResultsRaceResult"
                    },
                    {
                      "competitor": {
                        "teamMembers": null,
                        "id": "775zwgnunndrti9cw4gd0p",
                        "name": "Th\u00f3rey Edda ELISD\u00d3TTIR",
                        "iaafId": 131211,
                        "urlSlug": "iceland/thorey-edda-elisdottir-014283424",
                        "birthDate": "30 JUN 1977",
                        "hasProfile": true,
                        "__typename": "CalendarResultsCompetitor"
                      },
                      "mark": "4.35",
                      "nationality": "ISL",
                      "place": "4.",
                      "points": null,
                      "qualified": null,
                      "records": "",
                      "wind": null,
                      "remark": null,
                      "details": null,
                      "__typename": "CalendarResultsRaceResult"
                    },
                    {
                      "competitor": {
                        "teamMembers": null,
                        "id": "eh9iuy8p48isv79im1j38a",
                        "name": "Mary SAUER-VINCENT",
                        "iaafId": 137025,
                        "urlSlug": "united-states/mary-sauer-vincent-014320613",
                        "birthDate": "31 OCT 1975",
                        "hasProfile": true,
                        "__typename": "CalendarResultsCompetitor"
                      },
                      "mark": "4.35",
                      "nationality": "USA",
                      "place": "5.",
                      "points": null,
                      "qualified": null,
                      "records": "",
                      "wind": null,
                      "remark": null,
                      "details": null,
                      "__typename": "CalendarResultsRaceResult"
                    },
                    {
                      "competitor": {
                        "teamMembers": null,
                        "id": "4arkrmk47io60c9fc77rmt",
                        "name": "Nataliya MAZURYK",
                        "iaafId": 176173,
                        "urlSlug": "ukraine/nataliya-mazuryk-014303808",
                        "birthDate": "05 MAR 1983",
                        "hasProfile": true,
                        "__typename": "CalendarResultsCompetitor"
                      },
                      "mark": "4.25",
                      "nationality": "UKR",
                      "place": "6.",
                      "points": null,
                      "qualified": null,
                      "records": "",
                      "wind": null,
                      "remark": null,
                      "details": null,
                      "__typename": "CalendarResultsRaceResult"
                    },
                    {
                      "competitor": {
                        "teamMembers": null,
                        "id": "ywyjajhi1j0iy1nnhpi21a",
                        "name": "Tanya KOLEVA-STEFANOVA",
                        "iaafId": 137391,
                        "urlSlug": "bulgaria/tanya-koleva-stefanova-014268657",
                        "birthDate": "08 MAR 1972",
                        "hasProfile": true,
                        "__typename": "CalendarResultsCompetitor"
                      },
                      "mark": "4.25",
                      "nationality": "BUL",
                      "place": "7.",
                      "points": null,
                      "qualified": null,
                      "records": "",
                      "wind": null,
                      "remark": null,
                      "details": null,
                      "__typename": "CalendarResultsRaceResult"
                    },
                    {
                      "competitor": {
                        "teamMembers": null,
                        "id": "9mxno9rr4ce07ig9j6ac5",
                        "name": "Vanessa BOSLAK",
                        "iaafId": 134669,
                        "urlSlug": "france/vanessa-boslak-014258379",
                        "birthDate": "11 JUN 1982",
                        "hasProfile": true,
                        "__typename": "CalendarResultsCompetitor"
                      },
                      "mark": "4.15",
                      "nationality": "FRA",
                      "place": "8.",
                      "points": null,
                      "qualified": null,
                      "records": "",
                      "wind": null,
                      "remark": null,
                      "details": null,
                      "__typename": "CalendarResultsRaceResult"
                    },
                    {
                      "competitor": {
                        "teamMembers": null,
                        "id": "e1apw6mmjy4c4pg7pm0gzb",
                        "name": "Jillian SCHWARTZ",
                        "iaafId": 176152,
                        "urlSlug": "israel/jillian-schwartz-014320878",
                        "birthDate": "19 SEP 1979",
                        "hasProfile": true,
                        "__typename": "CalendarResultsCompetitor"
                      },
                      "mark": "4.15",
                      "nationality": "USA",
                      "place": "8.",
                      "points": null,
                      "qualified": null,
                      "records": "",
                      "wind": null,
                      "remark": null,
                      "details": null,
                      "__typename": "CalendarResultsRaceResult"
                    },
                    {
                      "competitor": {
                        "teamMembers": null,
                        "id": "smsf4rzby8owed6lv0xowe",
                        "name": "Masumi ONO",
                        "iaafId": 133258,
                        "urlSlug": "japan/masumi-ono-014287601",
                        "birthDate": "05 DEC 1975",
                        "hasProfile": true,
                        "__typename": "CalendarResultsCompetitor"
                      },
                      "mark": "4.00",
                      "nationality": "JPN",
                      "place": "10.",
                      "points": null,
                      "qualified": null,
                      "records": "",
                      "wind": null,
                      "remark": null,
                      "details": null,
                      "__typename": "CalendarResultsRaceResult"
                    },
                    {
                      "competitor": {
                        "teamMembers": null,
                        "id": "1jd3r9yom0sdk47syxnnup",
                        "name": "Melina HAMILTON",
                        "iaafId": 132344,
                        "urlSlug": "new-zealand/melina-hamilton-014292991",
                        "birthDate": "15 JUN 1976",
                        "hasProfile": true,
                        "__typename": "CalendarResultsCompetitor"
                      },
                      "mark": "4.00",
                      "nationality": "NZL",
                      "place": "10.",
                      "points": null,
                      "qualified": null,
                      "records": "",
                      "wind": null,
                      "remark": null,
                      "details": null,
                      "__typename": "CalendarResultsRaceResult"
                    },
                    {
                      "competitor": {
                        "teamMembers": null,
                        "id": "3jn92nx1c1v3dposdjoh94",
                        "name": "Alejandra GARC\u00cdA FLOOD",
                        "iaafId": 110097,
                        "urlSlug": "argentina/alejandra-garcia-flood-014272653",
                        "birthDate": "13 JUN 1973",
                        "hasProfile": true,
                        "__typename": "CalendarResultsCompetitor"
                      },
                      "mark": "4.00",
                      "nationality": "ARG",
                      "place": "12.",
                      "points": null,
                      "qualified": null,
                      "records": "",
                      "wind": null,
                      "remark": null,
                      "details": null,
                      "__typename": "CalendarResultsRaceResult"
                    },
                    {
                      "competitor": {
                        "teamMembers": null,
                        "id": "l0x9xmfk4zj0sbspp08k92",
                        "name": "Carolina TORRES",
                        "iaafId": 177749,
                        "urlSlug": "chile/carolina-torres-014266801",
                        "birthDate": "16 MAR 1979",
                        "hasProfile": true,
                        "__typename": "CalendarResultsCompetitor"
                      },
                      "mark": "NM",
                      "nationality": "CHI",
                      "place": "",
                      "points": null,
                      "qualified": null,
                      "records": "",
                      "wind": null,
                      "remark": null,
                      "details": null,
                      "__typename": "CalendarResultsRaceResult"
                    },
                    {
                      "competitor": {
                        "teamMembers": null,
                        "id": "3n35x7tk9msk9juik6p5z",
                        "name": "Pavla HAM\u00c1\u010cKOV\u00c1-RYBOV\u00c1",
                        "iaafId": 136236,
                        "urlSlug": "czech-republic/pavla-hamackova-rybova-014263106",
                        "birthDate": "20 MAY 1978",
                        "hasProfile": true,
                        "__typename": "CalendarResultsCompetitor"
                      },
                      "mark": "DNS",
                      "nationality": "CZE",
                      "place": "",
                      "points": null,
                      "qualified": null,
                      "records": "",
                      "wind": null,
                      "remark": null,
                      "details": null,
                      "__typename": "CalendarResultsRaceResult"
                    }
                  ],
                  "startList": null,
                  "wind": null,
                  "__typename": "CalendarResultsRace"
                },
                {
                  "date": "2003-08-23",
                  "day": 1,
                  "race": "Qualification - Group",
                  "raceId": 71,
                  "raceNumber": 2,
                  "results": [
                    {
                      "competitor": {
                        "teamMembers": null,
                        "id": "vz0n5ptpt4fyz66vkbxchf",
                        "name": "Yelena ISINBAYEVA",
                        "iaafId": 134797,
                        "urlSlug": "russia/yelena-isinbayeva-014297931",
                        "birthDate": "03 JUN 1982",
                        "hasProfile": true,
                        "__typename": "CalendarResultsCompetitor"
                      },
                      "mark": "4.40",
                      "nationality": "RUS",
                      "place": "1.",
                      "points": null,
                      "qualified": null,
                      "records": "",
                      "wind": null,
                      "remark": null,
                      "details": null,
                      "__typename": "CalendarResultsRaceResult"
                    },
                    {
                      "competitor": {
                        "teamMembers": null,
                        "id": "k7fo111ob7jh3r7oggr8s",
                        "name": "Annika BECKER",
                        "iaafId": 136237,
                        "urlSlug": "germany/annika-becker-014277009",
                        "birthDate": "12 NOV 1981",
                        "hasProfile": true,
                        "__typename": "CalendarResultsCompetitor"
                      },
                      "mark": "4.40",
                      "nationality": "GER",
                      "place": "2.",
                      "points": null,
                      "qualified": null,
                      "records": "",
                      "wind": null,
                      "remark": null,
                      "details": null,
                      "__typename": "CalendarResultsRaceResult"
                    },
                    {
                      "competitor": {
                        "teamMembers": null,
                        "id": "3fqfnh7s73ym0919539ba",
                        "name": "Stacy DRAGILA",
                        "iaafId": 110083,
                        "urlSlug": "united-states/stacy-dragila-014309268",
                        "birthDate": "25 MAR 1971",
                        "hasProfile": true,
                        "__typename": "CalendarResultsCompetitor"
                      },
                      "mark": "4.40",
                      "nationality": "USA",
                      "place": "3.",
                      "points": null,
                      "qualified": null,
                      "records": "",
                      "wind": null,
                      "remark": null,
                      "details": null,
                      "__typename": "CalendarResultsRaceResult"
                    },
                    {
                      "competitor": {
                        "teamMembers": null,
                        "id": "kf73ob7kvv5g5hr7zfvvg",
                        "name": "Yelena BELYAKOVA",
                        "iaafId": 110267,
                        "urlSlug": "russia/yelena-belyakova-014297360",
                        "birthDate": "07 APR 1976",
                        "hasProfile": true,
                        "__typename": "CalendarResultsCompetitor"
                      },
                      "mark": "4.40",
                      "nationality": "RUS",
                      "place": "4.",
                      "points": null,
                      "qualified": null,
                      "records": "",
                      "wind": null,
                      "remark": null,
                      "details": null,
                      "__typename": "CalendarResultsRaceResult"
                    },
                    {
                      "competitor": {
                        "teamMembers": null,
                        "id": "h9is20u754ad8u9taj6zqh",
                        "name": "Shuying GAO",
                        "iaafId": 134261,
                        "urlSlug": "pr-of-china/shuying-gao-014266445",
                        "birthDate": "28 OCT 1979",
                        "hasProfile": true,
                        "__typename": "CalendarResultsCompetitor"
                      },
                      "mark": "4.35",
                      "nationality": "CHN",
                      "place": "5.",
                      "points": null,
                      "qualified": null,
                      "records": "",
                      "wind": null,
                      "remark": null,
                      "details": null,
                      "__typename": "CalendarResultsRaceResult"
                    },
                    {
                      "competitor": {
                        "teamMembers": null,
                        "id": "temat0veh2e7iih7abvtm",
                        "name": "Marie POISSONNIER",
                        "iaafId": 110072,
                        "urlSlug": "france/marie-poissonnier-014273555",
                        "birthDate": "04 MAY 1979",
                        "hasProfile": true,
                        "__typename": "CalendarResultsCompetitor"
                      },
                      "mark": "4.35",
                      "nationality": "FRA",
                      "place": "6.",
                      "points": null,
                      "qualified": null,
                      "records": "",
                      "wind": null,
                      "remark": null,
                      "details": null,
                      "__typename": "CalendarResultsRaceResult"
                    },
                    {
                      "competitor": {
                        "teamMembers": null,
                        "id": "vmxj9waxqchcukjbqy7flu",
                        "name": "Anna ROGOWSKA",
                        "iaafId": 181016,
                        "urlSlug": "poland/anna-rogowska-014294343",
                        "birthDate": "21 MAY 1981",
                        "hasProfile": true,
                        "__typename": "CalendarResultsCompetitor"
                      },
                      "mark": "4.25",
                      "nationality": "POL",
                      "place": "7.",
                      "points": null,
                      "qualified": null,
                      "records": "",
                      "wind": null,
                      "remark": null,
                      "details": null,
                      "__typename": "CalendarResultsRaceResult"
                    },
                    {
                      "competitor": {
                        "teamMembers": null,
                        "id": "r4hov0j1yk18anrfdjrh",
                        "name": "Naroa AGIRRE",
                        "iaafId": 137012,
                        "urlSlug": "spain/naroa-agirre-014262159",
                        "birthDate": "15 MAY 1979",
                        "hasProfile": true,
                        "__typename": "CalendarResultsCompetitor"
                      },
                      "mark": "4.25",
                      "nationality": "ESP",
                      "place": "8.",
                      "points": null,
                      "qualified": null,
                      "records": "",
                      "wind": null,
                      "remark": null,
                      "details": null,
                      "__typename": "CalendarResultsRaceResult"
                    },
                    {
                      "competitor": {
                        "teamMembers": null,
                        "id": "kd74icrzhn0v8tho4j63va",
                        "name": "Carolin HINGST",
                        "iaafId": 176295,
                        "urlSlug": "germany/carolin-hingst-014278051",
                        "birthDate": "18 SEP 1980",
                        "hasProfile": true,
                        "__typename": "CalendarResultsCompetitor"
                      },
                      "mark": "4.25",
                      "nationality": "GER",
                      "place": "9.",
                      "points": null,
                      "qualified": null,
                      "records": "",
                      "wind": null,
                      "remark": null,
                      "details": null,
                      "__typename": "CalendarResultsRaceResult"
                    },
                    {
                      "competitor": {
                        "teamMembers": null,
                        "id": "45tz4g4qjkhb1wsaxwyhof",
                        "name": "Anna FITIDOU",
                        "iaafId": 136945,
                        "urlSlug": "cyprus/anna-fitidou-014263319",
                        "birthDate": "22 APR 1977",
                        "hasProfile": true,
                        "__typename": "CalendarResultsCompetitor"
                      },
                      "mark": "4.15",
                      "nationality": "CYP",
                      "place": "10.",
                      "points": null,
                      "qualified": null,
                      "records": "",
                      "wind": null,
                      "remark": null,
                      "details": null,
                      "__typename": "CalendarResultsRaceResult"
                    },
                    {
                      "competitor": {
                        "teamMembers": null,
                        "id": "9j1c1fzueyoap1ioevkfgw",
                        "name": "Becky HOLLIDAY",
                        "iaafId": 182191,
                        "urlSlug": "united-states/becky-holliday-ward-014312793",
                        "birthDate": "12 MAR 1980",
                        "hasProfile": true,
                        "__typename": "CalendarResultsCompetitor"
                      },
                      "mark": "4.15",
                      "nationality": "USA",
                      "place": "11.",
                      "points": null,
                      "qualified": null,
                      "records": "",
                      "wind": null,
                      "remark": null,
                      "details": null,
                      "__typename": "CalendarResultsRaceResult"
                    },
                    {
                      "competitor": {
                        "teamMembers": null,
                        "id": "bmhoe5lnepoothxl6bbka",
                        "name": "Zsuzsanna OLGYAY-SZAB\u00d3",
                        "iaafId": 110076,
                        "urlSlug": "hungary/zsuzsanna-olgyay-szabo-014282401",
                        "birthDate": "06 MAY 1973",
                        "hasProfile": true,
                        "__typename": "CalendarResultsCompetitor"
                      },
                      "mark": "4.15",
                      "nationality": "HUN",
                      "place": "11.",
                      "points": null,
                      "qualified": null,
                      "records": "",
                      "wind": null,
                      "remark": null,
                      "details": null,
                      "__typename": "CalendarResultsRaceResult"
                    },
                    {
                      "competitor": {
                        "teamMembers": null,
                        "id": "ay0wp06kciroi4pwg6b289",
                        "name": "Stephanie MCCANN",
                        "iaafId": 173451,
                        "urlSlug": "canada/stephanie-mccann-014267570",
                        "birthDate": "22 APR 1977",
                        "hasProfile": true,
                        "__typename": "CalendarResultsCompetitor"
                      },
                      "mark": "4.00",
                      "nationality": "CAN",
                      "place": "13.",
                      "points": null,
                      "qualified": null,
                      "records": "",
                      "wind": null,
                      "remark": null,
                      "details": null,
                      "__typename": "CalendarResultsRaceResult"
                    }
                  ],
                  "startList": null,
                  "wind": null,
                  "__typename": "CalendarResultsRace"
                }
              ],
              "__typename": "CalendarResultsEvent"
            }
          ],
          "__typename": "CalendarResultsEventTitle"
        }
      ],
      "options": {
        "days": [
          {
            "date": "23 AUG 2003",
            "day": 1,
            "__typename": "CalendarResultsOptionsDay"
          },
          {
            "date": "24 AUG 2003",
            "day": 2,
            "__typename": "CalendarResultsOptionsDay"
          },
          {
            "date": "25 AUG 2003",
            "day": 3,
            "__typename": "CalendarResultsOptionsDay"
          },
          {
            "date": "26 AUG 2003",
            "day": 4,
            "__typename": "CalendarResultsOptionsDay"
          },
          {
            "date": "27 AUG 2003",
            "day": 5,
            "__typename": "CalendarResultsOptionsDay"
          },
          {
            "date": "28 AUG 2003",
            "day": 6,
            "__typename": "CalendarResultsOptionsDay"
          },
          {
            "date": "29 AUG 2003",
            "day": 7,
            "__typename": "CalendarResultsOptionsDay"
          },
          {
            "date": "30 AUG 2003",
            "day": 8,
            "__typename": "CalendarResultsOptionsDay"
          },
          {
            "date": "31 AUG 2003",
            "day": 9,
            "__typename": "CalendarResultsOptionsDay"
          }
        ],
        "events": [
          {
            "gender": "W",
            "id": 10229509,
            "name": "Women's 100 Metres",
            "combined": null,
            "__typename": "CalendarResultsOptionEvent"
          },
          {
            "gender": "W",
            "id": 10229510,
            "name": "Women's 200 Metres",
            "combined": null,
            "__typename": "CalendarResultsOptionEvent"
          },
          {
            "gender": "W",
            "id": 10229511,
            "name": "Women's 400 Metres",
            "combined": null,
            "__typename": "CalendarResultsOptionEvent"
          },
          {
            "gender": "W",
            "id": 10229512,
            "name": "Women's 800 Metres",
            "combined": null,
            "__typename": "CalendarResultsOptionEvent"
          },
          {
            "gender": "W",
            "id": 10229513,
            "name": "Women's 1500 Metres",
            "combined": null,
            "__typename": "CalendarResultsOptionEvent"
          },
          {
            "gender": "W",
            "id": 10229514,
            "name": "Women's 5000 Metres",
            "combined": null,
            "__typename": "CalendarResultsOptionEvent"
          },
          {
            "gender": "W",
            "id": 10229521,
            "name": "Women's 10,000 Metres",
            "combined": null,
            "__typename": "CalendarResultsOptionEvent"
          },
          {
            "gender": "W",
            "id": 10229522,
            "name": "Women's 100 Metres Hurdles",
            "combined": null,
            "__typename": "CalendarResultsOptionEvent"
          },
          {
            "gender": "W",
            "id": 10229523,
            "name": "Women's 400 Metres Hurdles",
            "combined": null,
            "__typename": "CalendarResultsOptionEvent"
          },
          {
            "gender": "W",
            "id": 10230040,
            "name": "Women's 800m Wheelchair",
            "combined": null,
            "__typename": "CalendarResultsOptionEvent"
          },
          {
            "gender": "W",
            "id": 10230032,
            "name": "Women's 200m Blind",
            "combined": null,
            "__typename": "CalendarResultsOptionEvent"
          },
          {
            "gender": "W",
            "id": 10229526,
            "name": "Women's High Jump",
            "combined": null,
            "__typename": "CalendarResultsOptionEvent"
          },
          {
            "gender": "W",
            "id": 10229527,
            "name": "Women's Pole Vault",
            "combined": null,
            "__typename": "CalendarResultsOptionEvent"
          },
          {
            "gender": "W",
            "id": 10229528,
            "name": "Women's Long Jump",
            "combined": null,
            "__typename": "CalendarResultsOptionEvent"
          },
          {
            "gender": "W",
            "id": 10229529,
            "name": "Women's Triple Jump",
            "combined": null,
            "__typename": "CalendarResultsOptionEvent"
          },
          {
            "gender": "W",
            "id": 10229530,
            "name": "Women's Shot Put",
            "combined": null,
            "__typename": "CalendarResultsOptionEvent"
          },
          {
            "gender": "W",
            "id": 10229531,
            "name": "Women's Discus Throw",
            "combined": null,
            "__typename": "CalendarResultsOptionEvent"
          },
          {
            "gender": "W",
            "id": 10229532,
            "name": "Women's Hammer Throw",
            "combined": null,
            "__typename": "CalendarResultsOptionEvent"
          },
          {
            "gender": "W",
            "id": 10229533,
            "name": "Women's Javelin Throw",
            "combined": null,
            "__typename": "CalendarResultsOptionEvent"
          },
          {
            "gender": "W",
            "id": 10229534,
            "name": "Women's Marathon",
            "combined": null,
            "__typename": "CalendarResultsOptionEvent"
          },
          {
            "gender": "W",
            "id": 10229535,
            "name": "Women's 20 Kilometres Race Walk",
            "combined": null,
            "__typename": "CalendarResultsOptionEvent"
          },
          {
            "gender": "W",
            "id": 10229536,
            "name": "Women's Heptathlon",
            "combined": true,
            "__typename": "CalendarResultsOptionEvent"
          },
          {
            "gender": "W",
            "id": 204594,
            "name": "Women's 4x100 Metres Relay",
            "combined": null,
            "__typename": "CalendarResultsOptionEvent"
          },
          {
            "gender": "W",
            "id": 204596,
            "name": "Women's 4x400 Metres Relay",
            "combined": null,
            "__typename": "CalendarResultsOptionEvent"
          },
          {
            "gender": "M",
            "id": 10229630,
            "name": "Men's 100 Metres",
            "combined": null,
            "__typename": "CalendarResultsOptionEvent"
          },
          {
            "gender": "M",
            "id": 10229605,
            "name": "Men's 200 Metres",
            "combined": null,
            "__typename": "CalendarResultsOptionEvent"
          },
          {
            "gender": "M",
            "id": 10229631,
            "name": "Men's 400 Metres",
            "combined": null,
            "__typename": "CalendarResultsOptionEvent"
          },
          {
            "gender": "M",
            "id": 10229501,
            "name": "Men's 800 Metres",
            "combined": null,
            "__typename": "CalendarResultsOptionEvent"
          },
          {
            "gender": "M",
            "id": 10229502,
            "name": "Men's 1500 Metres",
            "combined": null,
            "__typename": "CalendarResultsOptionEvent"
          },
          {
            "gender": "M",
            "id": 10229609,
            "name": "Men's 5000 Metres",
            "combined": null,
            "__typename": "CalendarResultsOptionEvent"
          },
          {
            "gender": "M",
            "id": 10229610,
            "name": "Men's 10,000 Metres",
            "combined": null,
            "__typename": "CalendarResultsOptionEvent"
          },
          {
            "gender": "M",
            "id": 10229611,
            "name": "Men's 110 Metres Hurdles",
            "combined": null,
            "__typename": "CalendarResultsOptionEvent"
          },
          {
            "gender": "M",
            "id": 10229612,
            "name": "Men's 400 Metres Hurdles",
            "combined": null,
            "__typename": "CalendarResultsOptionEvent"
          },
          {
            "gender": "M",
            "id": 10229614,
            "name": "Men's 3000 Metres Steeplechase",
            "combined": null,
            "__typename": "CalendarResultsOptionEvent"
          },
          {
            "gender": "M",
            "id": 10230039,
            "name": "Men's 1500m Wheelchair",
            "combined": null,
            "__typename": "CalendarResultsOptionEvent"
          },
          {
            "gender": "M",
            "id": 10230053,
            "name": "Men's 200m Amputee",
            "combined": null,
            "__typename": "CalendarResultsOptionEvent"
          },
          {
            "gender": "M",
            "id": 10230055,
            "name": "Men's 400m Cerebral Palsy",
            "combined": null,
            "__typename": "CalendarResultsOptionEvent"
          },
          {
            "gender": "M",
            "id": 10230030,
            "name": "Men's 400m Blind",
            "combined": null,
            "__typename": "CalendarResultsOptionEvent"
          },
          {
            "gender": "M",
            "id": 10229615,
            "name": "Men's High Jump",
            "combined": null,
            "__typename": "CalendarResultsOptionEvent"
          },
          {
            "gender": "M",
            "id": 10229616,
            "name": "Men's Pole Vault",
            "combined": null,
            "__typename": "CalendarResultsOptionEvent"
          },
          {
            "gender": "M",
            "id": 10229617,
            "name": "Men's Long Jump",
            "combined": null,
            "__typename": "CalendarResultsOptionEvent"
          },
          {
            "gender": "M",
            "id": 10229618,
            "name": "Men's Triple Jump",
            "combined": null,
            "__typename": "CalendarResultsOptionEvent"
          },
          {
            "gender": "M",
            "id": 10229619,
            "name": "Men's Shot Put",
            "combined": null,
            "__typename": "CalendarResultsOptionEvent"
          },
          {
            "gender": "M",
            "id": 10229620,
            "name": "Men's Discus Throw",
            "combined": null,
            "__typename": "CalendarResultsOptionEvent"
          },
          {
            "gender": "M",
            "id": 10229621,
            "name": "Men's Hammer Throw",
            "combined": null,
            "__typename": "CalendarResultsOptionEvent"
          },
          {
            "gender": "M",
            "id": 10229636,
            "name": "Men's Javelin Throw",
            "combined": null,
            "__typename": "CalendarResultsOptionEvent"
          },
          {
            "gender": "M",
            "id": 10229634,
            "name": "Men's Marathon",
            "combined": null,
            "__typename": "CalendarResultsOptionEvent"
          },
          {
            "gender": "M",
            "id": 10229625,
            "name": "Men's 10 Kilometres Race Walk",
            "combined": null,
            "__typename": "CalendarResultsOptionEvent"
          },
          {
            "gender": "M",
            "id": 10229508,
            "name": "Men's 20 Kilometres Race Walk",
            "combined": null,
            "__typename": "CalendarResultsOptionEvent"
          },
          {
            "gender": "M",
            "id": 10229628,
            "name": "Men's 50 Kilometres Race Walk",
            "combined": null,
            "__typename": "CalendarResultsOptionEvent"
          },
          {
            "gender": "M",
            "id": 10229629,
            "name": "Men's Decathlon",
            "combined": true,
            "__typename": "CalendarResultsOptionEvent"
          },
          {
            "gender": "M",
            "id": 204593,
            "name": "Men's 4x100 Metres Relay",
            "combined": null,
            "__typename": "CalendarResultsOptionEvent"
          },
          {
            "gender": "M",
            "id": 204595,
            "name": "Men's 4x400 Metres Relay",
            "combined": null,
            "__typename": "CalendarResultsOptionEvent"
          }
        ],
        "__typename": "CalendarResultsOptions"
      },
      "parameters": {
        "competitionId": 6930156,
        "day": null,
        "eventId": 10229527,
        "__typename": "CalendarResultsParameters"
      },
      "__typename": "CalendarCompetitionResults"
    }
  }
}