{
  "data": {
    "getCalendarCompetitionResults": {
      "competition": {
        "dateRange": "23\u201331 AUG 2003",
        "endDate": "2003-08-31",
        "name": "IAAF World Championships",
        "rankingCategory": "OW",
        "startDate": "2003-08-23",
        "venue": "Stade de France, Paris-St-Denis (FRA)",
        "__typename": "CalendarResultsCompetition"
      },
      "eventTitles": [
        {
          "rankingCategory": "OW",
          "eventTitle": null,
          "events": [
            {
              "event": "Women's 20 Kilometres Race Walk",
              "eventId": 10229535,
              "gender": "W",
              "isRelay": false,
              "perResultWind": false,
              "withWind": false,
              "summary": null,
              "races": [
                {
                  "date": "2003-08-24",
                  "day": 2,
                  "race": "Final",
                  "raceId": 10,
                  "raceNumber": 0,
                  "results": [
                    {
                      "competitor": {
                        "teamMembers": null,
                        "id": "64tea33jydnnq1lvsl4er",
                        "name": "Yelena NIKOLAYEVA",
                        "iaafId": 62491,
                        "urlSlug": "russia/yelena-nikolayeva-014298751",
                        "birthDate": "01 FEB 1966",
                        "hasProfile": true,
                        "__typename": "CalendarResultsCompetitor"
                      },
                      "mark": "1:26:52",
                      "nationality": "RUS",
                      "place": "1.",
                      "points": null,
                      "qualified": null,
                      "records": "",
                      "wind": null,
                      "remark": null,
                      "details": null,
                      "__typename": "CalendarResultsRaceResult"
                    },
                    {
                      "competitor": {
                        "teamMembers": null,
                        "id": "bodhmx57cr5sq1eizm0l2o",
                        "name": "Gillian O'SULLIVAN",
                        "iaafId": 138019,
                        "urlSlug": "ireland/gillian-osullivan-014283348",
                        "birthDate": "21 AUG 1976",
                        "hasProfile": true,
                        "__typename": "CalendarResultsCompetitor"
                      },
                      "mark": "1:27:34",
                      "nationality": "IRL",
                      "place": "2.",
                      "points": null,
                      "qualified": null,
                      "records": "",
                      "wind": null,
                      "remark": null,
                      "details": null,
                      "__typename": "CalendarResultsRaceResult"
                    },
                    {
                      "competitor": {
                        "teamMembers": null,
                        "id": "rmyx8x232rkabpjsfqtgt",
                        "name": "Valentina TSYBULSKAYA",
                        "iaafId": 67769,
                        "urlSlug": "belarus/valentina-tsybulskaya-014269568",
                        "birthDate": "19 FEB 1968",
                        "hasProfile": true,
                        "__typename": "CalendarResultsCompetitor"
                      },
                      "mark": "1:28:10",
                      "nationality": "BLR",
                      "place": "3.",
                      "points": null,
                      "qualified": null,
                      "records": "",
                      "wind": null,
                      "remark": null,
                      "details": null,
                      "__typename": "CalendarResultsRaceResult"
                    },
                    {
                      "competitor": {
                        "teamMembers": null,
                        "id": "cdxw0fy7sfo1nk02p7mx87",
                        "name": "Tatyana GUDKOVA",
                        "iaafId": 170869,
                        "urlSlug": "russia/tatyana-gudkova-014297882",
                        "birthDate": "23 JAN 1978",
                        "hasProfile": true,
                        "__typename": "CalendarResultsCompetitor"
                      },
                      "mark": "1:28:53",
                      "nationality": "RUS",
                      "place": "4.",
                      "points": null,
                      "qualified": null,
                      "records": "",
                      "wind": null,
                      "remark": null,
                      "details": null,
                      "__typename": "CalendarResultsRaceResult"
                    },
                    {
                      "competitor": {
                        "teamMembers": null,
                        "id": "hp20fsh2p4rtdjmrvqnb8q",
                        "name": "Claudia \u015eTEF",
                        "iaafId": 110216,
                        "urlSlug": "romania/claudia-stef-014295687",
                        "birthDate": "25 FEB 1978",
                        "hasProfile": true,
                        "__typename": "CalendarResultsCompetitor"
                      },
                      "mark": "1:29:09",
                      "nationality": "ROU",
                      "place": "5.",
                      "points": null,
                      "qualified": null,
                      "records": "",
                      "wind": null,
                      "remark": null,
                      "details": null,
                      "__typename": "CalendarResultsRaceResult"
                    },
                    {
                      "competitor": {
                        "teamMembers": null,
                        "id": "djcairnkfs6553kiwi00f",
                        "name": "Rossella GIORDANO",
                        "iaafId": 80019,
                        "urlSlug": "italy/rossella-giordano-014284451",
                        "birthDate": "01 DEC 1972",
                        "hasProfile": true,
                        "__typename": "CalendarResultsCompetitor"
                      },
                      "mark": "1:29:14",
                      "nationality": "ITA",
                      "place": "6.",
                      "points": null,
                      "qualified": null,
                      "records": "",
                      "wind": null,
                      "remark": null,
                      "details": null,
                      "__typename": "CalendarResultsRaceResult"
                    },
                    {
                      "competitor": {
                        "teamMembers": null,
                        "id": "i1qlatl7t3cncbcbn20xf",
                        "name": "Athanasia TSOUMELEKA",
                        "iaafId": 177294,
                        "urlSlug": "greece/athanasia-tsoumeleka-014280976",
                        "birthDate": "02 JAN 1982",
                        "hasProfile": true,
                        "__typename": "CalendarResultsCompetitor"
                      },
                      "mark": "1:29:34",
                      "nationality": "GRE",
                      "place": "7.",
                      "points": null,
                      "qualified": null,
                      "records": "",
                      "wind": null,
                      "remark": null,
                      "details": null,
                      "__typename": "CalendarResultsRaceResult"
                    },
                    {
                      "competitor": {
                        "teamMembers": null,
                        "id": "8ipc4y20z4bl5obkor9nln",
                        "name": "Melanie SEEGER",
                        "iaafId": 115806,
                        "urlSlug": "germany/melanie-seeger-014279784",
                        "birthDate": "08 JAN 1977",
                        "hasProfile": true,
                        "__typename": "CalendarResultsCompetitor"
                      },
                      "mark": "1:29:44",
                      "nationality": "GER",
                      "place": "8.",
                      "points": null,
                      "qualified": null,
                      "records": "",
                      "wind": null,
                      "remark": null,
                      "details": null,
                      "__typename": "CalendarResultsRaceResult"
                    },
                    {
                      "competitor": {
                        "teamMembers": null,
                        "id": "qpzpl54tpwne10kgdqfmgq",
                        "name": "Susana FEITOR",
                        "iaafId": 63094,
                        "urlSlug": "portugal/susana-feitor-014294873",
                        "birthDate": "28 JAN 1975",
                        "hasProfile": true,
                        "__typename": "CalendarResultsCompetitor"
                      },
                      "mark": "1:30:15",
                      "nationality": "POR",
                      "place": "9.",
                      "points": null,
                      "qualified": null,
                      "records": "",
                      "wind": null,
                      "remark": null,
                      "details": null,
                      "__typename": "CalendarResultsRaceResult"
                    },
                    {
                      "competitor": {
                        "teamMembers": null,
                        "id": "xmuarequv8oyu1lkh1kbn9",
                        "name": "Elisa RIGAUDO",
                        "iaafId": 135193,
                        "urlSlug": "italy/elisa-rigaudo-014285125",
                        "birthDate": "17 JUN 1980",
                        "hasProfile": true,
                        "__typename": "CalendarResultsCompetitor"
                      },
                      "mark": "1:30:34",
                      "nationality": "ITA",
                      "place": "10.",
                      "points": null,
                      "qualified": null,
                      "records": "",
                      "wind": null,
                      "remark": null,
                      "details": null,
                      "__typename": "CalendarResultsRaceResult"
                    },
                    {
                      "competitor": {
                        "teamMembers": null,
                        "id": "hqoinpe1pbiun0ljra7xk",
                        "name": "Jane SAVILLE",
                        "iaafId": 67763,
                        "urlSlug": "australia/jane-saville-14271349",
                        "birthDate": "05 NOV 1974",
                        "hasProfile": true,
                        "__typename": "CalendarResultsCompetitor"
                      },
                      "mark": "1:30:51",
                      "nationality": "AUS",
                      "place": "11.",
                      "points": null,
                      "qualified": null,
                      "records": "",
                      "wind": null,
                      "remark": null,
                      "details": null,
                      "__typename": "CalendarResultsRaceResult"
                    },
                    {
                      "competitor": {
                        "teamMembers": null,
                        "id": "4s7saxsa2fbln6yf0pdvle",
                        "name": "Olive LOUGHNANE",
                        "iaafId": 139461,
                        "urlSlug": "ireland/olive-loughnane-014283274",
                        "birthDate": "14 JAN 1976",
                        "hasProfile": true,
                        "__typename": "CalendarResultsCompetitor"
                      },
                      "mark": "1:30:53",
                      "nationality": "IRL",
                      "place": "12.",
                      "points": null,
                      "qualified": null,
                      "records": "",
                      "wind": null,
                      "remark": null,
                      "details": null,
                      "__typename": "CalendarResultsRaceResult"
                    },
                    {
                      "competitor": {
                        "teamMembers": null,
                        "id": "ixg5jh2yk4xdpy6fep8tn",
                        "name": "Aihui XU",
                        "iaafId": 180482,
                        "urlSlug": "pr-of-china/aihui-xu-014264812",
                        "birthDate": "25 APR 1978",
                        "hasProfile": true,
                        "__typename": "CalendarResultsCompetitor"
                      },
                      "mark": "1:31:34",
                      "nationality": "CHN",
                      "place": "13.",
                      "points": null,
                      "qualified": null,
                      "records": "",
                      "wind": null,
                      "remark": null,
                      "details": null,
                      "__typename": "CalendarResultsRaceResult"
                    },
                    {
                      "competitor": {
                        "teamMembers": null,
                        "id": "pku4zjnow7dozpb3qc62n",
                        "name": "Kristina SALTANOVI\u010c",
                        "iaafId": 115837,
                        "urlSlug": "lithuania/kristina-saltanovic-14290374",
                        "birthDate": "20 FEB 1975",
                        "hasProfile": true,
                        "__typename": "CalendarResultsCompetitor"
                      },
                      "mark": "1:32:13",
                      "nationality": "LTU",
                      "place": "14.",
                      "points": null,
                      "qualified": null,
                      "records": "",
                      "wind": null,
                      "remark": null,
                      "details": null,
                      "__typename": "CalendarResultsRaceResult"
                    },
                    {
                      "competitor": {
                        "teamMembers": null,
                        "id": "s1nr78hhtetmrmni097i",
                        "name": "Vera SANTOS",
                        "iaafId": 134867,
                        "urlSlug": "portugal/vera-santos-14295084",
                        "birthDate": "03 DEC 1981",
                        "hasProfile": true,
                        "__typename": "CalendarResultsCompetitor"
                      },
                      "mark": "1:32:43",
                      "nationality": "POR",
                      "place": "15.",
                      "points": null,
                      "qualified": null,
                      "records": "",
                      "wind": null,
                      "remark": null,
                      "details": null,
                      "__typename": "CalendarResultsRaceResult"
                    },
                    {
                      "competitor": {
                        "teamMembers": null,
                        "id": "3gjjghqzj5gwqy78afo4mh",
                        "name": "Sonata MILU\u0160AUSKAIT\u0116",
                        "iaafId": 68006,
                        "urlSlug": "lithuania/sonata-milusauskaite-14290321",
                        "birthDate": "21 AUG 1973",
                        "hasProfile": true,
                        "__typename": "CalendarResultsCompetitor"
                      },
                      "mark": "1:32:58",
                      "nationality": "LTU",
                      "place": "16.",
                      "points": null,
                      "qualified": null,
                      "records": "",
                      "wind": null,
                      "remark": null,
                      "details": null,
                      "__typename": "CalendarResultsRaceResult"
                    },
                    {
                      "competitor": {
                        "teamMembers": null,
                        "id": "b8k4jbw14bufw0lbeopkd",
                        "name": "Vira ZOZULYA",
                        "iaafId": 115834,
                        "urlSlug": "ukraine/vira-zozulya-014304380",
                        "birthDate": "31 AUG 1970",
                        "hasProfile": true,
                        "__typename": "CalendarResultsCompetitor"
                      },
                      "mark": "1:33:34",
                      "nationality": "UKR",
                      "place": "17.",
                      "points": null,
                      "qualified": null,
                      "records": "",
                      "wind": null,
                      "remark": null,
                      "details": null,
                      "__typename": "CalendarResultsRaceResult"
                    },
                    {
                      "competitor": {
                        "teamMembers": null,
                        "id": "askwkjpkpjazyj3ja6ed9f",
                        "name": "Geovana IRUSTA",
                        "iaafId": 115852,
                        "urlSlug": "bolivia/geovana-irusta-014269494",
                        "birthDate": "26 SEP 1975",
                        "hasProfile": true,
                        "__typename": "CalendarResultsCompetitor"
                      },
                      "mark": "1:33:42",
                      "nationality": "BOL",
                      "place": "18.",
                      "points": null,
                      "qualified": null,
                      "records": "",
                      "wind": null,
                      "remark": null,
                      "details": null,
                      "__typename": "CalendarResultsRaceResult"
                    },
                    {
                      "competitor": {
                        "teamMembers": null,
                        "id": "7w3ekt4tbn4omjiyrynhr",
                        "name": "Fatiha OUALI",
                        "iaafId": 115801,
                        "urlSlug": "france/fatiha-ouali-014273390",
                        "birthDate": "28 OCT 1974",
                        "hasProfile": true,
                        "__typename": "CalendarResultsCompetitor"
                      },
                      "mark": "1:34:01",
                      "nationality": "FRA",
                      "place": "19.",
                      "points": null,
                      "qualified": null,
                      "records": "",
                      "wind": null,
                      "remark": null,
                      "details": null,
                      "__typename": "CalendarResultsRaceResult"
                    },
                    {
                      "competitor": {
                        "teamMembers": null,
                        "id": "topp0t3306ge2w45o153g",
                        "name": "Sabine ZIMMER-KRANTZ",
                        "iaafId": 134513,
                        "urlSlug": "germany/sabine-zimmer-krantz-014280411",
                        "birthDate": "06 FEB 1981",
                        "hasProfile": true,
                        "__typename": "CalendarResultsCompetitor"
                      },
                      "mark": "1:34:08",
                      "nationality": "GER",
                      "place": "20.",
                      "points": null,
                      "qualified": null,
                      "records": "",
                      "wind": null,
                      "remark": null,
                      "details": null,
                      "__typename": "CalendarResultsRaceResult"
                    },
                    {
                      "competitor": {
                        "teamMembers": null,
                        "id": "g4j84y6cbxb2lec4kamoq4",
                        "name": "Barbora DIBELKOV\u00c1",
                        "iaafId": 171347,
                        "urlSlug": "czech-republic/barbora-dibelkova-14263175",
                        "birthDate": "26 MAY 1983",
                        "hasProfile": true,
                        "__typename": "CalendarResultsCompetitor"
                      },
                      "mark": "1:34:44",
                      "nationality": "CZE",
                      "place": "21.",
                      "points": null,
                      "qualified": null,
                      "records": "",
                      "wind": null,
                      "remark": null,
                      "details": null,
                      "__typename": "CalendarResultsRaceResult"
                    },
                    {
                      "competitor": {
                        "teamMembers": null,
                        "id": "uh4g1gnj3vrws58vp6qizo",
                        "name": "Svetlana TOLSTAYA",
                        "iaafId": 115812,
                        "urlSlug": "kazakhstan/svetlana-tolstaya-014288732",
                        "birthDate": "09 AUG 1971",
                        "hasProfile": true,
                        "__typename": "CalendarResultsCompetitor"
                      },
                      "mark": "1:35:11",
                      "nationality": "KAZ",
                      "place": "22.",
                      "points": null,
                      "qualified": null,
                      "records": "",
                      "wind": null,
                      "remark": null,
                      "details": null,
                      "__typename": "CalendarResultsRaceResult"
                    },
                    {
                      "competitor": {
                        "teamMembers": null,
                        "id": "972d7sdr82drabdk8udx0e",
                        "name": "Daniela C\u00ceRLAN",
                        "iaafId": 259276,
                        "urlSlug": "romania/daniela-cirlan-014295512",
                        "birthDate": "18 SEP 1980",
                        "hasProfile": true,
                        "__typename": "CalendarResultsCompetitor"
                      },
                      "mark": "1:36:02",
                      "nationality": "ROU",
                      "place": "23.",
                      "points": null,
                      "qualified": null,
                      "records": "",
                      "wind": null,
                      "remark": null,
                      "details": null,
                      "__typename": "CalendarResultsRaceResult"
                    },
                    {
                      "competitor": {
                        "teamMembers": null,
                        "id": "2i3ktcr3wl4explj6i5okf",
                        "name": "Joanne DOW",
                        "iaafId": 115827,
                        "urlSlug": "united-states/joanne-dow-014309239",
                        "birthDate": "19 MAR 1964",
                        "hasProfile": true,
                        "__typename": "CalendarResultsCompetitor"
                      },
                      "mark": "1:36:32",
                      "nationality": "USA",
                      "place": "24.",
                      "points": null,
                      "qualified": null,
                      "records": "",
                      "wind": null,
                      "remark": null,
                      "details": null,
                      "__typename": "CalendarResultsRaceResult"
                    },
                    {
                      "competitor": {
                        "teamMembers": null,
                        "id": "s1ryrlq56qgwwvcm54adiq",
                        "name": "Ryoko TADAMASA",
                        "iaafId": 115809,
                        "urlSlug": "japan/ryoko-sakakura-014287702",
                        "birthDate": "09 MAY 1976",
                        "hasProfile": true,
                        "__typename": "CalendarResultsCompetitor"
                      },
                      "mark": "1:38:00",
                      "nationality": "JPN",
                      "place": "25.",
                      "points": null,
                      "qualified": null,
                      "records": "",
                      "wind": null,
                      "remark": null,
                      "details": null,
                      "__typename": "CalendarResultsRaceResult"
                    },
                    {
                      "competitor": {
                        "teamMembers": null,
                        "id": "295j2m1tqu5h576oiunt9l",
                        "name": "Gabrielle GORST",
                        "iaafId": 186534,
                        "urlSlug": "new-zealand/gabrielle-gorst-014292984",
                        "birthDate": "16 FEB 1964",
                        "hasProfile": true,
                        "__typename": "CalendarResultsCompetitor"
                      },
                      "mark": "1:38:51",
                      "nationality": "NZL",
                      "place": "26.",
                      "points": null,
                      "qualified": null,
                      "records": "",
                      "wind": null,
                      "remark": null,
                      "details": null,
                      "__typename": "CalendarResultsRaceResult"
                    },
                    {
                      "competitor": {
                        "teamMembers": null,
                        "id": "8y0frfdv2xsq5i5plliw",
                        "name": "Monica SVENSSON",
                        "iaafId": 139172,
                        "urlSlug": "sweden/monica-svensson-014302480",
                        "birthDate": "26 DEC 1978",
                        "hasProfile": true,
                        "__typename": "CalendarResultsCompetitor"
                      },
                      "mark": "1:39:21",
                      "nationality": "SWE",
                      "place": "27.",
                      "points": null,
                      "qualified": null,
                      "records": "",
                      "wind": null,
                      "remark": null,
                      "details": null,
                      "__typename": "CalendarResultsRaceResult"
                    },
                    {
                      "competitor": {
                        "teamMembers": null,
                        "id": "5blz8zook9lbrv1x0yt86f",
                        "name": "Teresita COLLADO",
                        "iaafId": 139699,
                        "urlSlug": "guatemala/teresita-collado-014281052",
                        "birthDate": "20 NOV 1971",
                        "hasProfile": true,
                        "__typename": "CalendarResultsCompetitor"
                      },
                      "mark": "1:41:19",
                      "nationality": "GUA",
                      "place": "28.",
                      "points": null,
                      "qualified": null,
                      "records": "",
                      "wind": null,
                      "remark": null,
                      "details": null,
                      "__typename": "CalendarResultsRaceResult"
                    },
                    {
                      "competitor": {
                        "teamMembers": null,
                        "id": "025v1xmsltvcshuimpa314",
                        "name": "Mar\u00eda VASCO",
                        "iaafId": 68294,
                        "urlSlug": "spain/maria-vasco-014260291",
                        "birthDate": "26 DEC 1975",
                        "hasProfile": true,
                        "__typename": "CalendarResultsCompetitor"
                      },
                      "mark": "DNF",
                      "nationality": "ESP",
                      "place": "",
                      "points": null,
                      "qualified": null,
                      "records": "",
                      "wind": null,
                      "remark": null,
                      "details": null,
                      "__typename": "CalendarResultsRaceResult"
                    },
                    {
                      "competitor": {
                        "teamMembers": null,
                        "id": "mx7ai61ictbnq7rwdj83v",
                        "name": "Mar\u00eda Teresa GARGALLO",
                        "iaafId": 194347,
                        "urlSlug": "spain/maria-teresa-gargallo-014261472",
                        "birthDate": "15 OCT 1969",
                        "hasProfile": true,
                        "__typename": "CalendarResultsCompetitor"
                      },
                      "mark": "DNF",
                      "nationality": "ESP",
                      "place": "",
                      "points": null,
                      "qualified": null,
                      "records": "",
                      "wind": null,
                      "remark": null,
                      "details": null,
                      "__typename": "CalendarResultsRaceResult"
                    },
                    {
                      "competitor": {
                        "teamMembers": null,
                        "id": "mbhrryc9lfaqq092ynhry",
                        "name": "Olimpiada IVANOVA",
                        "iaafId": 67960,
                        "urlSlug": "russia/olimpiada-ivanova-014297957",
                        "birthDate": "29 AUG 1970",
                        "hasProfile": true,
                        "__typename": "CalendarResultsCompetitor"
                      },
                      "mark": "DNF",
                      "nationality": "RUS",
                      "place": "",
                      "points": null,
                      "qualified": null,
                      "records": "",
                      "wind": null,
                      "remark": null,
                      "details": null,
                      "__typename": "CalendarResultsRaceResult"
                    },
                    {
                      "competitor": {
                        "teamMembers": null,
                        "id": "2jj2finepgs8nb8kfeso9e",
                        "name": "Maria S\u00c1NCHEZ",
                        "iaafId": 68015,
                        "urlSlug": "mexico/maria-sanchez-014291258",
                        "birthDate": "26 OCT 1973",
                        "hasProfile": true,
                        "__typename": "CalendarResultsCompetitor"
                      },
                      "mark": "DNF",
                      "nationality": "MEX",
                      "place": "",
                      "points": null,
                      "qualified": null,
                      "records": "",
                      "wind": null,
                      "remark": null,
                      "details": null,
                      "__typename": "CalendarResultsRaceResult"
                    },
                    {
                      "competitor": {
                        "teamMembers": null,
                        "id": "cir4kky9lvuovcrqc4r8ai",
                        "name": "Elisabetta PERRONE",
                        "iaafId": 67958,
                        "urlSlug": "italy/elisabetta-perrone-014284998",
                        "birthDate": "09 JUL 1968",
                        "hasProfile": true,
                        "__typename": "CalendarResultsCompetitor"
                      },
                      "mark": "DNF",
                      "nationality": "ITA",
                      "place": "",
                      "points": null,
                      "qualified": null,
                      "records": "",
                      "wind": null,
                      "remark": null,
                      "details": null,
                      "__typename": "CalendarResultsRaceResult"
                    },
                    {
                      "competitor": {
                        "teamMembers": null,
                        "id": "7inwly67bo9aw8vrqk3ze",
                        "name": "Natalya FEDOSKINA",
                        "iaafId": 138863,
                        "urlSlug": "russia/natalya-fedoskina-014297682",
                        "birthDate": "25 JUN 1980",
                        "hasProfile": true,
                        "__typename": "CalendarResultsCompetitor"
                      },
                      "mark": "DQ",
                      "nationality": "RUS",
                      "place": "",
                      "points": null,
                      "qualified": null,
                      "records": "",
                      "wind": null,
                      "remark": null,
                      "details": null,
                      "__typename": "CalendarResultsRaceResult"
                    },
                    {
                      "competitor": {
                        "teamMembers": null,
                        "id": "az7wy5osos3afx5gnodhi",
                        "name": "Yufang YUAN",
                        "iaafId": 115818,
                        "urlSlug": "malaysia/yufang-yuan-014290866",
                        "birthDate": "01 FEB 1976",
                        "hasProfile": true,
                        "__typename": "CalendarResultsCompetitor"
                      },
                      "mark": "DQ",
                      "nationality": "MAS",
                      "place": "",
                      "points": null,
                      "qualified": null,
                      "records": "",
                      "wind": null,
                      "remark": null,
                      "details": null,
                      "__typename": "CalendarResultsRaceResult"
                    },
                    {
                      "competitor": {
                        "teamMembers": null,
                        "id": "9mnqy0pqgesrqkgybn0tre",
                        "name": "Norica C\u00ceMPEAN",
                        "iaafId": 67994,
                        "urlSlug": "romania/norica-cimpean-014295511",
                        "birthDate": "22 MAR 1972",
                        "hasProfile": true,
                        "__typename": "CalendarResultsCompetitor"
                      },
                      "mark": "DQ",
                      "nationality": "ROU",
                      "place": "",
                      "points": null,
                      "qualified": null,
                      "records": "",
                      "wind": null,
                      "remark": null,
                      "details": null,
                      "__typename": "CalendarResultsRaceResult"
                    },
                    {
                      "competitor": {
                        "teamMembers": null,
                        "id": "ocfbbwealah2fo5fyd1g4",
                        "name": "Mi-jung KIM",
                        "iaafId": 172045,
                        "urlSlug": "korea/mi-jung-kim-014289726",
                        "birthDate": "10 JUN 1979",
                        "hasProfile": true,
                        "__typename": "CalendarResultsCompetitor"
                      },
                      "mark": "DQ",
                      "nationality": "KOR",
                      "place": "",
                      "points": null,
                      "qualified": null,
                      "records": "",
                      "wind": null,
                      "remark": null,
                      "details": null,
                      "__typename": "CalendarResultsRaceResult"
                    },
                    {
                      "competitor": {
                        "teamMembers": null,
                        "id": "fgufaup5gjo6s7de0ztxo",
                        "name": "Olga KARDOPOLTSEVA",
                        "iaafId": 68036,
                        "urlSlug": "belarus/olga-kardopoltseva-014269862",
                        "birthDate": "11 SEP 1966",
                        "hasProfile": true,
                        "__typename": "CalendarResultsCompetitor"
                      },
                      "mark": "DQ",
                      "nationality": "BLR",
                      "place": "",
                      "points": null,
                      "qualified": null,
                      "records": "",
                      "wind": null,
                      "remark": null,
                      "details": null,
                      "__typename": "CalendarResultsRaceResult"
                    },
                    {
                      "competitor": {
                        "teamMembers": null,
                        "id": "mt6oy863hlee73urryy7c",
                        "name": "Kelian GAO",
                        "iaafId": 172977,
                        "urlSlug": "pr-of-china/kelian-gao-014266452",
                        "birthDate": "15 AUG 1983",
                        "hasProfile": true,
                        "__typename": "CalendarResultsCompetitor"
                      },
                      "mark": "DQ",
                      "nationality": "CHN",
                      "place": "",
                      "points": null,
                      "qualified": null,
                      "records": "",
                      "wind": null,
                      "remark": null,
                      "details": null,
                      "__typename": "CalendarResultsRaceResult"
                    },
                    {
                      "competitor": {
                        "teamMembers": null,
                        "id": "b37486633g8ioghvw6byg",
                        "name": "Kjersti TYSSE-PL\u00c4TZER",
                        "iaafId": 110210,
                        "urlSlug": "norway/kjersti-tysse-platzer-14292841",
                        "birthDate": "18 JAN 1972",
                        "hasProfile": true,
                        "__typename": "CalendarResultsCompetitor"
                      },
                      "mark": "DQ",
                      "nationality": "NOR",
                      "place": "",
                      "points": null,
                      "qualified": null,
                      "records": "",
                      "wind": null,
                      "remark": null,
                      "details": null,
                      "__typename": "CalendarResultsRaceResult"
                    },
                    {
                      "competitor": {
                        "teamMembers": null,
                        "id": "q5p9llfxvppwb94bxqfk",
                        "name": "Hongjuan SONG",
                        "iaafId": 189346,
                        "urlSlug": "pr-of-china/hongjuan-song-014265332",
                        "birthDate": "04 JUL 1984",
                        "hasProfile": true,
                        "__typename": "CalendarResultsCompetitor"
                      },
                      "mark": "DQ",
                      "nationality": "CHN",
                      "place": "",
                      "points": null,
                      "qualified": null,
                      "records": "",
                      "wind": null,
                      "remark": null,
                      "details": null,
                      "__typename": "CalendarResultsRaceResult"
                    },
                    {
                      "competitor": {
                        "teamMembers": null,
                        "id": "n1oh5w4mt9sh62mlz6ey",
                        "name": "Mari Cruz D\u00cdAZ",
                        "iaafId": 60440,
                        "urlSlug": "spain/mari-cruz-diaz-014261729",
                        "birthDate": "24 OCT 1969",
                        "hasProfile": true,
                        "__typename": "CalendarResultsCompetitor"
                      },
                      "mark": "DQ",
                      "nationality": "ESP",
                      "place": "",
                      "points": null,
                      "qualified": null,
                      "records": "",
                      "wind": null,
                      "remark": null,
                      "details": null,
                      "__typename": "CalendarResultsRaceResult"
                    }
                  ],
                  "startList": null,
                  "wind": null,
                  "__typename": "CalendarResultsRace"
                }
              ],
              "__typename": "CalendarResultsEvent"
            }
          ],
          "__typename": "CalendarResultsEventTitle"
        }
      ],
      "options": {
        "days": [
          {
            "date": "23 AUG 2003",
            "day": 1,
            "__typename": "CalendarResultsOptionsDay"
          },
          {
            "date": "24 AUG 2003",
            "day": 2,
            "__typename": "CalendarResultsOptionsDay"
          },
          {
            "date": "25 AUG 2003",
            "day": 3,
            "__typename": "CalendarResultsOptionsDay"
          },
          {
            "date": "26 AUG 2003",
            "day": 4,
            "__typename": "CalendarResultsOptionsDay"
          },
          {
            "date": "27 AUG 2003",
            "day": 5,
            "__typename": "CalendarResultsOptionsDay"
          },
          {
            "date": "28 AUG 2003",
            "day": 6,
            "__typename": "CalendarResultsOptionsDay"
          },
          {
            "date": "29 AUG 2003",
            "day": 7,
            "__typename": "CalendarResultsOptionsDay"
          },
          {
            "date": "30 AUG 2003",
            "day": 8,
            "__typename": "CalendarResultsOptionsDay"
          },
          {
            "date": "31 AUG 2003",
            "day": 9,
            "__typename": "CalendarResultsOptionsDay"
          }
        ],
        "events": [
          {
            "gender": "W",
            "id": 10229509,
            "name": "Women's 100 Metres",
            "combined": null,
            "__typename": "CalendarResultsOptionEvent"
          },
          {
            "gender": "W",
            "id": 10229510,
            "name": "Women's 200 Metres",
            "combined": null,
            "__typename": "CalendarResultsOptionEvent"
          },
          {
            "gender": "W",
            "id": 10229511,
            "name": "Women's 400 Metres",
            "combined": null,
            "__typename": "CalendarResultsOptionEvent"
          },
          {
            "gender": "W",
            "id": 10229512,
            "name": "Women's 800 Metres",
            "combined": null,
            "__typename": "CalendarResultsOptionEvent"
          },
          {
            "gender": "W",
            "id": 10229513,
            "name": "Women's 1500 Metres",
            "combined": null,
            "__typename": "CalendarResultsOptionEvent"
          },
          {
            "gender": "W",
            "id": 10229514,
            "name": "Women's 5000 Metres",
            "combined": null,
            "__typename": "CalendarResultsOptionEvent"
          },
          {
            "gender": "W",
            "id": 10229521,
            "name": "Women's 10,000 Metres",
            "combined": null,
            "__typename": "CalendarResultsOptionEvent"
          },
          {
            "gender": "W",
            "id": 10229522,
            "name": "Women's 100 Metres Hurdles",
            "combined": null,
            "__typename": "CalendarResultsOptionEvent"
          },
          {
            "gender": "W",
            "id": 10229523,
            "name": "Women's 400 Metres Hurdles",
            "combined": null,
            "__typename": "CalendarResultsOptionEvent"
          },
          {
            "gender": "W",
            "id": 10230040,
            "name": "Women's 800m Wheelchair",
            "combined": null,
            "__typename": "CalendarResultsOptionEvent"
          },
          {
            "gender": "W",
            "id": 10230032,
            "name": "Women's 200m Blind",
            "combined": null,
            "__typename": "CalendarResultsOptionEvent"
          },
          {
            "gender": "W",
            "id": 10229526,
            "name": "Women's High Jump",
            "combined": null,
            "__typename": "CalendarResultsOptionEvent"
          },
          {
            "gender": "W",
            "id": 10229527,
            "name": "Women's Pole Vault",
            "combined": null,
            "__typename": "CalendarResultsOptionEvent"
          },
          {
            "gender": "W",
            "id": 10229528,
            "name": "Women's Long Jump",
            "combined": null,
            "__typename": "CalendarResultsOptionEvent"
          },
          {
            "gender": "W",
            "id": 10229529,
            "name": "Women's Triple Jump",
            "combined": null,
            "__typename": "CalendarResultsOptionEvent"
          },
          {
            "gender": "W",
            "id": 10229530,
            "name": "Women's Shot Put",
            "combined": null,
            "__typename": "CalendarResultsOptionEvent"
          },
          {
            "gender": "W",
            "id": 10229531,
            "name": "Women's Discus Throw",
            "combined": null,
            "__typename": "CalendarResultsOptionEvent"
          },
          {
            "gender": "W",
            "id": 10229532,
            "name": "Women's Hammer Throw",
            "combined": null,
            "__typename": "CalendarResultsOptionEvent"
          },
          {
            "gender": "W",
            "id": 10229533,
            "name": "Women's Javelin Throw",
            "combined": null,
            "__typename": "CalendarResultsOptionEvent"
          },
          {
            "gender": "W",
            "id": 10229534,
            "name": "Women's Marathon",
            "combined": null,
            "__typename": "CalendarResultsOptionEvent"
          },
          {
            "gender": "W",
            "id": 10229535,
            "name": "Women's 20 Kilometres Race Walk",
            "combined": null,
            "__typename": "CalendarResultsOptionEvent"
          },
          {
            "gender": "W",
            "id": 10229536,
            "name": "Women's Heptathlon",
            "combined": true,
            "__typename": "CalendarResultsOptionEvent"
          },
          {
            "gender": "W",
            "id": 204594,
            "name": "Women's 4x100 Metres Relay",
            "combined": null,
            "__typename": "CalendarResultsOptionEvent"
          },
          {
            "gender": "W",
            "id": 204596,
            "name": "Women's 4x400 Metres Relay",
            "combined": null,
            "__typename": "CalendarResultsOptionEvent"
          },
          {
            "gender": "M",
            "id": 10229630,
            "name": "Men's 100 Metres",
            "combined": null,
            "__typename": "CalendarResultsOptionEvent"
          },
          {
            "gender": "M",
            "id": 10229605,
            "name": "Men's 200 Metres",
            "combined": null,
            "__typename": "CalendarResultsOptionEvent"
          },
          {
            "gender": "M",
            "id": 10229631,
            "name": "Men's 400 Metres",
            "combined": null,
            "__typename": "CalendarResultsOptionEvent"
          },
          {
            "gender": "M",
            "id": 10229501,
            "name": "Men's 800 Metres",
            "combined": null,
            "__typename": "CalendarResultsOptionEvent"
          },
          {
            "gender": "M",
            "id": 10229502,
            "name": "Men's 1500 Metres",
            "combined": null,
            "__typename": "CalendarResultsOptionEvent"
          },
          {
            "gender": "M",
            "id": 10229609,
            "name": "Men's 5000 Metres",
            "combined": null,
            "__typename": "CalendarResultsOptionEvent"
          },
          {
            "gender": "M",
            "id": 10229610,
            "name": "Men's 10,000 Metres",
            "combined": null,
            "__typename": "CalendarResultsOptionEvent"
          },
          {
            "gender": "M",
            "id": 10229611,
            "name": "Men's 110 Metres Hurdles",
            "combined": null,
            "__typename": "CalendarResultsOptionEvent"
          },
          {
            "gender": "M",
            "id": 10229612,
            "name": "Men's 400 Metres Hurdles",
            "combined": null,
            "__typename": "CalendarResultsOptionEvent"
          },
          {
            "gender": "M",
            "id": 10229614,
            "name": "Men's 3000 Metres Steeplechase",
            "combined": null,
            "__typename": "CalendarResultsOptionEvent"
          },
          {
            "gender": "M",
            "id": 10230039,
            "name": "Men's 1500m Wheelchair",
            "combined": null,
            "__typename": "CalendarResultsOptionEvent"
          },
          {
            "gender": "M",
            "id": 10230053,
            "name": "Men's 200m Amputee",
            "combined": null,
            "__typename": "CalendarResultsOptionEvent"
          },
          {
            "gender": "M",
            "id": 10230055,
            "name": "Men's 400m Cerebral Palsy",
            "combined": null,
            "__typename": "CalendarResultsOptionEvent"
          },
          {
            "gender": "M",
            "id": 10230030,
            "name": "Men's 400m Blind",
            "combined": null,
            "__typename": "CalendarResultsOptionEvent"
          },
          {
            "gender": "M",
            "id": 10229615,
            "name": "Men's High Jump",
            "combined": null,
            "__typename": "CalendarResultsOptionEvent"
          },
          {
            "gender": "M",
            "id": 10229616,
            "name": "Men's Pole Vault",
            "combined": null,
            "__typename": "CalendarResultsOptionEvent"
          },
          {
            "gender": "M",
            "id": 10229617,
            "name": "Men's Long Jump",
            "combined": null,
            "__typename": "CalendarResultsOptionEvent"
          },
          {
            "gender": "M",
            "id": 10229618,
            "name": "Men's Triple Jump",
            "combined": null,
            "__typename": "CalendarResultsOptionEvent"
          },
          {
            "gender": "M",
            "id": 10229619,
            "name": "Men's Shot Put",
            "combined": null,
            "__typename": "CalendarResultsOptionEvent"
          },
          {
            "gender": "M",
            "id": 10229620,
            "name": "Men's Discus Throw",
            "combined": null,
            "__typename": "CalendarResultsOptionEvent"
          },
          {
            "gender": "M",
            "id": 10229621,
            "name": "Men's Hammer Throw",
            "combined": null,
            "__typename": "CalendarResultsOptionEvent"
          },
          {
            "gender": "M",
            "id": 10229636,
            "name": "Men's Javelin Throw",
            "combined": null,
            "__typename": "CalendarResultsOptionEvent"
          },
          {
            "gender": "M",
            "id": 10229634,
            "name": "Men's Marathon",
            "combined": null,
            "__typename": "CalendarResultsOptionEvent"
          },
          {
            "gender": "M",
            "id": 10229625,
            "name": "Men's 10 Kilometres Race Walk",
            "combined": null,
            "__typename": "CalendarResultsOptionEvent"
          },
          {
            "gender": "M",
            "id": 10229508,
            "name": "Men's 20 Kilometres Race Walk",
            "combined": null,
            "__typename": "CalendarResultsOptionEvent"
          },
          {
            "gender": "M",
            "id": 10229628,
            "name": "Men's 50 Kilometres Race Walk",
            "combined": null,
            "__typename": "CalendarResultsOptionEvent"
          },
          {
            "gender": "M",
            "id": 10229629,
            "name": "Men's Decathlon",
            "combined": true,
            "__typename": "CalendarResultsOptionEvent"
          },
          {
            "gender": "M",
            "id": 204593,
            "name": "Men's 4x100 Metres Relay",
            "combined": null,
            "__typename": "CalendarResultsOptionEvent"
          },
          {
            "gender": "M",
            "id": 204595,
            "name": "Men's 4x400 Metres Relay",
            "combined": null,
            "__typename": "CalendarResultsOptionEvent"
          }
        ],
        "__typename": "CalendarResultsOptions"
      },
      "parameters": {
        "competitionId": 6930156,
        "day": null,
        "eventId": 10229535,
        "__typename": "CalendarResultsParameters"
      },
      "__typename": "CalendarCompetitionResults"
    }
  }
}