{
  "data": {
    "getCalendarCompetitionResults": {
      "competition": {
        "dateRange": "06\u201314 AUG 2005",
        "endDate": "2005-08-14",
        "name": "IAAF World Championships",
        "rankingCategory": "OW",
        "startDate": "2005-08-06",
        "venue": "Olympiastadion, Helsinki (FIN)",
        "__typename": "CalendarResultsCompetition"
      },
      "eventTitles": [
        {
          "rankingCategory": "OW",
          "eventTitle": null,
          "events": [
            {
              "event": "Women's Marathon",
              "eventId": 10229534,
              "gender": "W",
              "isRelay": false,
              "perResultWind": false,
              "withWind": false,
              "summary": null,
              "races": [
                {
                  "date": "2005-08-14",
                  "day": 9,
                  "race": "Final",
                  "raceId": 10,
                  "raceNumber": 0,
                  "results": [
                    {
                      "competitor": {
                        "teamMembers": null,
                        "id": "l18vetjmocrt8u3pi2t0op",
                        "name": "Paula RADCLIFFE",
                        "iaafId": 62914,
                        "urlSlug": "great-britain-ni/paula-radcliffe-014276130",
                        "birthDate": "17 DEC 1973",
                        "hasProfile": true,
                        "__typename": "CalendarResultsCompetitor"
                      },
                      "mark": "2:20:57",
                      "nationality": "GBR",
                      "place": "1.",
                      "points": null,
                      "qualified": null,
                      "records": "",
                      "wind": null,
                      "remark": null,
                      "details": null,
                      "__typename": "CalendarResultsRaceResult"
                    },
                    {
                      "competitor": {
                        "teamMembers": null,
                        "id": "xe7xgngj1gamwp1e149v",
                        "name": "Catherine NDEREBA",
                        "iaafId": 115233,
                        "urlSlug": "kenya/catherine-ndereba-014289341",
                        "birthDate": "21 JUL 1972",
                        "hasProfile": true,
                        "__typename": "CalendarResultsCompetitor"
                      },
                      "mark": "2:22:01",
                      "nationality": "KEN",
                      "place": "2.",
                      "points": null,
                      "qualified": null,
                      "records": "",
                      "wind": null,
                      "remark": null,
                      "details": null,
                      "__typename": "CalendarResultsRaceResult"
                    },
                    {
                      "competitor": {
                        "teamMembers": null,
                        "id": "jzppicss0f513hw7ls37",
                        "name": "Constantina DITA-TOMESCU",
                        "iaafId": 132645,
                        "urlSlug": "romania/constantina-dita-tomescu-014295567",
                        "birthDate": "23 JAN 1970",
                        "hasProfile": true,
                        "__typename": "CalendarResultsCompetitor"
                      },
                      "mark": "2:23:19",
                      "nationality": "ROU",
                      "place": "3.",
                      "points": null,
                      "qualified": null,
                      "records": "",
                      "wind": null,
                      "remark": null,
                      "details": null,
                      "__typename": "CalendarResultsRaceResult"
                    },
                    {
                      "competitor": {
                        "teamMembers": null,
                        "id": "dzkp1u8h0sa9a1e3uxpqb",
                        "name": "Derartu TULU",
                        "iaafId": 61939,
                        "urlSlug": "ethiopia/derartu-tulu-014259709",
                        "birthDate": "21 MAR 1972",
                        "hasProfile": true,
                        "__typename": "CalendarResultsCompetitor"
                      },
                      "mark": "2:23:30",
                      "nationality": "ETH",
                      "place": "4.",
                      "points": null,
                      "qualified": null,
                      "records": "",
                      "wind": null,
                      "remark": null,
                      "details": null,
                      "__typename": "CalendarResultsRaceResult"
                    },
                    {
                      "competitor": {
                        "teamMembers": null,
                        "id": "uf0petkc5827g6uw7uiy8",
                        "name": "Chunxiu ZHOU",
                        "iaafId": 176579,
                        "urlSlug": "pr-of-china/chunxiu-zhou-014264260",
                        "birthDate": "15 NOV 1978",
                        "hasProfile": true,
                        "__typename": "CalendarResultsCompetitor"
                      },
                      "mark": "2:24:12",
                      "nationality": "CHN",
                      "place": "5.",
                      "points": null,
                      "qualified": null,
                      "records": "",
                      "wind": null,
                      "remark": null,
                      "details": null,
                      "__typename": "CalendarResultsRaceResult"
                    },
                    {
                      "competitor": {
                        "teamMembers": null,
                        "id": "w8t3fbzytzitpdckoy4og",
                        "name": "Yumiko HARA",
                        "iaafId": 173169,
                        "urlSlug": "japan/yumiko-hara-014286287",
                        "birthDate": "09 JAN 1982",
                        "hasProfile": true,
                        "__typename": "CalendarResultsCompetitor"
                      },
                      "mark": "2:24:20",
                      "nationality": "JPN",
                      "place": "6.",
                      "points": null,
                      "qualified": null,
                      "records": "",
                      "wind": null,
                      "remark": null,
                      "details": null,
                      "__typename": "CalendarResultsRaceResult"
                    },
                    {
                      "competitor": {
                        "teamMembers": null,
                        "id": "15cgvw2z6cvx6arz9i3dq",
                        "name": "Rita Jeptoo SITIENEI",
                        "iaafId": 132798,
                        "urlSlug": "kenya/rita-jeptoo-sitienei-014289446",
                        "birthDate": "15 FEB 1981",
                        "hasProfile": true,
                        "__typename": "CalendarResultsCompetitor"
                      },
                      "mark": "2:24:22",
                      "nationality": "KEN",
                      "place": "7.",
                      "points": null,
                      "qualified": null,
                      "records": "",
                      "wind": null,
                      "remark": null,
                      "details": null,
                      "__typename": "CalendarResultsRaceResult"
                    },
                    {
                      "competitor": {
                        "teamMembers": null,
                        "id": "wqf4qltjjjed1fzh2rm465",
                        "name": "Harumi HIROYAMA-SUZUKI",
                        "iaafId": 67942,
                        "urlSlug": "japan/harumi-hiroyama-suzuki-014286397",
                        "birthDate": "02 SEP 1968",
                        "hasProfile": true,
                        "__typename": "CalendarResultsCompetitor"
                      },
                      "mark": "2:25:46",
                      "nationality": "JPN",
                      "place": "8.",
                      "points": null,
                      "qualified": null,
                      "records": "",
                      "wind": null,
                      "remark": null,
                      "details": null,
                      "__typename": "CalendarResultsRaceResult"
                    },
                    {
                      "competitor": {
                        "teamMembers": null,
                        "id": "fizy2oek1dk7jlzmkpc92i",
                        "name": "Hellen Jemaiyo KIMUTAI",
                        "iaafId": 115370,
                        "urlSlug": "kenya/hellen-jemaiyo-kimutai-014289121",
                        "birthDate": "28 DEC 1977",
                        "hasProfile": true,
                        "__typename": "CalendarResultsCompetitor"
                      },
                      "mark": "2:26:14",
                      "nationality": "KEN",
                      "place": "9.",
                      "points": null,
                      "qualified": null,
                      "records": "",
                      "wind": null,
                      "remark": null,
                      "details": null,
                      "__typename": "CalendarResultsRaceResult"
                    },
                    {
                      "competitor": {
                        "teamMembers": null,
                        "id": "dfmk4tv3we4bp22rbsyqi",
                        "name": "Megumi TANAKA-OSHIMA",
                        "iaafId": 133049,
                        "urlSlug": "japan/megumi-tanaka-oshima-014288143",
                        "birthDate": "04 SEP 1975",
                        "hasProfile": true,
                        "__typename": "CalendarResultsCompetitor"
                      },
                      "mark": "2:26:29",
                      "nationality": "JPN",
                      "place": "10.",
                      "points": null,
                      "qualified": null,
                      "records": "",
                      "wind": null,
                      "remark": null,
                      "details": null,
                      "__typename": "CalendarResultsRaceResult"
                    },
                    {
                      "competitor": {
                        "teamMembers": null,
                        "id": "j1b9aneiker1hl5ug396hd",
                        "name": "Mada\u00ed P\u00c9REZ",
                        "iaafId": 133126,
                        "urlSlug": "mexico/madai-perez-014291191",
                        "birthDate": "02 FEB 1980",
                        "hasProfile": true,
                        "__typename": "CalendarResultsCompetitor"
                      },
                      "mark": "2:26:50",
                      "nationality": "MEX",
                      "place": "11.",
                      "points": null,
                      "qualified": null,
                      "records": "",
                      "wind": null,
                      "remark": null,
                      "details": null,
                      "__typename": "CalendarResultsRaceResult"
                    },
                    {
                      "competitor": {
                        "teamMembers": null,
                        "id": "k59e4wtzq1koqg98bryrgp",
                        "name": "Galina KARNATSEVICH",
                        "iaafId": 115005,
                        "urlSlug": "belarus/galina-karnatsevich-014269860",
                        "birthDate": "02 NOV 1969",
                        "hasProfile": true,
                        "__typename": "CalendarResultsCompetitor"
                      },
                      "mark": "2:27:14",
                      "nationality": "BLR",
                      "place": "12.",
                      "points": null,
                      "qualified": null,
                      "records": "",
                      "wind": null,
                      "remark": null,
                      "details": null,
                      "__typename": "CalendarResultsRaceResult"
                    },
                    {
                      "competitor": {
                        "teamMembers": null,
                        "id": "otx4dpqw4qav2ruhuk52lh",
                        "name": "Dorota GRUCA",
                        "iaafId": 136302,
                        "urlSlug": "poland/dorota-gruca-014293692",
                        "birthDate": "05 DEC 1970",
                        "hasProfile": true,
                        "__typename": "CalendarResultsCompetitor"
                      },
                      "mark": "2:27:46",
                      "nationality": "POL",
                      "place": "13.",
                      "points": null,
                      "qualified": null,
                      "records": "",
                      "wind": null,
                      "remark": null,
                      "details": null,
                      "__typename": "CalendarResultsRaceResult"
                    },
                    {
                      "competitor": {
                        "teamMembers": null,
                        "id": "mlaq6i8uej7ddgbzcrsre7",
                        "name": "Yong-Ok JONG",
                        "iaafId": 175759,
                        "urlSlug": "dpr-of-korea/yong-ok-jong-014295179",
                        "birthDate": "24 JAN 1981",
                        "hasProfile": true,
                        "__typename": "CalendarResultsCompetitor"
                      },
                      "mark": "2:29:43",
                      "nationality": "PRK",
                      "place": "14.",
                      "points": null,
                      "qualified": null,
                      "records": "",
                      "wind": null,
                      "remark": null,
                      "details": null,
                      "__typename": "CalendarResultsRaceResult"
                    },
                    {
                      "competitor": {
                        "teamMembers": null,
                        "id": "6yuctq6hkyqnsrxxhd3t5q",
                        "name": "Mari OZAKI",
                        "iaafId": 137576,
                        "urlSlug": "japan/mari-ozaki-014287668",
                        "birthDate": "16 JUL 1975",
                        "hasProfile": true,
                        "__typename": "CalendarResultsCompetitor"
                      },
                      "mark": "2:30:28",
                      "nationality": "JPN",
                      "place": "15.",
                      "points": null,
                      "qualified": null,
                      "records": "",
                      "wind": null,
                      "remark": null,
                      "details": null,
                      "__typename": "CalendarResultsRaceResult"
                    },
                    {
                      "competitor": {
                        "teamMembers": null,
                        "id": "63de7azox9bddoegdqbloe",
                        "name": "Asha GIGI",
                        "iaafId": 70399,
                        "urlSlug": "ethiopia/asha-gigi-014259834",
                        "birthDate": "15 OCT 1973",
                        "hasProfile": true,
                        "__typename": "CalendarResultsCompetitor"
                      },
                      "mark": "2:30:38",
                      "nationality": "ETH",
                      "place": "16.",
                      "points": null,
                      "qualified": null,
                      "records": "",
                      "wind": null,
                      "remark": null,
                      "details": null,
                      "__typename": "CalendarResultsRaceResult"
                    },
                    {
                      "competitor": {
                        "teamMembers": null,
                        "id": "39ck0ciy51649uh5dmh9ow",
                        "name": "Ryoko KITAJIMA-EDA",
                        "iaafId": 173259,
                        "urlSlug": "japan/ryoko-kitajima-eda-014286825",
                        "birthDate": "12 JUN 1976",
                        "hasProfile": true,
                        "__typename": "CalendarResultsCompetitor"
                      },
                      "mark": "2:31:16",
                      "nationality": "JPN",
                      "place": "17.",
                      "points": null,
                      "qualified": null,
                      "records": "",
                      "wind": null,
                      "remark": null,
                      "details": null,
                      "__typename": "CalendarResultsRaceResult"
                    },
                    {
                      "competitor": {
                        "teamMembers": null,
                        "id": "tcxyc0kxgvs7r1k1ycu2",
                        "name": "Mara YAMAUCHI",
                        "iaafId": 197129,
                        "urlSlug": "great-britain-ni/mara-yamauchi-014276819",
                        "birthDate": "13 AUG 1973",
                        "hasProfile": true,
                        "__typename": "CalendarResultsCompetitor"
                      },
                      "mark": "2:31:26",
                      "nationality": "GBR",
                      "place": "18.",
                      "points": null,
                      "qualified": null,
                      "records": "",
                      "wind": null,
                      "remark": null,
                      "details": null,
                      "__typename": "CalendarResultsRaceResult"
                    },
                    {
                      "competitor": {
                        "teamMembers": null,
                        "id": "cb7l46jzr8n73pxj207fg6",
                        "name": "Rosaria CONSOLE",
                        "iaafId": 132843,
                        "urlSlug": "italy/rosaria-console-014284099",
                        "birthDate": "17 DEC 1979",
                        "hasProfile": true,
                        "__typename": "CalendarResultsCompetitor"
                      },
                      "mark": "2:32:47",
                      "nationality": "ITA",
                      "place": "19.",
                      "points": null,
                      "qualified": null,
                      "records": "",
                      "wind": null,
                      "remark": null,
                      "details": null,
                      "__typename": "CalendarResultsRaceResult"
                    },
                    {
                      "competitor": {
                        "teamMembers": null,
                        "id": "buqnf0afxp5wyp5lc3925",
                        "name": "Alina IVANOVA",
                        "iaafId": 63161,
                        "urlSlug": "russia/alina-ivanova-014297941",
                        "birthDate": "16 MAR 1969",
                        "hasProfile": true,
                        "__typename": "CalendarResultsCompetitor"
                      },
                      "mark": "2:32:53",
                      "nationality": "RUS",
                      "place": "20.",
                      "points": null,
                      "qualified": null,
                      "records": "",
                      "wind": null,
                      "remark": null,
                      "details": null,
                      "__typename": "CalendarResultsRaceResult"
                    },
                    {
                      "competitor": {
                        "teamMembers": null,
                        "id": "tvchzy3as3asb1jlurkm8e",
                        "name": "Aurica BUIA",
                        "iaafId": 60243,
                        "urlSlug": "romania/aurica-buia-014295464",
                        "birthDate": "16 FEB 1970",
                        "hasProfile": true,
                        "__typename": "CalendarResultsCompetitor"
                      },
                      "mark": "2:33:20",
                      "nationality": "ROU",
                      "place": "21.",
                      "points": null,
                      "qualified": null,
                      "records": "",
                      "wind": null,
                      "remark": null,
                      "details": null,
                      "__typename": "CalendarResultsRaceResult"
                    },
                    {
                      "competitor": {
                        "teamMembers": null,
                        "id": "09ywe84780bvpgzxp7rrxes",
                        "name": "Debellu Shitaye GEMECHU",
                        "iaafId": 183484,
                        "urlSlug": "ethiopia/debellu-shitaye-gemechu-014259841",
                        "birthDate": "17 JUN 1980",
                        "hasProfile": true,
                        "__typename": "CalendarResultsCompetitor"
                      },
                      "mark": "2:34:01",
                      "nationality": "ETH",
                      "place": "22.",
                      "points": null,
                      "qualified": null,
                      "records": "",
                      "wind": null,
                      "remark": null,
                      "details": null,
                      "__typename": "CalendarResultsRaceResult"
                    },
                    {
                      "competitor": {
                        "teamMembers": null,
                        "id": "rws47fn4uq3me3oi0zsz7",
                        "name": "Song-Suk OH",
                        "iaafId": 175760,
                        "urlSlug": "dpr-of-korea/song-suk-oh-014295205",
                        "birthDate": "02 SEP 1977",
                        "hasProfile": true,
                        "__typename": "CalendarResultsCompetitor"
                      },
                      "mark": "2:34:07",
                      "nationality": "PRK",
                      "place": "23.",
                      "points": null,
                      "qualified": null,
                      "records": "",
                      "wind": null,
                      "remark": null,
                      "details": null,
                      "__typename": "CalendarResultsRaceResult"
                    },
                    {
                      "competitor": {
                        "teamMembers": null,
                        "id": "ulydd2uceap4b7znzmz4e6",
                        "name": "Ryang GUM HWA",
                        "iaafId": 194713,
                        "urlSlug": "dpr-of-korea/ryang-gum-hwa-014295153",
                        "birthDate": "27 OCT 1980",
                        "hasProfile": true,
                        "__typename": "CalendarResultsCompetitor"
                      },
                      "mark": "2:34:35",
                      "nationality": "PRK",
                      "place": "24.",
                      "points": null,
                      "qualified": null,
                      "records": "",
                      "wind": null,
                      "remark": null,
                      "details": null,
                      "__typename": "CalendarResultsRaceResult"
                    },
                    {
                      "competitor": {
                        "teamMembers": null,
                        "id": "jm7zd3wzdtj6a7twac6h",
                        "name": "Hayley HAINING",
                        "iaafId": 70532,
                        "urlSlug": "great-britain-ni/hayley-haining-014275202",
                        "birthDate": "06 MAR 1972",
                        "hasProfile": true,
                        "__typename": "CalendarResultsCompetitor"
                      },
                      "mark": "2:34:41",
                      "nationality": "GBR",
                      "place": "25.",
                      "points": null,
                      "qualified": null,
                      "records": "",
                      "wind": null,
                      "remark": null,
                      "details": null,
                      "__typename": "CalendarResultsRaceResult"
                    },
                    {
                      "competitor": {
                        "teamMembers": null,
                        "id": "x010r9b3nvi32qsdcmf6x9",
                        "name": "Turena JOHNSON-LANE",
                        "iaafId": 201330,
                        "urlSlug": "united-states/turena-johnson-lane-014313838",
                        "birthDate": "20 JUL 1975",
                        "hasProfile": true,
                        "__typename": "CalendarResultsCompetitor"
                      },
                      "mark": "2:34:43",
                      "nationality": "USA",
                      "place": "26.",
                      "points": null,
                      "qualified": null,
                      "records": "",
                      "wind": null,
                      "remark": null,
                      "details": null,
                      "__typename": "CalendarResultsRaceResult"
                    },
                    {
                      "competitor": {
                        "teamMembers": null,
                        "id": "p2o9ivmjx6pzrkm5gqdj2k",
                        "name": "Anna PICHRTOV\u00c1",
                        "iaafId": 186229,
                        "urlSlug": "czech-republic/anna-pichrtova-14262824",
                        "birthDate": "19 MAY 1973",
                        "hasProfile": true,
                        "__typename": "CalendarResultsCompetitor"
                      },
                      "mark": "2:34:45",
                      "nationality": "CZE",
                      "place": "27.",
                      "points": null,
                      "qualified": null,
                      "records": "",
                      "wind": null,
                      "remark": null,
                      "details": null,
                      "__typename": "CalendarResultsRaceResult"
                    },
                    {
                      "competitor": {
                        "teamMembers": null,
                        "id": "4k33c0jks3cmenmkabpgxg",
                        "name": "Kirsten Melkevik OTTERBU",
                        "iaafId": 203411,
                        "urlSlug": "norway/kirsten-melkevik-otterbu-014292753",
                        "birthDate": "29 MAY 1970",
                        "hasProfile": true,
                        "__typename": "CalendarResultsCompetitor"
                      },
                      "mark": "2:35:08",
                      "nationality": "NOR",
                      "place": "28.",
                      "points": null,
                      "qualified": null,
                      "records": "",
                      "wind": null,
                      "remark": null,
                      "details": null,
                      "__typename": "CalendarResultsRaceResult"
                    },
                    {
                      "competitor": {
                        "teamMembers": null,
                        "id": "7vujexilckcsu2g2150oqi",
                        "name": "Beatrice OMWANZA",
                        "iaafId": 70944,
                        "urlSlug": "kenya/beatrice-omwanza-014289402",
                        "birthDate": "24 FEB 1974",
                        "hasProfile": true,
                        "__typename": "CalendarResultsCompetitor"
                      },
                      "mark": "2:35:48",
                      "nationality": "KEN",
                      "place": "29.",
                      "points": null,
                      "qualified": null,
                      "records": "",
                      "wind": null,
                      "remark": null,
                      "details": null,
                      "__typename": "CalendarResultsRaceResult"
                    },
                    {
                      "competitor": {
                        "teamMembers": null,
                        "id": "0z2zvf2v6ptqqq0avxofpxb",
                        "name": "Jill BOAZ",
                        "iaafId": 182959,
                        "urlSlug": "united-states/jill-boaz-014306041",
                        "birthDate": "21 JAN 1967",
                        "hasProfile": true,
                        "__typename": "CalendarResultsCompetitor"
                      },
                      "mark": "2:36:29",
                      "nationality": "USA",
                      "place": "30.",
                      "points": null,
                      "qualified": null,
                      "records": "",
                      "wind": null,
                      "remark": null,
                      "details": null,
                      "__typename": "CalendarResultsRaceResult"
                    },
                    {
                      "competitor": {
                        "teamMembers": null,
                        "id": "bq4jm8uohconbqcpt7iygj",
                        "name": "Isabel EIZMENDI",
                        "iaafId": 70340,
                        "urlSlug": "spain/isabel-eizmendi-014261698",
                        "birthDate": "15 JUN 1970",
                        "hasProfile": true,
                        "__typename": "CalendarResultsCompetitor"
                      },
                      "mark": "2:36:41",
                      "nationality": "ESP",
                      "place": "31.",
                      "points": null,
                      "qualified": null,
                      "records": "",
                      "wind": null,
                      "remark": null,
                      "details": null,
                      "__typename": "CalendarResultsRaceResult"
                    },
                    {
                      "competitor": {
                        "teamMembers": null,
                        "id": "tcurv4s0jiiyfmtpjose5o",
                        "name": "Ana DIAS",
                        "iaafId": 71115,
                        "urlSlug": "portugal/ana-dias-014294853",
                        "birthDate": "15 JAN 1974",
                        "hasProfile": true,
                        "__typename": "CalendarResultsCompetitor"
                      },
                      "mark": "2:36:50",
                      "nationality": "POR",
                      "place": "32.",
                      "points": null,
                      "qualified": null,
                      "records": "",
                      "wind": null,
                      "remark": null,
                      "details": null,
                      "__typename": "CalendarResultsRaceResult"
                    },
                    {
                      "competitor": {
                        "teamMembers": null,
                        "id": "qew42jnkvm16jamqw62hv",
                        "name": "Shirleen CRUMPTON",
                        "iaafId": 172680,
                        "urlSlug": "new-zealand/shirleen-crumpton-014292945",
                        "birthDate": "10 OCT 1970",
                        "hasProfile": true,
                        "__typename": "CalendarResultsCompetitor"
                      },
                      "mark": "2:37:03",
                      "nationality": "NZL",
                      "place": "33.",
                      "points": null,
                      "qualified": null,
                      "records": "",
                      "wind": null,
                      "remark": null,
                      "details": null,
                      "__typename": "CalendarResultsRaceResult"
                    },
                    {
                      "competitor": {
                        "teamMembers": null,
                        "id": "5xa8vtwjn15akeif94gzc",
                        "name": "Irina PERMITINA",
                        "iaafId": 172992,
                        "urlSlug": "russia/irina-permitina-014298884",
                        "birthDate": "03 FEB 1968",
                        "hasProfile": true,
                        "__typename": "CalendarResultsCompetitor"
                      },
                      "mark": "2:38:16",
                      "nationality": "RUS",
                      "place": "34.",
                      "points": null,
                      "qualified": null,
                      "records": "",
                      "wind": null,
                      "remark": null,
                      "details": null,
                      "__typename": "CalendarResultsRaceResult"
                    },
                    {
                      "competitor": {
                        "teamMembers": null,
                        "id": "ls823rrpv9hz25gs07zc1c",
                        "name": "Emily LEVAN",
                        "iaafId": 203369,
                        "urlSlug": "united-states/emily-levan-014315302",
                        "birthDate": "15 JAN 1973",
                        "hasProfile": true,
                        "__typename": "CalendarResultsCompetitor"
                      },
                      "mark": "2:38:32",
                      "nationality": "USA",
                      "place": "35.",
                      "points": null,
                      "qualified": null,
                      "records": "",
                      "wind": null,
                      "remark": null,
                      "details": null,
                      "__typename": "CalendarResultsRaceResult"
                    },
                    {
                      "competitor": {
                        "teamMembers": null,
                        "id": "xqr9crpzuuccc7cygfai5t",
                        "name": "Jennifer CRAIN",
                        "iaafId": 131104,
                        "urlSlug": "united-states/jennifer-crain-014308241",
                        "birthDate": "12 FEB 1968",
                        "hasProfile": true,
                        "__typename": "CalendarResultsCompetitor"
                      },
                      "mark": "2:39:02",
                      "nationality": "USA",
                      "place": "36.",
                      "points": null,
                      "qualified": null,
                      "records": "",
                      "wind": null,
                      "remark": null,
                      "details": null,
                      "__typename": "CalendarResultsRaceResult"
                    },
                    {
                      "competitor": {
                        "teamMembers": null,
                        "id": "h50enjx2zqvfp2jmq45r2d",
                        "name": "Dire TUNE",
                        "iaafId": 195493,
                        "urlSlug": "ethiopia/dire-tune-014259927",
                        "birthDate": "19 JUN 1985",
                        "hasProfile": true,
                        "__typename": "CalendarResultsCompetitor"
                      },
                      "mark": "2:39:13",
                      "nationality": "ETH",
                      "place": "37.",
                      "points": null,
                      "qualified": null,
                      "records": "",
                      "wind": null,
                      "remark": null,
                      "details": null,
                      "__typename": "CalendarResultsRaceResult"
                    },
                    {
                      "competitor": {
                        "teamMembers": null,
                        "id": "t7bvbtzrl810escpnt8zm",
                        "name": "Nadja WIJENBERG",
                        "iaafId": 60818,
                        "urlSlug": "netherlands/nadja-wijenberg-014292278",
                        "birthDate": "02 APR 1964",
                        "hasProfile": true,
                        "__typename": "CalendarResultsCompetitor"
                      },
                      "mark": "2:39:36",
                      "nationality": "NED",
                      "place": "38.",
                      "points": null,
                      "qualified": null,
                      "records": "",
                      "wind": null,
                      "remark": null,
                      "details": null,
                      "__typename": "CalendarResultsRaceResult"
                    },
                    {
                      "competitor": {
                        "teamMembers": null,
                        "id": "56jinpiifcbr65argjt0i",
                        "name": "Liza HUNTER-GALVAN",
                        "iaafId": 200866,
                        "urlSlug": "new-zealand/liza-hunter-galvan-014293012",
                        "birthDate": "25 JUN 1969",
                        "hasProfile": true,
                        "__typename": "CalendarResultsCompetitor"
                      },
                      "mark": "2:39:47",
                      "nationality": "NZL",
                      "place": "39.",
                      "points": null,
                      "qualified": null,
                      "records": "",
                      "wind": null,
                      "remark": null,
                      "details": null,
                      "__typename": "CalendarResultsRaceResult"
                    },
                    {
                      "competitor": {
                        "teamMembers": null,
                        "id": "n1l9hoepzin8otcxbnsjrl",
                        "name": "Tegla LOROUPE",
                        "iaafId": 61121,
                        "urlSlug": "kenya/tegla-loroupe-014289238",
                        "birthDate": "09 MAY 1973",
                        "hasProfile": true,
                        "__typename": "CalendarResultsCompetitor"
                      },
                      "mark": "2:39:58",
                      "nationality": "KEN",
                      "place": "40.",
                      "points": null,
                      "qualified": null,
                      "records": "",
                      "wind": null,
                      "remark": null,
                      "details": null,
                      "__typename": "CalendarResultsRaceResult"
                    },
                    {
                      "competitor": {
                        "teamMembers": null,
                        "id": "bm32abgwy49ck18ldjllws",
                        "name": "Nadia EJJAFINI",
                        "iaafId": 132971,
                        "urlSlug": "italy/nadia-ejjafini-014268776",
                        "birthDate": "08 NOV 1977",
                        "hasProfile": true,
                        "__typename": "CalendarResultsCompetitor"
                      },
                      "mark": "2:41:51",
                      "nationality": "BRN",
                      "place": "41.",
                      "points": null,
                      "qualified": null,
                      "records": "",
                      "wind": null,
                      "remark": null,
                      "details": null,
                      "__typename": "CalendarResultsRaceResult"
                    },
                    {
                      "competitor": {
                        "teamMembers": null,
                        "id": "cawvw3it206wsm3beu1to8",
                        "name": "Maia KUKKOHOVI-ORAVAM\u00c4KI",
                        "iaafId": 198147,
                        "urlSlug": "finland/maia-kukkohovi-oravamaki-014259368",
                        "birthDate": "13 MAR 1974",
                        "hasProfile": true,
                        "__typename": "CalendarResultsCompetitor"
                      },
                      "mark": "2:43:31",
                      "nationality": "FIN",
                      "place": "42.",
                      "points": null,
                      "qualified": null,
                      "records": "",
                      "wind": null,
                      "remark": null,
                      "details": null,
                      "__typename": "CalendarResultsRaceResult"
                    },
                    {
                      "competitor": {
                        "teamMembers": null,
                        "id": "ifkytph34sau1rz5zdbh",
                        "name": "Clarisse RASOARIZAY",
                        "iaafId": 76065,
                        "urlSlug": "madagascar/clarisse-rasoarizay-014290535",
                        "birthDate": "27 SEP 1971",
                        "hasProfile": true,
                        "__typename": "CalendarResultsCompetitor"
                      },
                      "mark": "2:43:58",
                      "nationality": "MAD",
                      "place": "43.",
                      "points": null,
                      "qualified": null,
                      "records": "",
                      "wind": null,
                      "remark": null,
                      "details": null,
                      "__typename": "CalendarResultsRaceResult"
                    },
                    {
                      "competitor": {
                        "teamMembers": null,
                        "id": "vrx6518i4eresobblyrr",
                        "name": "Jung-hee OH",
                        "iaafId": 181290,
                        "urlSlug": "korea/jung-hee-oh-014289845",
                        "birthDate": "04 DEC 1978",
                        "hasProfile": true,
                        "__typename": "CalendarResultsCompetitor"
                      },
                      "mark": "2:47:42",
                      "nationality": "KOR",
                      "place": "44.",
                      "points": null,
                      "qualified": null,
                      "records": "",
                      "wind": null,
                      "remark": null,
                      "details": null,
                      "__typename": "CalendarResultsRaceResult"
                    },
                    {
                      "competitor": {
                        "teamMembers": null,
                        "id": "4e2sb9woxsog28xz9km1jo",
                        "name": "Rebecca MOORE",
                        "iaafId": 206461,
                        "urlSlug": "united-states/rebecca-moore-014317339",
                        "birthDate": "11 DEC 1973",
                        "hasProfile": true,
                        "__typename": "CalendarResultsCompetitor"
                      },
                      "mark": "2:50:36",
                      "nationality": "USA",
                      "place": "45.",
                      "points": null,
                      "qualified": null,
                      "records": "",
                      "wind": null,
                      "remark": null,
                      "details": null,
                      "__typename": "CalendarResultsRaceResult"
                    },
                    {
                      "competitor": {
                        "teamMembers": null,
                        "id": "3rzsa2vo7wpvbat5de7iy",
                        "name": "Epiphanie NYIRABARAME",
                        "iaafId": 133022,
                        "urlSlug": "rwanda/epiphanie-nyirabarame-014299956",
                        "birthDate": "15 DEC 1981",
                        "hasProfile": true,
                        "__typename": "CalendarResultsCompetitor"
                      },
                      "mark": "2:52:11",
                      "nationality": "RWA",
                      "place": "46.",
                      "points": null,
                      "qualified": null,
                      "records": "",
                      "wind": null,
                      "remark": null,
                      "details": null,
                      "__typename": "CalendarResultsRaceResult"
                    },
                    {
                      "competitor": {
                        "teamMembers": null,
                        "id": "4p2tix58w4wizlyy37jb8",
                        "name": "Hafida NARMOUCH",
                        "iaafId": 202761,
                        "urlSlug": "morocco/hafida-narmouch-014290743",
                        "birthDate": "08 MAY 1979",
                        "hasProfile": true,
                        "__typename": "CalendarResultsCompetitor"
                      },
                      "mark": "2:52:41",
                      "nationality": "MAR",
                      "place": "47.",
                      "points": null,
                      "qualified": null,
                      "records": "",
                      "wind": null,
                      "remark": null,
                      "details": null,
                      "__typename": "CalendarResultsRaceResult"
                    },
                    {
                      "competitor": {
                        "teamMembers": null,
                        "id": "42mwad0p0dnfbpkn68lz0d",
                        "name": "Nili AVRAMSKI",
                        "iaafId": 115738,
                        "urlSlug": "israel/nili-avramski-014283491",
                        "birthDate": "14 JAN 1970",
                        "hasProfile": true,
                        "__typename": "CalendarResultsCompetitor"
                      },
                      "mark": "2:54:08",
                      "nationality": "ISR",
                      "place": "48.",
                      "points": null,
                      "qualified": null,
                      "records": "",
                      "wind": null,
                      "remark": null,
                      "details": null,
                      "__typename": "CalendarResultsRaceResult"
                    },
                    {
                      "competitor": {
                        "teamMembers": null,
                        "id": "ubzgbdvaey3bculot907m",
                        "name": "Mary AKOR",
                        "iaafId": 67305,
                        "urlSlug": "united-states/mary-akor-014304594",
                        "birthDate": "25 SEP 1976",
                        "hasProfile": true,
                        "__typename": "CalendarResultsCompetitor"
                      },
                      "mark": "2:57:18",
                      "nationality": "USA",
                      "place": "49.",
                      "points": null,
                      "qualified": null,
                      "records": "",
                      "wind": null,
                      "remark": null,
                      "details": null,
                      "__typename": "CalendarResultsRaceResult"
                    },
                    {
                      "competitor": {
                        "teamMembers": null,
                        "id": "f48lgoj0j2ng1cqcfg7mvu",
                        "name": "Mamokete LECHELA",
                        "iaafId": 197887,
                        "urlSlug": "lesotho/mamokete-lechela-014290140",
                        "birthDate": "1982",
                        "hasProfile": true,
                        "__typename": "CalendarResultsCompetitor"
                      },
                      "mark": "3:03:26",
                      "nationality": "LES",
                      "place": "50.",
                      "points": null,
                      "qualified": null,
                      "records": "",
                      "wind": null,
                      "remark": null,
                      "details": null,
                      "__typename": "CalendarResultsRaceResult"
                    },
                    {
                      "competitor": {
                        "teamMembers": null,
                        "id": "67rex508uf7ggal088pmi",
                        "name": "Sandra RUALES-MOSQUERA",
                        "iaafId": 61631,
                        "urlSlug": "ecuador/sandra-ruales-mosquera-014262275",
                        "birthDate": "30 MAY 1974",
                        "hasProfile": true,
                        "__typename": "CalendarResultsCompetitor"
                      },
                      "mark": "DNS",
                      "nationality": "ECU",
                      "place": "",
                      "points": null,
                      "qualified": null,
                      "records": "",
                      "wind": null,
                      "remark": null,
                      "details": null,
                      "__typename": "CalendarResultsRaceResult"
                    },
                    {
                      "competitor": {
                        "teamMembers": null,
                        "id": "mklv7e3g7qhqszmfp6wafo",
                        "name": "Debbie ROBINSON",
                        "iaafId": 186247,
                        "urlSlug": "great-britain-ni/debbie-robinson-014276210",
                        "birthDate": "31 JAN 1968",
                        "hasProfile": true,
                        "__typename": "CalendarResultsCompetitor"
                      },
                      "mark": "DNF",
                      "nationality": "GBR",
                      "place": "",
                      "points": null,
                      "qualified": null,
                      "records": "",
                      "wind": null,
                      "remark": null,
                      "details": null,
                      "__typename": "CalendarResultsRaceResult"
                    },
                    {
                      "competitor": {
                        "teamMembers": null,
                        "id": "6ecsr9rk473wbpdih5nt2b",
                        "name": "Fabiola William JOHN",
                        "iaafId": 203594,
                        "urlSlug": "tanzania/fabiola-william-john-014302605",
                        "birthDate": "26 DEC 1984",
                        "hasProfile": true,
                        "__typename": "CalendarResultsCompetitor"
                      },
                      "mark": "DNF",
                      "nationality": "TAN",
                      "place": "",
                      "points": null,
                      "qualified": null,
                      "records": "",
                      "wind": null,
                      "remark": null,
                      "details": null,
                      "__typename": "CalendarResultsRaceResult"
                    },
                    {
                      "competitor": {
                        "teamMembers": null,
                        "id": "0hdskgdrzaw6larmw7uufeq",
                        "name": "Nu\u0163a OLARU",
                        "iaafId": 71149,
                        "urlSlug": "united-states/nuta-olaru-014295806",
                        "birthDate": "28 AUG 1970",
                        "hasProfile": true,
                        "__typename": "CalendarResultsCompetitor"
                      },
                      "mark": "DNF",
                      "nationality": "ROU",
                      "place": "",
                      "points": null,
                      "qualified": null,
                      "records": "",
                      "wind": null,
                      "remark": null,
                      "details": null,
                      "__typename": "CalendarResultsRaceResult"
                    },
                    {
                      "competitor": {
                        "teamMembers": null,
                        "id": "8sz1nugorz5r51heb09wh",
                        "name": "Kay ULRICH",
                        "iaafId": 204750,
                        "urlSlug": "new-zealand/kay-ulrich-014293186",
                        "birthDate": "02 MAY 1972",
                        "hasProfile": true,
                        "__typename": "CalendarResultsCompetitor"
                      },
                      "mark": "DNF",
                      "nationality": "NZL",
                      "place": "",
                      "points": null,
                      "qualified": null,
                      "records": "",
                      "wind": null,
                      "remark": null,
                      "details": null,
                      "__typename": "CalendarResultsRaceResult"
                    },
                    {
                      "competitor": {
                        "teamMembers": null,
                        "id": "fvfs61ks3oi141lex5f1h",
                        "name": "Agueda Fatima AMARAL",
                        "iaafId": 179286,
                        "urlSlug": "timor-leste/agueda-fatima-amaral-014282687",
                        "birthDate": "27 MAY 1972",
                        "hasProfile": true,
                        "__typename": "CalendarResultsCompetitor"
                      },
                      "mark": "DNS",
                      "nationality": "TLS",
                      "place": "",
                      "points": null,
                      "qualified": null,
                      "records": "",
                      "wind": null,
                      "remark": null,
                      "details": null,
                      "__typename": "CalendarResultsRaceResult"
                    },
                    {
                      "competitor": {
                        "teamMembers": null,
                        "id": "d9v2ucd65t63nal2lme0jf",
                        "name": "Zhor EL KAMCH",
                        "iaafId": 70967,
                        "urlSlug": "morocco/zhor-el-kamch-014290653",
                        "birthDate": "15 MAR 1973",
                        "hasProfile": true,
                        "__typename": "CalendarResultsCompetitor"
                      },
                      "mark": "DNF",
                      "nationality": "MAR",
                      "place": "",
                      "points": null,
                      "qualified": null,
                      "records": "",
                      "wind": null,
                      "remark": null,
                      "details": null,
                      "__typename": "CalendarResultsRaceResult"
                    },
                    {
                      "competitor": {
                        "teamMembers": null,
                        "id": "v9twdmt2hwu9jc7xtlwf",
                        "name": "Kenza WAHBI",
                        "iaafId": 194400,
                        "urlSlug": "morocco/kenza-wahbi-014290786",
                        "birthDate": "04 FEB 1971",
                        "hasProfile": true,
                        "__typename": "CalendarResultsCompetitor"
                      },
                      "mark": "DNF",
                      "nationality": "MAR",
                      "place": "",
                      "points": null,
                      "qualified": null,
                      "records": "",
                      "wind": null,
                      "remark": null,
                      "details": null,
                      "__typename": "CalendarResultsRaceResult"
                    },
                    {
                      "competitor": {
                        "teamMembers": null,
                        "id": "2949e51s9srfs11g38y5mp",
                        "name": "Mulu SEBOKA",
                        "iaafId": 201024,
                        "urlSlug": "ethiopia/mulu-seboka-14259748",
                        "birthDate": "25 SEP 1984",
                        "hasProfile": true,
                        "__typename": "CalendarResultsCompetitor"
                      },
                      "mark": "DQ",
                      "nationality": "ETH",
                      "place": "",
                      "points": null,
                      "qualified": null,
                      "records": "",
                      "wind": null,
                      "remark": null,
                      "details": null,
                      "__typename": "CalendarResultsRaceResult"
                    }
                  ],
                  "startList": null,
                  "wind": null,
                  "__typename": "CalendarResultsRace"
                }
              ],
              "__typename": "CalendarResultsEvent"
            }
          ],
          "__typename": "CalendarResultsEventTitle"
        }
      ],
      "options": {
        "days": [
          {
            "date": "06 AUG 2005",
            "day": 1,
            "__typename": "CalendarResultsOptionsDay"
          },
          {
            "date": "07 AUG 2005",
            "day": 2,
            "__typename": "CalendarResultsOptionsDay"
          },
          {
            "date": "08 AUG 2005",
            "day": 3,
            "__typename": "CalendarResultsOptionsDay"
          },
          {
            "date": "09 AUG 2005",
            "day": 4,
            "__typename": "CalendarResultsOptionsDay"
          },
          {
            "date": "10 AUG 2005",
            "day": 5,
            "__typename": "CalendarResultsOptionsDay"
          },
          {
            "date": "11 AUG 2005",
            "day": 6,
            "__typename": "CalendarResultsOptionsDay"
          },
          {
            "date": "12 AUG 2005",
            "day": 7,
            "__typename": "CalendarResultsOptionsDay"
          },
          {
            "date": "13 AUG 2005",
            "day": 8,
            "__typename": "CalendarResultsOptionsDay"
          },
          {
            "date": "14 AUG 2005",
            "day": 9,
            "__typename": "CalendarResultsOptionsDay"
          }
        ],
        "events": [
          {
            "gender": "W",
            "id": 10229509,
            "name": "Women's 100 Metres",
            "combined": null,
            "__typename": "CalendarResultsOptionEvent"
          },
          {
            "gender": "W",
            "id": 10229510,
            "name": "Women's 200 Metres",
            "combined": null,
            "__typename": "CalendarResultsOptionEvent"
          },
          {
            "gender": "W",
            "id": 10229511,
            "name": "Women's 400 Metres",
            "combined": null,
            "__typename": "CalendarResultsOptionEvent"
          },
          {
            "gender": "W",
            "id": 10229512,
            "name": "Women's 800 Metres",
            "combined": null,
            "__typename": "CalendarResultsOptionEvent"
          },
          {
            "gender": "W",
            "id": 10229513,
            "name": "Women's 1500 Metres",
            "combined": null,
            "__typename": "CalendarResultsOptionEvent"
          },
          {
            "gender": "W",
            "id": 10229514,
            "name": "Women's 5000 Metres",
            "combined": null,
            "__typename": "CalendarResultsOptionEvent"
          },
          {
            "gender": "W",
            "id": 10229521,
            "name": "Women's 10,000 Metres",
            "combined": null,
            "__typename": "CalendarResultsOptionEvent"
          },
          {
            "gender": "W",
            "id": 10229522,
            "name": "Women's 100 Metres Hurdles",
            "combined": null,
            "__typename": "CalendarResultsOptionEvent"
          },
          {
            "gender": "W",
            "id": 10229523,
            "name": "Women's 400 Metres Hurdles",
            "combined": null,
            "__typename": "CalendarResultsOptionEvent"
          },
          {
            "gender": "W",
            "id": 10229524,
            "name": "Women's 3000 Metres Steeplechase",
            "combined": null,
            "__typename": "CalendarResultsOptionEvent"
          },
          {
            "gender": "W",
            "id": 10230056,
            "name": "Women's 200m Visually Impaired",
            "combined": null,
            "__typename": "CalendarResultsOptionEvent"
          },
          {
            "gender": "W",
            "id": 10229526,
            "name": "Women's High Jump",
            "combined": null,
            "__typename": "CalendarResultsOptionEvent"
          },
          {
            "gender": "W",
            "id": 10229527,
            "name": "Women's Pole Vault",
            "combined": null,
            "__typename": "CalendarResultsOptionEvent"
          },
          {
            "gender": "W",
            "id": 10229528,
            "name": "Women's Long Jump",
            "combined": null,
            "__typename": "CalendarResultsOptionEvent"
          },
          {
            "gender": "W",
            "id": 10229529,
            "name": "Women's Triple Jump",
            "combined": null,
            "__typename": "CalendarResultsOptionEvent"
          },
          {
            "gender": "W",
            "id": 10229530,
            "name": "Women's Shot Put",
            "combined": null,
            "__typename": "CalendarResultsOptionEvent"
          },
          {
            "gender": "W",
            "id": 10229531,
            "name": "Women's Discus Throw",
            "combined": null,
            "__typename": "CalendarResultsOptionEvent"
          },
          {
            "gender": "W",
            "id": 10229532,
            "name": "Women's Hammer Throw",
            "combined": null,
            "__typename": "CalendarResultsOptionEvent"
          },
          {
            "gender": "W",
            "id": 10229533,
            "name": "Women's Javelin Throw",
            "combined": null,
            "__typename": "CalendarResultsOptionEvent"
          },
          {
            "gender": "W",
            "id": 10229542,
            "name": "Women's 25 Kilometres Road",
            "combined": null,
            "__typename": "CalendarResultsOptionEvent"
          },
          {
            "gender": "W",
            "id": 10229543,
            "name": "Women's 30 Kilometres Road",
            "combined": null,
            "__typename": "CalendarResultsOptionEvent"
          },
          {
            "gender": "W",
            "id": 10229534,
            "name": "Women's Marathon",
            "combined": null,
            "__typename": "CalendarResultsOptionEvent"
          },
          {
            "gender": "W",
            "id": 10229535,
            "name": "Women's 20 Kilometres Race Walk",
            "combined": null,
            "__typename": "CalendarResultsOptionEvent"
          },
          {
            "gender": "W",
            "id": 10229536,
            "name": "Women's Heptathlon",
            "combined": true,
            "__typename": "CalendarResultsOptionEvent"
          },
          {
            "gender": "W",
            "id": 204594,
            "name": "Women's 4x100 Metres Relay",
            "combined": null,
            "__typename": "CalendarResultsOptionEvent"
          },
          {
            "gender": "W",
            "id": 204596,
            "name": "Women's 4x400 Metres Relay",
            "combined": null,
            "__typename": "CalendarResultsOptionEvent"
          },
          {
            "gender": "M",
            "id": 10229630,
            "name": "Men's 100 Metres",
            "combined": null,
            "__typename": "CalendarResultsOptionEvent"
          },
          {
            "gender": "M",
            "id": 10229605,
            "name": "Men's 200 Metres",
            "combined": null,
            "__typename": "CalendarResultsOptionEvent"
          },
          {
            "gender": "M",
            "id": 10229631,
            "name": "Men's 400 Metres",
            "combined": null,
            "__typename": "CalendarResultsOptionEvent"
          },
          {
            "gender": "M",
            "id": 10229501,
            "name": "Men's 800 Metres",
            "combined": null,
            "__typename": "CalendarResultsOptionEvent"
          },
          {
            "gender": "M",
            "id": 10229502,
            "name": "Men's 1500 Metres",
            "combined": null,
            "__typename": "CalendarResultsOptionEvent"
          },
          {
            "gender": "M",
            "id": 10229609,
            "name": "Men's 5000 Metres",
            "combined": null,
            "__typename": "CalendarResultsOptionEvent"
          },
          {
            "gender": "M",
            "id": 10229610,
            "name": "Men's 10,000 Metres",
            "combined": null,
            "__typename": "CalendarResultsOptionEvent"
          },
          {
            "gender": "M",
            "id": 10229611,
            "name": "Men's 110 Metres Hurdles",
            "combined": null,
            "__typename": "CalendarResultsOptionEvent"
          },
          {
            "gender": "M",
            "id": 10229612,
            "name": "Men's 400 Metres Hurdles",
            "combined": null,
            "__typename": "CalendarResultsOptionEvent"
          },
          {
            "gender": "M",
            "id": 10229614,
            "name": "Men's 3000 Metres Steeplechase",
            "combined": null,
            "__typename": "CalendarResultsOptionEvent"
          },
          {
            "gender": "M",
            "id": 10230037,
            "name": "Men's 100m Wheelchair",
            "combined": null,
            "__typename": "CalendarResultsOptionEvent"
          },
          {
            "gender": "M",
            "id": 10230038,
            "name": "Men's 200m Wheelchair",
            "combined": null,
            "__typename": "CalendarResultsOptionEvent"
          },
          {
            "gender": "M",
            "id": 10229615,
            "name": "Men's High Jump",
            "combined": null,
            "__typename": "CalendarResultsOptionEvent"
          },
          {
            "gender": "M",
            "id": 10229616,
            "name": "Men's Pole Vault",
            "combined": null,
            "__typename": "CalendarResultsOptionEvent"
          },
          {
            "gender": "M",
            "id": 10229617,
            "name": "Men's Long Jump",
            "combined": null,
            "__typename": "CalendarResultsOptionEvent"
          },
          {
            "gender": "M",
            "id": 10229618,
            "name": "Men's Triple Jump",
            "combined": null,
            "__typename": "CalendarResultsOptionEvent"
          },
          {
            "gender": "M",
            "id": 10229619,
            "name": "Men's Shot Put",
            "combined": null,
            "__typename": "CalendarResultsOptionEvent"
          },
          {
            "gender": "M",
            "id": 10229620,
            "name": "Men's Discus Throw",
            "combined": null,
            "__typename": "CalendarResultsOptionEvent"
          },
          {
            "gender": "M",
            "id": 10229621,
            "name": "Men's Hammer Throw",
            "combined": null,
            "__typename": "CalendarResultsOptionEvent"
          },
          {
            "gender": "M",
            "id": 10229636,
            "name": "Men's Javelin Throw",
            "combined": null,
            "__typename": "CalendarResultsOptionEvent"
          },
          {
            "gender": "M",
            "id": 10230042,
            "name": "Men's Javelin Throw Wheelchair",
            "combined": null,
            "__typename": "CalendarResultsOptionEvent"
          },
          {
            "gender": "M",
            "id": 10229634,
            "name": "Men's Marathon",
            "combined": null,
            "__typename": "CalendarResultsOptionEvent"
          },
          {
            "gender": "M",
            "id": 10229508,
            "name": "Men's 20 Kilometres Race Walk",
            "combined": null,
            "__typename": "CalendarResultsOptionEvent"
          },
          {
            "gender": "M",
            "id": 10229628,
            "name": "Men's 50 Kilometres Race Walk",
            "combined": null,
            "__typename": "CalendarResultsOptionEvent"
          },
          {
            "gender": "M",
            "id": 10229629,
            "name": "Men's Decathlon",
            "combined": true,
            "__typename": "CalendarResultsOptionEvent"
          },
          {
            "gender": "M",
            "id": 204593,
            "name": "Men's 4x100 Metres Relay",
            "combined": null,
            "__typename": "CalendarResultsOptionEvent"
          },
          {
            "gender": "M",
            "id": 204595,
            "name": "Men's 4x400 Metres Relay",
            "combined": null,
            "__typename": "CalendarResultsOptionEvent"
          }
        ],
        "__typename": "CalendarResultsOptions"
      },
      "parameters": {
        "competitionId": 6937596,
        "day": null,
        "eventId": 10229534,
        "__typename": "CalendarResultsParameters"
      },
      "__typename": "CalendarCompetitionResults"
    }
  }
}