{
  "data": {
    "getCalendarCompetitionResults": {
      "competition": {
        "dateRange": "06\u201314 AUG 2005",
        "endDate": "2005-08-14",
        "name": "IAAF World Championships",
        "rankingCategory": "OW",
        "startDate": "2005-08-06",
        "venue": "Olympiastadion, Helsinki (FIN)",
        "__typename": "CalendarResultsCompetition"
      },
      "eventTitles": [
        {
          "rankingCategory": "OW",
          "eventTitle": null,
          "events": [
            {
              "event": "Women's Triple Jump",
              "eventId": 10229529,
              "gender": "W",
              "isRelay": false,
              "perResultWind": true,
              "withWind": true,
              "summary": null,
              "races": [
                {
                  "date": "2005-08-07",
                  "day": 2,
                  "race": "Final",
                  "raceId": 10,
                  "raceNumber": 0,
                  "results": [
                    {
                      "competitor": {
                        "teamMembers": null,
                        "id": "evwzef1wimbch87ww2iof5",
                        "name": "Trecia Kaye SMITH",
                        "iaafId": 130105,
                        "urlSlug": "jamaica/trecia-kaye-smith-014285924",
                        "birthDate": "05 NOV 1975",
                        "hasProfile": true,
                        "__typename": "CalendarResultsCompetitor"
                      },
                      "mark": "15.11",
                      "nationality": "JAM",
                      "place": "1.",
                      "points": null,
                      "qualified": null,
                      "records": "",
                      "wind": "+0.8",
                      "remark": null,
                      "details": null,
                      "__typename": "CalendarResultsRaceResult"
                    },
                    {
                      "competitor": {
                        "teamMembers": null,
                        "id": "o0lr4z55pg4ipa6vf1z9j",
                        "name": "Yargelis SAVIGNE",
                        "iaafId": 189153,
                        "urlSlug": "cuba/yargelis-savigne-014263384",
                        "birthDate": "13 NOV 1984",
                        "hasProfile": true,
                        "__typename": "CalendarResultsCompetitor"
                      },
                      "mark": "14.82",
                      "nationality": "CUB",
                      "place": "2.",
                      "points": null,
                      "qualified": null,
                      "records": "",
                      "wind": "+0.7",
                      "remark": null,
                      "details": null,
                      "__typename": "CalendarResultsRaceResult"
                    },
                    {
                      "competitor": {
                        "teamMembers": null,
                        "id": "oyl0j5dfeugp15xooynsgs",
                        "name": "Anna PYATYKH",
                        "iaafId": 174894,
                        "urlSlug": "russia/anna-pyatykh-014299042",
                        "birthDate": "04 APR 1981",
                        "hasProfile": true,
                        "__typename": "CalendarResultsCompetitor"
                      },
                      "mark": "14.78",
                      "nationality": "RUS",
                      "place": "3.",
                      "points": null,
                      "qualified": null,
                      "records": "",
                      "wind": "-0.5",
                      "remark": null,
                      "details": null,
                      "__typename": "CalendarResultsRaceResult"
                    },
                    {
                      "competitor": {
                        "teamMembers": null,
                        "id": "n6websxpzmg3n8k9h04qh",
                        "name": "Yamil\u00e9 ALDAMA",
                        "iaafId": 80049,
                        "urlSlug": "great-britain-ni/yamile-aldama-014300566",
                        "birthDate": "14 AUG 1972",
                        "hasProfile": true,
                        "__typename": "CalendarResultsCompetitor"
                      },
                      "mark": "14.72",
                      "nationality": "SUD",
                      "place": "4.",
                      "points": null,
                      "qualified": null,
                      "records": "",
                      "wind": "+0.8",
                      "remark": null,
                      "details": null,
                      "__typename": "CalendarResultsRaceResult"
                    },
                    {
                      "competitor": {
                        "teamMembers": null,
                        "id": "urc38exjm4r2mizx3n5kyg",
                        "name": "Chrysopigi DEVETZI",
                        "iaafId": 137105,
                        "urlSlug": "greece/chrysopigi-devetzi-014280574",
                        "birthDate": "02 JAN 1976",
                        "hasProfile": true,
                        "__typename": "CalendarResultsCompetitor"
                      },
                      "mark": "14.64",
                      "nationality": "GRE",
                      "place": "5.",
                      "points": null,
                      "qualified": null,
                      "records": "",
                      "wind": "+0.3",
                      "remark": null,
                      "details": null,
                      "__typename": "CalendarResultsRaceResult"
                    },
                    {
                      "competitor": {
                        "teamMembers": null,
                        "id": "jo5arsgvbcbiqhkqo44je",
                        "name": "K\u00e9ne NDOYE",
                        "iaafId": 171982,
                        "urlSlug": "senegal/kene-ndoye-014300002",
                        "birthDate": "20 NOV 1978",
                        "hasProfile": true,
                        "__typename": "CalendarResultsCompetitor"
                      },
                      "mark": "14.47",
                      "nationality": "SEN",
                      "place": "6.",
                      "points": null,
                      "qualified": null,
                      "records": "",
                      "wind": "+0.5",
                      "remark": null,
                      "details": null,
                      "__typename": "CalendarResultsRaceResult"
                    },
                    {
                      "competitor": {
                        "teamMembers": null,
                        "id": "j2q6wzw5yero24drm9liq",
                        "name": "Baya RAHOULI",
                        "iaafId": 80999,
                        "urlSlug": "algeria/baya-rahouli-014272772",
                        "birthDate": "27 JUL 1979",
                        "hasProfile": true,
                        "__typename": "CalendarResultsCompetitor"
                      },
                      "mark": "14.40",
                      "nationality": "ALG",
                      "place": "7.",
                      "points": null,
                      "qualified": null,
                      "records": "",
                      "wind": "+1.1",
                      "remark": null,
                      "details": null,
                      "__typename": "CalendarResultsRaceResult"
                    },
                    {
                      "competitor": {
                        "teamMembers": null,
                        "id": "rqwjibn34pg5zeqbn8hcs6",
                        "name": "Magdel\u00edn MART\u00cdNEZ",
                        "iaafId": 110016,
                        "urlSlug": "italy/magdelin-martinez-014284759",
                        "birthDate": "10 FEB 1976",
                        "hasProfile": true,
                        "__typename": "CalendarResultsCompetitor"
                      },
                      "mark": "14.31",
                      "nationality": "ITA",
                      "place": "8.",
                      "points": null,
                      "qualified": null,
                      "records": "",
                      "wind": "+1.4",
                      "remark": null,
                      "details": null,
                      "__typename": "CalendarResultsRaceResult"
                    },
                    {
                      "competitor": {
                        "teamMembers": null,
                        "id": "psq67rutbqddj2m8yxzac",
                        "name": "Qiuyan HUANG",
                        "iaafId": 131257,
                        "urlSlug": "pr-of-china/qiuyan-huang-014266272",
                        "birthDate": "25 JAN 1980",
                        "hasProfile": true,
                        "__typename": "CalendarResultsCompetitor"
                      },
                      "mark": "14.21",
                      "nationality": "CHN",
                      "place": "9.",
                      "points": null,
                      "qualified": null,
                      "records": "",
                      "wind": "+0.6",
                      "remark": null,
                      "details": null,
                      "__typename": "CalendarResultsRaceResult"
                    },
                    {
                      "competitor": {
                        "teamMembers": null,
                        "id": "eb4up4eykyrug4jm5xpk6e",
                        "name": "Viktoriya GUROVA",
                        "iaafId": 181346,
                        "urlSlug": "russia/viktoriya-gurova-014297891",
                        "birthDate": "22 MAY 1982",
                        "hasProfile": true,
                        "__typename": "CalendarResultsCompetitor"
                      },
                      "mark": "13.96",
                      "nationality": "RUS",
                      "place": "10.",
                      "points": null,
                      "qualified": null,
                      "records": "",
                      "wind": "+0.2",
                      "remark": null,
                      "details": null,
                      "__typename": "CalendarResultsRaceResult"
                    },
                    {
                      "competitor": {
                        "teamMembers": null,
                        "id": "706tqqclcdx5ll2top6rci",
                        "name": "Carlota CASTREJANA",
                        "iaafId": 75084,
                        "urlSlug": "spain/carlota-castrejana-014261845",
                        "birthDate": "25 APR 1973",
                        "hasProfile": true,
                        "__typename": "CalendarResultsCompetitor"
                      },
                      "mark": "13.86",
                      "nationality": "ESP",
                      "place": "11.",
                      "points": null,
                      "qualified": null,
                      "records": "",
                      "wind": "+1.6",
                      "remark": null,
                      "details": null,
                      "__typename": "CalendarResultsRaceResult"
                    },
                    {
                      "competitor": {
                        "teamMembers": null,
                        "id": "8qsyl8o0rev5p9cvfak88v",
                        "name": "Tatyana LEBEDEVA",
                        "iaafId": 135289,
                        "urlSlug": "russia/tatyana-lebedeva-014298427",
                        "birthDate": "21 JUL 1976",
                        "hasProfile": true,
                        "__typename": "CalendarResultsCompetitor"
                      },
                      "mark": "DNS",
                      "nationality": "RUS",
                      "place": "",
                      "points": null,
                      "qualified": null,
                      "records": "",
                      "wind": "",
                      "remark": null,
                      "details": null,
                      "__typename": "CalendarResultsRaceResult"
                    }
                  ],
                  "startList": null,
                  "wind": null,
                  "__typename": "CalendarResultsRace"
                },
                {
                  "date": "2005-08-06",
                  "day": 1,
                  "race": "Qualification - Group",
                  "raceId": 71,
                  "raceNumber": 1,
                  "results": [
                    {
                      "competitor": {
                        "teamMembers": null,
                        "id": "qztu2y9d1vq8zng7zwjufk",
                        "name": "Yargelis SAVIGNE",
                        "iaafId": 189153,
                        "urlSlug": "cuba/yargelis-savigne-014263384",
                        "birthDate": "13 NOV 1984",
                        "hasProfile": true,
                        "__typename": "CalendarResultsCompetitor"
                      },
                      "mark": "14.47",
                      "nationality": "CUB",
                      "place": "1.",
                      "points": null,
                      "qualified": false,
                      "records": "",
                      "wind": "+1.2",
                      "remark": null,
                      "details": null,
                      "__typename": "CalendarResultsRaceResult"
                    },
                    {
                      "competitor": {
                        "teamMembers": null,
                        "id": "jh9z321fj3i81lx1eof9r8",
                        "name": "Magdel\u00edn MART\u00cdNEZ",
                        "iaafId": 110016,
                        "urlSlug": "italy/magdelin-martinez-014284759",
                        "birthDate": "10 FEB 1976",
                        "hasProfile": true,
                        "__typename": "CalendarResultsCompetitor"
                      },
                      "mark": "14.46",
                      "nationality": "ITA",
                      "place": "2.",
                      "points": null,
                      "qualified": false,
                      "records": "",
                      "wind": "-0.2",
                      "remark": null,
                      "details": null,
                      "__typename": "CalendarResultsRaceResult"
                    },
                    {
                      "competitor": {
                        "teamMembers": null,
                        "id": "g68mmkcjh6sorla252g9t",
                        "name": "Anna PYATYKH",
                        "iaafId": 174894,
                        "urlSlug": "russia/anna-pyatykh-014299042",
                        "birthDate": "04 APR 1981",
                        "hasProfile": true,
                        "__typename": "CalendarResultsCompetitor"
                      },
                      "mark": "14.40",
                      "nationality": "RUS",
                      "place": "3.",
                      "points": null,
                      "qualified": false,
                      "records": "",
                      "wind": "-1.3",
                      "remark": null,
                      "details": null,
                      "__typename": "CalendarResultsRaceResult"
                    },
                    {
                      "competitor": {
                        "teamMembers": null,
                        "id": "cx08tzlay4pm16oijobqcl",
                        "name": "Viktoriya GUROVA",
                        "iaafId": 181346,
                        "urlSlug": "russia/viktoriya-gurova-014297891",
                        "birthDate": "22 MAY 1982",
                        "hasProfile": true,
                        "__typename": "CalendarResultsCompetitor"
                      },
                      "mark": "14.38",
                      "nationality": "RUS",
                      "place": "4.",
                      "points": null,
                      "qualified": false,
                      "records": "",
                      "wind": "+1.5",
                      "remark": null,
                      "details": null,
                      "__typename": "CalendarResultsRaceResult"
                    },
                    {
                      "competitor": {
                        "teamMembers": null,
                        "id": "mopxwixk8vv7fjq6nwir",
                        "name": "Yamil\u00e9 ALDAMA",
                        "iaafId": 80049,
                        "urlSlug": "great-britain-ni/yamile-aldama-014300566",
                        "birthDate": "14 AUG 1972",
                        "hasProfile": true,
                        "__typename": "CalendarResultsCompetitor"
                      },
                      "mark": "14.36",
                      "nationality": "SUD",
                      "place": "5.",
                      "points": null,
                      "qualified": false,
                      "records": "",
                      "wind": "+1.2",
                      "remark": null,
                      "details": null,
                      "__typename": "CalendarResultsRaceResult"
                    },
                    {
                      "competitor": {
                        "teamMembers": null,
                        "id": "nwwjkpwwavef4u6tth50q7",
                        "name": "Baya RAHOULI",
                        "iaafId": 80999,
                        "urlSlug": "algeria/baya-rahouli-014272772",
                        "birthDate": "27 JUL 1979",
                        "hasProfile": true,
                        "__typename": "CalendarResultsCompetitor"
                      },
                      "mark": "14.17",
                      "nationality": "ALG",
                      "place": "6.",
                      "points": null,
                      "qualified": false,
                      "records": "",
                      "wind": "+1.0",
                      "remark": null,
                      "details": null,
                      "__typename": "CalendarResultsRaceResult"
                    },
                    {
                      "competitor": {
                        "teamMembers": null,
                        "id": "qz78xiv5jwjlzwrtb7sl1",
                        "name": "Natallia SAFRONAVA",
                        "iaafId": 136372,
                        "urlSlug": "belarus/natallia-safronava-014269651",
                        "birthDate": "11 APR 1974",
                        "hasProfile": true,
                        "__typename": "CalendarResultsCompetitor"
                      },
                      "mark": "14.09",
                      "nationality": "BLR",
                      "place": "7.",
                      "points": null,
                      "qualified": null,
                      "records": "",
                      "wind": "+0.9",
                      "remark": null,
                      "details": null,
                      "__typename": "CalendarResultsRaceResult"
                    },
                    {
                      "competitor": {
                        "teamMembers": null,
                        "id": "4xr4febuvcr1pngnp2arlu",
                        "name": "Anastasiya ZHURAVLYEVA",
                        "iaafId": 193966,
                        "urlSlug": "uzbekistan/anastasiya-zhuravlyeva-014325082",
                        "birthDate": "09 OCT 1981",
                        "hasProfile": true,
                        "__typename": "CalendarResultsCompetitor"
                      },
                      "mark": "13.97",
                      "nationality": "UZB",
                      "place": "8.",
                      "points": null,
                      "qualified": null,
                      "records": "",
                      "wind": "+0.5",
                      "remark": null,
                      "details": null,
                      "__typename": "CalendarResultsRaceResult"
                    },
                    {
                      "competitor": {
                        "teamMembers": null,
                        "id": "mqort73apcpkn18ypw11p",
                        "name": "Dana VEL\u010e\u00c1KOV\u00c1",
                        "iaafId": 133484,
                        "urlSlug": "slovak-republic/dana-veldakova-14301624",
                        "birthDate": "03 JUN 1981",
                        "hasProfile": true,
                        "__typename": "CalendarResultsCompetitor"
                      },
                      "mark": "13.84",
                      "nationality": "SVK",
                      "place": "9.",
                      "points": null,
                      "qualified": null,
                      "records": "",
                      "wind": "-1.1",
                      "remark": null,
                      "details": null,
                      "__typename": "CalendarResultsRaceResult"
                    },
                    {
                      "competitor": {
                        "teamMembers": null,
                        "id": "9ohrwa3c97as8fgyuyhbh",
                        "name": "Natalia KILPEL\u00c4INEN",
                        "iaafId": 60261,
                        "urlSlug": "finland/natalia-kilpelainen-14259420",
                        "birthDate": "18 MAR 1970",
                        "hasProfile": true,
                        "__typename": "CalendarResultsCompetitor"
                      },
                      "mark": "13.66",
                      "nationality": "FIN",
                      "place": "10.",
                      "points": null,
                      "qualified": null,
                      "records": "",
                      "wind": "+0.8",
                      "remark": null,
                      "details": null,
                      "__typename": "CalendarResultsRaceResult"
                    },
                    {
                      "competitor": {
                        "teamMembers": null,
                        "id": "pip3j3n6g3kgq7av62hvs",
                        "name": "Tetyana DYACHENKO",
                        "iaafId": 196330,
                        "urlSlug": "ukraine/tetyana-dyachenko-014303556",
                        "birthDate": "25 JAN 1986",
                        "hasProfile": true,
                        "__typename": "CalendarResultsCompetitor"
                      },
                      "mark": "13.32",
                      "nationality": "UKR",
                      "place": "11.",
                      "points": null,
                      "qualified": null,
                      "records": "",
                      "wind": "-0.5",
                      "remark": null,
                      "details": null,
                      "__typename": "CalendarResultsRaceResult"
                    },
                    {
                      "competitor": {
                        "teamMembers": null,
                        "id": "ubns4knoi4mnphcddhjw",
                        "name": "Athanasia PERRA",
                        "iaafId": 185070,
                        "urlSlug": "greece/athanasia-perra-014280861",
                        "birthDate": "02 FEB 1983",
                        "hasProfile": true,
                        "__typename": "CalendarResultsCompetitor"
                      },
                      "mark": "NM",
                      "nationality": "GRE",
                      "place": "",
                      "points": null,
                      "qualified": null,
                      "records": "",
                      "wind": "",
                      "remark": null,
                      "details": null,
                      "__typename": "CalendarResultsRaceResult"
                    },
                    {
                      "competitor": {
                        "teamMembers": null,
                        "id": "bwbminvtvk8mpt42vnj1hn",
                        "name": "Francoise MBANGO ETONE",
                        "iaafId": 137691,
                        "urlSlug": "france/francoise-mbango-etone-014264112",
                        "birthDate": "14 APR 1976",
                        "hasProfile": true,
                        "__typename": "CalendarResultsCompetitor"
                      },
                      "mark": "DNS",
                      "nationality": "CMR",
                      "place": "",
                      "points": null,
                      "qualified": null,
                      "records": "",
                      "wind": "",
                      "remark": null,
                      "details": null,
                      "__typename": "CalendarResultsRaceResult"
                    },
                    {
                      "competitor": {
                        "teamMembers": null,
                        "id": "78aifixeidvy1tjoxlqzwg",
                        "name": "Yelena PARFENOVA",
                        "iaafId": 76138,
                        "urlSlug": "kazakhstan/yelena-parfenova-014288679",
                        "birthDate": "26 JAN 1974",
                        "hasProfile": true,
                        "__typename": "CalendarResultsCompetitor"
                      },
                      "mark": "NM",
                      "nationality": "KAZ",
                      "place": "",
                      "points": null,
                      "qualified": null,
                      "records": "",
                      "wind": "",
                      "remark": null,
                      "details": null,
                      "__typename": "CalendarResultsRaceResult"
                    }
                  ],
                  "startList": null,
                  "wind": null,
                  "__typename": "CalendarResultsRace"
                },
                {
                  "date": "2005-08-06",
                  "day": 1,
                  "race": "Qualification - Group",
                  "raceId": 71,
                  "raceNumber": 2,
                  "results": [
                    {
                      "competitor": {
                        "teamMembers": null,
                        "id": "rwqlv09nvppydlpsrgnkt",
                        "name": "Chrysopigi DEVETZI",
                        "iaafId": 137105,
                        "urlSlug": "greece/chrysopigi-devetzi-014280574",
                        "birthDate": "02 JAN 1976",
                        "hasProfile": true,
                        "__typename": "CalendarResultsCompetitor"
                      },
                      "mark": "14.72",
                      "nationality": "GRE",
                      "place": "1.",
                      "points": null,
                      "qualified": false,
                      "records": "",
                      "wind": "+0.7",
                      "remark": null,
                      "details": null,
                      "__typename": "CalendarResultsRaceResult"
                    },
                    {
                      "competitor": {
                        "teamMembers": null,
                        "id": "gxhdawm3rvgpk2ulibyko",
                        "name": "Trecia Kaye SMITH",
                        "iaafId": 130105,
                        "urlSlug": "jamaica/trecia-kaye-smith-014285924",
                        "birthDate": "05 NOV 1975",
                        "hasProfile": true,
                        "__typename": "CalendarResultsCompetitor"
                      },
                      "mark": "14.69",
                      "nationality": "JAM",
                      "place": "2.",
                      "points": null,
                      "qualified": false,
                      "records": "",
                      "wind": "+3.0",
                      "remark": null,
                      "details": null,
                      "__typename": "CalendarResultsRaceResult"
                    },
                    {
                      "competitor": {
                        "teamMembers": null,
                        "id": "9mft3vb40rf0045ra5tnxrnf",
                        "name": "Qiuyan HUANG",
                        "iaafId": 131257,
                        "urlSlug": "pr-of-china/qiuyan-huang-014266272",
                        "birthDate": "25 JAN 1980",
                        "hasProfile": true,
                        "__typename": "CalendarResultsCompetitor"
                      },
                      "mark": "14.22",
                      "nationality": "CHN",
                      "place": "3.",
                      "points": null,
                      "qualified": false,
                      "records": "",
                      "wind": "-0.2",
                      "remark": null,
                      "details": null,
                      "__typename": "CalendarResultsRaceResult"
                    },
                    {
                      "competitor": {
                        "teamMembers": null,
                        "id": "4dehr1otrcp0zeul0grc1t",
                        "name": "Carlota CASTREJANA",
                        "iaafId": 75084,
                        "urlSlug": "spain/carlota-castrejana-014261845",
                        "birthDate": "25 APR 1973",
                        "hasProfile": true,
                        "__typename": "CalendarResultsCompetitor"
                      },
                      "mark": "14.20",
                      "nationality": "ESP",
                      "place": "4.",
                      "points": null,
                      "qualified": false,
                      "records": "",
                      "wind": "-0.5",
                      "remark": null,
                      "details": null,
                      "__typename": "CalendarResultsRaceResult"
                    },
                    {
                      "competitor": {
                        "teamMembers": null,
                        "id": "h0oc2th65294b5c6duqrs1",
                        "name": "Tatyana LEBEDEVA",
                        "iaafId": 135289,
                        "urlSlug": "russia/tatyana-lebedeva-014298427",
                        "birthDate": "21 JUL 1976",
                        "hasProfile": true,
                        "__typename": "CalendarResultsCompetitor"
                      },
                      "mark": "14.15",
                      "nationality": "RUS",
                      "place": "5.",
                      "points": null,
                      "qualified": false,
                      "records": "",
                      "wind": "-0.2",
                      "remark": null,
                      "details": null,
                      "__typename": "CalendarResultsRaceResult"
                    },
                    {
                      "competitor": {
                        "teamMembers": null,
                        "id": "1mpyioe180m6izxjsi3o3r",
                        "name": "K\u00e9ne NDOYE",
                        "iaafId": 171982,
                        "urlSlug": "senegal/kene-ndoye-014300002",
                        "birthDate": "20 NOV 1978",
                        "hasProfile": true,
                        "__typename": "CalendarResultsCompetitor"
                      },
                      "mark": "14.11",
                      "nationality": "SEN",
                      "place": "6.",
                      "points": null,
                      "qualified": false,
                      "records": "",
                      "wind": "+1.4",
                      "remark": null,
                      "details": null,
                      "__typename": "CalendarResultsRaceResult"
                    },
                    {
                      "competitor": {
                        "teamMembers": null,
                        "id": "cd8s44pbmiauuud8dzmq5",
                        "name": "Simona LA MANTIA",
                        "iaafId": 181242,
                        "urlSlug": "italy/simona-la-mantia-014284563",
                        "birthDate": "14 APR 1983",
                        "hasProfile": true,
                        "__typename": "CalendarResultsCompetitor"
                      },
                      "mark": "14.00",
                      "nationality": "ITA",
                      "place": "7.",
                      "points": null,
                      "qualified": null,
                      "records": "",
                      "wind": "-0.3",
                      "remark": null,
                      "details": null,
                      "__typename": "CalendarResultsRaceResult"
                    },
                    {
                      "competitor": {
                        "teamMembers": null,
                        "id": "xzc0ys0886r8fq8agzz",
                        "name": "Sne\u017eana VUKMIROVI\u010c",
                        "iaafId": 198365,
                        "urlSlug": "slovenia/snezana-vukmirovic-014300285",
                        "birthDate": "19 AUG 1982",
                        "hasProfile": true,
                        "__typename": "CalendarResultsCompetitor"
                      },
                      "mark": "13.88",
                      "nationality": "SLO",
                      "place": "8.",
                      "points": null,
                      "qualified": null,
                      "records": "",
                      "wind": "-1.1",
                      "remark": null,
                      "details": null,
                      "__typename": "CalendarResultsRaceResult"
                    },
                    {
                      "competitor": {
                        "teamMembers": null,
                        "id": "h2r99ju8yboupvyl1se9sl",
                        "name": "Mabel GAY",
                        "iaafId": 171703,
                        "urlSlug": "cuba/mabel-gay-014263558",
                        "birthDate": "05 MAY 1983",
                        "hasProfile": true,
                        "__typename": "CalendarResultsCompetitor"
                      },
                      "mark": "13.83",
                      "nationality": "CUB",
                      "place": "9.",
                      "points": null,
                      "qualified": null,
                      "records": "",
                      "wind": "+0.8",
                      "remark": null,
                      "details": null,
                      "__typename": "CalendarResultsRaceResult"
                    },
                    {
                      "competitor": {
                        "teamMembers": null,
                        "id": "vcfqytwlktir8eems783dk",
                        "name": "Mariya DIMITROVA",
                        "iaafId": 136225,
                        "urlSlug": "bulgaria/mariya-dimitrova-014268732",
                        "birthDate": "07 AUG 1976",
                        "hasProfile": true,
                        "__typename": "CalendarResultsCompetitor"
                      },
                      "mark": "13.79",
                      "nationality": "BUL",
                      "place": "10.",
                      "points": null,
                      "qualified": null,
                      "records": "",
                      "wind": "+2.2",
                      "remark": null,
                      "details": null,
                      "__typename": "CalendarResultsRaceResult"
                    },
                    {
                      "competitor": {
                        "teamMembers": null,
                        "id": "mpkg0e0kojfnqlbc5u4ue",
                        "name": "Nadezhda ALYOKHINA",
                        "iaafId": 139958,
                        "urlSlug": "russia/nadezhda-alyokhina-014297338",
                        "birthDate": "22 SEP 1978",
                        "hasProfile": true,
                        "__typename": "CalendarResultsCompetitor"
                      },
                      "mark": "13.78",
                      "nationality": "RUS",
                      "place": "11.",
                      "points": null,
                      "qualified": null,
                      "records": "",
                      "wind": "+1.3",
                      "remark": null,
                      "details": null,
                      "__typename": "CalendarResultsRaceResult"
                    },
                    {
                      "competitor": {
                        "teamMembers": null,
                        "id": "accwxr1yt0fzyb2jt2jxrp",
                        "name": "\u0160\u00e1rka KA\u0160P\u00c1RKOV\u00c1",
                        "iaafId": 65755,
                        "urlSlug": "czech-republic/sarka-kasparkova-14263025",
                        "birthDate": "20 MAY 1971",
                        "hasProfile": true,
                        "__typename": "CalendarResultsCompetitor"
                      },
                      "mark": "13.69",
                      "nationality": "CZE",
                      "place": "12.",
                      "points": null,
                      "qualified": null,
                      "records": "",
                      "wind": "+0.2",
                      "remark": null,
                      "details": null,
                      "__typename": "CalendarResultsRaceResult"
                    },
                    {
                      "competitor": {
                        "teamMembers": null,
                        "id": "difplsfisluji0drjvhjxp",
                        "name": "Erica MCLAIN",
                        "iaafId": 190440,
                        "urlSlug": "united-states/erica-mclain-014316668",
                        "birthDate": "24 JAN 1986",
                        "hasProfile": true,
                        "__typename": "CalendarResultsCompetitor"
                      },
                      "mark": "13.29",
                      "nationality": "USA",
                      "place": "13.",
                      "points": null,
                      "qualified": null,
                      "records": "",
                      "wind": "-0.8",
                      "remark": null,
                      "details": null,
                      "__typename": "CalendarResultsRaceResult"
                    }
                  ],
                  "startList": null,
                  "wind": null,
                  "__typename": "CalendarResultsRace"
                }
              ],
              "__typename": "CalendarResultsEvent"
            }
          ],
          "__typename": "CalendarResultsEventTitle"
        }
      ],
      "options": {
        "days": [
          {
            "date": "06 AUG 2005",
            "day": 1,
            "__typename": "CalendarResultsOptionsDay"
          },
          {
            "date": "07 AUG 2005",
            "day": 2,
            "__typename": "CalendarResultsOptionsDay"
          },
          {
            "date": "08 AUG 2005",
            "day": 3,
            "__typename": "CalendarResultsOptionsDay"
          },
          {
            "date": "09 AUG 2005",
            "day": 4,
            "__typename": "CalendarResultsOptionsDay"
          },
          {
            "date": "10 AUG 2005",
            "day": 5,
            "__typename": "CalendarResultsOptionsDay"
          },
          {
            "date": "11 AUG 2005",
            "day": 6,
            "__typename": "CalendarResultsOptionsDay"
          },
          {
            "date": "12 AUG 2005",
            "day": 7,
            "__typename": "CalendarResultsOptionsDay"
          },
          {
            "date": "13 AUG 2005",
            "day": 8,
            "__typename": "CalendarResultsOptionsDay"
          },
          {
            "date": "14 AUG 2005",
            "day": 9,
            "__typename": "CalendarResultsOptionsDay"
          }
        ],
        "events": [
          {
            "gender": "W",
            "id": 10229509,
            "name": "Women's 100 Metres",
            "combined": null,
            "__typename": "CalendarResultsOptionEvent"
          },
          {
            "gender": "W",
            "id": 10229510,
            "name": "Women's 200 Metres",
            "combined": null,
            "__typename": "CalendarResultsOptionEvent"
          },
          {
            "gender": "W",
            "id": 10229511,
            "name": "Women's 400 Metres",
            "combined": null,
            "__typename": "CalendarResultsOptionEvent"
          },
          {
            "gender": "W",
            "id": 10229512,
            "name": "Women's 800 Metres",
            "combined": null,
            "__typename": "CalendarResultsOptionEvent"
          },
          {
            "gender": "W",
            "id": 10229513,
            "name": "Women's 1500 Metres",
            "combined": null,
            "__typename": "CalendarResultsOptionEvent"
          },
          {
            "gender": "W",
            "id": 10229514,
            "name": "Women's 5000 Metres",
            "combined": null,
            "__typename": "CalendarResultsOptionEvent"
          },
          {
            "gender": "W",
            "id": 10229521,
            "name": "Women's 10,000 Metres",
            "combined": null,
            "__typename": "CalendarResultsOptionEvent"
          },
          {
            "gender": "W",
            "id": 10229522,
            "name": "Women's 100 Metres Hurdles",
            "combined": null,
            "__typename": "CalendarResultsOptionEvent"
          },
          {
            "gender": "W",
            "id": 10229523,
            "name": "Women's 400 Metres Hurdles",
            "combined": null,
            "__typename": "CalendarResultsOptionEvent"
          },
          {
            "gender": "W",
            "id": 10229524,
            "name": "Women's 3000 Metres Steeplechase",
            "combined": null,
            "__typename": "CalendarResultsOptionEvent"
          },
          {
            "gender": "W",
            "id": 10230056,
            "name": "Women's 200m Visually Impaired",
            "combined": null,
            "__typename": "CalendarResultsOptionEvent"
          },
          {
            "gender": "W",
            "id": 10229526,
            "name": "Women's High Jump",
            "combined": null,
            "__typename": "CalendarResultsOptionEvent"
          },
          {
            "gender": "W",
            "id": 10229527,
            "name": "Women's Pole Vault",
            "combined": null,
            "__typename": "CalendarResultsOptionEvent"
          },
          {
            "gender": "W",
            "id": 10229528,
            "name": "Women's Long Jump",
            "combined": null,
            "__typename": "CalendarResultsOptionEvent"
          },
          {
            "gender": "W",
            "id": 10229529,
            "name": "Women's Triple Jump",
            "combined": null,
            "__typename": "CalendarResultsOptionEvent"
          },
          {
            "gender": "W",
            "id": 10229530,
            "name": "Women's Shot Put",
            "combined": null,
            "__typename": "CalendarResultsOptionEvent"
          },
          {
            "gender": "W",
            "id": 10229531,
            "name": "Women's Discus Throw",
            "combined": null,
            "__typename": "CalendarResultsOptionEvent"
          },
          {
            "gender": "W",
            "id": 10229532,
            "name": "Women's Hammer Throw",
            "combined": null,
            "__typename": "CalendarResultsOptionEvent"
          },
          {
            "gender": "W",
            "id": 10229533,
            "name": "Women's Javelin Throw",
            "combined": null,
            "__typename": "CalendarResultsOptionEvent"
          },
          {
            "gender": "W",
            "id": 10229542,
            "name": "Women's 25 Kilometres Road",
            "combined": null,
            "__typename": "CalendarResultsOptionEvent"
          },
          {
            "gender": "W",
            "id": 10229543,
            "name": "Women's 30 Kilometres Road",
            "combined": null,
            "__typename": "CalendarResultsOptionEvent"
          },
          {
            "gender": "W",
            "id": 10229534,
            "name": "Women's Marathon",
            "combined": null,
            "__typename": "CalendarResultsOptionEvent"
          },
          {
            "gender": "W",
            "id": 10229535,
            "name": "Women's 20 Kilometres Race Walk",
            "combined": null,
            "__typename": "CalendarResultsOptionEvent"
          },
          {
            "gender": "W",
            "id": 10229536,
            "name": "Women's Heptathlon",
            "combined": true,
            "__typename": "CalendarResultsOptionEvent"
          },
          {
            "gender": "W",
            "id": 204594,
            "name": "Women's 4x100 Metres Relay",
            "combined": null,
            "__typename": "CalendarResultsOptionEvent"
          },
          {
            "gender": "W",
            "id": 204596,
            "name": "Women's 4x400 Metres Relay",
            "combined": null,
            "__typename": "CalendarResultsOptionEvent"
          },
          {
            "gender": "M",
            "id": 10229630,
            "name": "Men's 100 Metres",
            "combined": null,
            "__typename": "CalendarResultsOptionEvent"
          },
          {
            "gender": "M",
            "id": 10229605,
            "name": "Men's 200 Metres",
            "combined": null,
            "__typename": "CalendarResultsOptionEvent"
          },
          {
            "gender": "M",
            "id": 10229631,
            "name": "Men's 400 Metres",
            "combined": null,
            "__typename": "CalendarResultsOptionEvent"
          },
          {
            "gender": "M",
            "id": 10229501,
            "name": "Men's 800 Metres",
            "combined": null,
            "__typename": "CalendarResultsOptionEvent"
          },
          {
            "gender": "M",
            "id": 10229502,
            "name": "Men's 1500 Metres",
            "combined": null,
            "__typename": "CalendarResultsOptionEvent"
          },
          {
            "gender": "M",
            "id": 10229609,
            "name": "Men's 5000 Metres",
            "combined": null,
            "__typename": "CalendarResultsOptionEvent"
          },
          {
            "gender": "M",
            "id": 10229610,
            "name": "Men's 10,000 Metres",
            "combined": null,
            "__typename": "CalendarResultsOptionEvent"
          },
          {
            "gender": "M",
            "id": 10229611,
            "name": "Men's 110 Metres Hurdles",
            "combined": null,
            "__typename": "CalendarResultsOptionEvent"
          },
          {
            "gender": "M",
            "id": 10229612,
            "name": "Men's 400 Metres Hurdles",
            "combined": null,
            "__typename": "CalendarResultsOptionEvent"
          },
          {
            "gender": "M",
            "id": 10229614,
            "name": "Men's 3000 Metres Steeplechase",
            "combined": null,
            "__typename": "CalendarResultsOptionEvent"
          },
          {
            "gender": "M",
            "id": 10230037,
            "name": "Men's 100m Wheelchair",
            "combined": null,
            "__typename": "CalendarResultsOptionEvent"
          },
          {
            "gender": "M",
            "id": 10230038,
            "name": "Men's 200m Wheelchair",
            "combined": null,
            "__typename": "CalendarResultsOptionEvent"
          },
          {
            "gender": "M",
            "id": 10229615,
            "name": "Men's High Jump",
            "combined": null,
            "__typename": "CalendarResultsOptionEvent"
          },
          {
            "gender": "M",
            "id": 10229616,
            "name": "Men's Pole Vault",
            "combined": null,
            "__typename": "CalendarResultsOptionEvent"
          },
          {
            "gender": "M",
            "id": 10229617,
            "name": "Men's Long Jump",
            "combined": null,
            "__typename": "CalendarResultsOptionEvent"
          },
          {
            "gender": "M",
            "id": 10229618,
            "name": "Men's Triple Jump",
            "combined": null,
            "__typename": "CalendarResultsOptionEvent"
          },
          {
            "gender": "M",
            "id": 10229619,
            "name": "Men's Shot Put",
            "combined": null,
            "__typename": "CalendarResultsOptionEvent"
          },
          {
            "gender": "M",
            "id": 10229620,
            "name": "Men's Discus Throw",
            "combined": null,
            "__typename": "CalendarResultsOptionEvent"
          },
          {
            "gender": "M",
            "id": 10229621,
            "name": "Men's Hammer Throw",
            "combined": null,
            "__typename": "CalendarResultsOptionEvent"
          },
          {
            "gender": "M",
            "id": 10229636,
            "name": "Men's Javelin Throw",
            "combined": null,
            "__typename": "CalendarResultsOptionEvent"
          },
          {
            "gender": "M",
            "id": 10230042,
            "name": "Men's Javelin Throw Wheelchair",
            "combined": null,
            "__typename": "CalendarResultsOptionEvent"
          },
          {
            "gender": "M",
            "id": 10229634,
            "name": "Men's Marathon",
            "combined": null,
            "__typename": "CalendarResultsOptionEvent"
          },
          {
            "gender": "M",
            "id": 10229508,
            "name": "Men's 20 Kilometres Race Walk",
            "combined": null,
            "__typename": "CalendarResultsOptionEvent"
          },
          {
            "gender": "M",
            "id": 10229628,
            "name": "Men's 50 Kilometres Race Walk",
            "combined": null,
            "__typename": "CalendarResultsOptionEvent"
          },
          {
            "gender": "M",
            "id": 10229629,
            "name": "Men's Decathlon",
            "combined": true,
            "__typename": "CalendarResultsOptionEvent"
          },
          {
            "gender": "M",
            "id": 204593,
            "name": "Men's 4x100 Metres Relay",
            "combined": null,
            "__typename": "CalendarResultsOptionEvent"
          },
          {
            "gender": "M",
            "id": 204595,
            "name": "Men's 4x400 Metres Relay",
            "combined": null,
            "__typename": "CalendarResultsOptionEvent"
          }
        ],
        "__typename": "CalendarResultsOptions"
      },
      "parameters": {
        "competitionId": 6937596,
        "day": null,
        "eventId": 10229529,
        "__typename": "CalendarResultsParameters"
      },
      "__typename": "CalendarCompetitionResults"
    }
  }
}