{
  "data": {
    "getCalendarCompetitionResults": {
      "competition": {
        "dateRange": "06\u201314 AUG 2005",
        "endDate": "2005-08-14",
        "name": "IAAF World Championships",
        "rankingCategory": "OW",
        "startDate": "2005-08-06",
        "venue": "Olympiastadion, Helsinki (FIN)",
        "__typename": "CalendarResultsCompetition"
      },
      "eventTitles": [
        {
          "rankingCategory": "OW",
          "eventTitle": null,
          "events": [
            {
              "event": "Men's 800 Metres",
              "eventId": 10229501,
              "gender": "M",
              "isRelay": false,
              "perResultWind": false,
              "withWind": false,
              "summary": null,
              "races": [
                {
                  "date": "2005-08-14",
                  "day": 9,
                  "race": "Final",
                  "raceId": 10,
                  "raceNumber": 0,
                  "results": [
                    {
                      "competitor": {
                        "teamMembers": null,
                        "id": "e65n8v348rdoy417mwtuz",
                        "name": "Rashid RAMZI",
                        "iaafId": 190507,
                        "urlSlug": "bahrain/rashid-ramzi-014175117",
                        "birthDate": "17 JUL 1980",
                        "hasProfile": true,
                        "__typename": "CalendarResultsCompetitor"
                      },
                      "mark": "1:44.24",
                      "nationality": "BRN",
                      "place": "1.",
                      "points": null,
                      "qualified": null,
                      "records": "",
                      "wind": null,
                      "remark": null,
                      "details": null,
                      "__typename": "CalendarResultsRaceResult"
                    },
                    {
                      "competitor": {
                        "teamMembers": null,
                        "id": "a5rysfigi3g34rber20bcw",
                        "name": "Yuriy BORZAKOVSKIY",
                        "iaafId": 137777,
                        "urlSlug": "russia/yuriy-borzakovskiy-014221887",
                        "birthDate": "12 APR 1981",
                        "hasProfile": true,
                        "__typename": "CalendarResultsCompetitor"
                      },
                      "mark": "1:44.51",
                      "nationality": "RUS",
                      "place": "2.",
                      "points": null,
                      "qualified": null,
                      "records": "",
                      "wind": null,
                      "remark": null,
                      "details": null,
                      "__typename": "CalendarResultsRaceResult"
                    },
                    {
                      "competitor": {
                        "teamMembers": null,
                        "id": "18m630wfuctzu8icm3a7z8",
                        "name": "William YIAMPOY",
                        "iaafId": 171921,
                        "urlSlug": "kenya/william-yiampoy-014210002",
                        "birthDate": "17 MAY 1974",
                        "hasProfile": true,
                        "__typename": "CalendarResultsCompetitor"
                      },
                      "mark": "1:44.55",
                      "nationality": "KEN",
                      "place": "3.",
                      "points": null,
                      "qualified": null,
                      "records": "",
                      "wind": null,
                      "remark": null,
                      "details": null,
                      "__typename": "CalendarResultsRaceResult"
                    },
                    {
                      "competitor": {
                        "teamMembers": null,
                        "id": "ng9iqxzxkl07sg21zdtpeo",
                        "name": "Wilfred BUNGEI",
                        "iaafId": 134095,
                        "urlSlug": "kenya/wilfred-bungei-014207448",
                        "birthDate": "24 JUL 1980",
                        "hasProfile": true,
                        "__typename": "CalendarResultsCompetitor"
                      },
                      "mark": "1:44.98",
                      "nationality": "KEN",
                      "place": "4.",
                      "points": null,
                      "qualified": null,
                      "records": "",
                      "wind": null,
                      "remark": null,
                      "details": null,
                      "__typename": "CalendarResultsRaceResult"
                    },
                    {
                      "competitor": {
                        "teamMembers": null,
                        "id": "lyps240626ay2um7jnseqj",
                        "name": "Djabir SAID-GUERNI",
                        "iaafId": 137299,
                        "urlSlug": "algeria/djabir-said-guerni-014180636",
                        "birthDate": "29 MAR 1977",
                        "hasProfile": true,
                        "__typename": "CalendarResultsCompetitor"
                      },
                      "mark": "1:45.31",
                      "nationality": "ALG",
                      "place": "5.",
                      "points": null,
                      "qualified": null,
                      "records": "",
                      "wind": null,
                      "remark": null,
                      "details": null,
                      "__typename": "CalendarResultsRaceResult"
                    },
                    {
                      "competitor": {
                        "teamMembers": null,
                        "id": "xflo1ii2uli1rlanoysvp",
                        "name": "Mehdi BAALA",
                        "iaafId": 56025,
                        "urlSlug": "france/mehdi-baala-014183005",
                        "birthDate": "17 AUG 1978",
                        "hasProfile": true,
                        "__typename": "CalendarResultsCompetitor"
                      },
                      "mark": "1:45.32",
                      "nationality": "FRA",
                      "place": "6.",
                      "points": null,
                      "qualified": null,
                      "records": "",
                      "wind": null,
                      "remark": null,
                      "details": null,
                      "__typename": "CalendarResultsRaceResult"
                    },
                    {
                      "competitor": {
                        "teamMembers": null,
                        "id": "vqfqgljnvhqvjopd6hdoi",
                        "name": "Belal Mansoor ALI",
                        "iaafId": 205807,
                        "urlSlug": "bahrain/belal-mansoor-ali-014175141",
                        "birthDate": "17 OCT 1988",
                        "hasProfile": true,
                        "__typename": "CalendarResultsCompetitor"
                      },
                      "mark": "1:45.55",
                      "nationality": "BRN",
                      "place": "7.",
                      "points": null,
                      "qualified": null,
                      "records": "",
                      "wind": null,
                      "remark": null,
                      "details": null,
                      "__typename": "CalendarResultsRaceResult"
                    },
                    {
                      "competitor": {
                        "teamMembers": null,
                        "id": "h3ri698j5c7agtxl9eau3",
                        "name": "Gary REED",
                        "iaafId": 185139,
                        "urlSlug": "canada/gary-reed-014173596",
                        "birthDate": "25 OCT 1981",
                        "hasProfile": true,
                        "__typename": "CalendarResultsCompetitor"
                      },
                      "mark": "1:46.20",
                      "nationality": "CAN",
                      "place": "8.",
                      "points": null,
                      "qualified": null,
                      "records": "",
                      "wind": null,
                      "remark": null,
                      "details": null,
                      "__typename": "CalendarResultsRaceResult"
                    }
                  ],
                  "startList": null,
                  "wind": null,
                  "__typename": "CalendarResultsRace"
                },
                {
                  "date": "2005-08-12",
                  "day": 7,
                  "race": "Semifinal - Heat",
                  "raceId": 13,
                  "raceNumber": 1,
                  "results": [
                    {
                      "competitor": {
                        "teamMembers": null,
                        "id": "h719io6v8j5v06dqdhdtj8",
                        "name": "Yuriy BORZAKOVSKIY",
                        "iaafId": 137777,
                        "urlSlug": "russia/yuriy-borzakovskiy-014221887",
                        "birthDate": "12 APR 1981",
                        "hasProfile": true,
                        "__typename": "CalendarResultsCompetitor"
                      },
                      "mark": "1:44.26",
                      "nationality": "RUS",
                      "place": "1.",
                      "points": null,
                      "qualified": false,
                      "records": "",
                      "wind": null,
                      "remark": null,
                      "details": null,
                      "__typename": "CalendarResultsRaceResult"
                    },
                    {
                      "competitor": {
                        "teamMembers": null,
                        "id": "fhs1oefs4omwvpt56tk1pt",
                        "name": "Rashid RAMZI",
                        "iaafId": 190507,
                        "urlSlug": "bahrain/rashid-ramzi-014175117",
                        "birthDate": "17 JUL 1980",
                        "hasProfile": true,
                        "__typename": "CalendarResultsCompetitor"
                      },
                      "mark": "1:44.30",
                      "nationality": "BRN",
                      "place": "2.",
                      "points": null,
                      "qualified": false,
                      "records": "",
                      "wind": null,
                      "remark": null,
                      "details": null,
                      "__typename": "CalendarResultsRaceResult"
                    },
                    {
                      "competitor": {
                        "teamMembers": null,
                        "id": "ypz1t64n7vj36ykujpm5c1",
                        "name": "William YIAMPOY",
                        "iaafId": 171921,
                        "urlSlug": "kenya/william-yiampoy-014210002",
                        "birthDate": "17 MAY 1974",
                        "hasProfile": true,
                        "__typename": "CalendarResultsCompetitor"
                      },
                      "mark": "1:44.51",
                      "nationality": "KEN",
                      "place": "3.",
                      "points": null,
                      "qualified": null,
                      "records": "",
                      "wind": null,
                      "remark": null,
                      "details": null,
                      "__typename": "CalendarResultsRaceResult"
                    },
                    {
                      "competitor": {
                        "teamMembers": null,
                        "id": "7moe2kaetccaad01sy5im",
                        "name": "Djabir SAID-GUERNI",
                        "iaafId": 137299,
                        "urlSlug": "algeria/djabir-said-guerni-014180636",
                        "birthDate": "29 MAR 1977",
                        "hasProfile": true,
                        "__typename": "CalendarResultsCompetitor"
                      },
                      "mark": "1:44.80",
                      "nationality": "ALG",
                      "place": "4.",
                      "points": null,
                      "qualified": null,
                      "records": "",
                      "wind": null,
                      "remark": null,
                      "details": null,
                      "__typename": "CalendarResultsRaceResult"
                    },
                    {
                      "competitor": {
                        "teamMembers": null,
                        "id": "5s9ub19p3ketpowc6xafa",
                        "name": "Amine LAALOU",
                        "iaafId": 170276,
                        "urlSlug": "morocco/amine-laalou-014212287",
                        "birthDate": "13 MAY 1982",
                        "hasProfile": true,
                        "__typename": "CalendarResultsCompetitor"
                      },
                      "mark": "1:45.05",
                      "nationality": "MAR",
                      "place": "5.",
                      "points": null,
                      "qualified": null,
                      "records": "",
                      "wind": null,
                      "remark": null,
                      "details": null,
                      "__typename": "CalendarResultsRaceResult"
                    },
                    {
                      "competitor": {
                        "teamMembers": null,
                        "id": "ywyt594sex9otmcjvw3e5",
                        "name": "Mohammed Khalaf AL AZEMI",
                        "iaafId": 170195,
                        "urlSlug": "kuwait/mohammed-khalaf-al-azemi-14210794",
                        "birthDate": "16 JUN 1982",
                        "hasProfile": true,
                        "__typename": "CalendarResultsCompetitor"
                      },
                      "mark": "1:48.02",
                      "nationality": "KUW",
                      "place": "6.",
                      "points": null,
                      "qualified": null,
                      "records": "",
                      "wind": null,
                      "remark": null,
                      "details": null,
                      "__typename": "CalendarResultsRaceResult"
                    },
                    {
                      "competitor": {
                        "teamMembers": null,
                        "id": "2ateiw5zmy53p657du9oem",
                        "name": "Eugenio BARRIOS",
                        "iaafId": 131594,
                        "urlSlug": "spain/eugenio-barrios-014167117",
                        "birthDate": "03 NOV 1976",
                        "hasProfile": true,
                        "__typename": "CalendarResultsCompetitor"
                      },
                      "mark": "1:48.76",
                      "nationality": "ESP",
                      "place": "7.",
                      "points": null,
                      "qualified": null,
                      "records": "",
                      "wind": null,
                      "remark": null,
                      "details": null,
                      "__typename": "CalendarResultsRaceResult"
                    },
                    {
                      "competitor": {
                        "teamMembers": null,
                        "id": "d7r0vxinxqmkmaizvcfxe",
                        "name": "Khadevis ROBINSON",
                        "iaafId": 133527,
                        "urlSlug": "united-states/khadevis-robinson-014249779",
                        "birthDate": "19 JUL 1976",
                        "hasProfile": true,
                        "__typename": "CalendarResultsCompetitor"
                      },
                      "mark": "1:49.13",
                      "nationality": "USA",
                      "place": "8.",
                      "points": null,
                      "qualified": null,
                      "records": "",
                      "wind": null,
                      "remark": null,
                      "details": null,
                      "__typename": "CalendarResultsRaceResult"
                    }
                  ],
                  "startList": null,
                  "wind": null,
                  "__typename": "CalendarResultsRace"
                },
                {
                  "date": "2005-08-12",
                  "day": 7,
                  "race": "Semifinal - Heat",
                  "raceId": 13,
                  "raceNumber": 2,
                  "results": [
                    {
                      "competitor": {
                        "teamMembers": null,
                        "id": "ezhewp11c3m6k3lhc4jv3",
                        "name": "Belal Mansoor ALI",
                        "iaafId": 205807,
                        "urlSlug": "bahrain/belal-mansoor-ali-014175141",
                        "birthDate": "17 OCT 1988",
                        "hasProfile": true,
                        "__typename": "CalendarResultsCompetitor"
                      },
                      "mark": "1:45.35",
                      "nationality": "BRN",
                      "place": "1.",
                      "points": null,
                      "qualified": null,
                      "records": "",
                      "wind": null,
                      "remark": null,
                      "details": null,
                      "__typename": "CalendarResultsRaceResult"
                    },
                    {
                      "competitor": {
                        "teamMembers": null,
                        "id": "ui4hvs8qclhh54d6c0m3u",
                        "name": "Mehdi BAALA",
                        "iaafId": 56025,
                        "urlSlug": "france/mehdi-baala-014183005",
                        "birthDate": "17 AUG 1978",
                        "hasProfile": true,
                        "__typename": "CalendarResultsCompetitor"
                      },
                      "mark": "1:45.40",
                      "nationality": "FRA",
                      "place": "2.",
                      "points": null,
                      "qualified": null,
                      "records": "",
                      "wind": null,
                      "remark": null,
                      "details": null,
                      "__typename": "CalendarResultsRaceResult"
                    },
                    {
                      "competitor": {
                        "teamMembers": null,
                        "id": "s32o727vx0snsemuoagy1",
                        "name": "Mbulaeni MULAUDZI",
                        "iaafId": 174437,
                        "urlSlug": "south-africa/mbulaeni-mulaudzi-014220770",
                        "birthDate": "08 SEP 1980",
                        "hasProfile": true,
                        "__typename": "CalendarResultsCompetitor"
                      },
                      "mark": "1:45.73",
                      "nationality": "RSA",
                      "place": "3.",
                      "points": null,
                      "qualified": null,
                      "records": "",
                      "wind": null,
                      "remark": null,
                      "details": null,
                      "__typename": "CalendarResultsRaceResult"
                    },
                    {
                      "competitor": {
                        "teamMembers": null,
                        "id": "wyia20bf7ako296itxhmh",
                        "name": "Pawe\u0142 CZAPIEWSKI",
                        "iaafId": 169898,
                        "urlSlug": "poland/pawel-czapiewski-014216511",
                        "birthDate": "30 MAR 1978",
                        "hasProfile": true,
                        "__typename": "CalendarResultsCompetitor"
                      },
                      "mark": "1:46.33",
                      "nationality": "POL",
                      "place": "4.",
                      "points": null,
                      "qualified": null,
                      "records": "",
                      "wind": null,
                      "remark": null,
                      "details": null,
                      "__typename": "CalendarResultsRaceResult"
                    },
                    {
                      "competitor": {
                        "teamMembers": null,
                        "id": "j1q558bunsbwrqvnzqgg79",
                        "name": "Dmitriy BOGDANOV",
                        "iaafId": 134763,
                        "urlSlug": "russia/dmitriy-bogdanov-014221856",
                        "birthDate": "11 APR 1979",
                        "hasProfile": true,
                        "__typename": "CalendarResultsCompetitor"
                      },
                      "mark": "1:46.83",
                      "nationality": "RUS",
                      "place": "5.",
                      "points": null,
                      "qualified": null,
                      "records": "",
                      "wind": null,
                      "remark": null,
                      "details": null,
                      "__typename": "CalendarResultsRaceResult"
                    },
                    {
                      "competitor": {
                        "teamMembers": null,
                        "id": "2ekv973oglk1rc6z3oto75",
                        "name": "Antonio Manuel REINA",
                        "iaafId": 133288,
                        "urlSlug": "spain/antonio-manuel-reina-014165281",
                        "birthDate": "13 JUN 1981",
                        "hasProfile": true,
                        "__typename": "CalendarResultsCompetitor"
                      },
                      "mark": "1:46.89",
                      "nationality": "ESP",
                      "place": "6.",
                      "points": null,
                      "qualified": null,
                      "records": "",
                      "wind": null,
                      "remark": null,
                      "details": null,
                      "__typename": "CalendarResultsRaceResult"
                    },
                    {
                      "competitor": {
                        "teamMembers": null,
                        "id": "326xa01lc8ty5m4joj0vw",
                        "name": "Berhanu ALEMU",
                        "iaafId": 171212,
                        "urlSlug": "ethiopia/berhanu-alemu-014181312",
                        "birthDate": "16 JUL 1982",
                        "hasProfile": true,
                        "__typename": "CalendarResultsCompetitor"
                      },
                      "mark": "1:47.66",
                      "nationality": "ETH",
                      "place": "7.",
                      "points": null,
                      "qualified": null,
                      "records": "",
                      "wind": null,
                      "remark": null,
                      "details": null,
                      "__typename": "CalendarResultsRaceResult"
                    },
                    {
                      "competitor": {
                        "teamMembers": null,
                        "id": "2qkzainl3u521u9eisv0k",
                        "name": "Mohammed Obaid AL SALHI",
                        "iaafId": 195970,
                        "urlSlug": "saudi-arabia/mohammed-obaid-al-salhi-014210679",
                        "birthDate": "11 MAY 1986",
                        "hasProfile": true,
                        "__typename": "CalendarResultsCompetitor"
                      },
                      "mark": "1:47.97",
                      "nationality": "KSA",
                      "place": "8.",
                      "points": null,
                      "qualified": null,
                      "records": "",
                      "wind": null,
                      "remark": null,
                      "details": null,
                      "__typename": "CalendarResultsRaceResult"
                    }
                  ],
                  "startList": null,
                  "wind": null,
                  "__typename": "CalendarResultsRace"
                },
                {
                  "date": "2005-08-12",
                  "day": 7,
                  "race": "Semifinal - Heat",
                  "raceId": 13,
                  "raceNumber": 3,
                  "results": [
                    {
                      "competitor": {
                        "teamMembers": null,
                        "id": "3z4nng08a3vyoxg5h9q61",
                        "name": "Gary REED",
                        "iaafId": 185139,
                        "urlSlug": "canada/gary-reed-014173596",
                        "birthDate": "25 OCT 1981",
                        "hasProfile": true,
                        "__typename": "CalendarResultsCompetitor"
                      },
                      "mark": "1:44.33",
                      "nationality": "CAN",
                      "place": "1.",
                      "points": null,
                      "qualified": null,
                      "records": "",
                      "wind": null,
                      "remark": null,
                      "details": null,
                      "__typename": "CalendarResultsRaceResult"
                    },
                    {
                      "competitor": {
                        "teamMembers": null,
                        "id": "ei93i35xqxck4qu06bdl7r",
                        "name": "Wilfred BUNGEI",
                        "iaafId": 134095,
                        "urlSlug": "kenya/wilfred-bungei-014207448",
                        "birthDate": "24 JUL 1980",
                        "hasProfile": true,
                        "__typename": "CalendarResultsCompetitor"
                      },
                      "mark": "1:44.41",
                      "nationality": "KEN",
                      "place": "2.",
                      "points": null,
                      "qualified": null,
                      "records": "",
                      "wind": null,
                      "remark": null,
                      "details": null,
                      "__typename": "CalendarResultsRaceResult"
                    },
                    {
                      "competitor": {
                        "teamMembers": null,
                        "id": "jar30jnwm5mgsudelwny74",
                        "name": "Yusuf Saad KAMEL",
                        "iaafId": 195576,
                        "urlSlug": "bahrain/yusuf-saad-kamel-014175129",
                        "birthDate": "29 MAR 1983",
                        "hasProfile": true,
                        "__typename": "CalendarResultsCompetitor"
                      },
                      "mark": "1:44.90",
                      "nationality": "BRN",
                      "place": "3.",
                      "points": null,
                      "qualified": null,
                      "records": "",
                      "wind": null,
                      "remark": null,
                      "details": null,
                      "__typename": "CalendarResultsRaceResult"
                    },
                    {
                      "competitor": {
                        "teamMembers": null,
                        "id": "7pvxjvh0uporg5aayhe5u",
                        "name": "Ren\u00e9 HERMS",
                        "iaafId": 179774,
                        "urlSlug": "germany/rene-herms-014192509",
                        "birthDate": "17 JUL 1982",
                        "hasProfile": true,
                        "__typename": "CalendarResultsCompetitor"
                      },
                      "mark": "1:45.21",
                      "nationality": "GER",
                      "place": "4.",
                      "points": null,
                      "qualified": null,
                      "records": "",
                      "wind": null,
                      "remark": null,
                      "details": null,
                      "__typename": "CalendarResultsRaceResult"
                    },
                    {
                      "competitor": {
                        "teamMembers": null,
                        "id": "5qqzl1kavuhykyfym4fzg",
                        "name": "Mouhssin CHEHIBI",
                        "iaafId": 170169,
                        "urlSlug": "morocco/mouhssin-chehibi-014211969",
                        "birthDate": "28 JAN 1978",
                        "hasProfile": true,
                        "__typename": "CalendarResultsCompetitor"
                      },
                      "mark": "1:45.82",
                      "nationality": "MAR",
                      "place": "5.",
                      "points": null,
                      "qualified": null,
                      "records": "",
                      "wind": null,
                      "remark": null,
                      "details": null,
                      "__typename": "CalendarResultsRaceResult"
                    },
                    {
                      "competitor": {
                        "teamMembers": null,
                        "id": "l9ii4gfz4td9dx32u5kir",
                        "name": "Sadjad MORADI",
                        "iaafId": 190521,
                        "urlSlug": "islamic-republic-of-iran/sadjad-moradi-014198682",
                        "birthDate": "30 MAR 1983",
                        "hasProfile": true,
                        "__typename": "CalendarResultsCompetitor"
                      },
                      "mark": "1:45.88",
                      "nationality": "IRI",
                      "place": "6.",
                      "points": null,
                      "qualified": null,
                      "records": "",
                      "wind": null,
                      "remark": null,
                      "details": null,
                      "__typename": "CalendarResultsRaceResult"
                    },
                    {
                      "competitor": {
                        "teamMembers": null,
                        "id": "vm992baauubc4uj56mxw26",
                        "name": "James MCILROY",
                        "iaafId": 133542,
                        "urlSlug": "great-britain-ni/james-mcilroy-14190092",
                        "birthDate": "30 DEC 1976",
                        "hasProfile": true,
                        "__typename": "CalendarResultsCompetitor"
                      },
                      "mark": "1:45.91",
                      "nationality": "GBR",
                      "place": "7.",
                      "points": null,
                      "qualified": null,
                      "records": "",
                      "wind": null,
                      "remark": null,
                      "details": null,
                      "__typename": "CalendarResultsRaceResult"
                    },
                    {
                      "competitor": {
                        "teamMembers": null,
                        "id": "wm98phkv28jetdomjojeqo",
                        "name": "David KRUMMENACKER",
                        "iaafId": 132048,
                        "urlSlug": "united-states/david-krummenacker-014243399",
                        "birthDate": "24 MAY 1975",
                        "hasProfile": true,
                        "__typename": "CalendarResultsCompetitor"
                      },
                      "mark": "1:46.76",
                      "nationality": "USA",
                      "place": "8.",
                      "points": null,
                      "qualified": null,
                      "records": "",
                      "wind": null,
                      "remark": null,
                      "details": null,
                      "__typename": "CalendarResultsRaceResult"
                    }
                  ],
                  "startList": null,
                  "wind": null,
                  "__typename": "CalendarResultsRace"
                },
                {
                  "date": "2005-08-11",
                  "day": 6,
                  "race": "Round 1 - Heat",
                  "raceId": 11,
                  "raceNumber": 1,
                  "results": [
                    {
                      "competitor": {
                        "teamMembers": null,
                        "id": "mpyyvzz2z3ovr8x5e9555",
                        "name": "Rashid RAMZI",
                        "iaafId": 190507,
                        "urlSlug": "bahrain/rashid-ramzi-014175117",
                        "birthDate": "17 JUL 1980",
                        "hasProfile": true,
                        "__typename": "CalendarResultsCompetitor"
                      },
                      "mark": "1:46.17",
                      "nationality": "BRN",
                      "place": "1.",
                      "points": null,
                      "qualified": false,
                      "records": "",
                      "wind": null,
                      "remark": null,
                      "details": null,
                      "__typename": "CalendarResultsRaceResult"
                    },
                    {
                      "competitor": {
                        "teamMembers": null,
                        "id": "h1ulbqraqfc1r3vrgnjths",
                        "name": "James MCILROY",
                        "iaafId": 133542,
                        "urlSlug": "great-britain-ni/james-mcilroy-14190092",
                        "birthDate": "30 DEC 1976",
                        "hasProfile": true,
                        "__typename": "CalendarResultsCompetitor"
                      },
                      "mark": "1:46.44",
                      "nationality": "GBR",
                      "place": "2.",
                      "points": null,
                      "qualified": false,
                      "records": "",
                      "wind": null,
                      "remark": null,
                      "details": null,
                      "__typename": "CalendarResultsRaceResult"
                    },
                    {
                      "competitor": {
                        "teamMembers": null,
                        "id": "r5ujw19e13bfsclbjod5r",
                        "name": "Mbulaeni MULAUDZI",
                        "iaafId": 174437,
                        "urlSlug": "south-africa/mbulaeni-mulaudzi-014220770",
                        "birthDate": "08 SEP 1980",
                        "hasProfile": true,
                        "__typename": "CalendarResultsCompetitor"
                      },
                      "mark": "1:46.85",
                      "nationality": "RSA",
                      "place": "3.",
                      "points": null,
                      "qualified": false,
                      "records": "",
                      "wind": null,
                      "remark": null,
                      "details": null,
                      "__typename": "CalendarResultsRaceResult"
                    },
                    {
                      "competitor": {
                        "teamMembers": null,
                        "id": "ij8bjt6ickbviuto0bazpm",
                        "name": "Ren\u00e9 HERMS",
                        "iaafId": 179774,
                        "urlSlug": "germany/rene-herms-014192509",
                        "birthDate": "17 JUL 1982",
                        "hasProfile": true,
                        "__typename": "CalendarResultsCompetitor"
                      },
                      "mark": "1:47.07",
                      "nationality": "GER",
                      "place": "4.",
                      "points": null,
                      "qualified": false,
                      "records": "",
                      "wind": null,
                      "remark": null,
                      "details": null,
                      "__typename": "CalendarResultsRaceResult"
                    },
                    {
                      "competitor": {
                        "teamMembers": null,
                        "id": "bvmcb3xvyl9gm4dfy8rvzh",
                        "name": "Berhanu ALEMU",
                        "iaafId": 171212,
                        "urlSlug": "ethiopia/berhanu-alemu-014181312",
                        "birthDate": "16 JUL 1982",
                        "hasProfile": true,
                        "__typename": "CalendarResultsCompetitor"
                      },
                      "mark": "1:47.37",
                      "nationality": "ETH",
                      "place": "5.",
                      "points": null,
                      "qualified": false,
                      "records": "",
                      "wind": null,
                      "remark": null,
                      "details": null,
                      "__typename": "CalendarResultsRaceResult"
                    },
                    {
                      "competitor": {
                        "teamMembers": null,
                        "id": "bmh2zfqeo7lv5j5jjlhgy",
                        "name": "Osmar BARBOSA DOS SANTOS",
                        "iaafId": 50288,
                        "urlSlug": "brazil/osmar-barbosa-dos-santos-014176249",
                        "birthDate": "20 OCT 1968",
                        "hasProfile": true,
                        "__typename": "CalendarResultsCompetitor"
                      },
                      "mark": "1:47.74",
                      "nationality": "BRA",
                      "place": "6.",
                      "points": null,
                      "qualified": null,
                      "records": "",
                      "wind": null,
                      "remark": null,
                      "details": null,
                      "__typename": "CalendarResultsRaceResult"
                    },
                    {
                      "competitor": {
                        "teamMembers": null,
                        "id": "v334qgfduyeutrjqw3u8r",
                        "name": "Jae-hoon LEE",
                        "iaafId": 189618,
                        "urlSlug": "korea/jae-hoon-lee-014210375",
                        "birthDate": "28 NOV 1976",
                        "hasProfile": true,
                        "__typename": "CalendarResultsCompetitor"
                      },
                      "mark": "1:47.90",
                      "nationality": "KOR",
                      "place": "7.",
                      "points": null,
                      "qualified": null,
                      "records": "",
                      "wind": null,
                      "remark": null,
                      "details": null,
                      "__typename": "CalendarResultsRaceResult"
                    },
                    {
                      "competitor": {
                        "teamMembers": null,
                        "id": "sh1uwn094gnri5dw7aype",
                        "name": "Tom OMEY",
                        "iaafId": 137014,
                        "urlSlug": "belgium/tom-omey-014177389",
                        "birthDate": "24 APR 1975",
                        "hasProfile": true,
                        "__typename": "CalendarResultsCompetitor"
                      },
                      "mark": "1:49.62",
                      "nationality": "BEL",
                      "place": "8.",
                      "points": null,
                      "qualified": null,
                      "records": "",
                      "wind": null,
                      "remark": null,
                      "details": null,
                      "__typename": "CalendarResultsRaceResult"
                    },
                    {
                      "competitor": {
                        "teamMembers": null,
                        "id": "0sb06nqn2eoa1rwzl4aqu2",
                        "name": "Ismail Ahmed ISMAIL",
                        "iaafId": 180226,
                        "urlSlug": "sudan/ismail-ahmed-ismail-014225690",
                        "birthDate": "10 SEP 1984",
                        "hasProfile": true,
                        "__typename": "CalendarResultsCompetitor"
                      },
                      "mark": "DNS",
                      "nationality": "SUD",
                      "place": "",
                      "points": null,
                      "qualified": null,
                      "records": "",
                      "wind": null,
                      "remark": null,
                      "details": null,
                      "__typename": "CalendarResultsRaceResult"
                    }
                  ],
                  "startList": null,
                  "wind": null,
                  "__typename": "CalendarResultsRace"
                },
                {
                  "date": "2005-08-11",
                  "day": 6,
                  "race": "Round 1 - Heat",
                  "raceId": 11,
                  "raceNumber": 2,
                  "results": [
                    {
                      "competitor": {
                        "teamMembers": null,
                        "id": "3fdhjxrzy76w18qx5tknx",
                        "name": "Mehdi BAALA",
                        "iaafId": 56025,
                        "urlSlug": "france/mehdi-baala-014183005",
                        "birthDate": "17 AUG 1978",
                        "hasProfile": true,
                        "__typename": "CalendarResultsCompetitor"
                      },
                      "mark": "1:46.57",
                      "nationality": "FRA",
                      "place": "1.",
                      "points": null,
                      "qualified": false,
                      "records": "",
                      "wind": null,
                      "remark": null,
                      "details": null,
                      "__typename": "CalendarResultsRaceResult"
                    },
                    {
                      "competitor": {
                        "teamMembers": null,
                        "id": "vwcw09fv4fhhfde562h61e",
                        "name": "Wilfred BUNGEI",
                        "iaafId": 134095,
                        "urlSlug": "kenya/wilfred-bungei-014207448",
                        "birthDate": "24 JUL 1980",
                        "hasProfile": true,
                        "__typename": "CalendarResultsCompetitor"
                      },
                      "mark": "1:46.71",
                      "nationality": "KEN",
                      "place": "2.",
                      "points": null,
                      "qualified": false,
                      "records": "",
                      "wind": null,
                      "remark": null,
                      "details": null,
                      "__typename": "CalendarResultsRaceResult"
                    },
                    {
                      "competitor": {
                        "teamMembers": null,
                        "id": "rmabnekuw9c00cnx4d2dc",
                        "name": "Khadevis ROBINSON",
                        "iaafId": 133527,
                        "urlSlug": "united-states/khadevis-robinson-014249779",
                        "birthDate": "19 JUL 1976",
                        "hasProfile": true,
                        "__typename": "CalendarResultsCompetitor"
                      },
                      "mark": "1:46.74",
                      "nationality": "USA",
                      "place": "3.",
                      "points": null,
                      "qualified": false,
                      "records": "",
                      "wind": null,
                      "remark": null,
                      "details": null,
                      "__typename": "CalendarResultsRaceResult"
                    },
                    {
                      "competitor": {
                        "teamMembers": null,
                        "id": "eviqzaqcrcqjbewwt4p5",
                        "name": "Dmitriy BOGDANOV",
                        "iaafId": 134763,
                        "urlSlug": "russia/dmitriy-bogdanov-014221856",
                        "birthDate": "11 APR 1979",
                        "hasProfile": true,
                        "__typename": "CalendarResultsCompetitor"
                      },
                      "mark": "1:46.88",
                      "nationality": "RUS",
                      "place": "4.",
                      "points": null,
                      "qualified": false,
                      "records": "",
                      "wind": null,
                      "remark": null,
                      "details": null,
                      "__typename": "CalendarResultsRaceResult"
                    },
                    {
                      "competitor": {
                        "teamMembers": null,
                        "id": "c9sow01vdrtgltd35ngpm",
                        "name": "Pawe\u0142 CZAPIEWSKI",
                        "iaafId": 169898,
                        "urlSlug": "poland/pawel-czapiewski-014216511",
                        "birthDate": "30 MAR 1978",
                        "hasProfile": true,
                        "__typename": "CalendarResultsCompetitor"
                      },
                      "mark": "1:46.93",
                      "nationality": "POL",
                      "place": "5.",
                      "points": null,
                      "qualified": false,
                      "records": "",
                      "wind": null,
                      "remark": null,
                      "details": null,
                      "__typename": "CalendarResultsRaceResult"
                    },
                    {
                      "competitor": {
                        "teamMembers": null,
                        "id": "u4cypbd55pn3h312a0xpea",
                        "name": "Mohammed Khalaf AL AZEMI",
                        "iaafId": 170195,
                        "urlSlug": "kuwait/mohammed-khalaf-al-azemi-14210794",
                        "birthDate": "16 JUN 1982",
                        "hasProfile": true,
                        "__typename": "CalendarResultsCompetitor"
                      },
                      "mark": "1:47.05",
                      "nationality": "KUW",
                      "place": "6.",
                      "points": null,
                      "qualified": false,
                      "records": "",
                      "wind": null,
                      "remark": null,
                      "details": null,
                      "__typename": "CalendarResultsRaceResult"
                    },
                    {
                      "competitor": {
                        "teamMembers": null,
                        "id": "fy1ifynnnvtc6xjuk4ibx",
                        "name": "Moise JOSEPH",
                        "iaafId": 202796,
                        "urlSlug": "haiti/moise-joseph-014195812",
                        "birthDate": "27 DEC 1981",
                        "hasProfile": true,
                        "__typename": "CalendarResultsCompetitor"
                      },
                      "mark": "1:48.29",
                      "nationality": "HAI",
                      "place": "7.",
                      "points": null,
                      "qualified": null,
                      "records": "",
                      "wind": null,
                      "remark": null,
                      "details": null,
                      "__typename": "CalendarResultsRaceResult"
                    },
                    {
                      "competitor": {
                        "teamMembers": null,
                        "id": "vigetlvebi4celr59omx1",
                        "name": "Yeimer L\u00d3PEZ",
                        "iaafId": 188478,
                        "urlSlug": "cuba/yeimer-lopez-014169468",
                        "birthDate": "28 AUG 1982",
                        "hasProfile": true,
                        "__typename": "CalendarResultsCompetitor"
                      },
                      "mark": "1:52.24",
                      "nationality": "CUB",
                      "place": "8.",
                      "points": null,
                      "qualified": null,
                      "records": "",
                      "wind": null,
                      "remark": null,
                      "details": null,
                      "__typename": "CalendarResultsRaceResult"
                    },
                    {
                      "competitor": {
                        "teamMembers": null,
                        "id": "ysy9vsh15qkvntk45w43ni",
                        "name": "Geramias DA SILVA",
                        "iaafId": 210408,
                        "urlSlug": "guinea-bissau/geramias-da-silva-014191342",
                        "birthDate": "18 JAN 1986",
                        "hasProfile": true,
                        "__typename": "CalendarResultsCompetitor"
                      },
                      "mark": "DQ",
                      "nationality": "GBS",
                      "place": "",
                      "points": null,
                      "qualified": null,
                      "records": "",
                      "wind": null,
                      "remark": null,
                      "details": null,
                      "__typename": "CalendarResultsRaceResult"
                    }
                  ],
                  "startList": null,
                  "wind": null,
                  "__typename": "CalendarResultsRace"
                },
                {
                  "date": "2005-08-11",
                  "day": 6,
                  "race": "Round 1 - Heat",
                  "raceId": 11,
                  "raceNumber": 3,
                  "results": [
                    {
                      "competitor": {
                        "teamMembers": null,
                        "id": "iylm37pmzx8fg9mbi0u1ah",
                        "name": "Yuriy BORZAKOVSKIY",
                        "iaafId": 137777,
                        "urlSlug": "russia/yuriy-borzakovskiy-014221887",
                        "birthDate": "12 APR 1981",
                        "hasProfile": true,
                        "__typename": "CalendarResultsCompetitor"
                      },
                      "mark": "1:50.14",
                      "nationality": "RUS",
                      "place": "1.",
                      "points": null,
                      "qualified": false,
                      "records": "",
                      "wind": null,
                      "remark": null,
                      "details": null,
                      "__typename": "CalendarResultsRaceResult"
                    },
                    {
                      "competitor": {
                        "teamMembers": null,
                        "id": "2vykd09756kyz27b1t50d",
                        "name": "William YIAMPOY",
                        "iaafId": 171921,
                        "urlSlug": "kenya/william-yiampoy-014210002",
                        "birthDate": "17 MAY 1974",
                        "hasProfile": true,
                        "__typename": "CalendarResultsCompetitor"
                      },
                      "mark": "1:50.14",
                      "nationality": "KEN",
                      "place": "2.",
                      "points": null,
                      "qualified": false,
                      "records": "",
                      "wind": null,
                      "remark": null,
                      "details": null,
                      "__typename": "CalendarResultsRaceResult"
                    },
                    {
                      "competitor": {
                        "teamMembers": null,
                        "id": "ta7d7h7u2bc1p5tfhlj2ce",
                        "name": "Djabir SAID-GUERNI",
                        "iaafId": 137299,
                        "urlSlug": "algeria/djabir-said-guerni-014180636",
                        "birthDate": "29 MAR 1977",
                        "hasProfile": true,
                        "__typename": "CalendarResultsCompetitor"
                      },
                      "mark": "1:50.16",
                      "nationality": "ALG",
                      "place": "3.",
                      "points": null,
                      "qualified": false,
                      "records": "",
                      "wind": null,
                      "remark": null,
                      "details": null,
                      "__typename": "CalendarResultsRaceResult"
                    },
                    {
                      "competitor": {
                        "teamMembers": null,
                        "id": "z7quj2quldsljd6gm9ld4",
                        "name": "Jason STEWART",
                        "iaafId": 176657,
                        "urlSlug": "new-zealand/jason-stewart-014215889",
                        "birthDate": "21 NOV 1981",
                        "hasProfile": true,
                        "__typename": "CalendarResultsCompetitor"
                      },
                      "mark": "1:50.35",
                      "nationality": "NZL",
                      "place": "4.",
                      "points": null,
                      "qualified": null,
                      "records": "",
                      "wind": null,
                      "remark": null,
                      "details": null,
                      "__typename": "CalendarResultsRaceResult"
                    },
                    {
                      "competitor": {
                        "teamMembers": null,
                        "id": "nznozoti676wmgf7ltpkl",
                        "name": "Dmitrijs MI\u013bKEVI\u010cS",
                        "iaafId": 187946,
                        "urlSlug": "latvia/dmitrijs-milkevics-14211025",
                        "birthDate": "06 DEC 1981",
                        "hasProfile": true,
                        "__typename": "CalendarResultsCompetitor"
                      },
                      "mark": "1:50.44",
                      "nationality": "LAT",
                      "place": "5.",
                      "points": null,
                      "qualified": null,
                      "records": "",
                      "wind": null,
                      "remark": null,
                      "details": null,
                      "__typename": "CalendarResultsRaceResult"
                    },
                    {
                      "competitor": {
                        "teamMembers": null,
                        "id": "j4ohvn9dplarr2ngz05ese",
                        "name": "Fabiano PECANHA",
                        "iaafId": 189277,
                        "urlSlug": "brazil/fabiano-pecanha-014175378",
                        "birthDate": "05 JUN 1982",
                        "hasProfile": true,
                        "__typename": "CalendarResultsCompetitor"
                      },
                      "mark": "1:50.89",
                      "nationality": "BRA",
                      "place": "6.",
                      "points": null,
                      "qualified": null,
                      "records": "",
                      "wind": null,
                      "remark": null,
                      "details": null,
                      "__typename": "CalendarResultsRaceResult"
                    },
                    {
                      "competitor": {
                        "teamMembers": null,
                        "id": "d44yqzyj7ups88eiq9eim8",
                        "name": "Paskar OWOR",
                        "iaafId": 135223,
                        "urlSlug": "uganda/paskar-owor-014229657",
                        "birthDate": "22 DEC 1980",
                        "hasProfile": true,
                        "__typename": "CalendarResultsCompetitor"
                      },
                      "mark": "1:51.72",
                      "nationality": "UGA",
                      "place": "7.",
                      "points": null,
                      "qualified": null,
                      "records": "",
                      "wind": null,
                      "remark": null,
                      "details": null,
                      "__typename": "CalendarResultsRaceResult"
                    },
                    {
                      "competitor": {
                        "teamMembers": null,
                        "id": "jog6dtq0pns72w12fyul4i",
                        "name": "Rodrigo TRINIDAD",
                        "iaafId": 194761,
                        "urlSlug": "paraguay/rodrigo-trinidad-014216122",
                        "birthDate": "27 SEP 1986",
                        "hasProfile": true,
                        "__typename": "CalendarResultsCompetitor"
                      },
                      "mark": "1:55.43",
                      "nationality": "PAR",
                      "place": "8.",
                      "points": null,
                      "qualified": null,
                      "records": "",
                      "wind": null,
                      "remark": null,
                      "details": null,
                      "__typename": "CalendarResultsRaceResult"
                    },
                    {
                      "competitor": {
                        "teamMembers": null,
                        "id": "hybqphkk1pc2yigynodsac",
                        "name": "Samwel MWERA",
                        "iaafId": 186431,
                        "urlSlug": "tanzania/samwel-mwera-014228379",
                        "birthDate": "03 JUN 1985",
                        "hasProfile": true,
                        "__typename": "CalendarResultsCompetitor"
                      },
                      "mark": "DQ",
                      "nationality": "TAN",
                      "place": "",
                      "points": null,
                      "qualified": null,
                      "records": "",
                      "wind": null,
                      "remark": null,
                      "details": null,
                      "__typename": "CalendarResultsRaceResult"
                    }
                  ],
                  "startList": null,
                  "wind": null,
                  "__typename": "CalendarResultsRace"
                },
                {
                  "date": "2005-08-11",
                  "day": 6,
                  "race": "Round 1 - Heat",
                  "raceId": 11,
                  "raceNumber": 4,
                  "results": [
                    {
                      "competitor": {
                        "teamMembers": null,
                        "id": "b0kqprbn34vmn15r30dsl",
                        "name": "Yusuf Saad KAMEL",
                        "iaafId": 195576,
                        "urlSlug": "bahrain/yusuf-saad-kamel-014175129",
                        "birthDate": "29 MAR 1983",
                        "hasProfile": true,
                        "__typename": "CalendarResultsCompetitor"
                      },
                      "mark": "1:47.65",
                      "nationality": "BRN",
                      "place": "1.",
                      "points": null,
                      "qualified": false,
                      "records": "",
                      "wind": null,
                      "remark": null,
                      "details": null,
                      "__typename": "CalendarResultsRaceResult"
                    },
                    {
                      "competitor": {
                        "teamMembers": null,
                        "id": "x642o8qdxdfo11a9mxndj",
                        "name": "David KRUMMENACKER",
                        "iaafId": 132048,
                        "urlSlug": "united-states/david-krummenacker-014243399",
                        "birthDate": "24 MAY 1975",
                        "hasProfile": true,
                        "__typename": "CalendarResultsCompetitor"
                      },
                      "mark": "1:47.82",
                      "nationality": "USA",
                      "place": "2.",
                      "points": null,
                      "qualified": false,
                      "records": "",
                      "wind": null,
                      "remark": null,
                      "details": null,
                      "__typename": "CalendarResultsRaceResult"
                    },
                    {
                      "competitor": {
                        "teamMembers": null,
                        "id": "q8ble2qe71vwhotpzteki",
                        "name": "Mouhssin CHEHIBI",
                        "iaafId": 170169,
                        "urlSlug": "morocco/mouhssin-chehibi-014211969",
                        "birthDate": "28 JAN 1978",
                        "hasProfile": true,
                        "__typename": "CalendarResultsCompetitor"
                      },
                      "mark": "1:48.17",
                      "nationality": "MAR",
                      "place": "3.",
                      "points": null,
                      "qualified": false,
                      "records": "",
                      "wind": null,
                      "remark": null,
                      "details": null,
                      "__typename": "CalendarResultsRaceResult"
                    },
                    {
                      "competitor": {
                        "teamMembers": null,
                        "id": "zoxgy43d3b1ylmtb8x3cu",
                        "name": "Alfred Kirwa YEGO",
                        "iaafId": 202385,
                        "urlSlug": "kenya/alfred-kirwa-yego-014209993",
                        "birthDate": "28 NOV 1986",
                        "hasProfile": true,
                        "__typename": "CalendarResultsCompetitor"
                      },
                      "mark": "1:48.72",
                      "nationality": "KEN",
                      "place": "4.",
                      "points": null,
                      "qualified": null,
                      "records": "",
                      "wind": null,
                      "remark": null,
                      "details": null,
                      "__typename": "CalendarResultsRaceResult"
                    },
                    {
                      "competitor": {
                        "teamMembers": null,
                        "id": "dwk0lapbn6hpo2b9gdjck",
                        "name": "Arnoud OKKEN",
                        "iaafId": 176655,
                        "urlSlug": "netherlands/arnoud-okken-014214233",
                        "birthDate": "20 APR 1982",
                        "hasProfile": true,
                        "__typename": "CalendarResultsCompetitor"
                      },
                      "mark": "1:48.95",
                      "nationality": "NED",
                      "place": "5.",
                      "points": null,
                      "qualified": null,
                      "records": "",
                      "wind": null,
                      "remark": null,
                      "details": null,
                      "__typename": "CalendarResultsRaceResult"
                    },
                    {
                      "competitor": {
                        "teamMembers": null,
                        "id": "huqfdncuklrl94txmms9jh",
                        "name": "Fadrique Ignacio IGLESIAS",
                        "iaafId": 177365,
                        "urlSlug": "bolivia/fadrique-ignacio-iglesias-014176380",
                        "birthDate": "12 OCT 1980",
                        "hasProfile": true,
                        "__typename": "CalendarResultsCompetitor"
                      },
                      "mark": "1:49.57",
                      "nationality": "BOL",
                      "place": "6.",
                      "points": null,
                      "qualified": null,
                      "records": "",
                      "wind": null,
                      "remark": null,
                      "details": null,
                      "__typename": "CalendarResultsRaceResult"
                    },
                    {
                      "competitor": {
                        "teamMembers": null,
                        "id": "f8owqqz03bh5vq6up05r7k",
                        "name": "Onalenna BALOYI",
                        "iaafId": 183568,
                        "urlSlug": "botswana/onalenna-baloyi-014176309",
                        "birthDate": "06 MAY 1984",
                        "hasProfile": true,
                        "__typename": "CalendarResultsCompetitor"
                      },
                      "mark": "1:50.18",
                      "nationality": "BOT",
                      "place": "7.",
                      "points": null,
                      "qualified": null,
                      "records": "",
                      "wind": null,
                      "remark": null,
                      "details": null,
                      "__typename": "CalendarResultsRaceResult"
                    },
                    {
                      "competitor": {
                        "teamMembers": null,
                        "id": "5l8ctn0adnuidf3bpjth5b",
                        "name": "Manuel OLMEDO",
                        "iaafId": 179927,
                        "urlSlug": "spain/manuel-olmedo-014165520",
                        "birthDate": "17 MAY 1983",
                        "hasProfile": true,
                        "__typename": "CalendarResultsCompetitor"
                      },
                      "mark": "DNF",
                      "nationality": "ESP",
                      "place": "",
                      "points": null,
                      "qualified": null,
                      "records": "",
                      "wind": null,
                      "remark": null,
                      "details": null,
                      "__typename": "CalendarResultsRaceResult"
                    }
                  ],
                  "startList": null,
                  "wind": null,
                  "__typename": "CalendarResultsRace"
                },
                {
                  "date": "2005-08-11",
                  "day": 6,
                  "race": "Round 1 - Heat",
                  "raceId": 11,
                  "raceNumber": 5,
                  "results": [
                    {
                      "competitor": {
                        "teamMembers": null,
                        "id": "itjcsuxz51jrmcw8fbmmnd",
                        "name": "Antonio Manuel REINA",
                        "iaafId": 133288,
                        "urlSlug": "spain/antonio-manuel-reina-014165281",
                        "birthDate": "13 JUN 1981",
                        "hasProfile": true,
                        "__typename": "CalendarResultsCompetitor"
                      },
                      "mark": "1:47.14",
                      "nationality": "ESP",
                      "place": "1.",
                      "points": null,
                      "qualified": false,
                      "records": "",
                      "wind": null,
                      "remark": null,
                      "details": null,
                      "__typename": "CalendarResultsRaceResult"
                    },
                    {
                      "competitor": {
                        "teamMembers": null,
                        "id": "fwfikrdh61sttubji5grt",
                        "name": "Gary REED",
                        "iaafId": 185139,
                        "urlSlug": "canada/gary-reed-014173596",
                        "birthDate": "25 OCT 1981",
                        "hasProfile": true,
                        "__typename": "CalendarResultsCompetitor"
                      },
                      "mark": "1:47.23",
                      "nationality": "CAN",
                      "place": "2.",
                      "points": null,
                      "qualified": false,
                      "records": "",
                      "wind": null,
                      "remark": null,
                      "details": null,
                      "__typename": "CalendarResultsRaceResult"
                    },
                    {
                      "competitor": {
                        "teamMembers": null,
                        "id": "rsvgoj7noapblvtd6f2j2o",
                        "name": "Amine LAALOU",
                        "iaafId": 170276,
                        "urlSlug": "morocco/amine-laalou-014212287",
                        "birthDate": "13 MAY 1982",
                        "hasProfile": true,
                        "__typename": "CalendarResultsCompetitor"
                      },
                      "mark": "1:47.62",
                      "nationality": "MAR",
                      "place": "3.",
                      "points": null,
                      "qualified": false,
                      "records": "",
                      "wind": null,
                      "remark": null,
                      "details": null,
                      "__typename": "CalendarResultsRaceResult"
                    },
                    {
                      "competitor": {
                        "teamMembers": null,
                        "id": "d7mybxjyy4bzt3r3xklx9c",
                        "name": "Andr\u00e9 BUCHER",
                        "iaafId": 20036,
                        "urlSlug": "switzerland/andre-bucher-14225866",
                        "birthDate": "19 OCT 1976",
                        "hasProfile": true,
                        "__typename": "CalendarResultsCompetitor"
                      },
                      "mark": "1:47.97",
                      "nationality": "SUI",
                      "place": "4.",
                      "points": null,
                      "qualified": null,
                      "records": "",
                      "wind": null,
                      "remark": null,
                      "details": null,
                      "__typename": "CalendarResultsRaceResult"
                    },
                    {
                      "competitor": {
                        "teamMembers": null,
                        "id": "o3svp432fpsrbnojvfgl",
                        "name": "Maurizio BOBBATO",
                        "iaafId": 135141,
                        "urlSlug": "italy/maurizio-bobbato-014199652",
                        "birthDate": "17 FEB 1979",
                        "hasProfile": true,
                        "__typename": "CalendarResultsCompetitor"
                      },
                      "mark": "1:48.36",
                      "nationality": "ITA",
                      "place": "5.",
                      "points": null,
                      "qualified": null,
                      "records": "",
                      "wind": null,
                      "remark": null,
                      "details": null,
                      "__typename": "CalendarResultsRaceResult"
                    },
                    {
                      "competitor": {
                        "teamMembers": null,
                        "id": "i9qfep70ideesin0w2v1g",
                        "name": "Juha KUKKAMO",
                        "iaafId": 131627,
                        "urlSlug": "finland/juha-kukkamo-014182115",
                        "birthDate": "01 APR 1976",
                        "hasProfile": true,
                        "__typename": "CalendarResultsCompetitor"
                      },
                      "mark": "1:48.69",
                      "nationality": "FIN",
                      "place": "6.",
                      "points": null,
                      "qualified": null,
                      "records": "",
                      "wind": null,
                      "remark": null,
                      "details": null,
                      "__typename": "CalendarResultsRaceResult"
                    },
                    {
                      "competitor": {
                        "teamMembers": null,
                        "id": "fnvyk1n5bsi1w45rwmcr51",
                        "name": "Sherridan KIRK",
                        "iaafId": 180403,
                        "urlSlug": "trinidad-and-tobago/sherridan-kirk-014229035",
                        "birthDate": "11 FEB 1981",
                        "hasProfile": true,
                        "__typename": "CalendarResultsCompetitor"
                      },
                      "mark": "1:48.77",
                      "nationality": "TTO",
                      "place": "7.",
                      "points": null,
                      "qualified": null,
                      "records": "",
                      "wind": null,
                      "remark": null,
                      "details": null,
                      "__typename": "CalendarResultsRaceResult"
                    },
                    {
                      "competitor": {
                        "teamMembers": null,
                        "id": "e9w36bff6hdjanj663z3fs",
                        "name": "Prince MUMBA",
                        "iaafId": 185195,
                        "urlSlug": "zambia/prince-mumba-014256437",
                        "birthDate": "28 AUG 1984",
                        "hasProfile": true,
                        "__typename": "CalendarResultsCompetitor"
                      },
                      "mark": "1:49.10",
                      "nationality": "ZAM",
                      "place": "8.",
                      "points": null,
                      "qualified": null,
                      "records": "",
                      "wind": null,
                      "remark": null,
                      "details": null,
                      "__typename": "CalendarResultsRaceResult"
                    }
                  ],
                  "startList": null,
                  "wind": null,
                  "__typename": "CalendarResultsRace"
                },
                {
                  "date": "2005-08-11",
                  "day": 6,
                  "race": "Round 1 - Heat",
                  "raceId": 11,
                  "raceNumber": 6,
                  "results": [
                    {
                      "competitor": {
                        "teamMembers": null,
                        "id": "pldw34fnjfqv94teyxj2t9",
                        "name": "Belal Mansoor ALI",
                        "iaafId": 205807,
                        "urlSlug": "bahrain/belal-mansoor-ali-014175141",
                        "birthDate": "17 OCT 1988",
                        "hasProfile": true,
                        "__typename": "CalendarResultsCompetitor"
                      },
                      "mark": "1:47.16",
                      "nationality": "BRN",
                      "place": "1.",
                      "points": null,
                      "qualified": false,
                      "records": "",
                      "wind": null,
                      "remark": null,
                      "details": null,
                      "__typename": "CalendarResultsRaceResult"
                    },
                    {
                      "competitor": {
                        "teamMembers": null,
                        "id": "byv2upd7mdcr36ublbk18g",
                        "name": "Sadjad MORADI",
                        "iaafId": 190521,
                        "urlSlug": "islamic-republic-of-iran/sadjad-moradi-014198682",
                        "birthDate": "30 MAR 1983",
                        "hasProfile": true,
                        "__typename": "CalendarResultsCompetitor"
                      },
                      "mark": "1:47.18",
                      "nationality": "IRI",
                      "place": "2.",
                      "points": null,
                      "qualified": false,
                      "records": "",
                      "wind": null,
                      "remark": null,
                      "details": null,
                      "__typename": "CalendarResultsRaceResult"
                    },
                    {
                      "competitor": {
                        "teamMembers": null,
                        "id": "ctpfnfjtwokmoacfpf3mwo",
                        "name": "Mohammed Obaid AL SALHI",
                        "iaafId": 195970,
                        "urlSlug": "saudi-arabia/mohammed-obaid-al-salhi-014210679",
                        "birthDate": "11 MAY 1986",
                        "hasProfile": true,
                        "__typename": "CalendarResultsCompetitor"
                      },
                      "mark": "1:47.27",
                      "nationality": "KSA",
                      "place": "3.",
                      "points": null,
                      "qualified": false,
                      "records": "",
                      "wind": null,
                      "remark": null,
                      "details": null,
                      "__typename": "CalendarResultsRaceResult"
                    },
                    {
                      "competitor": {
                        "teamMembers": null,
                        "id": "vn1nea3madnlgcnqklsh8l",
                        "name": "Eugenio BARRIOS",
                        "iaafId": 131594,
                        "urlSlug": "spain/eugenio-barrios-014167117",
                        "birthDate": "03 NOV 1976",
                        "hasProfile": true,
                        "__typename": "CalendarResultsCompetitor"
                      },
                      "mark": "1:47.53",
                      "nationality": "ESP",
                      "place": "4.",
                      "points": null,
                      "qualified": false,
                      "records": "",
                      "wind": null,
                      "remark": null,
                      "details": null,
                      "__typename": "CalendarResultsRaceResult"
                    },
                    {
                      "competitor": {
                        "teamMembers": null,
                        "id": "qa2g8vl2hxvad98oszc5c",
                        "name": "Achraf TADILI",
                        "iaafId": 184814,
                        "urlSlug": "canada/achraf-tadili-014173417",
                        "birthDate": "08 JUL 1980",
                        "hasProfile": true,
                        "__typename": "CalendarResultsCompetitor"
                      },
                      "mark": "1:48.42",
                      "nationality": "CAN",
                      "place": "5.",
                      "points": null,
                      "qualified": null,
                      "records": "",
                      "wind": null,
                      "remark": null,
                      "details": null,
                      "__typename": "CalendarResultsRaceResult"
                    },
                    {
                      "competitor": {
                        "teamMembers": null,
                        "id": "j3smchsf1uiw4ompfjo91o",
                        "name": "Rizak DIRSHE",
                        "iaafId": 173104,
                        "urlSlug": "sweden/rizak-dirshe-014227465",
                        "birthDate": "05 JAN 1972",
                        "hasProfile": true,
                        "__typename": "CalendarResultsCompetitor"
                      },
                      "mark": "1:48.43",
                      "nationality": "SWE",
                      "place": "6.",
                      "points": null,
                      "qualified": null,
                      "records": "",
                      "wind": null,
                      "remark": null,
                      "details": null,
                      "__typename": "CalendarResultsRaceResult"
                    },
                    {
                      "competitor": {
                        "teamMembers": null,
                        "id": "gmvdeka59yojo6xoyyta",
                        "name": "Kevin HICKS",
                        "iaafId": 200627,
                        "urlSlug": "united-states/kevin-hicks-014240676",
                        "birthDate": "07 NOV 1984",
                        "hasProfile": true,
                        "__typename": "CalendarResultsCompetitor"
                      },
                      "mark": "1:50.00",
                      "nationality": "USA",
                      "place": "7.",
                      "points": null,
                      "qualified": null,
                      "records": "",
                      "wind": null,
                      "remark": null,
                      "details": null,
                      "__typename": "CalendarResultsRaceResult"
                    },
                    {
                      "competitor": {
                        "teamMembers": null,
                        "id": "6wkfir4kuwyd49bv7g3w6o",
                        "name": "Majed Saeed SULTAN",
                        "iaafId": 202279,
                        "urlSlug": "qatar/majed-saeed-sultan-014219116",
                        "birthDate": "03 NOV 1986",
                        "hasProfile": true,
                        "__typename": "CalendarResultsCompetitor"
                      },
                      "mark": "DQ",
                      "nationality": "QAT",
                      "place": "",
                      "points": null,
                      "qualified": null,
                      "records": "",
                      "wind": null,
                      "remark": null,
                      "details": null,
                      "__typename": "CalendarResultsRaceResult"
                    }
                  ],
                  "startList": null,
                  "wind": null,
                  "__typename": "CalendarResultsRace"
                }
              ],
              "__typename": "CalendarResultsEvent"
            }
          ],
          "__typename": "CalendarResultsEventTitle"
        }
      ],
      "options": {
        "days": [
          {
            "date": "06 AUG 2005",
            "day": 1,
            "__typename": "CalendarResultsOptionsDay"
          },
          {
            "date": "07 AUG 2005",
            "day": 2,
            "__typename": "CalendarResultsOptionsDay"
          },
          {
            "date": "08 AUG 2005",
            "day": 3,
            "__typename": "CalendarResultsOptionsDay"
          },
          {
            "date": "09 AUG 2005",
            "day": 4,
            "__typename": "CalendarResultsOptionsDay"
          },
          {
            "date": "10 AUG 2005",
            "day": 5,
            "__typename": "CalendarResultsOptionsDay"
          },
          {
            "date": "11 AUG 2005",
            "day": 6,
            "__typename": "CalendarResultsOptionsDay"
          },
          {
            "date": "12 AUG 2005",
            "day": 7,
            "__typename": "CalendarResultsOptionsDay"
          },
          {
            "date": "13 AUG 2005",
            "day": 8,
            "__typename": "CalendarResultsOptionsDay"
          },
          {
            "date": "14 AUG 2005",
            "day": 9,
            "__typename": "CalendarResultsOptionsDay"
          }
        ],
        "events": [
          {
            "gender": "W",
            "id": 10229509,
            "name": "Women's 100 Metres",
            "combined": null,
            "__typename": "CalendarResultsOptionEvent"
          },
          {
            "gender": "W",
            "id": 10229510,
            "name": "Women's 200 Metres",
            "combined": null,
            "__typename": "CalendarResultsOptionEvent"
          },
          {
            "gender": "W",
            "id": 10229511,
            "name": "Women's 400 Metres",
            "combined": null,
            "__typename": "CalendarResultsOptionEvent"
          },
          {
            "gender": "W",
            "id": 10229512,
            "name": "Women's 800 Metres",
            "combined": null,
            "__typename": "CalendarResultsOptionEvent"
          },
          {
            "gender": "W",
            "id": 10229513,
            "name": "Women's 1500 Metres",
            "combined": null,
            "__typename": "CalendarResultsOptionEvent"
          },
          {
            "gender": "W",
            "id": 10229514,
            "name": "Women's 5000 Metres",
            "combined": null,
            "__typename": "CalendarResultsOptionEvent"
          },
          {
            "gender": "W",
            "id": 10229521,
            "name": "Women's 10,000 Metres",
            "combined": null,
            "__typename": "CalendarResultsOptionEvent"
          },
          {
            "gender": "W",
            "id": 10229522,
            "name": "Women's 100 Metres Hurdles",
            "combined": null,
            "__typename": "CalendarResultsOptionEvent"
          },
          {
            "gender": "W",
            "id": 10229523,
            "name": "Women's 400 Metres Hurdles",
            "combined": null,
            "__typename": "CalendarResultsOptionEvent"
          },
          {
            "gender": "W",
            "id": 10229524,
            "name": "Women's 3000 Metres Steeplechase",
            "combined": null,
            "__typename": "CalendarResultsOptionEvent"
          },
          {
            "gender": "W",
            "id": 10230056,
            "name": "Women's 200m Visually Impaired",
            "combined": null,
            "__typename": "CalendarResultsOptionEvent"
          },
          {
            "gender": "W",
            "id": 10229526,
            "name": "Women's High Jump",
            "combined": null,
            "__typename": "CalendarResultsOptionEvent"
          },
          {
            "gender": "W",
            "id": 10229527,
            "name": "Women's Pole Vault",
            "combined": null,
            "__typename": "CalendarResultsOptionEvent"
          },
          {
            "gender": "W",
            "id": 10229528,
            "name": "Women's Long Jump",
            "combined": null,
            "__typename": "CalendarResultsOptionEvent"
          },
          {
            "gender": "W",
            "id": 10229529,
            "name": "Women's Triple Jump",
            "combined": null,
            "__typename": "CalendarResultsOptionEvent"
          },
          {
            "gender": "W",
            "id": 10229530,
            "name": "Women's Shot Put",
            "combined": null,
            "__typename": "CalendarResultsOptionEvent"
          },
          {
            "gender": "W",
            "id": 10229531,
            "name": "Women's Discus Throw",
            "combined": null,
            "__typename": "CalendarResultsOptionEvent"
          },
          {
            "gender": "W",
            "id": 10229532,
            "name": "Women's Hammer Throw",
            "combined": null,
            "__typename": "CalendarResultsOptionEvent"
          },
          {
            "gender": "W",
            "id": 10229533,
            "name": "Women's Javelin Throw",
            "combined": null,
            "__typename": "CalendarResultsOptionEvent"
          },
          {
            "gender": "W",
            "id": 10229542,
            "name": "Women's 25 Kilometres Road",
            "combined": null,
            "__typename": "CalendarResultsOptionEvent"
          },
          {
            "gender": "W",
            "id": 10229543,
            "name": "Women's 30 Kilometres Road",
            "combined": null,
            "__typename": "CalendarResultsOptionEvent"
          },
          {
            "gender": "W",
            "id": 10229534,
            "name": "Women's Marathon",
            "combined": null,
            "__typename": "CalendarResultsOptionEvent"
          },
          {
            "gender": "W",
            "id": 10229535,
            "name": "Women's 20 Kilometres Race Walk",
            "combined": null,
            "__typename": "CalendarResultsOptionEvent"
          },
          {
            "gender": "W",
            "id": 10229536,
            "name": "Women's Heptathlon",
            "combined": true,
            "__typename": "CalendarResultsOptionEvent"
          },
          {
            "gender": "W",
            "id": 204594,
            "name": "Women's 4x100 Metres Relay",
            "combined": null,
            "__typename": "CalendarResultsOptionEvent"
          },
          {
            "gender": "W",
            "id": 204596,
            "name": "Women's 4x400 Metres Relay",
            "combined": null,
            "__typename": "CalendarResultsOptionEvent"
          },
          {
            "gender": "M",
            "id": 10229630,
            "name": "Men's 100 Metres",
            "combined": null,
            "__typename": "CalendarResultsOptionEvent"
          },
          {
            "gender": "M",
            "id": 10229605,
            "name": "Men's 200 Metres",
            "combined": null,
            "__typename": "CalendarResultsOptionEvent"
          },
          {
            "gender": "M",
            "id": 10229631,
            "name": "Men's 400 Metres",
            "combined": null,
            "__typename": "CalendarResultsOptionEvent"
          },
          {
            "gender": "M",
            "id": 10229501,
            "name": "Men's 800 Metres",
            "combined": null,
            "__typename": "CalendarResultsOptionEvent"
          },
          {
            "gender": "M",
            "id": 10229502,
            "name": "Men's 1500 Metres",
            "combined": null,
            "__typename": "CalendarResultsOptionEvent"
          },
          {
            "gender": "M",
            "id": 10229609,
            "name": "Men's 5000 Metres",
            "combined": null,
            "__typename": "CalendarResultsOptionEvent"
          },
          {
            "gender": "M",
            "id": 10229610,
            "name": "Men's 10,000 Metres",
            "combined": null,
            "__typename": "CalendarResultsOptionEvent"
          },
          {
            "gender": "M",
            "id": 10229611,
            "name": "Men's 110 Metres Hurdles",
            "combined": null,
            "__typename": "CalendarResultsOptionEvent"
          },
          {
            "gender": "M",
            "id": 10229612,
            "name": "Men's 400 Metres Hurdles",
            "combined": null,
            "__typename": "CalendarResultsOptionEvent"
          },
          {
            "gender": "M",
            "id": 10229614,
            "name": "Men's 3000 Metres Steeplechase",
            "combined": null,
            "__typename": "CalendarResultsOptionEvent"
          },
          {
            "gender": "M",
            "id": 10230037,
            "name": "Men's 100m Wheelchair",
            "combined": null,
            "__typename": "CalendarResultsOptionEvent"
          },
          {
            "gender": "M",
            "id": 10230038,
            "name": "Men's 200m Wheelchair",
            "combined": null,
            "__typename": "CalendarResultsOptionEvent"
          },
          {
            "gender": "M",
            "id": 10229615,
            "name": "Men's High Jump",
            "combined": null,
            "__typename": "CalendarResultsOptionEvent"
          },
          {
            "gender": "M",
            "id": 10229616,
            "name": "Men's Pole Vault",
            "combined": null,
            "__typename": "CalendarResultsOptionEvent"
          },
          {
            "gender": "M",
            "id": 10229617,
            "name": "Men's Long Jump",
            "combined": null,
            "__typename": "CalendarResultsOptionEvent"
          },
          {
            "gender": "M",
            "id": 10229618,
            "name": "Men's Triple Jump",
            "combined": null,
            "__typename": "CalendarResultsOptionEvent"
          },
          {
            "gender": "M",
            "id": 10229619,
            "name": "Men's Shot Put",
            "combined": null,
            "__typename": "CalendarResultsOptionEvent"
          },
          {
            "gender": "M",
            "id": 10229620,
            "name": "Men's Discus Throw",
            "combined": null,
            "__typename": "CalendarResultsOptionEvent"
          },
          {
            "gender": "M",
            "id": 10229621,
            "name": "Men's Hammer Throw",
            "combined": null,
            "__typename": "CalendarResultsOptionEvent"
          },
          {
            "gender": "M",
            "id": 10229636,
            "name": "Men's Javelin Throw",
            "combined": null,
            "__typename": "CalendarResultsOptionEvent"
          },
          {
            "gender": "M",
            "id": 10230042,
            "name": "Men's Javelin Throw Wheelchair",
            "combined": null,
            "__typename": "CalendarResultsOptionEvent"
          },
          {
            "gender": "M",
            "id": 10229634,
            "name": "Men's Marathon",
            "combined": null,
            "__typename": "CalendarResultsOptionEvent"
          },
          {
            "gender": "M",
            "id": 10229508,
            "name": "Men's 20 Kilometres Race Walk",
            "combined": null,
            "__typename": "CalendarResultsOptionEvent"
          },
          {
            "gender": "M",
            "id": 10229628,
            "name": "Men's 50 Kilometres Race Walk",
            "combined": null,
            "__typename": "CalendarResultsOptionEvent"
          },
          {
            "gender": "M",
            "id": 10229629,
            "name": "Men's Decathlon",
            "combined": true,
            "__typename": "CalendarResultsOptionEvent"
          },
          {
            "gender": "M",
            "id": 204593,
            "name": "Men's 4x100 Metres Relay",
            "combined": null,
            "__typename": "CalendarResultsOptionEvent"
          },
          {
            "gender": "M",
            "id": 204595,
            "name": "Men's 4x400 Metres Relay",
            "combined": null,
            "__typename": "CalendarResultsOptionEvent"
          }
        ],
        "__typename": "CalendarResultsOptions"
      },
      "parameters": {
        "competitionId": 6937596,
        "day": null,
        "eventId": 10229501,
        "__typename": "CalendarResultsParameters"
      },
      "__typename": "CalendarCompetitionResults"
    }
  }
}