{
  "data": {
    "getCalendarCompetitionResults": {
      "competition": {
        "dateRange": "21\u201329 AUG 1999",
        "endDate": "1999-08-29",
        "name": "IAAF World Championships",
        "rankingCategory": "OW",
        "startDate": "1999-08-21",
        "venue": "La Cartuja, Sevilla (ESP)",
        "__typename": "CalendarResultsCompetition"
      },
      "eventTitles": [
        {
          "rankingCategory": "OW",
          "eventTitle": null,
          "events": [
            {
              "event": "Women's 1500 Metres",
              "eventId": 10229513,
              "gender": "W",
              "isRelay": false,
              "perResultWind": false,
              "withWind": false,
              "summary": null,
              "races": [
                {
                  "date": "1999-08-29",
                  "day": 9,
                  "race": "Final",
                  "raceId": 10,
                  "raceNumber": 0,
                  "results": [
                    {
                      "competitor": {
                        "teamMembers": null,
                        "id": "9h9nntturjipe4kj5g9yz",
                        "name": "Svetlana MASTERKOVA",
                        "iaafId": 62743,
                        "urlSlug": "russia/svetlana-masterkova-014298569",
                        "birthDate": "17 JAN 1968",
                        "hasProfile": true,
                        "__typename": "CalendarResultsCompetitor"
                      },
                      "mark": "3:59.53",
                      "nationality": "RUS",
                      "place": "1.",
                      "points": null,
                      "qualified": null,
                      "records": "",
                      "wind": null,
                      "remark": null,
                      "details": null,
                      "__typename": "CalendarResultsRaceResult"
                    },
                    {
                      "competitor": {
                        "teamMembers": null,
                        "id": "u5te70q49tf9uy72hpsj3q",
                        "name": "Regina JACOBS",
                        "iaafId": 60848,
                        "urlSlug": "united-states/regina-jacobs-014313432",
                        "birthDate": "28 AUG 1963",
                        "hasProfile": true,
                        "__typename": "CalendarResultsCompetitor"
                      },
                      "mark": "4:00.35",
                      "nationality": "USA",
                      "place": "2.",
                      "points": null,
                      "qualified": null,
                      "records": "",
                      "wind": null,
                      "remark": null,
                      "details": null,
                      "__typename": "CalendarResultsRaceResult"
                    },
                    {
                      "competitor": {
                        "teamMembers": null,
                        "id": "umdkmstkilias9dhve683n",
                        "name": "Kutre DULECHA",
                        "iaafId": 76249,
                        "urlSlug": "ethiopia/kutre-dulecha-014259869",
                        "birthDate": "22 AUG 1978",
                        "hasProfile": true,
                        "__typename": "CalendarResultsCompetitor"
                      },
                      "mark": "4:00.96",
                      "nationality": "ETH",
                      "place": "3.",
                      "points": null,
                      "qualified": null,
                      "records": "",
                      "wind": null,
                      "remark": null,
                      "details": null,
                      "__typename": "CalendarResultsRaceResult"
                    },
                    {
                      "competitor": {
                        "teamMembers": null,
                        "id": "nx0l0rpf87qvt3w1gj94yk",
                        "name": "Violeta BECLEA-SZEKELY",
                        "iaafId": 60138,
                        "urlSlug": "romania/violeta-beclea-szekely-014295428",
                        "birthDate": "26 MAR 1965",
                        "hasProfile": true,
                        "__typename": "CalendarResultsCompetitor"
                      },
                      "mark": "4:00.98",
                      "nationality": "ROU",
                      "place": "4.",
                      "points": null,
                      "qualified": null,
                      "records": "",
                      "wind": null,
                      "remark": null,
                      "details": null,
                      "__typename": "CalendarResultsRaceResult"
                    },
                    {
                      "competitor": {
                        "teamMembers": null,
                        "id": "f0k7s4r0uqoehh7uhsych",
                        "name": "Carla SACRAMENTO",
                        "iaafId": 61644,
                        "urlSlug": "portugal/carla-sacramento-014295074",
                        "birthDate": "10 DEC 1971",
                        "hasProfile": true,
                        "__typename": "CalendarResultsCompetitor"
                      },
                      "mark": "4:01.29",
                      "nationality": "POR",
                      "place": "5.",
                      "points": null,
                      "qualified": null,
                      "records": "",
                      "wind": null,
                      "remark": null,
                      "details": null,
                      "__typename": "CalendarResultsRaceResult"
                    },
                    {
                      "competitor": {
                        "teamMembers": null,
                        "id": "lmgs7zgkbfsjd0kbbo6t",
                        "name": "Elena BUH\u0102IANU-ANTOCI",
                        "iaafId": 137544,
                        "urlSlug": "romania/elena-buhaianu-antoci-014295463",
                        "birthDate": "16 JAN 1975",
                        "hasProfile": true,
                        "__typename": "CalendarResultsCompetitor"
                      },
                      "mark": "4:04.27",
                      "nationality": "ROU",
                      "place": "6.",
                      "points": null,
                      "qualified": null,
                      "records": "",
                      "wind": null,
                      "remark": null,
                      "details": null,
                      "__typename": "CalendarResultsRaceResult"
                    },
                    {
                      "competitor": {
                        "teamMembers": null,
                        "id": "d8cjavhh23hv5i6zrs0x59",
                        "name": "Anna JAKUBCZAK",
                        "iaafId": 71089,
                        "urlSlug": "poland/anna-jakubczak-014293747",
                        "birthDate": "02 FEB 1973",
                        "hasProfile": true,
                        "__typename": "CalendarResultsCompetitor"
                      },
                      "mark": "4:04.40",
                      "nationality": "POL",
                      "place": "7.",
                      "points": null,
                      "qualified": null,
                      "records": "",
                      "wind": null,
                      "remark": null,
                      "details": null,
                      "__typename": "CalendarResultsRaceResult"
                    },
                    {
                      "competitor": {
                        "teamMembers": null,
                        "id": "t2rpjx9y6u7yhqqo4uss7",
                        "name": "Ana Amelia MEN\u00c9NDEZ",
                        "iaafId": 75069,
                        "urlSlug": "spain/ana-amelia-menendez-014260996",
                        "birthDate": "17 MAR 1972",
                        "hasProfile": true,
                        "__typename": "CalendarResultsCompetitor"
                      },
                      "mark": "4:04.72",
                      "nationality": "ESP",
                      "place": "8.",
                      "points": null,
                      "qualified": null,
                      "records": "",
                      "wind": null,
                      "remark": null,
                      "details": null,
                      "__typename": "CalendarResultsRaceResult"
                    },
                    {
                      "competitor": {
                        "teamMembers": null,
                        "id": "87n1qweexurxk8zcx0eay",
                        "name": "Lidia CHOJECKA",
                        "iaafId": 110286,
                        "urlSlug": "poland/lidia-chojecka-014293498",
                        "birthDate": "25 JAN 1977",
                        "hasProfile": true,
                        "__typename": "CalendarResultsCompetitor"
                      },
                      "mark": "4:05.55",
                      "nationality": "POL",
                      "place": "9.",
                      "points": null,
                      "qualified": null,
                      "records": "",
                      "wind": null,
                      "remark": null,
                      "details": null,
                      "__typename": "CalendarResultsRaceResult"
                    },
                    {
                      "competitor": {
                        "teamMembers": null,
                        "id": "del349dq60kl6sy1jt1go9",
                        "name": "Marla RUNYAN",
                        "iaafId": 139492,
                        "urlSlug": "united-states/marla-runyan-014320395",
                        "birthDate": "04 JAN 1969",
                        "hasProfile": true,
                        "__typename": "CalendarResultsCompetitor"
                      },
                      "mark": "4:06.45",
                      "nationality": "USA",
                      "place": "10.",
                      "points": null,
                      "qualified": null,
                      "records": "",
                      "wind": null,
                      "remark": null,
                      "details": null,
                      "__typename": "CalendarResultsRaceResult"
                    },
                    {
                      "competitor": {
                        "teamMembers": null,
                        "id": "g7hbmxgvtd44c375lw2sye",
                        "name": "Jackline MARANGA",
                        "iaafId": 67989,
                        "urlSlug": "kenya/jackline-maranga-014289260",
                        "birthDate": "16 DEC 1977",
                        "hasProfile": true,
                        "__typename": "CalendarResultsCompetitor"
                      },
                      "mark": "4:07.28",
                      "nationality": "KEN",
                      "place": "11.",
                      "points": null,
                      "qualified": null,
                      "records": "",
                      "wind": null,
                      "remark": null,
                      "details": null,
                      "__typename": "CalendarResultsRaceResult"
                    },
                    {
                      "competitor": {
                        "teamMembers": null,
                        "id": "ojux43pv0jm0c70rjgvq8k",
                        "name": "Anita WEYERMANN",
                        "iaafId": 110241,
                        "urlSlug": "switzerland/anita-weyermann-014301320",
                        "birthDate": "08 DEC 1977",
                        "hasProfile": true,
                        "__typename": "CalendarResultsCompetitor"
                      },
                      "mark": "4:17.86",
                      "nationality": "SUI",
                      "place": "12.",
                      "points": null,
                      "qualified": null,
                      "records": "",
                      "wind": null,
                      "remark": null,
                      "details": null,
                      "__typename": "CalendarResultsRaceResult"
                    }
                  ],
                  "startList": null,
                  "wind": null,
                  "__typename": "CalendarResultsRace"
                },
                {
                  "date": "1999-08-27",
                  "day": 7,
                  "race": "Round 1 - Heat",
                  "raceId": 11,
                  "raceNumber": 1,
                  "results": [
                    {
                      "competitor": {
                        "teamMembers": null,
                        "id": "wkhqxb2jdlcl3ad5rp438r",
                        "name": "Violeta BECLEA-SZEKELY",
                        "iaafId": 60138,
                        "urlSlug": "romania/violeta-beclea-szekely-014295428",
                        "birthDate": "26 MAR 1965",
                        "hasProfile": true,
                        "__typename": "CalendarResultsCompetitor"
                      },
                      "mark": "4:05.00",
                      "nationality": "ROU",
                      "place": "1.",
                      "points": null,
                      "qualified": false,
                      "records": "",
                      "wind": null,
                      "remark": null,
                      "details": null,
                      "__typename": "CalendarResultsRaceResult"
                    },
                    {
                      "competitor": {
                        "teamMembers": null,
                        "id": "s3xrx54i6ioav7zvuz34lg",
                        "name": "Ana Amelia MEN\u00c9NDEZ",
                        "iaafId": 75069,
                        "urlSlug": "spain/ana-amelia-menendez-014260996",
                        "birthDate": "17 MAR 1972",
                        "hasProfile": true,
                        "__typename": "CalendarResultsCompetitor"
                      },
                      "mark": "4:05.21",
                      "nationality": "ESP",
                      "place": "2.",
                      "points": null,
                      "qualified": null,
                      "records": "",
                      "wind": null,
                      "remark": null,
                      "details": null,
                      "__typename": "CalendarResultsRaceResult"
                    },
                    {
                      "competitor": {
                        "teamMembers": null,
                        "id": "uceshbc0wlggo43xyam1t",
                        "name": "Carla SACRAMENTO",
                        "iaafId": 61644,
                        "urlSlug": "portugal/carla-sacramento-014295074",
                        "birthDate": "10 DEC 1971",
                        "hasProfile": true,
                        "__typename": "CalendarResultsCompetitor"
                      },
                      "mark": "4:05.21",
                      "nationality": "POR",
                      "place": "3.",
                      "points": null,
                      "qualified": false,
                      "records": "",
                      "wind": null,
                      "remark": null,
                      "details": null,
                      "__typename": "CalendarResultsRaceResult"
                    },
                    {
                      "competitor": {
                        "teamMembers": null,
                        "id": "a6r32q3jdmaxtlh5mlfv1n",
                        "name": "Marla RUNYAN",
                        "iaafId": 139492,
                        "urlSlug": "united-states/marla-runyan-014320395",
                        "birthDate": "04 JAN 1969",
                        "hasProfile": true,
                        "__typename": "CalendarResultsCompetitor"
                      },
                      "mark": "4:05.27",
                      "nationality": "USA",
                      "place": "4.",
                      "points": null,
                      "qualified": null,
                      "records": "",
                      "wind": null,
                      "remark": null,
                      "details": null,
                      "__typename": "CalendarResultsRaceResult"
                    },
                    {
                      "competitor": {
                        "teamMembers": null,
                        "id": "e4mkg2vi9vl5dce5ms8hjb",
                        "name": "Anna JAKUBCZAK",
                        "iaafId": 71089,
                        "urlSlug": "poland/anna-jakubczak-014293747",
                        "birthDate": "02 FEB 1973",
                        "hasProfile": true,
                        "__typename": "CalendarResultsCompetitor"
                      },
                      "mark": "4:05.71",
                      "nationality": "POL",
                      "place": "5.",
                      "points": null,
                      "qualified": null,
                      "records": "",
                      "wind": null,
                      "remark": null,
                      "details": null,
                      "__typename": "CalendarResultsRaceResult"
                    },
                    {
                      "competitor": {
                        "teamMembers": null,
                        "id": "yfirsb4b348ibck1vg14sf",
                        "name": "Hayley PARRY-TULLETT",
                        "iaafId": 110275,
                        "urlSlug": "great-britain-ni/hayley-parry-tullett-014276021",
                        "birthDate": "17 FEB 1973",
                        "hasProfile": true,
                        "__typename": "CalendarResultsCompetitor"
                      },
                      "mark": "4:05.72",
                      "nationality": "GBR",
                      "place": "6.",
                      "points": null,
                      "qualified": null,
                      "records": "",
                      "wind": null,
                      "remark": null,
                      "details": null,
                      "__typename": "CalendarResultsRaceResult"
                    },
                    {
                      "competitor": {
                        "teamMembers": null,
                        "id": "k6a1m8imgxkasyo7js70l",
                        "name": "Olga NELYUBOVA",
                        "iaafId": 61365,
                        "urlSlug": "russia/olga-nelyubova-014298722",
                        "birthDate": "12 JUL 1964",
                        "hasProfile": true,
                        "__typename": "CalendarResultsCompetitor"
                      },
                      "mark": "4:06.01",
                      "nationality": "RUS",
                      "place": "7.",
                      "points": null,
                      "qualified": null,
                      "records": "",
                      "wind": null,
                      "remark": null,
                      "details": null,
                      "__typename": "CalendarResultsRaceResult"
                    },
                    {
                      "competitor": {
                        "teamMembers": null,
                        "id": "3rbarf6sdaawmwwycy00p9",
                        "name": "Nouria M\u00c9RAH-BENIDA",
                        "iaafId": 76015,
                        "urlSlug": "algeria/nouria-merah-benida-014272784",
                        "birthDate": "19 OCT 1970",
                        "hasProfile": true,
                        "__typename": "CalendarResultsCompetitor"
                      },
                      "mark": "4:08.90",
                      "nationality": "ALG",
                      "place": "9.",
                      "points": null,
                      "qualified": null,
                      "records": "",
                      "wind": null,
                      "remark": null,
                      "details": null,
                      "__typename": "CalendarResultsRaceResult"
                    },
                    {
                      "competitor": {
                        "teamMembers": null,
                        "id": "bmg7zi1xc9px8rcmaazsb",
                        "name": "Nuria FERN\u00c1NDEZ",
                        "iaafId": 75070,
                        "urlSlug": "spain/nuria-fernandez-014261624",
                        "birthDate": "16 AUG 1976",
                        "hasProfile": true,
                        "__typename": "CalendarResultsCompetitor"
                      },
                      "mark": "4:09.39",
                      "nationality": "ESP",
                      "place": "10.",
                      "points": null,
                      "qualified": null,
                      "records": "",
                      "wind": null,
                      "remark": null,
                      "details": null,
                      "__typename": "CalendarResultsRaceResult"
                    },
                    {
                      "competitor": {
                        "teamMembers": null,
                        "id": "u50juf78bapxm4f8ylkxq",
                        "name": "Leah PELLS",
                        "iaafId": 61478,
                        "urlSlug": "canada/leah-pells-014267395",
                        "birthDate": "09 NOV 1964",
                        "hasProfile": true,
                        "__typename": "CalendarResultsCompetitor"
                      },
                      "mark": "4:10.76",
                      "nationality": "CAN",
                      "place": "11.",
                      "points": null,
                      "qualified": null,
                      "records": "",
                      "wind": null,
                      "remark": null,
                      "details": null,
                      "__typename": "CalendarResultsRaceResult"
                    },
                    {
                      "competitor": {
                        "teamMembers": null,
                        "id": "jsl4q9p8ovh0gphwc95hhs",
                        "name": "Judit VARGA",
                        "iaafId": 70723,
                        "urlSlug": "hungary/judit-varga-014282595",
                        "birthDate": "16 APR 1976",
                        "hasProfile": true,
                        "__typename": "CalendarResultsCompetitor"
                      },
                      "mark": "4:16.66",
                      "nationality": "HUN",
                      "place": "12.",
                      "points": null,
                      "qualified": null,
                      "records": "",
                      "wind": null,
                      "remark": null,
                      "details": null,
                      "__typename": "CalendarResultsRaceResult"
                    },
                    {
                      "competitor": {
                        "teamMembers": null,
                        "id": "igrobkgrn2apfs5ysbwh",
                        "name": "Stephanie BEST",
                        "iaafId": 62756,
                        "urlSlug": "united-states/stephanie-best-014305804",
                        "birthDate": "16 OCT 1969",
                        "hasProfile": true,
                        "__typename": "CalendarResultsCompetitor"
                      },
                      "mark": "4:19.87",
                      "nationality": "USA",
                      "place": "13.",
                      "points": null,
                      "qualified": null,
                      "records": "",
                      "wind": null,
                      "remark": null,
                      "details": null,
                      "__typename": "CalendarResultsRaceResult"
                    },
                    {
                      "competitor": {
                        "teamMembers": null,
                        "id": "1xho4n4hg531z3xsz1slbi",
                        "name": "Sukhbaatar ERDENETUYA",
                        "iaafId": 172219,
                        "urlSlug": "mongolia/sukhbaatar-erdenetuya-014291304",
                        "birthDate": "20 JUL 1978",
                        "hasProfile": true,
                        "__typename": "CalendarResultsCompetitor"
                      },
                      "mark": "DNS",
                      "nationality": "MGL",
                      "place": "",
                      "points": null,
                      "qualified": null,
                      "records": "",
                      "wind": null,
                      "remark": null,
                      "details": null,
                      "__typename": "CalendarResultsRaceResult"
                    },
                    {
                      "competitor": {
                        "teamMembers": null,
                        "id": "01ouo9b88p34rqizqgkf4u",
                        "name": "Malin EWERL\u00d6F",
                        "iaafId": 60519,
                        "urlSlug": "sweden/malin-ewerlof-014301850",
                        "birthDate": "02 JUN 1972",
                        "hasProfile": true,
                        "__typename": "CalendarResultsCompetitor"
                      },
                      "mark": "4:07.67",
                      "nationality": "SWE",
                      "place": "",
                      "points": null,
                      "qualified": null,
                      "records": "",
                      "wind": null,
                      "remark": null,
                      "details": null,
                      "__typename": "CalendarResultsRaceResult"
                    },
                    {
                      "competitor": {
                        "teamMembers": null,
                        "id": "o2u0d0hqr8qpvth8ee3ly",
                        "name": "Yelena KOPYTOVA",
                        "iaafId": 68053,
                        "urlSlug": "turkey/ebru-kavaklioglu-014303283",
                        "birthDate": "14 MAR 1970",
                        "hasProfile": true,
                        "__typename": "CalendarResultsCompetitor"
                      },
                      "mark": "DNS",
                      "nationality": "TUR",
                      "place": "",
                      "points": null,
                      "qualified": null,
                      "records": "",
                      "wind": null,
                      "remark": null,
                      "details": null,
                      "__typename": "CalendarResultsRaceResult"
                    }
                  ],
                  "startList": null,
                  "wind": null,
                  "__typename": "CalendarResultsRace"
                },
                {
                  "date": "1999-08-27",
                  "day": 7,
                  "race": "Round 1 - Heat",
                  "raceId": 11,
                  "raceNumber": 2,
                  "results": [
                    {
                      "competitor": {
                        "teamMembers": null,
                        "id": "r1088hs6snieqlj04dvtrt",
                        "name": "Regina JACOBS",
                        "iaafId": 60848,
                        "urlSlug": "united-states/regina-jacobs-014313432",
                        "birthDate": "28 AUG 1963",
                        "hasProfile": true,
                        "__typename": "CalendarResultsCompetitor"
                      },
                      "mark": "4:04.75",
                      "nationality": "USA",
                      "place": "1.",
                      "points": null,
                      "qualified": null,
                      "records": "",
                      "wind": null,
                      "remark": null,
                      "details": null,
                      "__typename": "CalendarResultsRaceResult"
                    },
                    {
                      "competitor": {
                        "teamMembers": null,
                        "id": "61syh28eutuy28grf92bx",
                        "name": "Svetlana MASTERKOVA",
                        "iaafId": 62743,
                        "urlSlug": "russia/svetlana-masterkova-014298569",
                        "birthDate": "17 JAN 1968",
                        "hasProfile": true,
                        "__typename": "CalendarResultsCompetitor"
                      },
                      "mark": "4:04.83",
                      "nationality": "RUS",
                      "place": "2.",
                      "points": null,
                      "qualified": null,
                      "records": "",
                      "wind": null,
                      "remark": null,
                      "details": null,
                      "__typename": "CalendarResultsRaceResult"
                    },
                    {
                      "competitor": {
                        "teamMembers": null,
                        "id": "vu702kj7kbdsiwu1ca4nm",
                        "name": "Anita WEYERMANN",
                        "iaafId": 110241,
                        "urlSlug": "switzerland/anita-weyermann-014301320",
                        "birthDate": "08 DEC 1977",
                        "hasProfile": true,
                        "__typename": "CalendarResultsCompetitor"
                      },
                      "mark": "4:04.88",
                      "nationality": "SUI",
                      "place": "3.",
                      "points": null,
                      "qualified": null,
                      "records": "",
                      "wind": null,
                      "remark": null,
                      "details": null,
                      "__typename": "CalendarResultsRaceResult"
                    },
                    {
                      "competitor": {
                        "teamMembers": null,
                        "id": "9720e9rzxxrxqwmca3jrl",
                        "name": "Kutre DULECHA",
                        "iaafId": 76249,
                        "urlSlug": "ethiopia/kutre-dulecha-014259869",
                        "birthDate": "22 AUG 1978",
                        "hasProfile": true,
                        "__typename": "CalendarResultsCompetitor"
                      },
                      "mark": "4:04.93",
                      "nationality": "ETH",
                      "place": "4.",
                      "points": null,
                      "qualified": null,
                      "records": "",
                      "wind": null,
                      "remark": null,
                      "details": null,
                      "__typename": "CalendarResultsRaceResult"
                    },
                    {
                      "competitor": {
                        "teamMembers": null,
                        "id": "hrx3cnexy1bz0khow7za6n",
                        "name": "Elena BUH\u0102IANU-ANTOCI",
                        "iaafId": 137544,
                        "urlSlug": "romania/elena-buhaianu-antoci-014295463",
                        "birthDate": "16 JAN 1975",
                        "hasProfile": true,
                        "__typename": "CalendarResultsCompetitor"
                      },
                      "mark": "4:04.97",
                      "nationality": "ROU",
                      "place": "5.",
                      "points": null,
                      "qualified": null,
                      "records": "",
                      "wind": null,
                      "remark": null,
                      "details": null,
                      "__typename": "CalendarResultsRaceResult"
                    },
                    {
                      "competitor": {
                        "teamMembers": null,
                        "id": "vx0btgwwxnesh8zllvnoe",
                        "name": "Jackline MARANGA",
                        "iaafId": 67989,
                        "urlSlug": "kenya/jackline-maranga-014289260",
                        "birthDate": "16 DEC 1977",
                        "hasProfile": true,
                        "__typename": "CalendarResultsCompetitor"
                      },
                      "mark": "4:04.98",
                      "nationality": "KEN",
                      "place": "6.",
                      "points": null,
                      "qualified": false,
                      "records": "",
                      "wind": null,
                      "remark": null,
                      "details": null,
                      "__typename": "CalendarResultsRaceResult"
                    },
                    {
                      "competitor": {
                        "teamMembers": null,
                        "id": "f8ab3kcjz86wrgvxa6z3kf",
                        "name": "Lidia CHOJECKA",
                        "iaafId": 110286,
                        "urlSlug": "poland/lidia-chojecka-014293498",
                        "birthDate": "25 JAN 1977",
                        "hasProfile": true,
                        "__typename": "CalendarResultsCompetitor"
                      },
                      "mark": "4:05.16",
                      "nationality": "POL",
                      "place": "7.",
                      "points": null,
                      "qualified": false,
                      "records": "",
                      "wind": null,
                      "remark": null,
                      "details": null,
                      "__typename": "CalendarResultsRaceResult"
                    },
                    {
                      "competitor": {
                        "teamMembers": null,
                        "id": "wuihlk87hrhkzst3953x8",
                        "name": "Lyudmila ROGACHOVA",
                        "iaafId": 61612,
                        "urlSlug": "russia/lyudmila-rogachova-014299071",
                        "birthDate": "30 OCT 1966",
                        "hasProfile": true,
                        "__typename": "CalendarResultsCompetitor"
                      },
                      "mark": "4:05.72",
                      "nationality": "RUS",
                      "place": "8.",
                      "points": null,
                      "qualified": null,
                      "records": "",
                      "wind": null,
                      "remark": null,
                      "details": null,
                      "__typename": "CalendarResultsRaceResult"
                    },
                    {
                      "competitor": {
                        "teamMembers": null,
                        "id": "qhyjzb2azbeq217nvnuxsq",
                        "name": "Maite Z\u00da\u00d1IGA",
                        "iaafId": 62151,
                        "urlSlug": "spain/maite-zuniga-014260211",
                        "birthDate": "28 DEC 1964",
                        "hasProfile": true,
                        "__typename": "CalendarResultsCompetitor"
                      },
                      "mark": "4:06.75",
                      "nationality": "ESP",
                      "place": "9.",
                      "points": null,
                      "qualified": null,
                      "records": "",
                      "wind": null,
                      "remark": null,
                      "details": null,
                      "__typename": "CalendarResultsRaceResult"
                    },
                    {
                      "competitor": {
                        "teamMembers": null,
                        "id": "hwy48f4h9yemz0cxyfsv2",
                        "name": "Robyn MEAGHER",
                        "iaafId": 61227,
                        "urlSlug": "canada/robyn-meagher-014267526",
                        "birthDate": "17 JUN 1967",
                        "hasProfile": true,
                        "__typename": "CalendarResultsCompetitor"
                      },
                      "mark": "4:06.88",
                      "nationality": "CAN",
                      "place": "10.",
                      "points": null,
                      "qualified": null,
                      "records": "",
                      "wind": null,
                      "remark": null,
                      "details": null,
                      "__typename": "CalendarResultsRaceResult"
                    },
                    {
                      "competitor": {
                        "teamMembers": null,
                        "id": "dt4blpgxu1rmbc8074ys",
                        "name": "Helen PATTINSON",
                        "iaafId": 132823,
                        "urlSlug": "great-britain-ni/helen-clitheroe-14276033",
                        "birthDate": "02 JAN 1974",
                        "hasProfile": true,
                        "__typename": "CalendarResultsCompetitor"
                      },
                      "mark": "4:12.17",
                      "nationality": "GBR",
                      "place": "11.",
                      "points": null,
                      "qualified": null,
                      "records": "",
                      "wind": null,
                      "remark": null,
                      "details": null,
                      "__typename": "CalendarResultsRaceResult"
                    },
                    {
                      "competitor": {
                        "teamMembers": null,
                        "id": "5km6jq2bssoyemhr1pmek",
                        "name": "Elaine FITZGERALD",
                        "iaafId": 133339,
                        "urlSlug": "ireland/elaine-fitzgerald-014283210",
                        "birthDate": "23 MAY 1973",
                        "hasProfile": true,
                        "__typename": "CalendarResultsCompetitor"
                      },
                      "mark": "4:12.77",
                      "nationality": "IRL",
                      "place": "12.",
                      "points": null,
                      "qualified": null,
                      "records": "",
                      "wind": null,
                      "remark": null,
                      "details": null,
                      "__typename": "CalendarResultsRaceResult"
                    },
                    {
                      "competitor": {
                        "teamMembers": null,
                        "id": "fjcqdd1q7iavk2cwy083qe",
                        "name": "Fr\u00e9d\u00e9rique QUENTIN",
                        "iaafId": 67069,
                        "urlSlug": "france/frederique-quentin-014273615",
                        "birthDate": "22 DEC 1969",
                        "hasProfile": true,
                        "__typename": "CalendarResultsCompetitor"
                      },
                      "mark": "4:14.76",
                      "nationality": "FRA",
                      "place": "13.",
                      "points": null,
                      "qualified": null,
                      "records": "",
                      "wind": null,
                      "remark": null,
                      "details": null,
                      "__typename": "CalendarResultsRaceResult"
                    },
                    {
                      "competitor": {
                        "teamMembers": null,
                        "id": "s3w1kdvni9qdquy06qkc1q",
                        "name": "Julia SAKARA",
                        "iaafId": 64737,
                        "urlSlug": "zimbabwe/julia-sakara-014325374",
                        "birthDate": "12 JUL 1969",
                        "hasProfile": true,
                        "__typename": "CalendarResultsCompetitor"
                      },
                      "mark": "4:19.65",
                      "nationality": "ZIM",
                      "place": "14.",
                      "points": null,
                      "qualified": null,
                      "records": "",
                      "wind": null,
                      "remark": null,
                      "details": null,
                      "__typename": "CalendarResultsRaceResult"
                    }
                  ],
                  "startList": null,
                  "wind": null,
                  "__typename": "CalendarResultsRace"
                }
              ],
              "__typename": "CalendarResultsEvent"
            }
          ],
          "__typename": "CalendarResultsEventTitle"
        }
      ],
      "options": {
        "days": [
          {
            "date": "21 AUG 1999",
            "day": 1,
            "__typename": "CalendarResultsOptionsDay"
          },
          {
            "date": "22 AUG 1999",
            "day": 2,
            "__typename": "CalendarResultsOptionsDay"
          },
          {
            "date": "23 AUG 1999",
            "day": 3,
            "__typename": "CalendarResultsOptionsDay"
          },
          {
            "date": "24 AUG 1999",
            "day": 4,
            "__typename": "CalendarResultsOptionsDay"
          },
          {
            "date": "25 AUG 1999",
            "day": 5,
            "__typename": "CalendarResultsOptionsDay"
          },
          {
            "date": "26 AUG 1999",
            "day": 6,
            "__typename": "CalendarResultsOptionsDay"
          },
          {
            "date": "27 AUG 1999",
            "day": 7,
            "__typename": "CalendarResultsOptionsDay"
          },
          {
            "date": "28 AUG 1999",
            "day": 8,
            "__typename": "CalendarResultsOptionsDay"
          },
          {
            "date": "29 AUG 1999",
            "day": 9,
            "__typename": "CalendarResultsOptionsDay"
          }
        ],
        "events": [
          {
            "gender": "W",
            "id": 10229509,
            "name": "Women's 100 Metres",
            "combined": null,
            "__typename": "CalendarResultsOptionEvent"
          },
          {
            "gender": "W",
            "id": 10229510,
            "name": "Women's 200 Metres",
            "combined": null,
            "__typename": "CalendarResultsOptionEvent"
          },
          {
            "gender": "W",
            "id": 10229511,
            "name": "Women's 400 Metres",
            "combined": null,
            "__typename": "CalendarResultsOptionEvent"
          },
          {
            "gender": "W",
            "id": 10229512,
            "name": "Women's 800 Metres",
            "combined": null,
            "__typename": "CalendarResultsOptionEvent"
          },
          {
            "gender": "W",
            "id": 10229513,
            "name": "Women's 1500 Metres",
            "combined": null,
            "__typename": "CalendarResultsOptionEvent"
          },
          {
            "gender": "W",
            "id": 10229514,
            "name": "Women's 5000 Metres",
            "combined": null,
            "__typename": "CalendarResultsOptionEvent"
          },
          {
            "gender": "W",
            "id": 10229521,
            "name": "Women's 10,000 Metres",
            "combined": null,
            "__typename": "CalendarResultsOptionEvent"
          },
          {
            "gender": "W",
            "id": 10229522,
            "name": "Women's 100 Metres Hurdles",
            "combined": null,
            "__typename": "CalendarResultsOptionEvent"
          },
          {
            "gender": "W",
            "id": 10229523,
            "name": "Women's 400 Metres Hurdles",
            "combined": null,
            "__typename": "CalendarResultsOptionEvent"
          },
          {
            "gender": "W",
            "id": 10230031,
            "name": "Women's 100m Blind",
            "combined": null,
            "__typename": "CalendarResultsOptionEvent"
          },
          {
            "gender": "W",
            "id": 10229526,
            "name": "Women's High Jump",
            "combined": null,
            "__typename": "CalendarResultsOptionEvent"
          },
          {
            "gender": "W",
            "id": 10229527,
            "name": "Women's Pole Vault",
            "combined": null,
            "__typename": "CalendarResultsOptionEvent"
          },
          {
            "gender": "W",
            "id": 10229528,
            "name": "Women's Long Jump",
            "combined": null,
            "__typename": "CalendarResultsOptionEvent"
          },
          {
            "gender": "W",
            "id": 10229529,
            "name": "Women's Triple Jump",
            "combined": null,
            "__typename": "CalendarResultsOptionEvent"
          },
          {
            "gender": "W",
            "id": 10229530,
            "name": "Women's Shot Put",
            "combined": null,
            "__typename": "CalendarResultsOptionEvent"
          },
          {
            "gender": "W",
            "id": 10229531,
            "name": "Women's Discus Throw",
            "combined": null,
            "__typename": "CalendarResultsOptionEvent"
          },
          {
            "gender": "W",
            "id": 10229532,
            "name": "Women's Hammer Throw",
            "combined": null,
            "__typename": "CalendarResultsOptionEvent"
          },
          {
            "gender": "W",
            "id": 10229533,
            "name": "Women's Javelin Throw",
            "combined": null,
            "__typename": "CalendarResultsOptionEvent"
          },
          {
            "gender": "W",
            "id": 10229534,
            "name": "Women's Marathon",
            "combined": null,
            "__typename": "CalendarResultsOptionEvent"
          },
          {
            "gender": "W",
            "id": 10229535,
            "name": "Women's 20 Kilometres Race Walk",
            "combined": null,
            "__typename": "CalendarResultsOptionEvent"
          },
          {
            "gender": "W",
            "id": 10229536,
            "name": "Women's Heptathlon",
            "combined": true,
            "__typename": "CalendarResultsOptionEvent"
          },
          {
            "gender": "W",
            "id": 204594,
            "name": "Women's 4x100 Metres Relay",
            "combined": null,
            "__typename": "CalendarResultsOptionEvent"
          },
          {
            "gender": "W",
            "id": 204596,
            "name": "Women's 4x400 Metres Relay",
            "combined": null,
            "__typename": "CalendarResultsOptionEvent"
          },
          {
            "gender": "M",
            "id": 10229630,
            "name": "Men's 100 Metres",
            "combined": null,
            "__typename": "CalendarResultsOptionEvent"
          },
          {
            "gender": "M",
            "id": 10229605,
            "name": "Men's 200 Metres",
            "combined": null,
            "__typename": "CalendarResultsOptionEvent"
          },
          {
            "gender": "M",
            "id": 10229631,
            "name": "Men's 400 Metres",
            "combined": null,
            "__typename": "CalendarResultsOptionEvent"
          },
          {
            "gender": "M",
            "id": 10229501,
            "name": "Men's 800 Metres",
            "combined": null,
            "__typename": "CalendarResultsOptionEvent"
          },
          {
            "gender": "M",
            "id": 10229502,
            "name": "Men's 1500 Metres",
            "combined": null,
            "__typename": "CalendarResultsOptionEvent"
          },
          {
            "gender": "M",
            "id": 10229609,
            "name": "Men's 5000 Metres",
            "combined": null,
            "__typename": "CalendarResultsOptionEvent"
          },
          {
            "gender": "M",
            "id": 10229610,
            "name": "Men's 10,000 Metres",
            "combined": null,
            "__typename": "CalendarResultsOptionEvent"
          },
          {
            "gender": "M",
            "id": 10229611,
            "name": "Men's 110 Metres Hurdles",
            "combined": null,
            "__typename": "CalendarResultsOptionEvent"
          },
          {
            "gender": "M",
            "id": 10229612,
            "name": "Men's 400 Metres Hurdles",
            "combined": null,
            "__typename": "CalendarResultsOptionEvent"
          },
          {
            "gender": "M",
            "id": 10229614,
            "name": "Men's 3000 Metres Steeplechase",
            "combined": null,
            "__typename": "CalendarResultsOptionEvent"
          },
          {
            "gender": "M",
            "id": 10230029,
            "name": "Men's 200m Blind",
            "combined": null,
            "__typename": "CalendarResultsOptionEvent"
          },
          {
            "gender": "M",
            "id": 10229615,
            "name": "Men's High Jump",
            "combined": null,
            "__typename": "CalendarResultsOptionEvent"
          },
          {
            "gender": "M",
            "id": 10229616,
            "name": "Men's Pole Vault",
            "combined": null,
            "__typename": "CalendarResultsOptionEvent"
          },
          {
            "gender": "M",
            "id": 10229617,
            "name": "Men's Long Jump",
            "combined": null,
            "__typename": "CalendarResultsOptionEvent"
          },
          {
            "gender": "M",
            "id": 10229618,
            "name": "Men's Triple Jump",
            "combined": null,
            "__typename": "CalendarResultsOptionEvent"
          },
          {
            "gender": "M",
            "id": 10229619,
            "name": "Men's Shot Put",
            "combined": null,
            "__typename": "CalendarResultsOptionEvent"
          },
          {
            "gender": "M",
            "id": 10229620,
            "name": "Men's Discus Throw",
            "combined": null,
            "__typename": "CalendarResultsOptionEvent"
          },
          {
            "gender": "M",
            "id": 10229621,
            "name": "Men's Hammer Throw",
            "combined": null,
            "__typename": "CalendarResultsOptionEvent"
          },
          {
            "gender": "M",
            "id": 10229636,
            "name": "Men's Javelin Throw",
            "combined": null,
            "__typename": "CalendarResultsOptionEvent"
          },
          {
            "gender": "M",
            "id": 10229634,
            "name": "Men's Marathon",
            "combined": null,
            "__typename": "CalendarResultsOptionEvent"
          },
          {
            "gender": "M",
            "id": 10229508,
            "name": "Men's 20 Kilometres Race Walk",
            "combined": null,
            "__typename": "CalendarResultsOptionEvent"
          },
          {
            "gender": "M",
            "id": 10229628,
            "name": "Men's 50 Kilometres Race Walk",
            "combined": null,
            "__typename": "CalendarResultsOptionEvent"
          },
          {
            "gender": "M",
            "id": 10229629,
            "name": "Men's Decathlon",
            "combined": true,
            "__typename": "CalendarResultsOptionEvent"
          },
          {
            "gender": "M",
            "id": 204593,
            "name": "Men's 4x100 Metres Relay",
            "combined": null,
            "__typename": "CalendarResultsOptionEvent"
          },
          {
            "gender": "M",
            "id": 204595,
            "name": "Men's 4x400 Metres Relay",
            "combined": null,
            "__typename": "CalendarResultsOptionEvent"
          }
        ],
        "__typename": "CalendarResultsOptions"
      },
      "parameters": {
        "competitionId": 6939522,
        "day": null,
        "eventId": 10229513,
        "__typename": "CalendarResultsParameters"
      },
      "__typename": "CalendarCompetitionResults"
    }
  }
}