{
  "data": {
    "getCalendarCompetitionResults": {
      "competition": {
        "dateRange": "21\u201329 AUG 1999",
        "endDate": "1999-08-29",
        "name": "IAAF World Championships",
        "rankingCategory": "OW",
        "startDate": "1999-08-21",
        "venue": "La Cartuja, Sevilla (ESP)",
        "__typename": "CalendarResultsCompetition"
      },
      "eventTitles": [
        {
          "rankingCategory": "OW",
          "eventTitle": null,
          "events": [
            {
              "event": "Men's 50 Kilometres Race Walk",
              "eventId": 10229628,
              "gender": "M",
              "isRelay": false,
              "perResultWind": false,
              "withWind": false,
              "summary": null,
              "races": [
                {
                  "date": "1999-08-25",
                  "day": 5,
                  "race": "Final",
                  "raceId": 10,
                  "raceNumber": 0,
                  "results": [
                    {
                      "competitor": {
                        "teamMembers": null,
                        "id": "bxd5cdeo6674yh7pb5lln6",
                        "name": "Ivano BRUGNETTI",
                        "iaafId": 139035,
                        "urlSlug": "italy/ivano-brugnetti-014199744",
                        "birthDate": "01 SEP 1976",
                        "hasProfile": true,
                        "__typename": "CalendarResultsCompetitor"
                      },
                      "mark": "3:47:54",
                      "nationality": "ITA",
                      "place": "1.",
                      "points": null,
                      "qualified": null,
                      "records": "",
                      "wind": null,
                      "remark": null,
                      "details": null,
                      "__typename": "CalendarResultsRaceResult"
                    },
                    {
                      "competitor": {
                        "teamMembers": null,
                        "id": "1p6iiy9xyeoxg5l3lcdo6",
                        "name": "Nikolay MATYUKHIN",
                        "iaafId": 4768,
                        "urlSlug": "russia/nikolay-matyukhin-014223171",
                        "birthDate": "13 DEC 1968",
                        "hasProfile": true,
                        "__typename": "CalendarResultsCompetitor"
                      },
                      "mark": "3:48:18",
                      "nationality": "RUS",
                      "place": "2.",
                      "points": null,
                      "qualified": null,
                      "records": "",
                      "wind": null,
                      "remark": null,
                      "details": null,
                      "__typename": "CalendarResultsRaceResult"
                    },
                    {
                      "competitor": {
                        "teamMembers": null,
                        "id": "75whqy56tdrcjce8wtm8zt",
                        "name": "Curt CLAUSEN",
                        "iaafId": 56295,
                        "urlSlug": "united-states/curt-clausen-014234863",
                        "birthDate": "09 OCT 1967",
                        "hasProfile": true,
                        "__typename": "CalendarResultsCompetitor"
                      },
                      "mark": "3:50:55",
                      "nationality": "USA",
                      "place": "3.",
                      "points": null,
                      "qualified": null,
                      "records": "",
                      "wind": null,
                      "remark": null,
                      "details": null,
                      "__typename": "CalendarResultsRaceResult"
                    },
                    {
                      "competitor": {
                        "teamMembers": null,
                        "id": "wr43uhstti9h6ubje157b7",
                        "name": "Valent\u00edn MASSANA",
                        "iaafId": 3671,
                        "urlSlug": "spain/valentin-massana-014165761",
                        "birthDate": "05 JUL 1970",
                        "hasProfile": true,
                        "__typename": "CalendarResultsCompetitor"
                      },
                      "mark": "3:51:55",
                      "nationality": "ESP",
                      "place": "4.",
                      "points": null,
                      "qualified": null,
                      "records": "",
                      "wind": null,
                      "remark": null,
                      "details": null,
                      "__typename": "CalendarResultsRaceResult"
                    },
                    {
                      "competitor": {
                        "teamMembers": null,
                        "id": "lpaeu7q0aq8duedtr1w8fq",
                        "name": "Robert IHLY",
                        "iaafId": 4626,
                        "urlSlug": "germany/robert-ihly-014192648",
                        "birthDate": "05 MAY 1963",
                        "hasProfile": true,
                        "__typename": "CalendarResultsCompetitor"
                      },
                      "mark": "3:53:47",
                      "nationality": "GER",
                      "place": "5.",
                      "points": null,
                      "qualified": null,
                      "records": "",
                      "wind": null,
                      "remark": null,
                      "details": null,
                      "__typename": "CalendarResultsRaceResult"
                    },
                    {
                      "competitor": {
                        "teamMembers": null,
                        "id": "bylgr02ptzzrnff90fh2",
                        "name": "Arturo DI MEZZA",
                        "iaafId": 9428,
                        "urlSlug": "italy/arturo-di-mezza-014200205",
                        "birthDate": "16 JUL 1969",
                        "hasProfile": true,
                        "__typename": "CalendarResultsCompetitor"
                      },
                      "mark": "3:53:50",
                      "nationality": "ITA",
                      "place": "6.",
                      "points": null,
                      "qualified": null,
                      "records": "",
                      "wind": null,
                      "remark": null,
                      "details": null,
                      "__typename": "CalendarResultsRaceResult"
                    },
                    {
                      "competitor": {
                        "teamMembers": null,
                        "id": "2d7u55enqk7rvxahwchx0a",
                        "name": "Craig BARRETT",
                        "iaafId": 16327,
                        "urlSlug": "new-zealand/craig-barrett-014215577",
                        "birthDate": "16 NOV 1971",
                        "hasProfile": true,
                        "__typename": "CalendarResultsCompetitor"
                      },
                      "mark": "3:54:38",
                      "nationality": "NZL",
                      "place": "7.",
                      "points": null,
                      "qualified": null,
                      "records": "",
                      "wind": null,
                      "remark": null,
                      "details": null,
                      "__typename": "CalendarResultsRaceResult"
                    },
                    {
                      "competitor": {
                        "teamMembers": null,
                        "id": "uvbh2124v9mffgy0uer1",
                        "name": "Yongjian YANG",
                        "iaafId": 20112,
                        "urlSlug": "pr-of-china/yongjian-yang-014170834",
                        "birthDate": "28 APR 1973",
                        "hasProfile": true,
                        "__typename": "CalendarResultsCompetitor"
                      },
                      "mark": "3:55:23",
                      "nationality": "CHN",
                      "place": "8.",
                      "points": null,
                      "qualified": null,
                      "records": "",
                      "wind": null,
                      "remark": null,
                      "details": null,
                      "__typename": "CalendarResultsRaceResult"
                    },
                    {
                      "competitor": {
                        "teamMembers": null,
                        "id": "ifnqugrzz5rts70tizkyr",
                        "name": "Ren\u00e9 PILLER",
                        "iaafId": 2270,
                        "urlSlug": "france/rene-piller-014187052",
                        "birthDate": "23 APR 1965",
                        "hasProfile": true,
                        "__typename": "CalendarResultsCompetitor"
                      },
                      "mark": "3:56:39",
                      "nationality": "FRA",
                      "place": "9.",
                      "points": null,
                      "qualified": null,
                      "records": "",
                      "wind": null,
                      "remark": null,
                      "details": null,
                      "__typename": "CalendarResultsRaceResult"
                    },
                    {
                      "competitor": {
                        "teamMembers": null,
                        "id": "oyd2c76si3eo6hgpwv3ao",
                        "name": "Modris LIEPI\u0145\u0160",
                        "iaafId": 4736,
                        "urlSlug": "latvia/modris-liepins-14211010",
                        "birthDate": "03 AUG 1966",
                        "hasProfile": true,
                        "__typename": "CalendarResultsCompetitor"
                      },
                      "mark": "3:57:11",
                      "nationality": "LAT",
                      "place": "10.",
                      "points": null,
                      "qualified": null,
                      "records": "",
                      "wind": null,
                      "remark": null,
                      "details": null,
                      "__typename": "CalendarResultsRaceResult"
                    },
                    {
                      "competitor": {
                        "teamMembers": null,
                        "id": "tfko0kvntbahdiihf8js7d",
                        "name": "Theodoros STAMATOPOULOS",
                        "iaafId": 139450,
                        "urlSlug": "greece/theodoros-stamatopoulos-014195512",
                        "birthDate": "24 APR 1970",
                        "hasProfile": true,
                        "__typename": "CalendarResultsCompetitor"
                      },
                      "mark": "3:58:37",
                      "nationality": "GRE",
                      "place": "11.",
                      "points": null,
                      "qualified": null,
                      "records": "",
                      "wind": null,
                      "remark": null,
                      "details": null,
                      "__typename": "CalendarResultsRaceResult"
                    },
                    {
                      "competitor": {
                        "teamMembers": null,
                        "id": "p1z7gsbelhx6djvpgm6r",
                        "name": "Dion RUSSELL",
                        "iaafId": 56221,
                        "urlSlug": "australia/dion-russell-014178844",
                        "birthDate": "08 MAY 1975",
                        "hasProfile": true,
                        "__typename": "CalendarResultsCompetitor"
                      },
                      "mark": "3:59:23",
                      "nationality": "AUS",
                      "place": "12.",
                      "points": null,
                      "qualified": null,
                      "records": "",
                      "wind": null,
                      "remark": null,
                      "details": null,
                      "__typename": "CalendarResultsRaceResult"
                    },
                    {
                      "competitor": {
                        "teamMembers": null,
                        "id": "pqn2hexakb2pdlsw0gsh7",
                        "name": "Aleksandar RAKOVI\u0106",
                        "iaafId": 9927,
                        "urlSlug": "serbia/aleksandar-rakovic-014225418",
                        "birthDate": "13 APR 1968",
                        "hasProfile": true,
                        "__typename": "CalendarResultsCompetitor"
                      },
                      "mark": "3:59:56",
                      "nationality": "YUG",
                      "place": "13.",
                      "points": null,
                      "qualified": null,
                      "records": "",
                      "wind": null,
                      "remark": null,
                      "details": null,
                      "__typename": "CalendarResultsRaceResult"
                    },
                    {
                      "competitor": {
                        "teamMembers": null,
                        "id": "jch6hv3848l1exmd4gizi",
                        "name": "Hongye MA",
                        "iaafId": 56233,
                        "urlSlug": "pr-of-china/hongye-ma-014171778",
                        "birthDate": "06 APR 1977",
                        "hasProfile": true,
                        "__typename": "CalendarResultsCompetitor"
                      },
                      "mark": "4:01:28",
                      "nationality": "CHN",
                      "place": "14.",
                      "points": null,
                      "qualified": null,
                      "records": "",
                      "wind": null,
                      "remark": null,
                      "details": null,
                      "__typename": "CalendarResultsRaceResult"
                    },
                    {
                      "competitor": {
                        "teamMembers": null,
                        "id": "8bomefgvkgcscpgl9y8wc8",
                        "name": "Fumio IMAMURA",
                        "iaafId": 1239,
                        "urlSlug": "japan/fumio-imamura-014203323",
                        "birthDate": "05 NOV 1966",
                        "hasProfile": true,
                        "__typename": "CalendarResultsCompetitor"
                      },
                      "mark": "4:01:47",
                      "nationality": "JPN",
                      "place": "15.",
                      "points": null,
                      "qualified": null,
                      "records": "",
                      "wind": null,
                      "remark": null,
                      "details": null,
                      "__typename": "CalendarResultsRaceResult"
                    },
                    {
                      "competitor": {
                        "teamMembers": null,
                        "id": "q9eakiqm247q8dcs00pi6",
                        "name": "Milo\u0161 HOLU\u0160A",
                        "iaafId": 4613,
                        "urlSlug": "czech-republic/milos-holusa-14168851",
                        "birthDate": "02 MAY 1965",
                        "hasProfile": true,
                        "__typename": "CalendarResultsCompetitor"
                      },
                      "mark": "4:03:20",
                      "nationality": "CZE",
                      "place": "16.",
                      "points": null,
                      "qualified": null,
                      "records": "",
                      "wind": null,
                      "remark": null,
                      "details": null,
                      "__typename": "CalendarResultsRaceResult"
                    },
                    {
                      "competitor": {
                        "teamMembers": null,
                        "id": "dchtx1z9lm7r7gt1oq8a7r",
                        "name": "Spyros KASTANIS",
                        "iaafId": 4669,
                        "urlSlug": "greece/spyros-kastanis-014195205",
                        "birthDate": "23 SEP 1964",
                        "hasProfile": true,
                        "__typename": "CalendarResultsCompetitor"
                      },
                      "mark": "4:03:59",
                      "nationality": "GRE",
                      "place": "17.",
                      "points": null,
                      "qualified": null,
                      "records": "",
                      "wind": null,
                      "remark": null,
                      "details": null,
                      "__typename": "CalendarResultsRaceResult"
                    },
                    {
                      "competitor": {
                        "teamMembers": null,
                        "id": "abqyri9yiscwqshtxj4xi",
                        "name": "Yinhang WANG",
                        "iaafId": 172286,
                        "urlSlug": "pr-of-china/yinhang-wang-014171214",
                        "birthDate": "15 FEB 1977",
                        "hasProfile": true,
                        "__typename": "CalendarResultsCompetitor"
                      },
                      "mark": "4:04:57",
                      "nationality": "CHN",
                      "place": "18.",
                      "points": null,
                      "qualified": null,
                      "records": "",
                      "wind": null,
                      "remark": null,
                      "details": null,
                      "__typename": "CalendarResultsRaceResult"
                    },
                    {
                      "competitor": {
                        "teamMembers": null,
                        "id": "totjvkms3tv470hjsp59",
                        "name": "Roman MAGDZIARCZYK",
                        "iaafId": 56338,
                        "urlSlug": "poland/roman-magdziarczyk-014217125",
                        "birthDate": "05 JUL 1977",
                        "hasProfile": true,
                        "__typename": "CalendarResultsCompetitor"
                      },
                      "mark": "4:05:10",
                      "nationality": "POL",
                      "place": "19.",
                      "points": null,
                      "qualified": null,
                      "records": "",
                      "wind": null,
                      "remark": null,
                      "details": null,
                      "__typename": "CalendarResultsRaceResult"
                    },
                    {
                      "competitor": {
                        "teamMembers": null,
                        "id": "svhizzze3da7gildykvgf",
                        "name": "Gyula DUD\u00c1S",
                        "iaafId": 752,
                        "urlSlug": "hungary/gyula-dudas-014196207",
                        "birthDate": "20 AUG 1966",
                        "hasProfile": true,
                        "__typename": "CalendarResultsCompetitor"
                      },
                      "mark": "4:05:58",
                      "nationality": "HUN",
                      "place": "20.",
                      "points": null,
                      "qualified": null,
                      "records": "",
                      "wind": null,
                      "remark": null,
                      "details": null,
                      "__typename": "CalendarResultsRaceResult"
                    },
                    {
                      "competitor": {
                        "teamMembers": null,
                        "id": "7esvxiyp1s9kwhsbne5yb",
                        "name": "Pedro MARTINS",
                        "iaafId": 56348,
                        "urlSlug": "portugal/pedro-martins-014218350",
                        "birthDate": "12 JAN 1968",
                        "hasProfile": true,
                        "__typename": "CalendarResultsCompetitor"
                      },
                      "mark": "4:06:31",
                      "nationality": "POR",
                      "place": "21.",
                      "points": null,
                      "qualified": null,
                      "records": "",
                      "wind": null,
                      "remark": null,
                      "details": null,
                      "__typename": "CalendarResultsRaceResult"
                    },
                    {
                      "competitor": {
                        "teamMembers": null,
                        "id": "nr4eypguawl7nvi9gba6jh",
                        "name": "Bengt BENGTSSON",
                        "iaafId": 56303,
                        "urlSlug": "sweden/bengt-bengtsson-014227384",
                        "birthDate": "04 SEP 1961",
                        "hasProfile": true,
                        "__typename": "CalendarResultsCompetitor"
                      },
                      "mark": "4:09:34",
                      "nationality": "SWE",
                      "place": "22.",
                      "points": null,
                      "qualified": null,
                      "records": "",
                      "wind": null,
                      "remark": null,
                      "details": null,
                      "__typename": "CalendarResultsRaceResult"
                    },
                    {
                      "competitor": {
                        "teamMembers": null,
                        "id": "1iqe4cm93bgbwnn271bqgf",
                        "name": "Carlos MERCEN\u00c1RIO",
                        "iaafId": 1858,
                        "urlSlug": "mexico/carlos-mercenario-014213076",
                        "birthDate": "23 MAY 1967",
                        "hasProfile": true,
                        "__typename": "CalendarResultsCompetitor"
                      },
                      "mark": "4:09:40",
                      "nationality": "MEX",
                      "place": "23.",
                      "points": null,
                      "qualified": null,
                      "records": "",
                      "wind": null,
                      "remark": null,
                      "details": null,
                      "__typename": "CalendarResultsRaceResult"
                    },
                    {
                      "competitor": {
                        "teamMembers": null,
                        "id": "3rgfgcfr019s2b7b3mzo7q",
                        "name": "Denis FRANKE",
                        "iaafId": 139012,
                        "urlSlug": "germany/denis-franke-014192093",
                        "birthDate": "27 NOV 1969",
                        "hasProfile": true,
                        "__typename": "CalendarResultsCompetitor"
                      },
                      "mark": "4:10:16",
                      "nationality": "GER",
                      "place": "24.",
                      "points": null,
                      "qualified": null,
                      "records": "",
                      "wind": null,
                      "remark": null,
                      "details": null,
                      "__typename": "CalendarResultsRaceResult"
                    },
                    {
                      "competitor": {
                        "teamMembers": null,
                        "id": "81f9fr9jydllxrhp3fgb5",
                        "name": "Pascal SERVANTY",
                        "iaafId": 56249,
                        "urlSlug": "france/pascal-servanty-014187641",
                        "birthDate": "26 MAY 1966",
                        "hasProfile": true,
                        "__typename": "CalendarResultsCompetitor"
                      },
                      "mark": "4:11:02",
                      "nationality": "FRA",
                      "place": "25.",
                      "points": null,
                      "qualified": null,
                      "records": "",
                      "wind": null,
                      "remark": null,
                      "details": null,
                      "__typename": "CalendarResultsRaceResult"
                    },
                    {
                      "competitor": {
                        "teamMembers": null,
                        "id": "bpb6mtoztamlzv8yljx7y",
                        "name": "Santiago P\u00c9REZ",
                        "iaafId": 56244,
                        "urlSlug": "spain/santiago-perez-014165383",
                        "birthDate": "15 JAN 1972",
                        "hasProfile": true,
                        "__typename": "CalendarResultsCompetitor"
                      },
                      "mark": "4:11:30",
                      "nationality": "ESP",
                      "place": "26.",
                      "points": null,
                      "qualified": null,
                      "records": "",
                      "wind": null,
                      "remark": null,
                      "details": null,
                      "__typename": "CalendarResultsRaceResult"
                    },
                    {
                      "competitor": {
                        "teamMembers": null,
                        "id": "n7r3q5ukgbpbjp57si1gk",
                        "name": "Akihiko KOIKE",
                        "iaafId": 139169,
                        "urlSlug": "japan/akihiko-koike-014204035",
                        "birthDate": "10 APR 1973",
                        "hasProfile": true,
                        "__typename": "CalendarResultsCompetitor"
                      },
                      "mark": "4:18:43",
                      "nationality": "JPN",
                      "place": "27.",
                      "points": null,
                      "qualified": null,
                      "records": "",
                      "wind": null,
                      "remark": null,
                      "details": null,
                      "__typename": "CalendarResultsRaceResult"
                    },
                    {
                      "competitor": {
                        "teamMembers": null,
                        "id": "ul62d6awp1tdawu5x7u6",
                        "name": "Jeffrey CASSIN",
                        "iaafId": 56346,
                        "urlSlug": "ireland/jeffrey-cassin-014198786",
                        "birthDate": "15 DEC 1971",
                        "hasProfile": true,
                        "__typename": "CalendarResultsCompetitor"
                      },
                      "mark": "4:20:43",
                      "nationality": "IRL",
                      "place": "28.",
                      "points": null,
                      "qualified": null,
                      "records": "",
                      "wind": null,
                      "remark": null,
                      "details": null,
                      "__typename": "CalendarResultsRaceResult"
                    },
                    {
                      "competitor": {
                        "teamMembers": null,
                        "id": "198qqfdwna4od4otg37qvs",
                        "name": "Klaus David JENSEN",
                        "iaafId": 56309,
                        "urlSlug": "denmark/klaus-david-jensen-014167925",
                        "birthDate": "15 JUL 1971",
                        "hasProfile": true,
                        "__typename": "CalendarResultsCompetitor"
                      },
                      "mark": "4:32:06",
                      "nationality": "DEN",
                      "place": "29.",
                      "points": null,
                      "qualified": null,
                      "records": "",
                      "wind": null,
                      "remark": null,
                      "details": null,
                      "__typename": "CalendarResultsRaceResult"
                    },
                    {
                      "competitor": {
                        "teamMembers": null,
                        "id": "yfql834picmkibedi11r9",
                        "name": "Jes\u00fas \u00c1ngel GARC\u00cdA",
                        "iaafId": 8897,
                        "urlSlug": "spain/jesus-angel-garcia-014166435",
                        "birthDate": "17 OCT 1969",
                        "hasProfile": true,
                        "__typename": "CalendarResultsCompetitor"
                      },
                      "mark": "DNF",
                      "nationality": "ESP",
                      "place": "",
                      "points": null,
                      "qualified": null,
                      "records": "",
                      "wind": null,
                      "remark": null,
                      "details": null,
                      "__typename": "CalendarResultsRaceResult"
                    },
                    {
                      "competitor": {
                        "teamMembers": null,
                        "id": "0ufq61mzo6vhd5t7cad9yi",
                        "name": "Viktor GINKO",
                        "iaafId": 4551,
                        "urlSlug": "belarus/viktor-ginko-014176911",
                        "birthDate": "07 DEC 1965",
                        "hasProfile": true,
                        "__typename": "CalendarResultsCompetitor"
                      },
                      "mark": "DNF",
                      "nationality": "BLR",
                      "place": "",
                      "points": null,
                      "qualified": null,
                      "records": "",
                      "wind": null,
                      "remark": null,
                      "details": null,
                      "__typename": "CalendarResultsRaceResult"
                    },
                    {
                      "competitor": {
                        "teamMembers": null,
                        "id": "xph948pnm10if7gtlhdht",
                        "name": "Giovanni PERRICELLI",
                        "iaafId": 4869,
                        "urlSlug": "italy/giovanni-perricelli-014201126",
                        "birthDate": "25 AUG 1967",
                        "hasProfile": true,
                        "__typename": "CalendarResultsCompetitor"
                      },
                      "mark": "DNF",
                      "nationality": "ITA",
                      "place": "",
                      "points": null,
                      "qualified": null,
                      "records": "",
                      "wind": null,
                      "remark": null,
                      "details": null,
                      "__typename": "CalendarResultsRaceResult"
                    },
                    {
                      "competitor": {
                        "teamMembers": null,
                        "id": "euqjcf0jnlfxinb3e4w6kf",
                        "name": "Yevgeniy SHMALYUK",
                        "iaafId": 16270,
                        "urlSlug": "russia/yevgeniy-shmalyuk-014223968",
                        "birthDate": "14 JAN 1976",
                        "hasProfile": true,
                        "__typename": "CalendarResultsCompetitor"
                      },
                      "mark": "DNF",
                      "nationality": "RUS",
                      "place": "",
                      "points": null,
                      "qualified": null,
                      "records": "",
                      "wind": null,
                      "remark": null,
                      "details": null,
                      "__typename": "CalendarResultsRaceResult"
                    },
                    {
                      "competitor": {
                        "teamMembers": null,
                        "id": "bjf8lpqv69a7rz65q0x6j",
                        "name": "Sergey KOREPANOV",
                        "iaafId": 4701,
                        "urlSlug": "kazakhstan/sergey-korepanov-014207203",
                        "birthDate": "09 MAY 1964",
                        "hasProfile": true,
                        "__typename": "CalendarResultsCompetitor"
                      },
                      "mark": "DNF",
                      "nationality": "KAZ",
                      "place": "",
                      "points": null,
                      "qualified": null,
                      "records": "",
                      "wind": null,
                      "remark": null,
                      "details": null,
                      "__typename": "CalendarResultsRaceResult"
                    },
                    {
                      "competitor": {
                        "teamMembers": null,
                        "id": "4kohz0nbsqnh26y2ib6tm8",
                        "name": "Sylvain CAUDRON",
                        "iaafId": 50101,
                        "urlSlug": "france/sylvain-caudron-014183741",
                        "birthDate": "10 SEP 1969",
                        "hasProfile": true,
                        "__typename": "CalendarResultsCompetitor"
                      },
                      "mark": "DNF",
                      "nationality": "FRA",
                      "place": "",
                      "points": null,
                      "qualified": null,
                      "records": "",
                      "wind": null,
                      "remark": null,
                      "details": null,
                      "__typename": "CalendarResultsRaceResult"
                    },
                    {
                      "competitor": {
                        "teamMembers": null,
                        "id": "hrjlgyeo6erth17wsmqw1n",
                        "name": "Igor KOLL\u00c1R",
                        "iaafId": 3662,
                        "urlSlug": "slovak-republic/igor-kollar-14226960",
                        "birthDate": "26 JUN 1965",
                        "hasProfile": true,
                        "__typename": "CalendarResultsCompetitor"
                      },
                      "mark": "DNS",
                      "nationality": "SVK",
                      "place": "",
                      "points": null,
                      "qualified": null,
                      "records": "",
                      "wind": null,
                      "remark": null,
                      "details": null,
                      "__typename": "CalendarResultsRaceResult"
                    },
                    {
                      "competitor": {
                        "teamMembers": null,
                        "id": "egugw5eewkpufgwkd8lcv",
                        "name": "Miguel \u00c1ngel RODR\u00cdGUEZ",
                        "iaafId": 2440,
                        "urlSlug": "mexico/miguel-angel-rodriguez-014213229",
                        "birthDate": "15 JAN 1967",
                        "hasProfile": true,
                        "__typename": "CalendarResultsCompetitor"
                      },
                      "mark": "DNF",
                      "nationality": "MEX",
                      "place": "",
                      "points": null,
                      "qualified": null,
                      "records": "",
                      "wind": null,
                      "remark": null,
                      "details": null,
                      "__typename": "CalendarResultsRaceResult"
                    },
                    {
                      "competitor": {
                        "teamMembers": null,
                        "id": "23h3v18m97rd4wok5c24pf",
                        "name": "Joel S\u00c1NCHEZ",
                        "iaafId": 2531,
                        "urlSlug": "mexico/joel-sanchez-014213280",
                        "birthDate": "15 SEP 1966",
                        "hasProfile": true,
                        "__typename": "CalendarResultsCompetitor"
                      },
                      "mark": "DNF",
                      "nationality": "MEX",
                      "place": "",
                      "points": null,
                      "qualified": null,
                      "records": "",
                      "wind": null,
                      "remark": null,
                      "details": null,
                      "__typename": "CalendarResultsRaceResult"
                    },
                    {
                      "competitor": {
                        "teamMembers": null,
                        "id": "sxrvppqztp5nhpe6kxbln",
                        "name": "Trond NYMARK",
                        "iaafId": 56326,
                        "urlSlug": "norway/trond-nymark-014215422",
                        "birthDate": "28 DEC 1976",
                        "hasProfile": true,
                        "__typename": "CalendarResultsCompetitor"
                      },
                      "mark": "DNF",
                      "nationality": "NOR",
                      "place": "",
                      "points": null,
                      "qualified": null,
                      "records": "",
                      "wind": null,
                      "remark": null,
                      "details": null,
                      "__typename": "CalendarResultsRaceResult"
                    },
                    {
                      "competitor": {
                        "teamMembers": null,
                        "id": "6xfkkh7ex79z6dozo0c65",
                        "name": "Valentin KONONEN",
                        "iaafId": 1471,
                        "urlSlug": "finland/valentin-kononen-014182082",
                        "birthDate": "07 MAR 1969",
                        "hasProfile": true,
                        "__typename": "CalendarResultsCompetitor"
                      },
                      "mark": "DNF",
                      "nationality": "FIN",
                      "place": "",
                      "points": null,
                      "qualified": null,
                      "records": "",
                      "wind": null,
                      "remark": null,
                      "details": null,
                      "__typename": "CalendarResultsRaceResult"
                    },
                    {
                      "competitor": {
                        "teamMembers": null,
                        "id": "2pt3nbxrqfpgyjz3mipeyt",
                        "name": "Peter TICH\u00dd",
                        "iaafId": 5016,
                        "urlSlug": "slovak-republic/peter-tichy-14227237",
                        "birthDate": "12 MAR 1969",
                        "hasProfile": true,
                        "__typename": "CalendarResultsCompetitor"
                      },
                      "mark": "DQ",
                      "nationality": "SVK",
                      "place": "",
                      "points": null,
                      "qualified": null,
                      "records": "",
                      "wind": null,
                      "remark": null,
                      "details": null,
                      "__typename": "CalendarResultsRaceResult"
                    },
                    {
                      "competitor": {
                        "teamMembers": null,
                        "id": "0okk03qlk3un54fa1paqto7",
                        "name": "Denis TRAUTMANN",
                        "iaafId": 56259,
                        "urlSlug": "germany/denis-trautmann-014194523",
                        "birthDate": "15 AUG 1972",
                        "hasProfile": true,
                        "__typename": "CalendarResultsCompetitor"
                      },
                      "mark": "DQ",
                      "nationality": "GER",
                      "place": "",
                      "points": null,
                      "qualified": null,
                      "records": "",
                      "wind": null,
                      "remark": null,
                      "details": null,
                      "__typename": "CalendarResultsRaceResult"
                    },
                    {
                      "competitor": {
                        "teamMembers": null,
                        "id": "8rxsn2gf9sf0uje276i4vc",
                        "name": "Daugvinas ZUJUS",
                        "iaafId": 139040,
                        "urlSlug": "lithuania/daugvinas-zujus-014211650",
                        "birthDate": "16 OCT 1975",
                        "hasProfile": true,
                        "__typename": "CalendarResultsCompetitor"
                      },
                      "mark": "DQ",
                      "nationality": "LTU",
                      "place": "",
                      "points": null,
                      "qualified": null,
                      "records": "",
                      "wind": null,
                      "remark": null,
                      "details": null,
                      "__typename": "CalendarResultsRaceResult"
                    },
                    {
                      "competitor": {
                        "teamMembers": null,
                        "id": "3l9bd8jq97p38bi1979qco",
                        "name": "Jacob S\u00d8RENSEN",
                        "iaafId": 56310,
                        "urlSlug": "denmark/jacob-sorensen-14167814",
                        "birthDate": "27 DEC 1974",
                        "hasProfile": true,
                        "__typename": "CalendarResultsCompetitor"
                      },
                      "mark": "DQ",
                      "nationality": "DEN",
                      "place": "",
                      "points": null,
                      "qualified": null,
                      "records": "",
                      "wind": null,
                      "remark": null,
                      "details": null,
                      "__typename": "CalendarResultsRaceResult"
                    },
                    {
                      "competitor": {
                        "teamMembers": null,
                        "id": "4wrdt7ybtoakhod0g2qbm",
                        "name": "Tomasz LIPIEC",
                        "iaafId": 9188,
                        "urlSlug": "poland/tomasz-lipiec-014217094",
                        "birthDate": "10 MAY 1971",
                        "hasProfile": true,
                        "__typename": "CalendarResultsCompetitor"
                      },
                      "mark": "DQ",
                      "nationality": "POL",
                      "place": "",
                      "points": null,
                      "qualified": null,
                      "records": "",
                      "wind": null,
                      "remark": null,
                      "details": null,
                      "__typename": "CalendarResultsRaceResult"
                    },
                    {
                      "competitor": {
                        "teamMembers": null,
                        "id": "v5g4xtetibiplu62lm2htg",
                        "name": "Zolt\u00e1n CZUKOR",
                        "iaafId": 597,
                        "urlSlug": "hungary/zoltan-czukor-014196150",
                        "birthDate": "18 DEC 1962",
                        "hasProfile": true,
                        "__typename": "CalendarResultsCompetitor"
                      },
                      "mark": "DQ",
                      "nationality": "HUN",
                      "place": "",
                      "points": null,
                      "qualified": null,
                      "records": "",
                      "wind": null,
                      "remark": null,
                      "details": null,
                      "__typename": "CalendarResultsRaceResult"
                    },
                    {
                      "competitor": {
                        "teamMembers": null,
                        "id": "81drnvhofmblzuqafv6io",
                        "name": "Aigars FADEJEVS",
                        "iaafId": 133595,
                        "urlSlug": "latvia/aigars-fadejevs-14210959",
                        "birthDate": "27 DEC 1975",
                        "hasProfile": true,
                        "__typename": "CalendarResultsCompetitor"
                      },
                      "mark": "DQ",
                      "nationality": "LAT",
                      "place": "",
                      "points": null,
                      "qualified": null,
                      "records": "",
                      "wind": null,
                      "remark": null,
                      "details": null,
                      "__typename": "CalendarResultsRaceResult"
                    },
                    {
                      "competitor": {
                        "teamMembers": null,
                        "id": "azmsai6is1dopks7vmdjz",
                        "name": "German SKURYGIN",
                        "iaafId": 4979,
                        "urlSlug": "russia/german-skurygin-014224049",
                        "birthDate": "15 SEP 1963",
                        "hasProfile": true,
                        "__typename": "CalendarResultsCompetitor"
                      },
                      "mark": "DQ",
                      "nationality": "RUS",
                      "place": " - ",
                      "points": null,
                      "qualified": null,
                      "records": "",
                      "wind": null,
                      "remark": null,
                      "details": null,
                      "__typename": "CalendarResultsRaceResult"
                    },
                    {
                      "competitor": {
                        "teamMembers": null,
                        "id": "5ipr0u0fbkqkf9xzsl20af",
                        "name": "Andrew HERMANN",
                        "iaafId": 56297,
                        "urlSlug": "united-states/andrew-hermann-014240568",
                        "birthDate": "22 FEB 1971",
                        "hasProfile": true,
                        "__typename": "CalendarResultsCompetitor"
                      },
                      "mark": "DQ",
                      "nationality": "USA",
                      "place": "",
                      "points": null,
                      "qualified": null,
                      "records": "",
                      "wind": null,
                      "remark": null,
                      "details": null,
                      "__typename": "CalendarResultsRaceResult"
                    },
                    {
                      "competitor": {
                        "teamMembers": null,
                        "id": "s644gicsd8xxyehy924f",
                        "name": "Tim BERRETT",
                        "iaafId": 245,
                        "urlSlug": "canada/tim-berrett-14174606",
                        "birthDate": "23 JAN 1965",
                        "hasProfile": true,
                        "__typename": "CalendarResultsCompetitor"
                      },
                      "mark": "DQ",
                      "nationality": "CAN",
                      "place": "",
                      "points": null,
                      "qualified": null,
                      "records": "",
                      "wind": null,
                      "remark": null,
                      "details": null,
                      "__typename": "CalendarResultsRaceResult"
                    },
                    {
                      "competitor": {
                        "teamMembers": null,
                        "id": "akrzvs3o1zpv9n6v46w3yd",
                        "name": "Robert KORZENIOWSKI",
                        "iaafId": 1490,
                        "urlSlug": "poland/robert-korzeniowski-014216917",
                        "birthDate": "30 JUL 1968",
                        "hasProfile": true,
                        "__typename": "CalendarResultsCompetitor"
                      },
                      "mark": "DQ",
                      "nationality": "POL",
                      "place": "",
                      "points": null,
                      "qualified": null,
                      "records": "",
                      "wind": null,
                      "remark": null,
                      "details": null,
                      "__typename": "CalendarResultsRaceResult"
                    },
                    {
                      "competitor": {
                        "teamMembers": null,
                        "id": "wyp3q80py2o2efodgyq4zj",
                        "name": "Al HEPPNER",
                        "iaafId": 138970,
                        "urlSlug": "united-states/al-heppner-014240547",
                        "birthDate": "24 APR 1974",
                        "hasProfile": true,
                        "__typename": "CalendarResultsCompetitor"
                      },
                      "mark": "DQ",
                      "nationality": "USA",
                      "place": "",
                      "points": null,
                      "qualified": null,
                      "records": "",
                      "wind": null,
                      "remark": null,
                      "details": null,
                      "__typename": "CalendarResultsRaceResult"
                    }
                  ],
                  "startList": null,
                  "wind": null,
                  "__typename": "CalendarResultsRace"
                }
              ],
              "__typename": "CalendarResultsEvent"
            }
          ],
          "__typename": "CalendarResultsEventTitle"
        }
      ],
      "options": {
        "days": [
          {
            "date": "21 AUG 1999",
            "day": 1,
            "__typename": "CalendarResultsOptionsDay"
          },
          {
            "date": "22 AUG 1999",
            "day": 2,
            "__typename": "CalendarResultsOptionsDay"
          },
          {
            "date": "23 AUG 1999",
            "day": 3,
            "__typename": "CalendarResultsOptionsDay"
          },
          {
            "date": "24 AUG 1999",
            "day": 4,
            "__typename": "CalendarResultsOptionsDay"
          },
          {
            "date": "25 AUG 1999",
            "day": 5,
            "__typename": "CalendarResultsOptionsDay"
          },
          {
            "date": "26 AUG 1999",
            "day": 6,
            "__typename": "CalendarResultsOptionsDay"
          },
          {
            "date": "27 AUG 1999",
            "day": 7,
            "__typename": "CalendarResultsOptionsDay"
          },
          {
            "date": "28 AUG 1999",
            "day": 8,
            "__typename": "CalendarResultsOptionsDay"
          },
          {
            "date": "29 AUG 1999",
            "day": 9,
            "__typename": "CalendarResultsOptionsDay"
          }
        ],
        "events": [
          {
            "gender": "W",
            "id": 10229509,
            "name": "Women's 100 Metres",
            "combined": null,
            "__typename": "CalendarResultsOptionEvent"
          },
          {
            "gender": "W",
            "id": 10229510,
            "name": "Women's 200 Metres",
            "combined": null,
            "__typename": "CalendarResultsOptionEvent"
          },
          {
            "gender": "W",
            "id": 10229511,
            "name": "Women's 400 Metres",
            "combined": null,
            "__typename": "CalendarResultsOptionEvent"
          },
          {
            "gender": "W",
            "id": 10229512,
            "name": "Women's 800 Metres",
            "combined": null,
            "__typename": "CalendarResultsOptionEvent"
          },
          {
            "gender": "W",
            "id": 10229513,
            "name": "Women's 1500 Metres",
            "combined": null,
            "__typename": "CalendarResultsOptionEvent"
          },
          {
            "gender": "W",
            "id": 10229514,
            "name": "Women's 5000 Metres",
            "combined": null,
            "__typename": "CalendarResultsOptionEvent"
          },
          {
            "gender": "W",
            "id": 10229521,
            "name": "Women's 10,000 Metres",
            "combined": null,
            "__typename": "CalendarResultsOptionEvent"
          },
          {
            "gender": "W",
            "id": 10229522,
            "name": "Women's 100 Metres Hurdles",
            "combined": null,
            "__typename": "CalendarResultsOptionEvent"
          },
          {
            "gender": "W",
            "id": 10229523,
            "name": "Women's 400 Metres Hurdles",
            "combined": null,
            "__typename": "CalendarResultsOptionEvent"
          },
          {
            "gender": "W",
            "id": 10230031,
            "name": "Women's 100m Blind",
            "combined": null,
            "__typename": "CalendarResultsOptionEvent"
          },
          {
            "gender": "W",
            "id": 10229526,
            "name": "Women's High Jump",
            "combined": null,
            "__typename": "CalendarResultsOptionEvent"
          },
          {
            "gender": "W",
            "id": 10229527,
            "name": "Women's Pole Vault",
            "combined": null,
            "__typename": "CalendarResultsOptionEvent"
          },
          {
            "gender": "W",
            "id": 10229528,
            "name": "Women's Long Jump",
            "combined": null,
            "__typename": "CalendarResultsOptionEvent"
          },
          {
            "gender": "W",
            "id": 10229529,
            "name": "Women's Triple Jump",
            "combined": null,
            "__typename": "CalendarResultsOptionEvent"
          },
          {
            "gender": "W",
            "id": 10229530,
            "name": "Women's Shot Put",
            "combined": null,
            "__typename": "CalendarResultsOptionEvent"
          },
          {
            "gender": "W",
            "id": 10229531,
            "name": "Women's Discus Throw",
            "combined": null,
            "__typename": "CalendarResultsOptionEvent"
          },
          {
            "gender": "W",
            "id": 10229532,
            "name": "Women's Hammer Throw",
            "combined": null,
            "__typename": "CalendarResultsOptionEvent"
          },
          {
            "gender": "W",
            "id": 10229533,
            "name": "Women's Javelin Throw",
            "combined": null,
            "__typename": "CalendarResultsOptionEvent"
          },
          {
            "gender": "W",
            "id": 10229534,
            "name": "Women's Marathon",
            "combined": null,
            "__typename": "CalendarResultsOptionEvent"
          },
          {
            "gender": "W",
            "id": 10229535,
            "name": "Women's 20 Kilometres Race Walk",
            "combined": null,
            "__typename": "CalendarResultsOptionEvent"
          },
          {
            "gender": "W",
            "id": 10229536,
            "name": "Women's Heptathlon",
            "combined": true,
            "__typename": "CalendarResultsOptionEvent"
          },
          {
            "gender": "W",
            "id": 204594,
            "name": "Women's 4x100 Metres Relay",
            "combined": null,
            "__typename": "CalendarResultsOptionEvent"
          },
          {
            "gender": "W",
            "id": 204596,
            "name": "Women's 4x400 Metres Relay",
            "combined": null,
            "__typename": "CalendarResultsOptionEvent"
          },
          {
            "gender": "M",
            "id": 10229630,
            "name": "Men's 100 Metres",
            "combined": null,
            "__typename": "CalendarResultsOptionEvent"
          },
          {
            "gender": "M",
            "id": 10229605,
            "name": "Men's 200 Metres",
            "combined": null,
            "__typename": "CalendarResultsOptionEvent"
          },
          {
            "gender": "M",
            "id": 10229631,
            "name": "Men's 400 Metres",
            "combined": null,
            "__typename": "CalendarResultsOptionEvent"
          },
          {
            "gender": "M",
            "id": 10229501,
            "name": "Men's 800 Metres",
            "combined": null,
            "__typename": "CalendarResultsOptionEvent"
          },
          {
            "gender": "M",
            "id": 10229502,
            "name": "Men's 1500 Metres",
            "combined": null,
            "__typename": "CalendarResultsOptionEvent"
          },
          {
            "gender": "M",
            "id": 10229609,
            "name": "Men's 5000 Metres",
            "combined": null,
            "__typename": "CalendarResultsOptionEvent"
          },
          {
            "gender": "M",
            "id": 10229610,
            "name": "Men's 10,000 Metres",
            "combined": null,
            "__typename": "CalendarResultsOptionEvent"
          },
          {
            "gender": "M",
            "id": 10229611,
            "name": "Men's 110 Metres Hurdles",
            "combined": null,
            "__typename": "CalendarResultsOptionEvent"
          },
          {
            "gender": "M",
            "id": 10229612,
            "name": "Men's 400 Metres Hurdles",
            "combined": null,
            "__typename": "CalendarResultsOptionEvent"
          },
          {
            "gender": "M",
            "id": 10229614,
            "name": "Men's 3000 Metres Steeplechase",
            "combined": null,
            "__typename": "CalendarResultsOptionEvent"
          },
          {
            "gender": "M",
            "id": 10230029,
            "name": "Men's 200m Blind",
            "combined": null,
            "__typename": "CalendarResultsOptionEvent"
          },
          {
            "gender": "M",
            "id": 10229615,
            "name": "Men's High Jump",
            "combined": null,
            "__typename": "CalendarResultsOptionEvent"
          },
          {
            "gender": "M",
            "id": 10229616,
            "name": "Men's Pole Vault",
            "combined": null,
            "__typename": "CalendarResultsOptionEvent"
          },
          {
            "gender": "M",
            "id": 10229617,
            "name": "Men's Long Jump",
            "combined": null,
            "__typename": "CalendarResultsOptionEvent"
          },
          {
            "gender": "M",
            "id": 10229618,
            "name": "Men's Triple Jump",
            "combined": null,
            "__typename": "CalendarResultsOptionEvent"
          },
          {
            "gender": "M",
            "id": 10229619,
            "name": "Men's Shot Put",
            "combined": null,
            "__typename": "CalendarResultsOptionEvent"
          },
          {
            "gender": "M",
            "id": 10229620,
            "name": "Men's Discus Throw",
            "combined": null,
            "__typename": "CalendarResultsOptionEvent"
          },
          {
            "gender": "M",
            "id": 10229621,
            "name": "Men's Hammer Throw",
            "combined": null,
            "__typename": "CalendarResultsOptionEvent"
          },
          {
            "gender": "M",
            "id": 10229636,
            "name": "Men's Javelin Throw",
            "combined": null,
            "__typename": "CalendarResultsOptionEvent"
          },
          {
            "gender": "M",
            "id": 10229634,
            "name": "Men's Marathon",
            "combined": null,
            "__typename": "CalendarResultsOptionEvent"
          },
          {
            "gender": "M",
            "id": 10229508,
            "name": "Men's 20 Kilometres Race Walk",
            "combined": null,
            "__typename": "CalendarResultsOptionEvent"
          },
          {
            "gender": "M",
            "id": 10229628,
            "name": "Men's 50 Kilometres Race Walk",
            "combined": null,
            "__typename": "CalendarResultsOptionEvent"
          },
          {
            "gender": "M",
            "id": 10229629,
            "name": "Men's Decathlon",
            "combined": true,
            "__typename": "CalendarResultsOptionEvent"
          },
          {
            "gender": "M",
            "id": 204593,
            "name": "Men's 4x100 Metres Relay",
            "combined": null,
            "__typename": "CalendarResultsOptionEvent"
          },
          {
            "gender": "M",
            "id": 204595,
            "name": "Men's 4x400 Metres Relay",
            "combined": null,
            "__typename": "CalendarResultsOptionEvent"
          }
        ],
        "__typename": "CalendarResultsOptions"
      },
      "parameters": {
        "competitionId": 6939522,
        "day": null,
        "eventId": 10229628,
        "__typename": "CalendarResultsParameters"
      },
      "__typename": "CalendarCompetitionResults"
    }
  }
}