{
  "data": {
    "getCalendarCompetitionResults": {
      "competition": {
        "dateRange": "21\u201329 AUG 1999",
        "endDate": "1999-08-29",
        "name": "IAAF World Championships",
        "rankingCategory": "OW",
        "startDate": "1999-08-21",
        "venue": "La Cartuja, Sevilla (ESP)",
        "__typename": "CalendarResultsCompetition"
      },
      "eventTitles": [
        {
          "rankingCategory": "OW",
          "eventTitle": null,
          "events": [
            {
              "event": "Women's Shot Put",
              "eventId": 10229530,
              "gender": "W",
              "isRelay": false,
              "perResultWind": false,
              "withWind": false,
              "summary": [
                {
                  "competitor": {
                    "teamMembers": null,
                    "id": "14258016",
                    "name": "Marie COLLONVILL\u00c9",
                    "iaafId": 68431,
                    "urlSlug": "france/marie-collonville-014258016",
                    "birthDate": "23 NOV 1973",
                    "__typename": "CalendarResultsCompetitor"
                  },
                  "mark": "12.19",
                  "nationality": "FRA",
                  "placeInRace": "11.",
                  "placeInRound": "",
                  "points": 674,
                  "raceNumber": 2,
                  "records": "",
                  "wind": null,
                  "__typename": "CalendarResultsSummary"
                },
                {
                  "competitor": {
                    "teamMembers": null,
                    "id": "14259561",
                    "name": "Tiia HAUTALA",
                    "iaafId": 68462,
                    "urlSlug": "finland/tiia-hautala-014259561",
                    "birthDate": "03 APR 1972",
                    "__typename": "CalendarResultsCompetitor"
                  },
                  "mark": "13.77",
                  "nationality": "FIN",
                  "placeInRace": "2.",
                  "placeInRound": "",
                  "points": 779,
                  "raceNumber": 2,
                  "records": "",
                  "wind": null,
                  "__typename": "CalendarResultsSummary"
                },
                {
                  "competitor": {
                    "teamMembers": null,
                    "id": "14263564",
                    "name": "Magalys GARC\u00cdA",
                    "iaafId": 63116,
                    "urlSlug": "cuba/magalys-garcia-014263564",
                    "birthDate": "23 OCT 1971",
                    "__typename": "CalendarResultsCompetitor"
                  },
                  "mark": "14.09",
                  "nationality": "CUB",
                  "placeInRace": "8.",
                  "placeInRound": "",
                  "points": 800,
                  "raceNumber": 1,
                  "records": "",
                  "wind": null,
                  "__typename": "CalendarResultsSummary"
                },
                {
                  "competitor": {
                    "teamMembers": null,
                    "id": "14275597",
                    "name": "Denise LEWIS",
                    "iaafId": 67891,
                    "urlSlug": "great-britain-ni/denise-lewis-014275597",
                    "birthDate": "27 AUG 1972",
                    "__typename": "CalendarResultsCompetitor"
                  },
                  "mark": "16.12",
                  "nationality": "GBR",
                  "placeInRace": "1.",
                  "placeInRound": "",
                  "points": 936,
                  "raceNumber": 1,
                  "records": "",
                  "wind": null,
                  "__typename": "CalendarResultsSummary"
                },
                {
                  "competitor": {
                    "teamMembers": null,
                    "id": "14277184",
                    "name": "Sabine BRAUN",
                    "iaafId": 62749,
                    "urlSlug": "germany/sabine-braun-014277184",
                    "birthDate": "19 JUN 1965",
                    "__typename": "CalendarResultsCompetitor"
                  },
                  "mark": "14.67",
                  "nationality": "GER",
                  "placeInRace": "4.",
                  "placeInRound": "",
                  "points": 839,
                  "raceNumber": 1,
                  "records": "",
                  "wind": null,
                  "__typename": "CalendarResultsSummary"
                },
                {
                  "competitor": {
                    "teamMembers": null,
                    "id": "14288623",
                    "name": "Svetlana KAZANINA",
                    "iaafId": 80097,
                    "urlSlug": "kazakhstan/svetlana-kazanina-014288623",
                    "birthDate": "31 OCT 1971",
                    "__typename": "CalendarResultsCompetitor"
                  },
                  "mark": "12.77",
                  "nationality": "KAZ",
                  "placeInRace": "9.",
                  "placeInRound": "",
                  "points": 712,
                  "raceNumber": 2,
                  "records": "",
                  "wind": null,
                  "__typename": "CalendarResultsSummary"
                },
                {
                  "competitor": {
                    "teamMembers": null,
                    "id": "14290330",
                    "name": "Remigija NAZAROVIEN\u0116",
                    "iaafId": 63329,
                    "urlSlug": "lithuania/remigija-nazaroviene-14290330",
                    "birthDate": "02 JUN 1967",
                    "__typename": "CalendarResultsCompetitor"
                  },
                  "mark": "14.58",
                  "nationality": "LTU",
                  "placeInRace": "5.",
                  "placeInRound": "",
                  "points": 833,
                  "raceNumber": 1,
                  "records": "",
                  "wind": null,
                  "__typename": "CalendarResultsSummary"
                },
                {
                  "competitor": {
                    "teamMembers": null,
                    "id": "14297350",
                    "name": "Irina BELOVA",
                    "iaafId": 63014,
                    "urlSlug": "russia/irina-belova-014297350",
                    "birthDate": "27 MAR 1968",
                    "__typename": "CalendarResultsCompetitor"
                  },
                  "mark": "13.30",
                  "nationality": "RUS",
                  "placeInRace": "4.",
                  "placeInRound": "",
                  "points": 747,
                  "raceNumber": 2,
                  "records": "",
                  "wind": null,
                  "__typename": "CalendarResultsSummary"
                },
                {
                  "competitor": {
                    "teamMembers": null,
                    "id": "14258652",
                    "name": "Eunice BARBER",
                    "iaafId": 67352,
                    "urlSlug": "france/eunice-barber-014258652",
                    "birthDate": "17 NOV 1974",
                    "__typename": "CalendarResultsCompetitor"
                  },
                  "mark": "12.37",
                  "nationality": "FRA",
                  "placeInRace": "10.",
                  "placeInRound": "",
                  "points": 686,
                  "raceNumber": 2,
                  "records": "",
                  "wind": null,
                  "__typename": "CalendarResultsSummary"
                },
                {
                  "competitor": {
                    "teamMembers": null,
                    "id": "14262874",
                    "name": "Kate\u0159ina NEKOLN\u00c1",
                    "iaafId": 139774,
                    "urlSlug": "czech-republic/katerina-nekolna-14262874",
                    "birthDate": "23 JUN 1975",
                    "__typename": "CalendarResultsCompetitor"
                  },
                  "mark": "13.04",
                  "nationality": "CZE",
                  "placeInRace": "6.",
                  "placeInRound": "",
                  "points": 730,
                  "raceNumber": 2,
                  "records": "",
                  "wind": null,
                  "__typename": "CalendarResultsSummary"
                },
                {
                  "competitor": {
                    "teamMembers": null,
                    "id": "14268323",
                    "name": "Catherine BOND-MILLS",
                    "iaafId": 60186,
                    "urlSlug": "canada/catherine-bond-mills-014268323",
                    "birthDate": "20 SEP 1967",
                    "__typename": "CalendarResultsCompetitor"
                  },
                  "mark": "13.56",
                  "nationality": "CAN",
                  "placeInRace": "3.",
                  "placeInRound": "",
                  "points": 765,
                  "raceNumber": 2,
                  "records": "",
                  "wind": null,
                  "__typename": "CalendarResultsSummary"
                },
                {
                  "competitor": {
                    "teamMembers": null,
                    "id": "14271887",
                    "name": "Jane JAMIESON",
                    "iaafId": 80550,
                    "urlSlug": "australia/jane-jamieson-014271887",
                    "birthDate": "23 JUN 1975",
                    "__typename": "CalendarResultsCompetitor"
                  },
                  "mark": "13.30",
                  "nationality": "AUS",
                  "placeInRace": "10.",
                  "placeInRound": "",
                  "points": 747,
                  "raceNumber": 1,
                  "records": "",
                  "wind": null,
                  "__typename": "CalendarResultsSummary"
                },
                {
                  "competitor": {
                    "teamMembers": null,
                    "id": "14277516",
                    "name": "Karin ERTL",
                    "iaafId": 135244,
                    "urlSlug": "germany/karin-ertl-014277516",
                    "birthDate": "23 JUN 1974",
                    "__typename": "CalendarResultsCompetitor"
                  },
                  "mark": "13.28",
                  "nationality": "GER",
                  "placeInRace": "5.",
                  "placeInRound": "",
                  "points": 746,
                  "raceNumber": 2,
                  "records": "",
                  "wind": null,
                  "__typename": "CalendarResultsSummary"
                },
                {
                  "competitor": {
                    "teamMembers": null,
                    "id": "14281713",
                    "name": "Rita IN\u00c1NCSI",
                    "iaafId": 60819,
                    "urlSlug": "hungary/rita-inancsi-014281713",
                    "birthDate": "06 JAN 1971",
                    "__typename": "CalendarResultsCompetitor"
                  },
                  "mark": "14.16",
                  "nationality": "HUN",
                  "placeInRace": "7.",
                  "placeInRound": "",
                  "points": 805,
                  "raceNumber": 1,
                  "records": "",
                  "wind": null,
                  "__typename": "CalendarResultsSummary"
                },
                {
                  "competitor": {
                    "teamMembers": null,
                    "id": "14283683",
                    "name": "Gertrud BACHER",
                    "iaafId": 135248,
                    "urlSlug": "italy/gertrud-bacher-014283683",
                    "birthDate": "28 FEB 1971",
                    "__typename": "CalendarResultsCompetitor"
                  },
                  "mark": "12.95",
                  "nationality": "ITA",
                  "placeInRace": "8.",
                  "placeInRound": "",
                  "points": 724,
                  "raceNumber": 2,
                  "records": "",
                  "wind": null,
                  "__typename": "CalendarResultsSummary"
                },
                {
                  "competitor": {
                    "teamMembers": null,
                    "id": "14267881",
                    "name": "Nicole HAYNES",
                    "iaafId": 170783,
                    "urlSlug": "canada/nicole-haynes-014267881",
                    "birthDate": "18 SEP 1974",
                    "__typename": "CalendarResultsCompetitor"
                  },
                  "mark": "14.80",
                  "nationality": "CAN",
                  "placeInRace": "1.",
                  "placeInRound": "",
                  "points": 848,
                  "raceNumber": 2,
                  "records": "",
                  "wind": null,
                  "__typename": "CalendarResultsSummary"
                },
                {
                  "competitor": {
                    "teamMembers": null,
                    "id": "14294657",
                    "name": "Urszula W\u0141ODARCZYK",
                    "iaafId": 63563,
                    "urlSlug": "poland/urszula-wlodarczyk-014294657",
                    "birthDate": "22 DEC 1965",
                    "__typename": "CalendarResultsCompetitor"
                  },
                  "mark": "14.55",
                  "nationality": "POL",
                  "placeInRace": "6.",
                  "placeInRound": "",
                  "points": 831,
                  "raceNumber": 1,
                  "records": "",
                  "wind": null,
                  "__typename": "CalendarResultsSummary"
                },
                {
                  "competitor": {
                    "teamMembers": null,
                    "id": "14299090",
                    "name": "Natalya ROSHCHUPKINA",
                    "iaafId": 135243,
                    "urlSlug": "russia/natalya-roshchupkina-014299090",
                    "birthDate": "13 JAN 1978",
                    "__typename": "CalendarResultsCompetitor"
                  },
                  "mark": "13.83",
                  "nationality": "RUS",
                  "placeInRace": "9.",
                  "placeInRound": "",
                  "points": 783,
                  "raceNumber": 1,
                  "records": "",
                  "wind": null,
                  "__typename": "CalendarResultsSummary"
                },
                {
                  "competitor": {
                    "teamMembers": null,
                    "id": "14299755",
                    "name": "Irina VOSTRIKOVA",
                    "iaafId": 68540,
                    "urlSlug": "russia/irina-vostrikova-014299755",
                    "birthDate": "30 AUG 1970",
                    "__typename": "CalendarResultsCompetitor"
                  },
                  "mark": "15.42",
                  "nationality": "RUS",
                  "placeInRace": "3.",
                  "placeInRound": "",
                  "points": 889,
                  "raceNumber": 1,
                  "records": "",
                  "wind": null,
                  "__typename": "CalendarResultsSummary"
                },
                {
                  "competitor": {
                    "teamMembers": null,
                    "id": "14302590",
                    "name": "Ghada SHOUAA",
                    "iaafId": 67124,
                    "urlSlug": "syria/ghada-shouaa-014302590",
                    "birthDate": "10 SEP 1972",
                    "__typename": "CalendarResultsCompetitor"
                  },
                  "mark": "15.76",
                  "nationality": "SYR",
                  "placeInRace": "2.",
                  "placeInRound": "",
                  "points": 912,
                  "raceNumber": 1,
                  "records": "",
                  "wind": null,
                  "__typename": "CalendarResultsSummary"
                },
                {
                  "competitor": {
                    "teamMembers": null,
                    "id": "14306898",
                    "name": "Sheila BURRELL",
                    "iaafId": 135245,
                    "urlSlug": "united-states/sheila-burrell-014306898",
                    "birthDate": "15 JAN 1972",
                    "__typename": "CalendarResultsCompetitor"
                  },
                  "mark": "13.00",
                  "nationality": "USA",
                  "placeInRace": "7.",
                  "placeInRound": "",
                  "points": 727,
                  "raceNumber": 2,
                  "records": "",
                  "wind": null,
                  "__typename": "CalendarResultsSummary"
                },
                {
                  "competitor": {
                    "teamMembers": null,
                    "id": "14315608",
                    "name": "Tiffany LOTT-HOGAN",
                    "iaafId": 132537,
                    "urlSlug": "united-states/tiffany-lott-hogan-014315608",
                    "birthDate": "01 AUG 1975",
                    "__typename": "CalendarResultsCompetitor"
                  },
                  "mark": "12.74",
                  "nationality": "USA",
                  "placeInRace": "11.",
                  "placeInRound": "",
                  "points": 710,
                  "raceNumber": 1,
                  "records": "",
                  "wind": null,
                  "__typename": "CalendarResultsSummary"
                }
              ],
              "races": [
                {
                  "date": "1999-08-25",
                  "day": 5,
                  "race": "Final",
                  "raceId": 10,
                  "raceNumber": 0,
                  "results": [
                    {
                      "competitor": {
                        "teamMembers": null,
                        "id": "kc5j5hvx75jiglwzpi3d",
                        "name": "Astrid KUMBERNUSS",
                        "iaafId": 61014,
                        "urlSlug": "germany/astrid-kumbernuss-014278563",
                        "birthDate": "05 FEB 1970",
                        "hasProfile": true,
                        "__typename": "CalendarResultsCompetitor"
                      },
                      "mark": "19.85",
                      "nationality": "GER",
                      "place": "1.",
                      "points": null,
                      "qualified": null,
                      "records": "",
                      "wind": null,
                      "remark": null,
                      "details": null,
                      "__typename": "CalendarResultsRaceResult"
                    },
                    {
                      "competitor": {
                        "teamMembers": null,
                        "id": "z35id4nxiklns2bi5jjlqs",
                        "name": "Nadine KLEINERT",
                        "iaafId": 70622,
                        "urlSlug": "germany/nadine-kleinert-014278349",
                        "birthDate": "20 OCT 1975",
                        "hasProfile": true,
                        "__typename": "CalendarResultsCompetitor"
                      },
                      "mark": "19.61",
                      "nationality": "GER",
                      "place": "2.",
                      "points": null,
                      "qualified": null,
                      "records": "",
                      "wind": null,
                      "remark": null,
                      "details": null,
                      "__typename": "CalendarResultsRaceResult"
                    },
                    {
                      "competitor": {
                        "teamMembers": null,
                        "id": "ylfs0tdfiv83yefu8p2rm",
                        "name": "Svetlana KRIVELYOVA",
                        "iaafId": 62570,
                        "urlSlug": "russia/svetlana-krivelyova-014298305",
                        "birthDate": "13 JUN 1969",
                        "hasProfile": true,
                        "__typename": "CalendarResultsCompetitor"
                      },
                      "mark": "19.43",
                      "nationality": "RUS",
                      "place": "3.",
                      "points": null,
                      "qualified": null,
                      "records": "",
                      "wind": null,
                      "remark": null,
                      "details": null,
                      "__typename": "CalendarResultsRaceResult"
                    },
                    {
                      "competitor": {
                        "teamMembers": null,
                        "id": "jn3r8wylu5mn176vmu4yrr",
                        "name": "Yanina KOROLCHIK-PROVALINSKAYA",
                        "iaafId": 130445,
                        "urlSlug": "belarus/yanina-korolchik-provalinskaya-014269821",
                        "birthDate": "26 DEC 1976",
                        "hasProfile": true,
                        "__typename": "CalendarResultsCompetitor"
                      },
                      "mark": "19.17",
                      "nationality": "BLR",
                      "place": "4.",
                      "points": null,
                      "qualified": null,
                      "records": "",
                      "wind": null,
                      "remark": null,
                      "details": null,
                      "__typename": "CalendarResultsRaceResult"
                    },
                    {
                      "competitor": {
                        "teamMembers": null,
                        "id": "yr547cx3s7a1r9tygopt21",
                        "name": "Xiaoyan CHENG",
                        "iaafId": 68527,
                        "urlSlug": "pr-of-china/xiaoyan-cheng-014266624",
                        "birthDate": "30 NOV 1975",
                        "hasProfile": true,
                        "__typename": "CalendarResultsCompetitor"
                      },
                      "mark": "18.67",
                      "nationality": "CHN",
                      "place": "5.",
                      "points": null,
                      "qualified": null,
                      "records": "",
                      "wind": null,
                      "remark": null,
                      "details": null,
                      "__typename": "CalendarResultsRaceResult"
                    },
                    {
                      "competitor": {
                        "teamMembers": null,
                        "id": "nj3oped2egemhjjhqe6bs",
                        "name": "Yumileidi CUMB\u00c1",
                        "iaafId": 70251,
                        "urlSlug": "cuba/yumileidi-cumba-014263614",
                        "birthDate": "11 FEB 1975",
                        "hasProfile": true,
                        "__typename": "CalendarResultsCompetitor"
                      },
                      "mark": "18.44",
                      "nationality": "CUB",
                      "place": "6.",
                      "points": null,
                      "qualified": null,
                      "records": "",
                      "wind": null,
                      "remark": null,
                      "details": null,
                      "__typename": "CalendarResultsRaceResult"
                    },
                    {
                      "competitor": {
                        "teamMembers": null,
                        "id": "faadb0q2z6mrrv0q44suf",
                        "name": "Valentina FEDJUSCHINA",
                        "iaafId": 60531,
                        "urlSlug": "austria/valentina-fedjuschina-014270958",
                        "birthDate": "10 FEB 1965",
                        "hasProfile": true,
                        "__typename": "CalendarResultsCompetitor"
                      },
                      "mark": "18.17",
                      "nationality": "AUT",
                      "place": "7.",
                      "points": null,
                      "qualified": null,
                      "records": "",
                      "wind": null,
                      "remark": null,
                      "details": null,
                      "__typename": "CalendarResultsRaceResult"
                    },
                    {
                      "competitor": {
                        "teamMembers": null,
                        "id": "3jgzw8q1gjzsyzlnqhwn",
                        "name": "Krystyna ZABAWSKA",
                        "iaafId": 62566,
                        "urlSlug": "poland/krystyna-zabawska-014294709",
                        "birthDate": "14 JAN 1968",
                        "hasProfile": true,
                        "__typename": "CalendarResultsCompetitor"
                      },
                      "mark": "18.12",
                      "nationality": "POL",
                      "place": "8.",
                      "points": null,
                      "qualified": null,
                      "records": "",
                      "wind": null,
                      "remark": null,
                      "details": null,
                      "__typename": "CalendarResultsRaceResult"
                    },
                    {
                      "competitor": {
                        "teamMembers": null,
                        "id": "h65135nuo374oglk734rpm",
                        "name": "Teri STEER",
                        "iaafId": 132384,
                        "urlSlug": "united-states/teri-steer-014321968",
                        "birthDate": "03 OCT 1975",
                        "hasProfile": true,
                        "__typename": "CalendarResultsCompetitor"
                      },
                      "mark": "18.04",
                      "nationality": "USA",
                      "place": "9.",
                      "points": null,
                      "qualified": null,
                      "records": "",
                      "wind": null,
                      "remark": null,
                      "details": null,
                      "__typename": "CalendarResultsRaceResult"
                    },
                    {
                      "competitor": {
                        "teamMembers": null,
                        "id": "dnmdnv1i0gsego5pjvje6i",
                        "name": "Myong-sun LEE",
                        "iaafId": 70959,
                        "urlSlug": "korea/myong-sun-lee-014289799",
                        "birthDate": "12 FEB 1976",
                        "hasProfile": true,
                        "__typename": "CalendarResultsCompetitor"
                      },
                      "mark": "17.92",
                      "nationality": "KOR",
                      "place": "10.",
                      "points": null,
                      "qualified": null,
                      "records": "",
                      "wind": null,
                      "remark": null,
                      "details": null,
                      "__typename": "CalendarResultsRaceResult"
                    },
                    {
                      "competitor": {
                        "teamMembers": null,
                        "id": "2hwyndnx1oygql9f9cqxfl",
                        "name": "Connie PRICE-SMITH",
                        "iaafId": 61538,
                        "urlSlug": "united-states/connie-price-smith-014319298",
                        "birthDate": "03 JUN 1962",
                        "hasProfile": true,
                        "__typename": "CalendarResultsCompetitor"
                      },
                      "mark": "17.89",
                      "nationality": "USA",
                      "place": "11.",
                      "points": null,
                      "qualified": null,
                      "records": "",
                      "wind": null,
                      "remark": null,
                      "details": null,
                      "__typename": "CalendarResultsRaceResult"
                    },
                    {
                      "competitor": {
                        "teamMembers": null,
                        "id": "a3zn2w9msokbahu27lb80e",
                        "name": "Elena HIL\u0102",
                        "iaafId": 80071,
                        "urlSlug": "romania/elena-hila-014295664",
                        "birthDate": "20 MAY 1974",
                        "hasProfile": true,
                        "__typename": "CalendarResultsCompetitor"
                      },
                      "mark": "17.88",
                      "nationality": "ROU",
                      "place": "12.",
                      "points": null,
                      "qualified": null,
                      "records": "",
                      "wind": null,
                      "remark": null,
                      "details": null,
                      "__typename": "CalendarResultsRaceResult"
                    }
                  ],
                  "startList": null,
                  "wind": null,
                  "__typename": "CalendarResultsRace"
                },
                {
                  "date": "1999-08-25",
                  "day": 5,
                  "race": "Qualification - Group",
                  "raceId": 71,
                  "raceNumber": 1,
                  "results": [
                    {
                      "competitor": {
                        "teamMembers": null,
                        "id": "lhzwop1zas5eecce5bmq",
                        "name": "Astrid KUMBERNUSS",
                        "iaafId": 61014,
                        "urlSlug": "germany/astrid-kumbernuss-014278563",
                        "birthDate": "05 FEB 1970",
                        "hasProfile": true,
                        "__typename": "CalendarResultsCompetitor"
                      },
                      "mark": "18.84",
                      "nationality": "GER",
                      "place": "1.",
                      "points": null,
                      "qualified": null,
                      "records": "",
                      "wind": null,
                      "remark": null,
                      "details": null,
                      "__typename": "CalendarResultsRaceResult"
                    },
                    {
                      "competitor": {
                        "teamMembers": null,
                        "id": "gl5ofw0pjrmebzc2fe9317",
                        "name": "Xiaoyan CHENG",
                        "iaafId": 68527,
                        "urlSlug": "pr-of-china/xiaoyan-cheng-014266624",
                        "birthDate": "30 NOV 1975",
                        "hasProfile": true,
                        "__typename": "CalendarResultsCompetitor"
                      },
                      "mark": "18.62",
                      "nationality": "CHN",
                      "place": "2.",
                      "points": null,
                      "qualified": null,
                      "records": "",
                      "wind": null,
                      "remark": null,
                      "details": null,
                      "__typename": "CalendarResultsRaceResult"
                    },
                    {
                      "competitor": {
                        "teamMembers": null,
                        "id": "agfr4bkbelkdfry1c6b3p",
                        "name": "Krystyna ZABAWSKA",
                        "iaafId": 62566,
                        "urlSlug": "poland/krystyna-zabawska-014294709",
                        "birthDate": "14 JAN 1968",
                        "hasProfile": true,
                        "__typename": "CalendarResultsCompetitor"
                      },
                      "mark": "18.49",
                      "nationality": "POL",
                      "place": "3.",
                      "points": null,
                      "qualified": null,
                      "records": "",
                      "wind": null,
                      "remark": null,
                      "details": null,
                      "__typename": "CalendarResultsRaceResult"
                    },
                    {
                      "competitor": {
                        "teamMembers": null,
                        "id": "z7w4aug071mnk21fhu7ff8",
                        "name": "Yumileidi CUMB\u00c1",
                        "iaafId": 70251,
                        "urlSlug": "cuba/yumileidi-cumba-014263614",
                        "birthDate": "11 FEB 1975",
                        "hasProfile": true,
                        "__typename": "CalendarResultsCompetitor"
                      },
                      "mark": "18.38",
                      "nationality": "CUB",
                      "place": "4.",
                      "points": null,
                      "qualified": null,
                      "records": "",
                      "wind": null,
                      "remark": null,
                      "details": null,
                      "__typename": "CalendarResultsRaceResult"
                    },
                    {
                      "competitor": {
                        "teamMembers": null,
                        "id": "lw23vrrdw52lo5cvmpckr",
                        "name": "Connie PRICE-SMITH",
                        "iaafId": 61538,
                        "urlSlug": "united-states/connie-price-smith-014319298",
                        "birthDate": "03 JUN 1962",
                        "hasProfile": true,
                        "__typename": "CalendarResultsCompetitor"
                      },
                      "mark": "18.10",
                      "nationality": "USA",
                      "place": "5.",
                      "points": null,
                      "qualified": null,
                      "records": "",
                      "wind": null,
                      "remark": null,
                      "details": null,
                      "__typename": "CalendarResultsRaceResult"
                    },
                    {
                      "competitor": {
                        "teamMembers": null,
                        "id": "cypfyqnss3ojq4vrzxvdyj",
                        "name": "Elena HIL\u0102",
                        "iaafId": 80071,
                        "urlSlug": "romania/elena-hila-014295664",
                        "birthDate": "20 MAY 1974",
                        "hasProfile": true,
                        "__typename": "CalendarResultsCompetitor"
                      },
                      "mark": "18.09",
                      "nationality": "ROU",
                      "place": "6.",
                      "points": null,
                      "qualified": null,
                      "records": "",
                      "wind": null,
                      "remark": null,
                      "details": null,
                      "__typename": "CalendarResultsRaceResult"
                    },
                    {
                      "competitor": {
                        "teamMembers": null,
                        "id": "r31buop06thhqgchi03ngu",
                        "name": "Yanina KOROLCHIK-PROVALINSKAYA",
                        "iaafId": 130445,
                        "urlSlug": "belarus/yanina-korolchik-provalinskaya-014269821",
                        "birthDate": "26 DEC 1976",
                        "hasProfile": true,
                        "__typename": "CalendarResultsCompetitor"
                      },
                      "mark": "17.90",
                      "nationality": "BLR",
                      "place": "7.",
                      "points": null,
                      "qualified": null,
                      "records": "",
                      "wind": null,
                      "remark": null,
                      "details": null,
                      "__typename": "CalendarResultsRaceResult"
                    },
                    {
                      "competitor": {
                        "teamMembers": null,
                        "id": "9jknlxvcfhf3r0o6w2ley6",
                        "name": "Laurence MANFREDI",
                        "iaafId": 80537,
                        "urlSlug": "france/laurence-manfredi-014272992",
                        "birthDate": "20 MAY 1974",
                        "hasProfile": true,
                        "__typename": "CalendarResultsCompetitor"
                      },
                      "mark": "17.89",
                      "nationality": "FRA",
                      "place": "8.",
                      "points": null,
                      "qualified": null,
                      "records": "",
                      "wind": null,
                      "remark": null,
                      "details": null,
                      "__typename": "CalendarResultsRaceResult"
                    },
                    {
                      "competitor": {
                        "teamMembers": null,
                        "id": "rvsl75lcwi3fs1hg9s0l7",
                        "name": "Mara ROSOLEN",
                        "iaafId": 63406,
                        "urlSlug": "italy/mara-rosolen-014285158",
                        "birthDate": "27 JUL 1965",
                        "hasProfile": true,
                        "__typename": "CalendarResultsCompetitor"
                      },
                      "mark": "17.84",
                      "nationality": "ITA",
                      "place": "9.",
                      "points": null,
                      "qualified": null,
                      "records": "",
                      "wind": null,
                      "remark": null,
                      "details": null,
                      "__typename": "CalendarResultsRaceResult"
                    },
                    {
                      "competitor": {
                        "teamMembers": null,
                        "id": "yp9p4hdju6h4o2hfln3sto",
                        "name": "Anna ROMANOVA",
                        "iaafId": 61616,
                        "urlSlug": "russia/anna-romanova-014299078",
                        "birthDate": "09 MAR 1968",
                        "hasProfile": true,
                        "__typename": "CalendarResultsCompetitor"
                      },
                      "mark": "17.78",
                      "nationality": "RUS",
                      "place": "10.",
                      "points": null,
                      "qualified": null,
                      "records": "",
                      "wind": null,
                      "remark": null,
                      "details": null,
                      "__typename": "CalendarResultsRaceResult"
                    },
                    {
                      "competitor": {
                        "teamMembers": null,
                        "id": "b7luhdfub0qffa02fwi0pp",
                        "name": "Juttaporn KRASAEYAN",
                        "iaafId": 137692,
                        "urlSlug": "thailand/juttaporn-krasaeyan-014302676",
                        "birthDate": "13 FEB 1972",
                        "hasProfile": true,
                        "__typename": "CalendarResultsCompetitor"
                      },
                      "mark": "17.39",
                      "nationality": "THA",
                      "place": "11.",
                      "points": null,
                      "qualified": null,
                      "records": "",
                      "wind": null,
                      "remark": null,
                      "details": null,
                      "__typename": "CalendarResultsRaceResult"
                    },
                    {
                      "competitor": {
                        "teamMembers": null,
                        "id": "c2k4wg222isrm9gxtmemc",
                        "name": "Feina SONG",
                        "iaafId": 132437,
                        "urlSlug": "pr-of-china/feina-song-014265334",
                        "birthDate": "25 JAN 1977",
                        "hasProfile": true,
                        "__typename": "CalendarResultsCompetitor"
                      },
                      "mark": "17.26",
                      "nationality": "CHN",
                      "place": "12.",
                      "points": null,
                      "qualified": null,
                      "records": "",
                      "wind": null,
                      "remark": null,
                      "details": null,
                      "__typename": "CalendarResultsRaceResult"
                    },
                    {
                      "competitor": {
                        "teamMembers": null,
                        "id": "satbhywnh7y9fucqaa1o",
                        "name": "Svetla MITKOVA-SINIRTAS",
                        "iaafId": 61266,
                        "urlSlug": "turkey/svetla-mitkova-sinirtas-014303303",
                        "birthDate": "17 JUN 1964",
                        "hasProfile": true,
                        "__typename": "CalendarResultsCompetitor"
                      },
                      "mark": "16.40",
                      "nationality": "TUR",
                      "place": "13.",
                      "points": null,
                      "qualified": null,
                      "records": "",
                      "wind": null,
                      "remark": null,
                      "details": null,
                      "__typename": "CalendarResultsRaceResult"
                    }
                  ],
                  "startList": null,
                  "wind": null,
                  "__typename": "CalendarResultsRace"
                },
                {
                  "date": "1999-08-25",
                  "day": 5,
                  "race": "Qualification - Group",
                  "raceId": 71,
                  "raceNumber": 2,
                  "results": [
                    {
                      "competitor": {
                        "teamMembers": null,
                        "id": "q77j7sg56fn45xkfcnphvs",
                        "name": "Svetlana KRIVELYOVA",
                        "iaafId": 62570,
                        "urlSlug": "russia/svetlana-krivelyova-014298305",
                        "birthDate": "13 JUN 1969",
                        "hasProfile": true,
                        "__typename": "CalendarResultsCompetitor"
                      },
                      "mark": "19.54",
                      "nationality": "RUS",
                      "place": "1.",
                      "points": null,
                      "qualified": null,
                      "records": "",
                      "wind": null,
                      "remark": null,
                      "details": null,
                      "__typename": "CalendarResultsRaceResult"
                    },
                    {
                      "competitor": {
                        "teamMembers": null,
                        "id": "1nw9hifen4dbrtc5nheobn",
                        "name": "Nadine KLEINERT",
                        "iaafId": 70622,
                        "urlSlug": "germany/nadine-kleinert-014278349",
                        "birthDate": "20 OCT 1975",
                        "hasProfile": true,
                        "__typename": "CalendarResultsCompetitor"
                      },
                      "mark": "18.59",
                      "nationality": "GER",
                      "place": "2.",
                      "points": null,
                      "qualified": null,
                      "records": "",
                      "wind": null,
                      "remark": null,
                      "details": null,
                      "__typename": "CalendarResultsRaceResult"
                    },
                    {
                      "competitor": {
                        "teamMembers": null,
                        "id": "6rm0difm7zssco7a13uvs",
                        "name": "Myong-sun LEE",
                        "iaafId": 70959,
                        "urlSlug": "korea/myong-sun-lee-014289799",
                        "birthDate": "12 FEB 1976",
                        "hasProfile": true,
                        "__typename": "CalendarResultsCompetitor"
                      },
                      "mark": "18.37",
                      "nationality": "KOR",
                      "place": "3.",
                      "points": null,
                      "qualified": null,
                      "records": "",
                      "wind": null,
                      "remark": null,
                      "details": null,
                      "__typename": "CalendarResultsRaceResult"
                    },
                    {
                      "competitor": {
                        "teamMembers": null,
                        "id": "aqrdvq2brgg9jo9po3yuv",
                        "name": "Valentina FEDJUSCHINA",
                        "iaafId": 60531,
                        "urlSlug": "austria/valentina-fedjuschina-014270958",
                        "birthDate": "10 FEB 1965",
                        "hasProfile": true,
                        "__typename": "CalendarResultsCompetitor"
                      },
                      "mark": "18.28",
                      "nationality": "AUT",
                      "place": "4.",
                      "points": null,
                      "qualified": null,
                      "records": "",
                      "wind": null,
                      "remark": null,
                      "details": null,
                      "__typename": "CalendarResultsRaceResult"
                    },
                    {
                      "competitor": {
                        "teamMembers": null,
                        "id": "q48mbex6y1d1rtyp501at3",
                        "name": "Teri STEER",
                        "iaafId": 132384,
                        "urlSlug": "united-states/teri-steer-014321968",
                        "birthDate": "03 OCT 1975",
                        "hasProfile": true,
                        "__typename": "CalendarResultsCompetitor"
                      },
                      "mark": "18.09",
                      "nationality": "USA",
                      "place": "5.",
                      "points": null,
                      "qualified": null,
                      "records": "",
                      "wind": null,
                      "remark": null,
                      "details": null,
                      "__typename": "CalendarResultsRaceResult"
                    },
                    {
                      "competitor": {
                        "teamMembers": null,
                        "id": "7et1p7pvi2gx9zxppgp1z",
                        "name": "Juan YU",
                        "iaafId": 132386,
                        "urlSlug": "pr-of-china/juan-yu-014264566",
                        "birthDate": "29 MAR 1975",
                        "hasProfile": true,
                        "__typename": "CalendarResultsCompetitor"
                      },
                      "mark": "17.82",
                      "nationality": "CHN",
                      "place": "6.",
                      "points": null,
                      "qualified": null,
                      "records": "",
                      "wind": null,
                      "remark": null,
                      "details": null,
                      "__typename": "CalendarResultsRaceResult"
                    },
                    {
                      "competitor": {
                        "teamMembers": null,
                        "id": "yj0edota98ptgk4ewejsc",
                        "name": "Kalliopi OUZOUNI",
                        "iaafId": 136211,
                        "urlSlug": "greece/kalliopi-ouzouni-014280814",
                        "birthDate": "08 FEB 1973",
                        "hasProfile": true,
                        "__typename": "CalendarResultsCompetitor"
                      },
                      "mark": "17.79",
                      "nationality": "GRE",
                      "place": "7.",
                      "points": null,
                      "qualified": null,
                      "records": "",
                      "wind": null,
                      "remark": null,
                      "details": null,
                      "__typename": "CalendarResultsRaceResult"
                    },
                    {
                      "competitor": {
                        "teamMembers": null,
                        "id": "xxsjp9s6rnxf73iad1am",
                        "name": "Tressa THOMPSON",
                        "iaafId": 130279,
                        "urlSlug": "united-states/tressa-thompson-014322768",
                        "birthDate": "06 MAY 1975",
                        "hasProfile": true,
                        "__typename": "CalendarResultsCompetitor"
                      },
                      "mark": "17.52",
                      "nationality": "USA",
                      "place": "8.",
                      "points": null,
                      "qualified": null,
                      "records": "",
                      "wind": null,
                      "remark": null,
                      "details": null,
                      "__typename": "CalendarResultsRaceResult"
                    },
                    {
                      "competitor": {
                        "teamMembers": null,
                        "id": "be19f3ckqotqe6opvn9owm",
                        "name": "Nadezhda OSTAPCHUK",
                        "iaafId": 134067,
                        "urlSlug": "belarus/nadezhda-ostapchuk-014269709",
                        "birthDate": "28 OCT 1980",
                        "hasProfile": true,
                        "__typename": "CalendarResultsCompetitor"
                      },
                      "mark": "17.47",
                      "nationality": "BLR",
                      "place": "9.",
                      "points": null,
                      "qualified": null,
                      "records": "",
                      "wind": null,
                      "remark": null,
                      "details": null,
                      "__typename": "CalendarResultsRaceResult"
                    },
                    {
                      "competitor": {
                        "teamMembers": null,
                        "id": "5h0py7qwfyowbbdqveph7",
                        "name": "Lieja KOEMAN-TUNKS",
                        "iaafId": 71454,
                        "urlSlug": "canada/lieja-koeman-tunks-014267745",
                        "birthDate": "10 MAR 1976",
                        "hasProfile": true,
                        "__typename": "CalendarResultsCompetitor"
                      },
                      "mark": "17.45",
                      "nationality": "NED",
                      "place": "10.",
                      "points": null,
                      "qualified": null,
                      "records": "",
                      "wind": null,
                      "remark": null,
                      "details": null,
                      "__typename": "CalendarResultsRaceResult"
                    },
                    {
                      "competitor": {
                        "teamMembers": null,
                        "id": "50dz95bxx4rq4iqoo8qdj7",
                        "name": "Martina DE LA PUENTE",
                        "iaafId": 75085,
                        "urlSlug": "spain/martina-de-la-puente-014261750",
                        "birthDate": "04 APR 1975",
                        "hasProfile": true,
                        "__typename": "CalendarResultsCompetitor"
                      },
                      "mark": "16.68",
                      "nationality": "ESP",
                      "place": "11.",
                      "points": null,
                      "qualified": null,
                      "records": "",
                      "wind": null,
                      "remark": null,
                      "details": null,
                      "__typename": "CalendarResultsRaceResult"
                    },
                    {
                      "competitor": {
                        "teamMembers": null,
                        "id": "iaorublhs3is4vu5hdzp4",
                        "name": "Nada M. KAWAR",
                        "iaafId": 130188,
                        "urlSlug": "jordan/nada-m-kawar-014286029",
                        "birthDate": "23 NOV 1975",
                        "hasProfile": true,
                        "__typename": "CalendarResultsCompetitor"
                      },
                      "mark": "16.30",
                      "nationality": "JOR",
                      "place": "12.",
                      "points": null,
                      "qualified": null,
                      "records": "",
                      "wind": null,
                      "remark": null,
                      "details": null,
                      "__typename": "CalendarResultsRaceResult"
                    },
                    {
                      "competitor": {
                        "teamMembers": null,
                        "id": "vp444shdudiwa0ap7zp93m",
                        "name": "Vivian PETERS-CHUKWUEMEKA",
                        "iaafId": 136792,
                        "urlSlug": "nigeria/vivian-peters-chukwuemeka-014292513",
                        "birthDate": "04 MAY 1975",
                        "hasProfile": true,
                        "__typename": "CalendarResultsCompetitor"
                      },
                      "mark": "DNS",
                      "nationality": "NGR",
                      "place": "",
                      "points": null,
                      "qualified": null,
                      "records": "",
                      "wind": null,
                      "remark": null,
                      "details": null,
                      "__typename": "CalendarResultsRaceResult"
                    }
                  ],
                  "startList": null,
                  "wind": null,
                  "__typename": "CalendarResultsRace"
                },
                {
                  "date": "1999-08-21",
                  "day": 1,
                  "race": "Combined - Group",
                  "raceId": 14,
                  "raceNumber": 1,
                  "results": [
                    {
                      "competitor": {
                        "teamMembers": null,
                        "id": "dv55w49qacwj48lthrmkvp",
                        "name": "Denise LEWIS",
                        "iaafId": 67891,
                        "urlSlug": "great-britain-ni/denise-lewis-014275597",
                        "birthDate": "27 AUG 1972",
                        "hasProfile": true,
                        "__typename": "CalendarResultsCompetitor"
                      },
                      "mark": "16.12",
                      "nationality": "GBR",
                      "place": "1.",
                      "points": 936,
                      "qualified": null,
                      "records": "",
                      "wind": null,
                      "remark": null,
                      "details": null,
                      "__typename": "CalendarResultsRaceResult"
                    },
                    {
                      "competitor": {
                        "teamMembers": null,
                        "id": "c3wgb5fmgn7t21jusin2zj",
                        "name": "Ghada SHOUAA",
                        "iaafId": 67124,
                        "urlSlug": "syria/ghada-shouaa-014302590",
                        "birthDate": "10 SEP 1972",
                        "hasProfile": true,
                        "__typename": "CalendarResultsCompetitor"
                      },
                      "mark": "15.76",
                      "nationality": "SYR",
                      "place": "2.",
                      "points": 912,
                      "qualified": null,
                      "records": "",
                      "wind": null,
                      "remark": null,
                      "details": null,
                      "__typename": "CalendarResultsRaceResult"
                    },
                    {
                      "competitor": {
                        "teamMembers": null,
                        "id": "u7qkfsmsnglgz6pv4brt8g",
                        "name": "Irina VOSTRIKOVA",
                        "iaafId": 68540,
                        "urlSlug": "russia/irina-vostrikova-014299755",
                        "birthDate": "30 AUG 1970",
                        "hasProfile": true,
                        "__typename": "CalendarResultsCompetitor"
                      },
                      "mark": "15.42",
                      "nationality": "RUS",
                      "place": "3.",
                      "points": 889,
                      "qualified": null,
                      "records": "",
                      "wind": null,
                      "remark": null,
                      "details": null,
                      "__typename": "CalendarResultsRaceResult"
                    },
                    {
                      "competitor": {
                        "teamMembers": null,
                        "id": "8uz5kjjiczcanaqr9cve",
                        "name": "Sabine BRAUN",
                        "iaafId": 62749,
                        "urlSlug": "germany/sabine-braun-014277184",
                        "birthDate": "19 JUN 1965",
                        "hasProfile": true,
                        "__typename": "CalendarResultsCompetitor"
                      },
                      "mark": "14.67",
                      "nationality": "GER",
                      "place": "4.",
                      "points": 839,
                      "qualified": null,
                      "records": "",
                      "wind": null,
                      "remark": null,
                      "details": null,
                      "__typename": "CalendarResultsRaceResult"
                    },
                    {
                      "competitor": {
                        "teamMembers": null,
                        "id": "xd7y39e6s1ngtdtvu4yj",
                        "name": "Remigija NAZAROVIEN\u0116",
                        "iaafId": 63329,
                        "urlSlug": "lithuania/remigija-nazaroviene-14290330",
                        "birthDate": "02 JUN 1967",
                        "hasProfile": true,
                        "__typename": "CalendarResultsCompetitor"
                      },
                      "mark": "14.58",
                      "nationality": "LTU",
                      "place": "5.",
                      "points": 833,
                      "qualified": null,
                      "records": "",
                      "wind": null,
                      "remark": null,
                      "details": null,
                      "__typename": "CalendarResultsRaceResult"
                    },
                    {
                      "competitor": {
                        "teamMembers": null,
                        "id": "zjcuey30gufzr78nzykd8",
                        "name": "Urszula W\u0141ODARCZYK",
                        "iaafId": 63563,
                        "urlSlug": "poland/urszula-wlodarczyk-014294657",
                        "birthDate": "22 DEC 1965",
                        "hasProfile": true,
                        "__typename": "CalendarResultsCompetitor"
                      },
                      "mark": "14.55",
                      "nationality": "POL",
                      "place": "6.",
                      "points": 831,
                      "qualified": null,
                      "records": "",
                      "wind": null,
                      "remark": null,
                      "details": null,
                      "__typename": "CalendarResultsRaceResult"
                    },
                    {
                      "competitor": {
                        "teamMembers": null,
                        "id": "ueppjn7nhhbxyekg23ty5",
                        "name": "Rita IN\u00c1NCSI",
                        "iaafId": 60819,
                        "urlSlug": "hungary/rita-inancsi-014281713",
                        "birthDate": "06 JAN 1971",
                        "hasProfile": true,
                        "__typename": "CalendarResultsCompetitor"
                      },
                      "mark": "14.16",
                      "nationality": "HUN",
                      "place": "7.",
                      "points": 805,
                      "qualified": null,
                      "records": "",
                      "wind": null,
                      "remark": null,
                      "details": null,
                      "__typename": "CalendarResultsRaceResult"
                    },
                    {
                      "competitor": {
                        "teamMembers": null,
                        "id": "1jsy9ynmev573vsptmcq",
                        "name": "Magalys GARC\u00cdA",
                        "iaafId": 63116,
                        "urlSlug": "cuba/magalys-garcia-014263564",
                        "birthDate": "23 OCT 1971",
                        "hasProfile": true,
                        "__typename": "CalendarResultsCompetitor"
                      },
                      "mark": "14.09",
                      "nationality": "CUB",
                      "place": "8.",
                      "points": 800,
                      "qualified": null,
                      "records": "",
                      "wind": null,
                      "remark": null,
                      "details": null,
                      "__typename": "CalendarResultsRaceResult"
                    },
                    {
                      "competitor": {
                        "teamMembers": null,
                        "id": "pzwhjavg6jcwt35b15pitc",
                        "name": "Natalya ROSHCHUPKINA",
                        "iaafId": 135243,
                        "urlSlug": "russia/natalya-roshchupkina-014299090",
                        "birthDate": "13 JAN 1978",
                        "hasProfile": true,
                        "__typename": "CalendarResultsCompetitor"
                      },
                      "mark": "13.83",
                      "nationality": "RUS",
                      "place": "9.",
                      "points": 783,
                      "qualified": null,
                      "records": "",
                      "wind": null,
                      "remark": null,
                      "details": null,
                      "__typename": "CalendarResultsRaceResult"
                    },
                    {
                      "competitor": {
                        "teamMembers": null,
                        "id": "wldj3km6ksbzkwcwzsimx",
                        "name": "Jane JAMIESON",
                        "iaafId": 80550,
                        "urlSlug": "australia/jane-jamieson-014271887",
                        "birthDate": "23 JUN 1975",
                        "hasProfile": true,
                        "__typename": "CalendarResultsCompetitor"
                      },
                      "mark": "13.30",
                      "nationality": "AUS",
                      "place": "10.",
                      "points": 747,
                      "qualified": null,
                      "records": "",
                      "wind": null,
                      "remark": null,
                      "details": null,
                      "__typename": "CalendarResultsRaceResult"
                    },
                    {
                      "competitor": {
                        "teamMembers": null,
                        "id": "746y46g8nqhh6jhhbqli4r",
                        "name": "Tiffany LOTT-HOGAN",
                        "iaafId": 132537,
                        "urlSlug": "united-states/tiffany-lott-hogan-014315608",
                        "birthDate": "01 AUG 1975",
                        "hasProfile": true,
                        "__typename": "CalendarResultsCompetitor"
                      },
                      "mark": "12.74",
                      "nationality": "USA",
                      "place": "11.",
                      "points": 710,
                      "qualified": null,
                      "records": "",
                      "wind": null,
                      "remark": null,
                      "details": null,
                      "__typename": "CalendarResultsRaceResult"
                    }
                  ],
                  "startList": null,
                  "wind": null,
                  "__typename": "CalendarResultsRace"
                },
                {
                  "date": "1999-08-21",
                  "day": 1,
                  "race": "Combined - Group",
                  "raceId": 14,
                  "raceNumber": 2,
                  "results": [
                    {
                      "competitor": {
                        "teamMembers": null,
                        "id": "2m36egvm8vci8ubwo03mns",
                        "name": "Nicole HAYNES",
                        "iaafId": 170783,
                        "urlSlug": "canada/nicole-haynes-014267881",
                        "birthDate": "18 SEP 1974",
                        "hasProfile": true,
                        "__typename": "CalendarResultsCompetitor"
                      },
                      "mark": "14.80",
                      "nationality": "CAN",
                      "place": "1.",
                      "points": 848,
                      "qualified": null,
                      "records": "",
                      "wind": null,
                      "remark": null,
                      "details": null,
                      "__typename": "CalendarResultsRaceResult"
                    },
                    {
                      "competitor": {
                        "teamMembers": null,
                        "id": "149lrwyjwjma2b9c0po6oc2",
                        "name": "Tiia HAUTALA",
                        "iaafId": 68462,
                        "urlSlug": "finland/tiia-hautala-014259561",
                        "birthDate": "03 APR 1972",
                        "hasProfile": true,
                        "__typename": "CalendarResultsCompetitor"
                      },
                      "mark": "13.77",
                      "nationality": "FIN",
                      "place": "2.",
                      "points": 779,
                      "qualified": null,
                      "records": "",
                      "wind": null,
                      "remark": null,
                      "details": null,
                      "__typename": "CalendarResultsRaceResult"
                    },
                    {
                      "competitor": {
                        "teamMembers": null,
                        "id": "usif3q34qmil3h5tjxzq9",
                        "name": "Catherine BOND-MILLS",
                        "iaafId": 60186,
                        "urlSlug": "canada/catherine-bond-mills-014268323",
                        "birthDate": "20 SEP 1967",
                        "hasProfile": true,
                        "__typename": "CalendarResultsCompetitor"
                      },
                      "mark": "13.56",
                      "nationality": "CAN",
                      "place": "3.",
                      "points": 765,
                      "qualified": null,
                      "records": "",
                      "wind": null,
                      "remark": null,
                      "details": null,
                      "__typename": "CalendarResultsRaceResult"
                    },
                    {
                      "competitor": {
                        "teamMembers": null,
                        "id": "row7amrtntia7r3fhpks8",
                        "name": "Irina BELOVA",
                        "iaafId": 63014,
                        "urlSlug": "russia/irina-belova-014297350",
                        "birthDate": "27 MAR 1968",
                        "hasProfile": true,
                        "__typename": "CalendarResultsCompetitor"
                      },
                      "mark": "13.30",
                      "nationality": "RUS",
                      "place": "4.",
                      "points": 747,
                      "qualified": null,
                      "records": "",
                      "wind": null,
                      "remark": null,
                      "details": null,
                      "__typename": "CalendarResultsRaceResult"
                    },
                    {
                      "competitor": {
                        "teamMembers": null,
                        "id": "yi04eu12wip9g3erm71pka",
                        "name": "Karin ERTL",
                        "iaafId": 135244,
                        "urlSlug": "germany/karin-ertl-014277516",
                        "birthDate": "23 JUN 1974",
                        "hasProfile": true,
                        "__typename": "CalendarResultsCompetitor"
                      },
                      "mark": "13.28",
                      "nationality": "GER",
                      "place": "5.",
                      "points": 746,
                      "qualified": null,
                      "records": "",
                      "wind": null,
                      "remark": null,
                      "details": null,
                      "__typename": "CalendarResultsRaceResult"
                    },
                    {
                      "competitor": {
                        "teamMembers": null,
                        "id": "38gejwbg5cah8vweiknbos",
                        "name": "Kate\u0159ina NEKOLN\u00c1",
                        "iaafId": 139774,
                        "urlSlug": "czech-republic/katerina-nekolna-14262874",
                        "birthDate": "23 JUN 1975",
                        "hasProfile": true,
                        "__typename": "CalendarResultsCompetitor"
                      },
                      "mark": "13.04",
                      "nationality": "CZE",
                      "place": "6.",
                      "points": 730,
                      "qualified": null,
                      "records": "",
                      "wind": null,
                      "remark": null,
                      "details": null,
                      "__typename": "CalendarResultsRaceResult"
                    },
                    {
                      "competitor": {
                        "teamMembers": null,
                        "id": "erw6os1x0tb9i9wdivs0x",
                        "name": "Sheila BURRELL",
                        "iaafId": 135245,
                        "urlSlug": "united-states/sheila-burrell-014306898",
                        "birthDate": "15 JAN 1972",
                        "hasProfile": true,
                        "__typename": "CalendarResultsCompetitor"
                      },
                      "mark": "13.00",
                      "nationality": "USA",
                      "place": "7.",
                      "points": 727,
                      "qualified": null,
                      "records": "",
                      "wind": null,
                      "remark": null,
                      "details": null,
                      "__typename": "CalendarResultsRaceResult"
                    },
                    {
                      "competitor": {
                        "teamMembers": null,
                        "id": "d1ghb8k0j7a2fd94b7145q",
                        "name": "Gertrud BACHER",
                        "iaafId": 135248,
                        "urlSlug": "italy/gertrud-bacher-014283683",
                        "birthDate": "28 FEB 1971",
                        "hasProfile": true,
                        "__typename": "CalendarResultsCompetitor"
                      },
                      "mark": "12.95",
                      "nationality": "ITA",
                      "place": "8.",
                      "points": 724,
                      "qualified": null,
                      "records": "",
                      "wind": null,
                      "remark": null,
                      "details": null,
                      "__typename": "CalendarResultsRaceResult"
                    },
                    {
                      "competitor": {
                        "teamMembers": null,
                        "id": "92l9spu1qfecjjamoer3et",
                        "name": "Svetlana KAZANINA",
                        "iaafId": 80097,
                        "urlSlug": "kazakhstan/svetlana-kazanina-014288623",
                        "birthDate": "31 OCT 1971",
                        "hasProfile": true,
                        "__typename": "CalendarResultsCompetitor"
                      },
                      "mark": "12.77",
                      "nationality": "KAZ",
                      "place": "9.",
                      "points": 712,
                      "qualified": null,
                      "records": "",
                      "wind": null,
                      "remark": null,
                      "details": null,
                      "__typename": "CalendarResultsRaceResult"
                    },
                    {
                      "competitor": {
                        "teamMembers": null,
                        "id": "5o9o0v9d3unbt0zi2505wc",
                        "name": "Eunice BARBER",
                        "iaafId": 67352,
                        "urlSlug": "france/eunice-barber-014258652",
                        "birthDate": "17 NOV 1974",
                        "hasProfile": true,
                        "__typename": "CalendarResultsCompetitor"
                      },
                      "mark": "12.37",
                      "nationality": "FRA",
                      "place": "10.",
                      "points": 686,
                      "qualified": null,
                      "records": "",
                      "wind": null,
                      "remark": null,
                      "details": null,
                      "__typename": "CalendarResultsRaceResult"
                    },
                    {
                      "competitor": {
                        "teamMembers": null,
                        "id": "wdssltiapemxt5xefixe",
                        "name": "Marie COLLONVILL\u00c9",
                        "iaafId": 68431,
                        "urlSlug": "france/marie-collonville-014258016",
                        "birthDate": "23 NOV 1973",
                        "hasProfile": true,
                        "__typename": "CalendarResultsCompetitor"
                      },
                      "mark": "12.19",
                      "nationality": "FRA",
                      "place": "11.",
                      "points": 674,
                      "qualified": null,
                      "records": "",
                      "wind": null,
                      "remark": null,
                      "details": null,
                      "__typename": "CalendarResultsRaceResult"
                    }
                  ],
                  "startList": null,
                  "wind": null,
                  "__typename": "CalendarResultsRace"
                }
              ],
              "__typename": "CalendarResultsEvent"
            }
          ],
          "__typename": "CalendarResultsEventTitle"
        }
      ],
      "options": {
        "days": [
          {
            "date": "21 AUG 1999",
            "day": 1,
            "__typename": "CalendarResultsOptionsDay"
          },
          {
            "date": "22 AUG 1999",
            "day": 2,
            "__typename": "CalendarResultsOptionsDay"
          },
          {
            "date": "23 AUG 1999",
            "day": 3,
            "__typename": "CalendarResultsOptionsDay"
          },
          {
            "date": "24 AUG 1999",
            "day": 4,
            "__typename": "CalendarResultsOptionsDay"
          },
          {
            "date": "25 AUG 1999",
            "day": 5,
            "__typename": "CalendarResultsOptionsDay"
          },
          {
            "date": "26 AUG 1999",
            "day": 6,
            "__typename": "CalendarResultsOptionsDay"
          },
          {
            "date": "27 AUG 1999",
            "day": 7,
            "__typename": "CalendarResultsOptionsDay"
          },
          {
            "date": "28 AUG 1999",
            "day": 8,
            "__typename": "CalendarResultsOptionsDay"
          },
          {
            "date": "29 AUG 1999",
            "day": 9,
            "__typename": "CalendarResultsOptionsDay"
          }
        ],
        "events": [
          {
            "gender": "W",
            "id": 10229509,
            "name": "Women's 100 Metres",
            "combined": null,
            "__typename": "CalendarResultsOptionEvent"
          },
          {
            "gender": "W",
            "id": 10229510,
            "name": "Women's 200 Metres",
            "combined": null,
            "__typename": "CalendarResultsOptionEvent"
          },
          {
            "gender": "W",
            "id": 10229511,
            "name": "Women's 400 Metres",
            "combined": null,
            "__typename": "CalendarResultsOptionEvent"
          },
          {
            "gender": "W",
            "id": 10229512,
            "name": "Women's 800 Metres",
            "combined": null,
            "__typename": "CalendarResultsOptionEvent"
          },
          {
            "gender": "W",
            "id": 10229513,
            "name": "Women's 1500 Metres",
            "combined": null,
            "__typename": "CalendarResultsOptionEvent"
          },
          {
            "gender": "W",
            "id": 10229514,
            "name": "Women's 5000 Metres",
            "combined": null,
            "__typename": "CalendarResultsOptionEvent"
          },
          {
            "gender": "W",
            "id": 10229521,
            "name": "Women's 10,000 Metres",
            "combined": null,
            "__typename": "CalendarResultsOptionEvent"
          },
          {
            "gender": "W",
            "id": 10229522,
            "name": "Women's 100 Metres Hurdles",
            "combined": null,
            "__typename": "CalendarResultsOptionEvent"
          },
          {
            "gender": "W",
            "id": 10229523,
            "name": "Women's 400 Metres Hurdles",
            "combined": null,
            "__typename": "CalendarResultsOptionEvent"
          },
          {
            "gender": "W",
            "id": 10230031,
            "name": "Women's 100m Blind",
            "combined": null,
            "__typename": "CalendarResultsOptionEvent"
          },
          {
            "gender": "W",
            "id": 10229526,
            "name": "Women's High Jump",
            "combined": null,
            "__typename": "CalendarResultsOptionEvent"
          },
          {
            "gender": "W",
            "id": 10229527,
            "name": "Women's Pole Vault",
            "combined": null,
            "__typename": "CalendarResultsOptionEvent"
          },
          {
            "gender": "W",
            "id": 10229528,
            "name": "Women's Long Jump",
            "combined": null,
            "__typename": "CalendarResultsOptionEvent"
          },
          {
            "gender": "W",
            "id": 10229529,
            "name": "Women's Triple Jump",
            "combined": null,
            "__typename": "CalendarResultsOptionEvent"
          },
          {
            "gender": "W",
            "id": 10229530,
            "name": "Women's Shot Put",
            "combined": null,
            "__typename": "CalendarResultsOptionEvent"
          },
          {
            "gender": "W",
            "id": 10229531,
            "name": "Women's Discus Throw",
            "combined": null,
            "__typename": "CalendarResultsOptionEvent"
          },
          {
            "gender": "W",
            "id": 10229532,
            "name": "Women's Hammer Throw",
            "combined": null,
            "__typename": "CalendarResultsOptionEvent"
          },
          {
            "gender": "W",
            "id": 10229533,
            "name": "Women's Javelin Throw",
            "combined": null,
            "__typename": "CalendarResultsOptionEvent"
          },
          {
            "gender": "W",
            "id": 10229534,
            "name": "Women's Marathon",
            "combined": null,
            "__typename": "CalendarResultsOptionEvent"
          },
          {
            "gender": "W",
            "id": 10229535,
            "name": "Women's 20 Kilometres Race Walk",
            "combined": null,
            "__typename": "CalendarResultsOptionEvent"
          },
          {
            "gender": "W",
            "id": 10229536,
            "name": "Women's Heptathlon",
            "combined": true,
            "__typename": "CalendarResultsOptionEvent"
          },
          {
            "gender": "W",
            "id": 204594,
            "name": "Women's 4x100 Metres Relay",
            "combined": null,
            "__typename": "CalendarResultsOptionEvent"
          },
          {
            "gender": "W",
            "id": 204596,
            "name": "Women's 4x400 Metres Relay",
            "combined": null,
            "__typename": "CalendarResultsOptionEvent"
          },
          {
            "gender": "M",
            "id": 10229630,
            "name": "Men's 100 Metres",
            "combined": null,
            "__typename": "CalendarResultsOptionEvent"
          },
          {
            "gender": "M",
            "id": 10229605,
            "name": "Men's 200 Metres",
            "combined": null,
            "__typename": "CalendarResultsOptionEvent"
          },
          {
            "gender": "M",
            "id": 10229631,
            "name": "Men's 400 Metres",
            "combined": null,
            "__typename": "CalendarResultsOptionEvent"
          },
          {
            "gender": "M",
            "id": 10229501,
            "name": "Men's 800 Metres",
            "combined": null,
            "__typename": "CalendarResultsOptionEvent"
          },
          {
            "gender": "M",
            "id": 10229502,
            "name": "Men's 1500 Metres",
            "combined": null,
            "__typename": "CalendarResultsOptionEvent"
          },
          {
            "gender": "M",
            "id": 10229609,
            "name": "Men's 5000 Metres",
            "combined": null,
            "__typename": "CalendarResultsOptionEvent"
          },
          {
            "gender": "M",
            "id": 10229610,
            "name": "Men's 10,000 Metres",
            "combined": null,
            "__typename": "CalendarResultsOptionEvent"
          },
          {
            "gender": "M",
            "id": 10229611,
            "name": "Men's 110 Metres Hurdles",
            "combined": null,
            "__typename": "CalendarResultsOptionEvent"
          },
          {
            "gender": "M",
            "id": 10229612,
            "name": "Men's 400 Metres Hurdles",
            "combined": null,
            "__typename": "CalendarResultsOptionEvent"
          },
          {
            "gender": "M",
            "id": 10229614,
            "name": "Men's 3000 Metres Steeplechase",
            "combined": null,
            "__typename": "CalendarResultsOptionEvent"
          },
          {
            "gender": "M",
            "id": 10230029,
            "name": "Men's 200m Blind",
            "combined": null,
            "__typename": "CalendarResultsOptionEvent"
          },
          {
            "gender": "M",
            "id": 10229615,
            "name": "Men's High Jump",
            "combined": null,
            "__typename": "CalendarResultsOptionEvent"
          },
          {
            "gender": "M",
            "id": 10229616,
            "name": "Men's Pole Vault",
            "combined": null,
            "__typename": "CalendarResultsOptionEvent"
          },
          {
            "gender": "M",
            "id": 10229617,
            "name": "Men's Long Jump",
            "combined": null,
            "__typename": "CalendarResultsOptionEvent"
          },
          {
            "gender": "M",
            "id": 10229618,
            "name": "Men's Triple Jump",
            "combined": null,
            "__typename": "CalendarResultsOptionEvent"
          },
          {
            "gender": "M",
            "id": 10229619,
            "name": "Men's Shot Put",
            "combined": null,
            "__typename": "CalendarResultsOptionEvent"
          },
          {
            "gender": "M",
            "id": 10229620,
            "name": "Men's Discus Throw",
            "combined": null,
            "__typename": "CalendarResultsOptionEvent"
          },
          {
            "gender": "M",
            "id": 10229621,
            "name": "Men's Hammer Throw",
            "combined": null,
            "__typename": "CalendarResultsOptionEvent"
          },
          {
            "gender": "M",
            "id": 10229636,
            "name": "Men's Javelin Throw",
            "combined": null,
            "__typename": "CalendarResultsOptionEvent"
          },
          {
            "gender": "M",
            "id": 10229634,
            "name": "Men's Marathon",
            "combined": null,
            "__typename": "CalendarResultsOptionEvent"
          },
          {
            "gender": "M",
            "id": 10229508,
            "name": "Men's 20 Kilometres Race Walk",
            "combined": null,
            "__typename": "CalendarResultsOptionEvent"
          },
          {
            "gender": "M",
            "id": 10229628,
            "name": "Men's 50 Kilometres Race Walk",
            "combined": null,
            "__typename": "CalendarResultsOptionEvent"
          },
          {
            "gender": "M",
            "id": 10229629,
            "name": "Men's Decathlon",
            "combined": true,
            "__typename": "CalendarResultsOptionEvent"
          },
          {
            "gender": "M",
            "id": 204593,
            "name": "Men's 4x100 Metres Relay",
            "combined": null,
            "__typename": "CalendarResultsOptionEvent"
          },
          {
            "gender": "M",
            "id": 204595,
            "name": "Men's 4x400 Metres Relay",
            "combined": null,
            "__typename": "CalendarResultsOptionEvent"
          }
        ],
        "__typename": "CalendarResultsOptions"
      },
      "parameters": {
        "competitionId": 6939522,
        "day": null,
        "eventId": 10229530,
        "__typename": "CalendarResultsParameters"
      },
      "__typename": "CalendarCompetitionResults"
    }
  }
}