{
  "data": {
    "getCalendarCompetitionResults": {
      "competition": {
        "dateRange": "21\u201329 AUG 1999",
        "endDate": "1999-08-29",
        "name": "IAAF World Championships",
        "rankingCategory": "OW",
        "startDate": "1999-08-21",
        "venue": "La Cartuja, Sevilla (ESP)",
        "__typename": "CalendarResultsCompetition"
      },
      "eventTitles": [
        {
          "rankingCategory": "OW",
          "eventTitle": null,
          "events": [
            {
              "event": "Women's High Jump",
              "eventId": 10229526,
              "gender": "W",
              "isRelay": false,
              "perResultWind": false,
              "withWind": false,
              "summary": [
                {
                  "competitor": {
                    "teamMembers": null,
                    "id": "14302590",
                    "name": "Ghada SHOUAA",
                    "iaafId": 67124,
                    "urlSlug": "syria/ghada-shouaa-014302590",
                    "birthDate": "10 SEP 1972",
                    "__typename": "CalendarResultsCompetitor"
                  },
                  "mark": "1.81",
                  "nationality": "SYR",
                  "placeInRace": "8.",
                  "placeInRound": "",
                  "points": 991,
                  "raceNumber": 2,
                  "records": "",
                  "wind": null,
                  "__typename": "CalendarResultsSummary"
                },
                {
                  "competitor": {
                    "teamMembers": null,
                    "id": "14258652",
                    "name": "Eunice BARBER",
                    "iaafId": 67352,
                    "urlSlug": "france/eunice-barber-014258652",
                    "birthDate": "17 NOV 1974",
                    "__typename": "CalendarResultsCompetitor"
                  },
                  "mark": "1.93",
                  "nationality": "FRA",
                  "placeInRace": "1.",
                  "placeInRound": "",
                  "points": 1145,
                  "raceNumber": 2,
                  "records": "",
                  "wind": null,
                  "__typename": "CalendarResultsSummary"
                },
                {
                  "competitor": {
                    "teamMembers": null,
                    "id": "14271887",
                    "name": "Jane JAMIESON",
                    "iaafId": 80550,
                    "urlSlug": "australia/jane-jamieson-014271887",
                    "birthDate": "23 JUN 1975",
                    "__typename": "CalendarResultsCompetitor"
                  },
                  "mark": "1.72",
                  "nationality": "AUS",
                  "placeInRace": "7.",
                  "placeInRound": "",
                  "points": 879,
                  "raceNumber": 1,
                  "records": "",
                  "wind": null,
                  "__typename": "CalendarResultsSummary"
                },
                {
                  "competitor": {
                    "teamMembers": null,
                    "id": "14277184",
                    "name": "Sabine BRAUN",
                    "iaafId": 62749,
                    "urlSlug": "germany/sabine-braun-014277184",
                    "birthDate": "19 JUN 1965",
                    "__typename": "CalendarResultsCompetitor"
                  },
                  "mark": "1.81",
                  "nationality": "GER",
                  "placeInRace": "6.",
                  "placeInRound": "",
                  "points": 991,
                  "raceNumber": 2,
                  "records": "",
                  "wind": null,
                  "__typename": "CalendarResultsSummary"
                },
                {
                  "competitor": {
                    "teamMembers": null,
                    "id": "14277516",
                    "name": "Karin ERTL",
                    "iaafId": 135244,
                    "urlSlug": "germany/karin-ertl-014277516",
                    "birthDate": "23 JUN 1974",
                    "__typename": "CalendarResultsCompetitor"
                  },
                  "mark": "1.84",
                  "nationality": "GER",
                  "placeInRace": "5.",
                  "placeInRound": "",
                  "points": 1029,
                  "raceNumber": 2,
                  "records": "",
                  "wind": null,
                  "__typename": "CalendarResultsSummary"
                },
                {
                  "competitor": {
                    "teamMembers": null,
                    "id": "14281713",
                    "name": "Rita IN\u00c1NCSI",
                    "iaafId": 60819,
                    "urlSlug": "hungary/rita-inancsi-014281713",
                    "birthDate": "06 JAN 1971",
                    "__typename": "CalendarResultsCompetitor"
                  },
                  "mark": "1.78",
                  "nationality": "HUN",
                  "placeInRace": "10.",
                  "placeInRound": "",
                  "points": 953,
                  "raceNumber": 2,
                  "records": "",
                  "wind": null,
                  "__typename": "CalendarResultsSummary"
                },
                {
                  "competitor": {
                    "teamMembers": null,
                    "id": "14299755",
                    "name": "Irina VOSTRIKOVA",
                    "iaafId": 68540,
                    "urlSlug": "russia/irina-vostrikova-014299755",
                    "birthDate": "30 AUG 1970",
                    "__typename": "CalendarResultsCompetitor"
                  },
                  "mark": "1.75",
                  "nationality": "RUS",
                  "placeInRace": "2.",
                  "placeInRound": "",
                  "points": 916,
                  "raceNumber": 1,
                  "records": "",
                  "wind": null,
                  "__typename": "CalendarResultsSummary"
                },
                {
                  "competitor": {
                    "teamMembers": null,
                    "id": "14258016",
                    "name": "Marie COLLONVILL\u00c9",
                    "iaafId": 68431,
                    "urlSlug": "france/marie-collonville-014258016",
                    "birthDate": "23 NOV 1973",
                    "__typename": "CalendarResultsCompetitor"
                  },
                  "mark": "1.87",
                  "nationality": "FRA",
                  "placeInRace": "3.",
                  "placeInRound": "",
                  "points": 1067,
                  "raceNumber": 2,
                  "records": "",
                  "wind": null,
                  "__typename": "CalendarResultsSummary"
                },
                {
                  "competitor": {
                    "teamMembers": null,
                    "id": "14259561",
                    "name": "Tiia HAUTALA",
                    "iaafId": 68462,
                    "urlSlug": "finland/tiia-hautala-014259561",
                    "birthDate": "03 APR 1972",
                    "__typename": "CalendarResultsCompetitor"
                  },
                  "mark": "1.84",
                  "nationality": "FIN",
                  "placeInRace": "4.",
                  "placeInRound": "",
                  "points": 1029,
                  "raceNumber": 2,
                  "records": "",
                  "wind": null,
                  "__typename": "CalendarResultsSummary"
                },
                {
                  "competitor": {
                    "teamMembers": null,
                    "id": "14275597",
                    "name": "Denise LEWIS",
                    "iaafId": 67891,
                    "urlSlug": "great-britain-ni/denise-lewis-014275597",
                    "birthDate": "27 AUG 1972",
                    "__typename": "CalendarResultsCompetitor"
                  },
                  "mark": "1.87",
                  "nationality": "GBR",
                  "placeInRace": "2.",
                  "placeInRound": "",
                  "points": 1067,
                  "raceNumber": 2,
                  "records": "",
                  "wind": null,
                  "__typename": "CalendarResultsSummary"
                },
                {
                  "competitor": {
                    "teamMembers": null,
                    "id": "14283683",
                    "name": "Gertrud BACHER",
                    "iaafId": 135248,
                    "urlSlug": "italy/gertrud-bacher-014283683",
                    "birthDate": "28 FEB 1971",
                    "__typename": "CalendarResultsCompetitor"
                  },
                  "mark": "1.72",
                  "nationality": "ITA",
                  "placeInRace": "6.",
                  "placeInRound": "",
                  "points": 879,
                  "raceNumber": 1,
                  "records": "",
                  "wind": null,
                  "__typename": "CalendarResultsSummary"
                },
                {
                  "competitor": {
                    "teamMembers": null,
                    "id": "14294657",
                    "name": "Urszula W\u0141ODARCZYK",
                    "iaafId": 63563,
                    "urlSlug": "poland/urszula-wlodarczyk-014294657",
                    "birthDate": "22 DEC 1965",
                    "__typename": "CalendarResultsCompetitor"
                  },
                  "mark": "1.81",
                  "nationality": "POL",
                  "placeInRace": "1.",
                  "placeInRound": "",
                  "points": 991,
                  "raceNumber": 1,
                  "records": "",
                  "wind": null,
                  "__typename": "CalendarResultsSummary"
                },
                {
                  "competitor": {
                    "teamMembers": null,
                    "id": "14315608",
                    "name": "Tiffany LOTT-HOGAN",
                    "iaafId": 132537,
                    "urlSlug": "united-states/tiffany-lott-hogan-014315608",
                    "birthDate": "01 AUG 1975",
                    "__typename": "CalendarResultsCompetitor"
                  },
                  "mark": "1.69",
                  "nationality": "USA",
                  "placeInRace": "9.",
                  "placeInRound": "",
                  "points": 842,
                  "raceNumber": 1,
                  "records": "",
                  "wind": null,
                  "__typename": "CalendarResultsSummary"
                },
                {
                  "competitor": {
                    "teamMembers": null,
                    "id": "14262874",
                    "name": "Kate\u0159ina NEKOLN\u00c1",
                    "iaafId": 139774,
                    "urlSlug": "czech-republic/katerina-nekolna-14262874",
                    "birthDate": "23 JUN 1975",
                    "__typename": "CalendarResultsCompetitor"
                  },
                  "mark": "1.63",
                  "nationality": "CZE",
                  "placeInRace": "11.",
                  "placeInRound": "",
                  "points": 771,
                  "raceNumber": 1,
                  "records": "",
                  "wind": null,
                  "__typename": "CalendarResultsSummary"
                },
                {
                  "competitor": {
                    "teamMembers": null,
                    "id": "14263564",
                    "name": "Magalys GARC\u00cdA",
                    "iaafId": 63116,
                    "urlSlug": "cuba/magalys-garcia-014263564",
                    "birthDate": "23 OCT 1971",
                    "__typename": "CalendarResultsCompetitor"
                  },
                  "mark": "1.72",
                  "nationality": "CUB",
                  "placeInRace": "5.",
                  "placeInRound": "",
                  "points": 879,
                  "raceNumber": 1,
                  "records": "",
                  "wind": null,
                  "__typename": "CalendarResultsSummary"
                },
                {
                  "competitor": {
                    "teamMembers": null,
                    "id": "14268323",
                    "name": "Catherine BOND-MILLS",
                    "iaafId": 60186,
                    "urlSlug": "canada/catherine-bond-mills-014268323",
                    "birthDate": "20 SEP 1967",
                    "__typename": "CalendarResultsCompetitor"
                  },
                  "mark": "1.69",
                  "nationality": "CAN",
                  "placeInRace": "8.",
                  "placeInRound": "",
                  "points": 842,
                  "raceNumber": 1,
                  "records": "",
                  "wind": null,
                  "__typename": "CalendarResultsSummary"
                },
                {
                  "competitor": {
                    "teamMembers": null,
                    "id": "14267881",
                    "name": "Nicole HAYNES",
                    "iaafId": 170783,
                    "urlSlug": "canada/nicole-haynes-014267881",
                    "birthDate": "18 SEP 1974",
                    "__typename": "CalendarResultsCompetitor"
                  },
                  "mark": "1.75",
                  "nationality": "CAN",
                  "placeInRace": "4.",
                  "placeInRound": "",
                  "points": 916,
                  "raceNumber": 1,
                  "records": "",
                  "wind": null,
                  "__typename": "CalendarResultsSummary"
                },
                {
                  "competitor": {
                    "teamMembers": null,
                    "id": "14288623",
                    "name": "Svetlana KAZANINA",
                    "iaafId": 80097,
                    "urlSlug": "kazakhstan/svetlana-kazanina-014288623",
                    "birthDate": "31 OCT 1971",
                    "__typename": "CalendarResultsCompetitor"
                  },
                  "mark": "1.75",
                  "nationality": "KAZ",
                  "placeInRace": "3.",
                  "placeInRound": "",
                  "points": 916,
                  "raceNumber": 1,
                  "records": "",
                  "wind": null,
                  "__typename": "CalendarResultsSummary"
                },
                {
                  "competitor": {
                    "teamMembers": null,
                    "id": "14290330",
                    "name": "Remigija NAZAROVIEN\u0116",
                    "iaafId": 63329,
                    "urlSlug": "lithuania/remigija-nazaroviene-14290330",
                    "birthDate": "02 JUN 1967",
                    "__typename": "CalendarResultsCompetitor"
                  },
                  "mark": "1.75",
                  "nationality": "LTU",
                  "placeInRace": "11.",
                  "placeInRound": "",
                  "points": 916,
                  "raceNumber": 2,
                  "records": "",
                  "wind": null,
                  "__typename": "CalendarResultsSummary"
                },
                {
                  "competitor": {
                    "teamMembers": null,
                    "id": "14297350",
                    "name": "Irina BELOVA",
                    "iaafId": 63014,
                    "urlSlug": "russia/irina-belova-014297350",
                    "birthDate": "27 MAR 1968",
                    "__typename": "CalendarResultsCompetitor"
                  },
                  "mark": "1.78",
                  "nationality": "RUS",
                  "placeInRace": "9.",
                  "placeInRound": "",
                  "points": 953,
                  "raceNumber": 2,
                  "records": "",
                  "wind": null,
                  "__typename": "CalendarResultsSummary"
                },
                {
                  "competitor": {
                    "teamMembers": null,
                    "id": "14299090",
                    "name": "Natalya ROSHCHUPKINA",
                    "iaafId": 135243,
                    "urlSlug": "russia/natalya-roshchupkina-014299090",
                    "birthDate": "13 JAN 1978",
                    "__typename": "CalendarResultsCompetitor"
                  },
                  "mark": "1.81",
                  "nationality": "RUS",
                  "placeInRace": "7.",
                  "placeInRound": "",
                  "points": 991,
                  "raceNumber": 2,
                  "records": "",
                  "wind": null,
                  "__typename": "CalendarResultsSummary"
                },
                {
                  "competitor": {
                    "teamMembers": null,
                    "id": "14306898",
                    "name": "Sheila BURRELL",
                    "iaafId": 135245,
                    "urlSlug": "united-states/sheila-burrell-014306898",
                    "birthDate": "15 JAN 1972",
                    "__typename": "CalendarResultsCompetitor"
                  },
                  "mark": "1.66",
                  "nationality": "USA",
                  "placeInRace": "10.",
                  "placeInRound": "",
                  "points": 806,
                  "raceNumber": 1,
                  "records": "",
                  "wind": null,
                  "__typename": "CalendarResultsSummary"
                }
              ],
              "races": [
                {
                  "date": "1999-08-29",
                  "day": 9,
                  "race": "Final",
                  "raceId": 10,
                  "raceNumber": 0,
                  "results": [
                    {
                      "competitor": {
                        "teamMembers": null,
                        "id": "6syjjt45om8qvegg1pq8v",
                        "name": "Inga BABAKOVA",
                        "iaafId": 67033,
                        "urlSlug": "ukraine/inga-babakova-014303430",
                        "birthDate": "27 JUN 1967",
                        "hasProfile": true,
                        "__typename": "CalendarResultsCompetitor"
                      },
                      "mark": "1.99",
                      "nationality": "UKR",
                      "place": "1.",
                      "points": null,
                      "qualified": null,
                      "records": "",
                      "wind": null,
                      "remark": null,
                      "details": null,
                      "__typename": "CalendarResultsRaceResult"
                    },
                    {
                      "competitor": {
                        "teamMembers": null,
                        "id": "fcvlxmu3h54mo38laxht9",
                        "name": "Yelena YELESINA",
                        "iaafId": 62104,
                        "urlSlug": "russia/yelena-yelesina-014299805",
                        "birthDate": "04 APR 1970",
                        "hasProfile": true,
                        "__typename": "CalendarResultsCompetitor"
                      },
                      "mark": "1.99",
                      "nationality": "RUS",
                      "place": "2.",
                      "points": null,
                      "qualified": null,
                      "records": "",
                      "wind": null,
                      "remark": null,
                      "details": null,
                      "__typename": "CalendarResultsRaceResult"
                    },
                    {
                      "competitor": {
                        "teamMembers": null,
                        "id": "flmwhiz5l614ite0eyog6",
                        "name": "Svetlana LAPINA",
                        "iaafId": 110310,
                        "urlSlug": "russia/svetlana-lapina-014298407",
                        "birthDate": "12 APR 1978",
                        "hasProfile": true,
                        "__typename": "CalendarResultsCompetitor"
                      },
                      "mark": "1.99",
                      "nationality": "RUS",
                      "place": "3.",
                      "points": null,
                      "qualified": null,
                      "records": "",
                      "wind": null,
                      "remark": null,
                      "details": null,
                      "__typename": "CalendarResultsRaceResult"
                    },
                    {
                      "competitor": {
                        "teamMembers": null,
                        "id": "8b62z6dd7zbaay2inxex0d",
                        "name": "Tisha WALLER",
                        "iaafId": 62777,
                        "urlSlug": "united-states/tisha-waller-014323579",
                        "birthDate": "01 DEC 1970",
                        "hasProfile": true,
                        "__typename": "CalendarResultsCompetitor"
                      },
                      "mark": "1.96",
                      "nationality": "USA",
                      "place": "4.",
                      "points": null,
                      "qualified": null,
                      "records": "",
                      "wind": null,
                      "remark": null,
                      "details": null,
                      "__typename": "CalendarResultsRaceResult"
                    },
                    {
                      "competitor": {
                        "teamMembers": null,
                        "id": "qu2joxxaanl0uuv3dh3875i",
                        "name": "Kajsa BERGQVIST",
                        "iaafId": 68437,
                        "urlSlug": "sweden/kajsa-bergqvist-014301721",
                        "birthDate": "12 OCT 1976",
                        "hasProfile": true,
                        "__typename": "CalendarResultsCompetitor"
                      },
                      "mark": "1.96",
                      "nationality": "SWE",
                      "place": "4.",
                      "points": null,
                      "qualified": null,
                      "records": "",
                      "wind": null,
                      "remark": null,
                      "details": null,
                      "__typename": "CalendarResultsRaceResult"
                    },
                    {
                      "competitor": {
                        "teamMembers": null,
                        "id": "ywn7xa2f4eosm8cym836dm",
                        "name": "Zuzana HLAVONOV\u00c1",
                        "iaafId": 68359,
                        "urlSlug": "czech-republic/zuzana-hlavonova-14263083",
                        "birthDate": "16 APR 1973",
                        "hasProfile": true,
                        "__typename": "CalendarResultsCompetitor"
                      },
                      "mark": "1.96",
                      "nationality": "CZE",
                      "place": "4.",
                      "points": null,
                      "qualified": null,
                      "records": "",
                      "wind": null,
                      "remark": null,
                      "details": null,
                      "__typename": "CalendarResultsRaceResult"
                    },
                    {
                      "competitor": {
                        "teamMembers": null,
                        "id": "l7m4iy7gyyds1qxombs95",
                        "name": "Vita STYOPINA",
                        "iaafId": 80082,
                        "urlSlug": "ukraine/vita-styopina-014304243",
                        "birthDate": "21 FEB 1976",
                        "hasProfile": true,
                        "__typename": "CalendarResultsCompetitor"
                      },
                      "mark": "1.96",
                      "nationality": "UKR",
                      "place": "7.",
                      "points": null,
                      "qualified": null,
                      "records": "",
                      "wind": null,
                      "remark": null,
                      "details": null,
                      "__typename": "CalendarResultsRaceResult"
                    },
                    {
                      "competitor": {
                        "teamMembers": null,
                        "id": "mceg3k69edjo0z3tq7dgy",
                        "name": "Svetlana ZALEVSKAYA",
                        "iaafId": 67996,
                        "urlSlug": "kazakhstan/svetlana-zalevskaya-014288755",
                        "birthDate": "14 JUN 1973",
                        "hasProfile": true,
                        "__typename": "CalendarResultsCompetitor"
                      },
                      "mark": "1.93",
                      "nationality": "KAZ",
                      "place": "8.",
                      "points": null,
                      "qualified": null,
                      "records": "",
                      "wind": null,
                      "remark": null,
                      "details": null,
                      "__typename": "CalendarResultsRaceResult"
                    },
                    {
                      "competitor": {
                        "teamMembers": null,
                        "id": "zruatze411ne742y2wgtu",
                        "name": "Amy ACUFF",
                        "iaafId": 71290,
                        "urlSlug": "united-states/amy-acuff-014304462",
                        "birthDate": "14 JUL 1975",
                        "hasProfile": true,
                        "__typename": "CalendarResultsCompetitor"
                      },
                      "mark": "1.93",
                      "nationality": "USA",
                      "place": "9.",
                      "points": null,
                      "qualified": null,
                      "records": "",
                      "wind": null,
                      "remark": null,
                      "details": null,
                      "__typename": "CalendarResultsRaceResult"
                    },
                    {
                      "competitor": {
                        "teamMembers": null,
                        "id": "krpmk46sr6yjcuga30xui",
                        "name": "Monica IAG\u0102R DINESCU",
                        "iaafId": 75092,
                        "urlSlug": "romania/monica-iagar-dinescu-014295671",
                        "birthDate": "02 APR 1973",
                        "hasProfile": true,
                        "__typename": "CalendarResultsCompetitor"
                      },
                      "mark": "1.93",
                      "nationality": "ROU",
                      "place": "10.",
                      "points": null,
                      "qualified": null,
                      "records": "",
                      "wind": null,
                      "remark": null,
                      "details": null,
                      "__typename": "CalendarResultsRaceResult"
                    },
                    {
                      "competitor": {
                        "teamMembers": null,
                        "id": "l3gci46uhramwfy296vd1",
                        "name": "Hanne HAUGLAND",
                        "iaafId": 60724,
                        "urlSlug": "norway/hanne-haugland-014292643",
                        "birthDate": "14 DEC 1967",
                        "hasProfile": true,
                        "__typename": "CalendarResultsCompetitor"
                      },
                      "mark": "1.93",
                      "nationality": "NOR",
                      "place": "10.",
                      "points": null,
                      "qualified": null,
                      "records": "",
                      "wind": null,
                      "remark": null,
                      "details": null,
                      "__typename": "CalendarResultsRaceResult"
                    },
                    {
                      "competitor": {
                        "teamMembers": null,
                        "id": "r3v31daamt9yf5408x5ni",
                        "name": "Yelena GULYAYEVA",
                        "iaafId": 68328,
                        "urlSlug": "russia/yelena-gulyayeva-014297884",
                        "birthDate": "14 AUG 1967",
                        "hasProfile": true,
                        "__typename": "CalendarResultsCompetitor"
                      },
                      "mark": "1.93",
                      "nationality": "RUS",
                      "place": "12.",
                      "points": null,
                      "qualified": null,
                      "records": "",
                      "wind": null,
                      "remark": null,
                      "details": null,
                      "__typename": "CalendarResultsRaceResult"
                    },
                    {
                      "competitor": {
                        "teamMembers": null,
                        "id": "21xa3pum6bify656unwa8f",
                        "name": "Amewu MENSAH",
                        "iaafId": 81082,
                        "urlSlug": "germany/amewu-mensah-014278864",
                        "birthDate": "21 MAR 1977",
                        "hasProfile": true,
                        "__typename": "CalendarResultsCompetitor"
                      },
                      "mark": "NM",
                      "nationality": "GER",
                      "place": "",
                      "points": null,
                      "qualified": null,
                      "records": "",
                      "wind": null,
                      "remark": null,
                      "details": null,
                      "__typename": "CalendarResultsRaceResult"
                    }
                  ],
                  "startList": null,
                  "wind": null,
                  "__typename": "CalendarResultsRace"
                },
                {
                  "date": "1999-08-27",
                  "day": 7,
                  "race": "Qualification - Group",
                  "raceId": 71,
                  "raceNumber": 1,
                  "results": [
                    {
                      "competitor": {
                        "teamMembers": null,
                        "id": "kowqu9c05vmi25c7dobs",
                        "name": "Inga BABAKOVA",
                        "iaafId": 67033,
                        "urlSlug": "ukraine/inga-babakova-014303430",
                        "birthDate": "27 JUN 1967",
                        "hasProfile": true,
                        "__typename": "CalendarResultsCompetitor"
                      },
                      "mark": "1.92",
                      "nationality": "UKR",
                      "place": "1.",
                      "points": null,
                      "qualified": null,
                      "records": "",
                      "wind": null,
                      "remark": null,
                      "details": null,
                      "__typename": "CalendarResultsRaceResult"
                    },
                    {
                      "competitor": {
                        "teamMembers": null,
                        "id": "v0vn5snytw805uquseenvuk",
                        "name": "Tisha WALLER",
                        "iaafId": 62777,
                        "urlSlug": "united-states/tisha-waller-014323579",
                        "birthDate": "01 DEC 1970",
                        "hasProfile": true,
                        "__typename": "CalendarResultsCompetitor"
                      },
                      "mark": "1.92",
                      "nationality": "USA",
                      "place": "1.",
                      "points": null,
                      "qualified": null,
                      "records": "",
                      "wind": null,
                      "remark": null,
                      "details": null,
                      "__typename": "CalendarResultsRaceResult"
                    },
                    {
                      "competitor": {
                        "teamMembers": null,
                        "id": "tma30usmm3hrxeg1g0740p",
                        "name": "Yelena GULYAYEVA",
                        "iaafId": 68328,
                        "urlSlug": "russia/yelena-gulyayeva-014297884",
                        "birthDate": "14 AUG 1967",
                        "hasProfile": true,
                        "__typename": "CalendarResultsCompetitor"
                      },
                      "mark": "1.92",
                      "nationality": "RUS",
                      "place": "1.",
                      "points": null,
                      "qualified": null,
                      "records": "",
                      "wind": null,
                      "remark": null,
                      "details": null,
                      "__typename": "CalendarResultsRaceResult"
                    },
                    {
                      "competitor": {
                        "teamMembers": null,
                        "id": "5q833azi0jc2f465044pgr",
                        "name": "Kajsa BERGQVIST",
                        "iaafId": 68437,
                        "urlSlug": "sweden/kajsa-bergqvist-014301721",
                        "birthDate": "12 OCT 1976",
                        "hasProfile": true,
                        "__typename": "CalendarResultsCompetitor"
                      },
                      "mark": "1.92",
                      "nationality": "SWE",
                      "place": "4.",
                      "points": null,
                      "qualified": null,
                      "records": "",
                      "wind": null,
                      "remark": null,
                      "details": null,
                      "__typename": "CalendarResultsRaceResult"
                    },
                    {
                      "competitor": {
                        "teamMembers": null,
                        "id": "7a1s94c8cxqyroyehogky",
                        "name": "Venelina VENEVA-MATEEVA",
                        "iaafId": 62770,
                        "urlSlug": "bulgaria/venelina-veneva-mateeva-014268534",
                        "birthDate": "13 JUN 1974",
                        "hasProfile": true,
                        "__typename": "CalendarResultsCompetitor"
                      },
                      "mark": "1.89",
                      "nationality": "BUL",
                      "place": "5.",
                      "points": null,
                      "qualified": null,
                      "records": "",
                      "wind": null,
                      "remark": null,
                      "details": null,
                      "__typename": "CalendarResultsRaceResult"
                    },
                    {
                      "competitor": {
                        "teamMembers": null,
                        "id": "flmnokh9jwake6k6jqa6f9",
                        "name": "Hestrie CLOETE",
                        "iaafId": 110060,
                        "urlSlug": "south-africa/hestrie-cloete-014296141",
                        "birthDate": "26 AUG 1978",
                        "hasProfile": true,
                        "__typename": "CalendarResultsCompetitor"
                      },
                      "mark": "1.89",
                      "nationality": "RSA",
                      "place": "5.",
                      "points": null,
                      "qualified": null,
                      "records": "",
                      "wind": null,
                      "remark": null,
                      "details": null,
                      "__typename": "CalendarResultsRaceResult"
                    },
                    {
                      "competitor": {
                        "teamMembers": null,
                        "id": "c4g63p5damj2yhn3fb0hvw",
                        "name": "Irina MIKHALCHENKO",
                        "iaafId": 174104,
                        "urlSlug": "ukraine/irina-mikhalchenko-014303907",
                        "birthDate": "20 JAN 1972",
                        "hasProfile": true,
                        "__typename": "CalendarResultsCompetitor"
                      },
                      "mark": "1.89",
                      "nationality": "UKR",
                      "place": "5.",
                      "points": null,
                      "qualified": null,
                      "records": "",
                      "wind": null,
                      "remark": null,
                      "details": null,
                      "__typename": "CalendarResultsRaceResult"
                    },
                    {
                      "competitor": {
                        "teamMembers": null,
                        "id": "7srrlu0uvic319pysz3j18",
                        "name": "Nel\u0117 \u017dILINSKIEN\u0116",
                        "iaafId": 68009,
                        "urlSlug": "lithuania/nele-zilinskiene-014290452",
                        "birthDate": "29 DEC 1969",
                        "hasProfile": true,
                        "__typename": "CalendarResultsCompetitor"
                      },
                      "mark": "1.89",
                      "nationality": "LTU",
                      "place": "8.",
                      "points": null,
                      "qualified": null,
                      "records": "",
                      "wind": null,
                      "remark": null,
                      "details": null,
                      "__typename": "CalendarResultsRaceResult"
                    },
                    {
                      "competitor": {
                        "teamMembers": null,
                        "id": "kpugk9zjj6fj01jopo112g",
                        "name": "Karol DAMON-ROVELTO",
                        "iaafId": 75033,
                        "urlSlug": "united-states/karol-damon-rovelto-014308540",
                        "birthDate": "20 DEC 1969",
                        "hasProfile": true,
                        "__typename": "CalendarResultsCompetitor"
                      },
                      "mark": "1.89",
                      "nationality": "USA",
                      "place": "8.",
                      "points": null,
                      "qualified": null,
                      "records": "",
                      "wind": null,
                      "remark": null,
                      "details": null,
                      "__typename": "CalendarResultsRaceResult"
                    },
                    {
                      "competitor": {
                        "teamMembers": null,
                        "id": "b91tizcjrp9x84haw7rat",
                        "name": "Olga BOLSHOVA",
                        "iaafId": 62747,
                        "urlSlug": "moldova/olga-bolshova-014290878",
                        "birthDate": "16 JUN 1968",
                        "hasProfile": true,
                        "__typename": "CalendarResultsCompetitor"
                      },
                      "mark": "1.89",
                      "nationality": "MDA",
                      "place": "10.",
                      "points": null,
                      "qualified": null,
                      "records": "",
                      "wind": null,
                      "remark": null,
                      "details": null,
                      "__typename": "CalendarResultsRaceResult"
                    },
                    {
                      "competitor": {
                        "teamMembers": null,
                        "id": "m6n6wr2tw4dm5knowevebe",
                        "name": "Irene TIENDREBEOGO",
                        "iaafId": 80090,
                        "urlSlug": "burkina-faso/irene-tiendrebeogo-014268499",
                        "birthDate": "27 FEB 1977",
                        "hasProfile": true,
                        "__typename": "CalendarResultsCompetitor"
                      },
                      "mark": "1.89",
                      "nationality": "BUR",
                      "place": "11.",
                      "points": null,
                      "qualified": null,
                      "records": "",
                      "wind": null,
                      "remark": null,
                      "details": null,
                      "__typename": "CalendarResultsRaceResult"
                    },
                    {
                      "competitor": {
                        "teamMembers": null,
                        "id": "n7oegoaa0poutch5338qqd",
                        "name": "K\u00e4rt SIILATS",
                        "iaafId": 134561,
                        "urlSlug": "estonia/kart-siilats-014260012",
                        "birthDate": "07 SEP 1980",
                        "hasProfile": true,
                        "__typename": "CalendarResultsCompetitor"
                      },
                      "mark": "1.89",
                      "nationality": "EST",
                      "place": "12.",
                      "points": null,
                      "qualified": null,
                      "records": "",
                      "wind": null,
                      "remark": null,
                      "details": null,
                      "__typename": "CalendarResultsRaceResult"
                    },
                    {
                      "competitor": {
                        "teamMembers": null,
                        "id": "lfjek6b9q5gvzywzql183p",
                        "name": "Linda HORVATH",
                        "iaafId": 133515,
                        "urlSlug": "austria/linda-horvath-014270912",
                        "birthDate": "10 FEB 1978",
                        "hasProfile": true,
                        "__typename": "CalendarResultsCompetitor"
                      },
                      "mark": "1.85",
                      "nationality": "AUT",
                      "place": "13.",
                      "points": null,
                      "qualified": null,
                      "records": "",
                      "wind": null,
                      "remark": null,
                      "details": null,
                      "__typename": "CalendarResultsRaceResult"
                    },
                    {
                      "competitor": {
                        "teamMembers": null,
                        "id": "qp3xmvpijqt0o4qix0alh",
                        "name": "Yoko OTA-HUNNICUTT",
                        "iaafId": 70910,
                        "urlSlug": "japan/yoko-ota-hunnicutt-014287639",
                        "birthDate": "14 JAN 1975",
                        "hasProfile": true,
                        "__typename": "CalendarResultsCompetitor"
                      },
                      "mark": "1.85",
                      "nationality": "JPN",
                      "place": "14.",
                      "points": null,
                      "qualified": null,
                      "records": "",
                      "wind": null,
                      "remark": null,
                      "details": null,
                      "__typename": "CalendarResultsRaceResult"
                    },
                    {
                      "competitor": {
                        "teamMembers": null,
                        "id": "lp29vut4jq2p8l6wsqo4i",
                        "name": "Niki BAKOGIANNI",
                        "iaafId": 60106,
                        "urlSlug": "greece/niki-bakogianni-014280525",
                        "birthDate": "09 JUN 1968",
                        "hasProfile": true,
                        "__typename": "CalendarResultsCompetitor"
                      },
                      "mark": "1.85",
                      "nationality": "GRE",
                      "place": "15.",
                      "points": null,
                      "qualified": null,
                      "records": "",
                      "wind": null,
                      "remark": null,
                      "details": null,
                      "__typename": "CalendarResultsRaceResult"
                    },
                    {
                      "competitor": {
                        "teamMembers": null,
                        "id": "icpddov211dyb8mt233s",
                        "name": "Tatyana EFIMENKO",
                        "iaafId": 173444,
                        "urlSlug": "kirghizistan/tatyana-efimenko-014289548",
                        "birthDate": "02 JAN 1981",
                        "hasProfile": true,
                        "__typename": "CalendarResultsCompetitor"
                      },
                      "mark": "1.80",
                      "nationality": "KGZ",
                      "place": "16.",
                      "points": null,
                      "qualified": null,
                      "records": "",
                      "wind": null,
                      "remark": null,
                      "details": null,
                      "__typename": "CalendarResultsRaceResult"
                    },
                    {
                      "competitor": {
                        "teamMembers": null,
                        "id": "cd0ug1y3wpo8o4q5aldd7",
                        "name": "Nicole FORRESTER",
                        "iaafId": 136240,
                        "urlSlug": "canada/nicole-forrester-014267999",
                        "birthDate": "17 NOV 1976",
                        "hasProfile": true,
                        "__typename": "CalendarResultsCompetitor"
                      },
                      "mark": "1.80",
                      "nationality": "CAN",
                      "place": "16.",
                      "points": null,
                      "qualified": null,
                      "records": "",
                      "wind": null,
                      "remark": null,
                      "details": null,
                      "__typename": "CalendarResultsRaceResult"
                    }
                  ],
                  "startList": null,
                  "wind": null,
                  "__typename": "CalendarResultsRace"
                },
                {
                  "date": "1999-08-27",
                  "day": 7,
                  "race": "Qualification - Group",
                  "raceId": 71,
                  "raceNumber": 2,
                  "results": [
                    {
                      "competitor": {
                        "teamMembers": null,
                        "id": "xcmaea90ozchlqc6v5n8fj",
                        "name": "Zuzana HLAVONOV\u00c1",
                        "iaafId": 68359,
                        "urlSlug": "czech-republic/zuzana-hlavonova-14263083",
                        "birthDate": "16 APR 1973",
                        "hasProfile": true,
                        "__typename": "CalendarResultsCompetitor"
                      },
                      "mark": "1.92",
                      "nationality": "CZE",
                      "place": "1.",
                      "points": null,
                      "qualified": null,
                      "records": "",
                      "wind": null,
                      "remark": null,
                      "details": null,
                      "__typename": "CalendarResultsRaceResult"
                    },
                    {
                      "competitor": {
                        "teamMembers": null,
                        "id": "33pizr2wpr6u26i7bpuwdm",
                        "name": "Hanne HAUGLAND",
                        "iaafId": 60724,
                        "urlSlug": "norway/hanne-haugland-014292643",
                        "birthDate": "14 DEC 1967",
                        "hasProfile": true,
                        "__typename": "CalendarResultsCompetitor"
                      },
                      "mark": "1.92",
                      "nationality": "NOR",
                      "place": "1.",
                      "points": null,
                      "qualified": null,
                      "records": "",
                      "wind": null,
                      "remark": null,
                      "details": null,
                      "__typename": "CalendarResultsRaceResult"
                    },
                    {
                      "competitor": {
                        "teamMembers": null,
                        "id": "f9p71rbo86ukhrhn410jrb",
                        "name": "Vita STYOPINA",
                        "iaafId": 80082,
                        "urlSlug": "ukraine/vita-styopina-014304243",
                        "birthDate": "21 FEB 1976",
                        "hasProfile": true,
                        "__typename": "CalendarResultsCompetitor"
                      },
                      "mark": "1.92",
                      "nationality": "UKR",
                      "place": "1.",
                      "points": null,
                      "qualified": null,
                      "records": "",
                      "wind": null,
                      "remark": null,
                      "details": null,
                      "__typename": "CalendarResultsRaceResult"
                    },
                    {
                      "competitor": {
                        "teamMembers": null,
                        "id": "8ru6f7eazwd5swxoju6kvp",
                        "name": "Yelena YELESINA",
                        "iaafId": 62104,
                        "urlSlug": "russia/yelena-yelesina-014299805",
                        "birthDate": "04 APR 1970",
                        "hasProfile": true,
                        "__typename": "CalendarResultsCompetitor"
                      },
                      "mark": "1.92",
                      "nationality": "RUS",
                      "place": "4.",
                      "points": null,
                      "qualified": null,
                      "records": "",
                      "wind": null,
                      "remark": null,
                      "details": null,
                      "__typename": "CalendarResultsRaceResult"
                    },
                    {
                      "competitor": {
                        "teamMembers": null,
                        "id": "e26pebz7umt2p29ckt7se9",
                        "name": "Amewu MENSAH",
                        "iaafId": 81082,
                        "urlSlug": "germany/amewu-mensah-014278864",
                        "birthDate": "21 MAR 1977",
                        "hasProfile": true,
                        "__typename": "CalendarResultsCompetitor"
                      },
                      "mark": "1.92",
                      "nationality": "GER",
                      "place": "5.",
                      "points": null,
                      "qualified": null,
                      "records": "",
                      "wind": null,
                      "remark": null,
                      "details": null,
                      "__typename": "CalendarResultsRaceResult"
                    },
                    {
                      "competitor": {
                        "teamMembers": null,
                        "id": "gkx6caajyxodllgv119j2",
                        "name": "Svetlana LAPINA",
                        "iaafId": 110310,
                        "urlSlug": "russia/svetlana-lapina-014298407",
                        "birthDate": "12 APR 1978",
                        "hasProfile": true,
                        "__typename": "CalendarResultsCompetitor"
                      },
                      "mark": "1.92",
                      "nationality": "RUS",
                      "place": "6.",
                      "points": null,
                      "qualified": null,
                      "records": "",
                      "wind": null,
                      "remark": null,
                      "details": null,
                      "__typename": "CalendarResultsRaceResult"
                    },
                    {
                      "competitor": {
                        "teamMembers": null,
                        "id": "fdl5hl0buakujyp7q4ypc",
                        "name": "Amy ACUFF",
                        "iaafId": 71290,
                        "urlSlug": "united-states/amy-acuff-014304462",
                        "birthDate": "14 JUL 1975",
                        "hasProfile": true,
                        "__typename": "CalendarResultsCompetitor"
                      },
                      "mark": "1.92",
                      "nationality": "USA",
                      "place": "7.",
                      "points": null,
                      "qualified": null,
                      "records": "",
                      "wind": null,
                      "remark": null,
                      "details": null,
                      "__typename": "CalendarResultsRaceResult"
                    },
                    {
                      "competitor": {
                        "teamMembers": null,
                        "id": "7s4mrvwuenaydtol0vmmdj",
                        "name": "Monica IAG\u0102R DINESCU",
                        "iaafId": 75092,
                        "urlSlug": "romania/monica-iagar-dinescu-014295671",
                        "birthDate": "02 APR 1973",
                        "hasProfile": true,
                        "__typename": "CalendarResultsCompetitor"
                      },
                      "mark": "1.92",
                      "nationality": "ROU",
                      "place": "8.",
                      "points": null,
                      "qualified": null,
                      "records": "",
                      "wind": null,
                      "remark": null,
                      "details": null,
                      "__typename": "CalendarResultsRaceResult"
                    },
                    {
                      "competitor": {
                        "teamMembers": null,
                        "id": "vrhiajrwvapaw65462vsf",
                        "name": "Svetlana ZALEVSKAYA",
                        "iaafId": 67996,
                        "urlSlug": "kazakhstan/svetlana-zalevskaya-014288755",
                        "birthDate": "14 JUN 1973",
                        "hasProfile": true,
                        "__typename": "CalendarResultsCompetitor"
                      },
                      "mark": "1.92",
                      "nationality": "KAZ",
                      "place": "9.",
                      "points": null,
                      "qualified": null,
                      "records": "",
                      "wind": null,
                      "remark": null,
                      "details": null,
                      "__typename": "CalendarResultsRaceResult"
                    },
                    {
                      "competitor": {
                        "teamMembers": null,
                        "id": "1mh5enpvn1blla3jpngqa",
                        "name": "Marta MEND\u00cdA",
                        "iaafId": 136865,
                        "urlSlug": "spain/marta-mendia-014261001",
                        "birthDate": "18 MAY 1975",
                        "hasProfile": true,
                        "__typename": "CalendarResultsCompetitor"
                      },
                      "mark": "1.89",
                      "nationality": "ESP",
                      "place": "10.",
                      "points": null,
                      "qualified": null,
                      "records": "",
                      "wind": null,
                      "remark": null,
                      "details": null,
                      "__typename": "CalendarResultsRaceResult"
                    },
                    {
                      "competitor": {
                        "teamMembers": null,
                        "id": "lgafopf2som9m9g71x7std",
                        "name": "Miki IMAI",
                        "iaafId": 131040,
                        "urlSlug": "japan/miki-imai-014286489",
                        "birthDate": "30 MAY 1975",
                        "hasProfile": true,
                        "__typename": "CalendarResultsCompetitor"
                      },
                      "mark": "1.89",
                      "nationality": "JPN",
                      "place": "11.",
                      "points": null,
                      "qualified": null,
                      "records": "",
                      "wind": null,
                      "remark": null,
                      "details": null,
                      "__typename": "CalendarResultsRaceResult"
                    },
                    {
                      "competitor": {
                        "teamMembers": null,
                        "id": "llp1u1dalqn365k7zh9aiu",
                        "name": "Lucie FINEZ",
                        "iaafId": 172189,
                        "urlSlug": "france/lucie-finez-014257513",
                        "birthDate": "25 NOV 1976",
                        "hasProfile": true,
                        "__typename": "CalendarResultsCompetitor"
                      },
                      "mark": "1.85",
                      "nationality": "FRA",
                      "place": "12.",
                      "points": null,
                      "qualified": null,
                      "records": "",
                      "wind": null,
                      "remark": null,
                      "details": null,
                      "__typename": "CalendarResultsRaceResult"
                    },
                    {
                      "competitor": {
                        "teamMembers": null,
                        "id": "mdafxeinb3nfkpa6b2z2v6",
                        "name": "Nevena LEN\u0110EL",
                        "iaafId": 134546,
                        "urlSlug": "croatia/nevena-lendel-014263789",
                        "birthDate": "18 JUL 1979",
                        "hasProfile": true,
                        "__typename": "CalendarResultsCompetitor"
                      },
                      "mark": "1.85",
                      "nationality": "CRO",
                      "place": "13.",
                      "points": null,
                      "qualified": null,
                      "records": "",
                      "wind": null,
                      "remark": null,
                      "details": null,
                      "__typename": "CalendarResultsRaceResult"
                    },
                    {
                      "competitor": {
                        "teamMembers": null,
                        "id": "bdjuz94qszub3ckmm7alg4",
                        "name": "Tatyana SHEVCHIK",
                        "iaafId": 62769,
                        "urlSlug": "belarus/tatyana-shevchik-014269627",
                        "birthDate": "11 JUN 1969",
                        "hasProfile": true,
                        "__typename": "CalendarResultsCompetitor"
                      },
                      "mark": "1.85",
                      "nationality": "BLR",
                      "place": "14.",
                      "points": null,
                      "qualified": null,
                      "records": "",
                      "wind": null,
                      "remark": null,
                      "details": null,
                      "__typename": "CalendarResultsRaceResult"
                    },
                    {
                      "competitor": {
                        "teamMembers": null,
                        "id": "ma0cmchmce1e93tqi5njm",
                        "name": "Solange WITTEVEEN",
                        "iaafId": 110256,
                        "urlSlug": "argentina/solange-witteveen-014272575",
                        "birthDate": "06 FEB 1976",
                        "hasProfile": true,
                        "__typename": "CalendarResultsCompetitor"
                      },
                      "mark": "1.85",
                      "nationality": "ARG",
                      "place": "15.",
                      "points": null,
                      "qualified": null,
                      "records": "",
                      "wind": null,
                      "remark": null,
                      "details": null,
                      "__typename": "CalendarResultsRaceResult"
                    },
                    {
                      "competitor": {
                        "teamMembers": null,
                        "id": "fv6lw95vqclhzfiz2f44v5",
                        "name": "Inna GLIZNUTSA",
                        "iaafId": 68016,
                        "urlSlug": "moldova/inna-gliznutsa-014290903",
                        "birthDate": "18 APR 1973",
                        "hasProfile": true,
                        "__typename": "CalendarResultsCompetitor"
                      },
                      "mark": "1.85",
                      "nationality": "MDA",
                      "place": "16.",
                      "points": null,
                      "qualified": null,
                      "records": "",
                      "wind": null,
                      "remark": null,
                      "details": null,
                      "__typename": "CalendarResultsRaceResult"
                    },
                    {
                      "competitor": {
                        "teamMembers": null,
                        "id": "hhgk6twtdsx0or4ckbd9r",
                        "name": "Donata JANCEWICZ-WAWRZYNIAK",
                        "iaafId": 62525,
                        "urlSlug": "poland/donata-jancewicz-wawrzyniak-014293753",
                        "birthDate": "17 JUN 1969",
                        "hasProfile": true,
                        "__typename": "CalendarResultsCompetitor"
                      },
                      "mark": "DNS",
                      "nationality": "POL",
                      "place": "",
                      "points": null,
                      "qualified": null,
                      "records": "",
                      "wind": null,
                      "remark": null,
                      "details": null,
                      "__typename": "CalendarResultsRaceResult"
                    }
                  ],
                  "startList": null,
                  "wind": null,
                  "__typename": "CalendarResultsRace"
                },
                {
                  "date": "1999-08-21",
                  "day": 1,
                  "race": "Combined - Group",
                  "raceId": 14,
                  "raceNumber": 1,
                  "results": [
                    {
                      "competitor": {
                        "teamMembers": null,
                        "id": "05h7q4x6f84gsuye3mqh2lk",
                        "name": "Urszula W\u0141ODARCZYK",
                        "iaafId": 63563,
                        "urlSlug": "poland/urszula-wlodarczyk-014294657",
                        "birthDate": "22 DEC 1965",
                        "hasProfile": true,
                        "__typename": "CalendarResultsCompetitor"
                      },
                      "mark": "1.81",
                      "nationality": "POL",
                      "place": "1.",
                      "points": 991,
                      "qualified": null,
                      "records": "",
                      "wind": null,
                      "remark": null,
                      "details": null,
                      "__typename": "CalendarResultsRaceResult"
                    },
                    {
                      "competitor": {
                        "teamMembers": null,
                        "id": "64d93kr58rkc4u6odzr5ih",
                        "name": "Irina VOSTRIKOVA",
                        "iaafId": 68540,
                        "urlSlug": "russia/irina-vostrikova-014299755",
                        "birthDate": "30 AUG 1970",
                        "hasProfile": true,
                        "__typename": "CalendarResultsCompetitor"
                      },
                      "mark": "1.75",
                      "nationality": "RUS",
                      "place": "2.",
                      "points": 916,
                      "qualified": null,
                      "records": "",
                      "wind": null,
                      "remark": null,
                      "details": null,
                      "__typename": "CalendarResultsRaceResult"
                    },
                    {
                      "competitor": {
                        "teamMembers": null,
                        "id": "e55fuz6ldeiahq3faydof7",
                        "name": "Svetlana KAZANINA",
                        "iaafId": 80097,
                        "urlSlug": "kazakhstan/svetlana-kazanina-014288623",
                        "birthDate": "31 OCT 1971",
                        "hasProfile": true,
                        "__typename": "CalendarResultsCompetitor"
                      },
                      "mark": "1.75",
                      "nationality": "KAZ",
                      "place": "3.",
                      "points": 916,
                      "qualified": null,
                      "records": "",
                      "wind": null,
                      "remark": null,
                      "details": null,
                      "__typename": "CalendarResultsRaceResult"
                    },
                    {
                      "competitor": {
                        "teamMembers": null,
                        "id": "dsurixmbxo71xd6xwxzip",
                        "name": "Nicole HAYNES",
                        "iaafId": 170783,
                        "urlSlug": "canada/nicole-haynes-014267881",
                        "birthDate": "18 SEP 1974",
                        "hasProfile": true,
                        "__typename": "CalendarResultsCompetitor"
                      },
                      "mark": "1.75",
                      "nationality": "CAN",
                      "place": "4.",
                      "points": 916,
                      "qualified": null,
                      "records": "",
                      "wind": null,
                      "remark": null,
                      "details": null,
                      "__typename": "CalendarResultsRaceResult"
                    },
                    {
                      "competitor": {
                        "teamMembers": null,
                        "id": "ka7yxof17pb4xzrvck2f2v",
                        "name": "Magalys GARC\u00cdA",
                        "iaafId": 63116,
                        "urlSlug": "cuba/magalys-garcia-014263564",
                        "birthDate": "23 OCT 1971",
                        "hasProfile": true,
                        "__typename": "CalendarResultsCompetitor"
                      },
                      "mark": "1.72",
                      "nationality": "CUB",
                      "place": "5.",
                      "points": 879,
                      "qualified": null,
                      "records": "",
                      "wind": null,
                      "remark": null,
                      "details": null,
                      "__typename": "CalendarResultsRaceResult"
                    },
                    {
                      "competitor": {
                        "teamMembers": null,
                        "id": "zm2n9z30eskunburv0y2o",
                        "name": "Gertrud BACHER",
                        "iaafId": 135248,
                        "urlSlug": "italy/gertrud-bacher-014283683",
                        "birthDate": "28 FEB 1971",
                        "hasProfile": true,
                        "__typename": "CalendarResultsCompetitor"
                      },
                      "mark": "1.72",
                      "nationality": "ITA",
                      "place": "6.",
                      "points": 879,
                      "qualified": null,
                      "records": "",
                      "wind": null,
                      "remark": null,
                      "details": null,
                      "__typename": "CalendarResultsRaceResult"
                    },
                    {
                      "competitor": {
                        "teamMembers": null,
                        "id": "8xezufjz07lfjgpw35rpc",
                        "name": "Jane JAMIESON",
                        "iaafId": 80550,
                        "urlSlug": "australia/jane-jamieson-014271887",
                        "birthDate": "23 JUN 1975",
                        "hasProfile": true,
                        "__typename": "CalendarResultsCompetitor"
                      },
                      "mark": "1.72",
                      "nationality": "AUS",
                      "place": "7.",
                      "points": 879,
                      "qualified": null,
                      "records": "",
                      "wind": null,
                      "remark": null,
                      "details": null,
                      "__typename": "CalendarResultsRaceResult"
                    },
                    {
                      "competitor": {
                        "teamMembers": null,
                        "id": "xdb6c4rq97n36dchue1puf",
                        "name": "Catherine BOND-MILLS",
                        "iaafId": 60186,
                        "urlSlug": "canada/catherine-bond-mills-014268323",
                        "birthDate": "20 SEP 1967",
                        "hasProfile": true,
                        "__typename": "CalendarResultsCompetitor"
                      },
                      "mark": "1.69",
                      "nationality": "CAN",
                      "place": "8.",
                      "points": 842,
                      "qualified": null,
                      "records": "",
                      "wind": null,
                      "remark": null,
                      "details": null,
                      "__typename": "CalendarResultsRaceResult"
                    },
                    {
                      "competitor": {
                        "teamMembers": null,
                        "id": "vzsvfv8aemnjgh0mbgef8",
                        "name": "Tiffany LOTT-HOGAN",
                        "iaafId": 132537,
                        "urlSlug": "united-states/tiffany-lott-hogan-014315608",
                        "birthDate": "01 AUG 1975",
                        "hasProfile": true,
                        "__typename": "CalendarResultsCompetitor"
                      },
                      "mark": "1.69",
                      "nationality": "USA",
                      "place": "9.",
                      "points": 842,
                      "qualified": null,
                      "records": "",
                      "wind": null,
                      "remark": null,
                      "details": null,
                      "__typename": "CalendarResultsRaceResult"
                    },
                    {
                      "competitor": {
                        "teamMembers": null,
                        "id": "le1tz7dorc9xoxy0q661u",
                        "name": "Sheila BURRELL",
                        "iaafId": 135245,
                        "urlSlug": "united-states/sheila-burrell-014306898",
                        "birthDate": "15 JAN 1972",
                        "hasProfile": true,
                        "__typename": "CalendarResultsCompetitor"
                      },
                      "mark": "1.66",
                      "nationality": "USA",
                      "place": "10.",
                      "points": 806,
                      "qualified": null,
                      "records": "",
                      "wind": null,
                      "remark": null,
                      "details": null,
                      "__typename": "CalendarResultsRaceResult"
                    },
                    {
                      "competitor": {
                        "teamMembers": null,
                        "id": "j4zgkrc34mn7u8e54ys6vp",
                        "name": "Kate\u0159ina NEKOLN\u00c1",
                        "iaafId": 139774,
                        "urlSlug": "czech-republic/katerina-nekolna-14262874",
                        "birthDate": "23 JUN 1975",
                        "hasProfile": true,
                        "__typename": "CalendarResultsCompetitor"
                      },
                      "mark": "1.63",
                      "nationality": "CZE",
                      "place": "11.",
                      "points": 771,
                      "qualified": null,
                      "records": "",
                      "wind": null,
                      "remark": null,
                      "details": null,
                      "__typename": "CalendarResultsRaceResult"
                    }
                  ],
                  "startList": null,
                  "wind": null,
                  "__typename": "CalendarResultsRace"
                },
                {
                  "date": "1999-08-21",
                  "day": 1,
                  "race": "Combined - Group",
                  "raceId": 14,
                  "raceNumber": 2,
                  "results": [
                    {
                      "competitor": {
                        "teamMembers": null,
                        "id": "3v40veov76t95rfwpq5opk",
                        "name": "Eunice BARBER",
                        "iaafId": 67352,
                        "urlSlug": "france/eunice-barber-014258652",
                        "birthDate": "17 NOV 1974",
                        "hasProfile": true,
                        "__typename": "CalendarResultsCompetitor"
                      },
                      "mark": "1.93",
                      "nationality": "FRA",
                      "place": "1.",
                      "points": 1145,
                      "qualified": null,
                      "records": "",
                      "wind": null,
                      "remark": null,
                      "details": null,
                      "__typename": "CalendarResultsRaceResult"
                    },
                    {
                      "competitor": {
                        "teamMembers": null,
                        "id": "41fk1csryz4lu76yruslsf",
                        "name": "Denise LEWIS",
                        "iaafId": 67891,
                        "urlSlug": "great-britain-ni/denise-lewis-014275597",
                        "birthDate": "27 AUG 1972",
                        "hasProfile": true,
                        "__typename": "CalendarResultsCompetitor"
                      },
                      "mark": "1.87",
                      "nationality": "GBR",
                      "place": "2.",
                      "points": 1067,
                      "qualified": null,
                      "records": "",
                      "wind": null,
                      "remark": null,
                      "details": null,
                      "__typename": "CalendarResultsRaceResult"
                    },
                    {
                      "competitor": {
                        "teamMembers": null,
                        "id": "de0mqxih3twzshu2r2k1uf",
                        "name": "Marie COLLONVILL\u00c9",
                        "iaafId": 68431,
                        "urlSlug": "france/marie-collonville-014258016",
                        "birthDate": "23 NOV 1973",
                        "hasProfile": true,
                        "__typename": "CalendarResultsCompetitor"
                      },
                      "mark": "1.87",
                      "nationality": "FRA",
                      "place": "3.",
                      "points": 1067,
                      "qualified": null,
                      "records": "",
                      "wind": null,
                      "remark": null,
                      "details": null,
                      "__typename": "CalendarResultsRaceResult"
                    },
                    {
                      "competitor": {
                        "teamMembers": null,
                        "id": "t5kuvx23lcnok5g43ay1lc",
                        "name": "Tiia HAUTALA",
                        "iaafId": 68462,
                        "urlSlug": "finland/tiia-hautala-014259561",
                        "birthDate": "03 APR 1972",
                        "hasProfile": true,
                        "__typename": "CalendarResultsCompetitor"
                      },
                      "mark": "1.84",
                      "nationality": "FIN",
                      "place": "4.",
                      "points": 1029,
                      "qualified": null,
                      "records": "",
                      "wind": null,
                      "remark": null,
                      "details": null,
                      "__typename": "CalendarResultsRaceResult"
                    },
                    {
                      "competitor": {
                        "teamMembers": null,
                        "id": "1l1y2wvh0gryb9uhxvwag",
                        "name": "Karin ERTL",
                        "iaafId": 135244,
                        "urlSlug": "germany/karin-ertl-014277516",
                        "birthDate": "23 JUN 1974",
                        "hasProfile": true,
                        "__typename": "CalendarResultsCompetitor"
                      },
                      "mark": "1.84",
                      "nationality": "GER",
                      "place": "5.",
                      "points": 1029,
                      "qualified": null,
                      "records": "",
                      "wind": null,
                      "remark": null,
                      "details": null,
                      "__typename": "CalendarResultsRaceResult"
                    },
                    {
                      "competitor": {
                        "teamMembers": null,
                        "id": "49qoi4plbibwkr929sla9m",
                        "name": "Sabine BRAUN",
                        "iaafId": 62749,
                        "urlSlug": "germany/sabine-braun-014277184",
                        "birthDate": "19 JUN 1965",
                        "hasProfile": true,
                        "__typename": "CalendarResultsCompetitor"
                      },
                      "mark": "1.81",
                      "nationality": "GER",
                      "place": "6.",
                      "points": 991,
                      "qualified": null,
                      "records": "",
                      "wind": null,
                      "remark": null,
                      "details": null,
                      "__typename": "CalendarResultsRaceResult"
                    },
                    {
                      "competitor": {
                        "teamMembers": null,
                        "id": "2c64ez97dnukcajozxp4ih",
                        "name": "Natalya ROSHCHUPKINA",
                        "iaafId": 135243,
                        "urlSlug": "russia/natalya-roshchupkina-014299090",
                        "birthDate": "13 JAN 1978",
                        "hasProfile": true,
                        "__typename": "CalendarResultsCompetitor"
                      },
                      "mark": "1.81",
                      "nationality": "RUS",
                      "place": "7.",
                      "points": 991,
                      "qualified": null,
                      "records": "",
                      "wind": null,
                      "remark": null,
                      "details": null,
                      "__typename": "CalendarResultsRaceResult"
                    },
                    {
                      "competitor": {
                        "teamMembers": null,
                        "id": "5c3wxuue49p7lbmtovky5x",
                        "name": "Ghada SHOUAA",
                        "iaafId": 67124,
                        "urlSlug": "syria/ghada-shouaa-014302590",
                        "birthDate": "10 SEP 1972",
                        "hasProfile": true,
                        "__typename": "CalendarResultsCompetitor"
                      },
                      "mark": "1.81",
                      "nationality": "SYR",
                      "place": "8.",
                      "points": 991,
                      "qualified": null,
                      "records": "",
                      "wind": null,
                      "remark": null,
                      "details": null,
                      "__typename": "CalendarResultsRaceResult"
                    },
                    {
                      "competitor": {
                        "teamMembers": null,
                        "id": "1vdsbgp7vmn7eqdp7k8908",
                        "name": "Irina BELOVA",
                        "iaafId": 63014,
                        "urlSlug": "russia/irina-belova-014297350",
                        "birthDate": "27 MAR 1968",
                        "hasProfile": true,
                        "__typename": "CalendarResultsCompetitor"
                      },
                      "mark": "1.78",
                      "nationality": "RUS",
                      "place": "9.",
                      "points": 953,
                      "qualified": null,
                      "records": "",
                      "wind": null,
                      "remark": null,
                      "details": null,
                      "__typename": "CalendarResultsRaceResult"
                    },
                    {
                      "competitor": {
                        "teamMembers": null,
                        "id": "72euovv3y28s5vhdcda6u9",
                        "name": "Rita IN\u00c1NCSI",
                        "iaafId": 60819,
                        "urlSlug": "hungary/rita-inancsi-014281713",
                        "birthDate": "06 JAN 1971",
                        "hasProfile": true,
                        "__typename": "CalendarResultsCompetitor"
                      },
                      "mark": "1.78",
                      "nationality": "HUN",
                      "place": "10.",
                      "points": 953,
                      "qualified": null,
                      "records": "",
                      "wind": null,
                      "remark": null,
                      "details": null,
                      "__typename": "CalendarResultsRaceResult"
                    },
                    {
                      "competitor": {
                        "teamMembers": null,
                        "id": "vluo920vwyp84zfh5yprnd",
                        "name": "Remigija NAZAROVIEN\u0116",
                        "iaafId": 63329,
                        "urlSlug": "lithuania/remigija-nazaroviene-14290330",
                        "birthDate": "02 JUN 1967",
                        "hasProfile": true,
                        "__typename": "CalendarResultsCompetitor"
                      },
                      "mark": "1.75",
                      "nationality": "LTU",
                      "place": "11.",
                      "points": 916,
                      "qualified": null,
                      "records": "",
                      "wind": null,
                      "remark": null,
                      "details": null,
                      "__typename": "CalendarResultsRaceResult"
                    }
                  ],
                  "startList": null,
                  "wind": null,
                  "__typename": "CalendarResultsRace"
                }
              ],
              "__typename": "CalendarResultsEvent"
            }
          ],
          "__typename": "CalendarResultsEventTitle"
        }
      ],
      "options": {
        "days": [
          {
            "date": "21 AUG 1999",
            "day": 1,
            "__typename": "CalendarResultsOptionsDay"
          },
          {
            "date": "22 AUG 1999",
            "day": 2,
            "__typename": "CalendarResultsOptionsDay"
          },
          {
            "date": "23 AUG 1999",
            "day": 3,
            "__typename": "CalendarResultsOptionsDay"
          },
          {
            "date": "24 AUG 1999",
            "day": 4,
            "__typename": "CalendarResultsOptionsDay"
          },
          {
            "date": "25 AUG 1999",
            "day": 5,
            "__typename": "CalendarResultsOptionsDay"
          },
          {
            "date": "26 AUG 1999",
            "day": 6,
            "__typename": "CalendarResultsOptionsDay"
          },
          {
            "date": "27 AUG 1999",
            "day": 7,
            "__typename": "CalendarResultsOptionsDay"
          },
          {
            "date": "28 AUG 1999",
            "day": 8,
            "__typename": "CalendarResultsOptionsDay"
          },
          {
            "date": "29 AUG 1999",
            "day": 9,
            "__typename": "CalendarResultsOptionsDay"
          }
        ],
        "events": [
          {
            "gender": "W",
            "id": 10229509,
            "name": "Women's 100 Metres",
            "combined": null,
            "__typename": "CalendarResultsOptionEvent"
          },
          {
            "gender": "W",
            "id": 10229510,
            "name": "Women's 200 Metres",
            "combined": null,
            "__typename": "CalendarResultsOptionEvent"
          },
          {
            "gender": "W",
            "id": 10229511,
            "name": "Women's 400 Metres",
            "combined": null,
            "__typename": "CalendarResultsOptionEvent"
          },
          {
            "gender": "W",
            "id": 10229512,
            "name": "Women's 800 Metres",
            "combined": null,
            "__typename": "CalendarResultsOptionEvent"
          },
          {
            "gender": "W",
            "id": 10229513,
            "name": "Women's 1500 Metres",
            "combined": null,
            "__typename": "CalendarResultsOptionEvent"
          },
          {
            "gender": "W",
            "id": 10229514,
            "name": "Women's 5000 Metres",
            "combined": null,
            "__typename": "CalendarResultsOptionEvent"
          },
          {
            "gender": "W",
            "id": 10229521,
            "name": "Women's 10,000 Metres",
            "combined": null,
            "__typename": "CalendarResultsOptionEvent"
          },
          {
            "gender": "W",
            "id": 10229522,
            "name": "Women's 100 Metres Hurdles",
            "combined": null,
            "__typename": "CalendarResultsOptionEvent"
          },
          {
            "gender": "W",
            "id": 10229523,
            "name": "Women's 400 Metres Hurdles",
            "combined": null,
            "__typename": "CalendarResultsOptionEvent"
          },
          {
            "gender": "W",
            "id": 10230031,
            "name": "Women's 100m Blind",
            "combined": null,
            "__typename": "CalendarResultsOptionEvent"
          },
          {
            "gender": "W",
            "id": 10229526,
            "name": "Women's High Jump",
            "combined": null,
            "__typename": "CalendarResultsOptionEvent"
          },
          {
            "gender": "W",
            "id": 10229527,
            "name": "Women's Pole Vault",
            "combined": null,
            "__typename": "CalendarResultsOptionEvent"
          },
          {
            "gender": "W",
            "id": 10229528,
            "name": "Women's Long Jump",
            "combined": null,
            "__typename": "CalendarResultsOptionEvent"
          },
          {
            "gender": "W",
            "id": 10229529,
            "name": "Women's Triple Jump",
            "combined": null,
            "__typename": "CalendarResultsOptionEvent"
          },
          {
            "gender": "W",
            "id": 10229530,
            "name": "Women's Shot Put",
            "combined": null,
            "__typename": "CalendarResultsOptionEvent"
          },
          {
            "gender": "W",
            "id": 10229531,
            "name": "Women's Discus Throw",
            "combined": null,
            "__typename": "CalendarResultsOptionEvent"
          },
          {
            "gender": "W",
            "id": 10229532,
            "name": "Women's Hammer Throw",
            "combined": null,
            "__typename": "CalendarResultsOptionEvent"
          },
          {
            "gender": "W",
            "id": 10229533,
            "name": "Women's Javelin Throw",
            "combined": null,
            "__typename": "CalendarResultsOptionEvent"
          },
          {
            "gender": "W",
            "id": 10229534,
            "name": "Women's Marathon",
            "combined": null,
            "__typename": "CalendarResultsOptionEvent"
          },
          {
            "gender": "W",
            "id": 10229535,
            "name": "Women's 20 Kilometres Race Walk",
            "combined": null,
            "__typename": "CalendarResultsOptionEvent"
          },
          {
            "gender": "W",
            "id": 10229536,
            "name": "Women's Heptathlon",
            "combined": true,
            "__typename": "CalendarResultsOptionEvent"
          },
          {
            "gender": "W",
            "id": 204594,
            "name": "Women's 4x100 Metres Relay",
            "combined": null,
            "__typename": "CalendarResultsOptionEvent"
          },
          {
            "gender": "W",
            "id": 204596,
            "name": "Women's 4x400 Metres Relay",
            "combined": null,
            "__typename": "CalendarResultsOptionEvent"
          },
          {
            "gender": "M",
            "id": 10229630,
            "name": "Men's 100 Metres",
            "combined": null,
            "__typename": "CalendarResultsOptionEvent"
          },
          {
            "gender": "M",
            "id": 10229605,
            "name": "Men's 200 Metres",
            "combined": null,
            "__typename": "CalendarResultsOptionEvent"
          },
          {
            "gender": "M",
            "id": 10229631,
            "name": "Men's 400 Metres",
            "combined": null,
            "__typename": "CalendarResultsOptionEvent"
          },
          {
            "gender": "M",
            "id": 10229501,
            "name": "Men's 800 Metres",
            "combined": null,
            "__typename": "CalendarResultsOptionEvent"
          },
          {
            "gender": "M",
            "id": 10229502,
            "name": "Men's 1500 Metres",
            "combined": null,
            "__typename": "CalendarResultsOptionEvent"
          },
          {
            "gender": "M",
            "id": 10229609,
            "name": "Men's 5000 Metres",
            "combined": null,
            "__typename": "CalendarResultsOptionEvent"
          },
          {
            "gender": "M",
            "id": 10229610,
            "name": "Men's 10,000 Metres",
            "combined": null,
            "__typename": "CalendarResultsOptionEvent"
          },
          {
            "gender": "M",
            "id": 10229611,
            "name": "Men's 110 Metres Hurdles",
            "combined": null,
            "__typename": "CalendarResultsOptionEvent"
          },
          {
            "gender": "M",
            "id": 10229612,
            "name": "Men's 400 Metres Hurdles",
            "combined": null,
            "__typename": "CalendarResultsOptionEvent"
          },
          {
            "gender": "M",
            "id": 10229614,
            "name": "Men's 3000 Metres Steeplechase",
            "combined": null,
            "__typename": "CalendarResultsOptionEvent"
          },
          {
            "gender": "M",
            "id": 10230029,
            "name": "Men's 200m Blind",
            "combined": null,
            "__typename": "CalendarResultsOptionEvent"
          },
          {
            "gender": "M",
            "id": 10229615,
            "name": "Men's High Jump",
            "combined": null,
            "__typename": "CalendarResultsOptionEvent"
          },
          {
            "gender": "M",
            "id": 10229616,
            "name": "Men's Pole Vault",
            "combined": null,
            "__typename": "CalendarResultsOptionEvent"
          },
          {
            "gender": "M",
            "id": 10229617,
            "name": "Men's Long Jump",
            "combined": null,
            "__typename": "CalendarResultsOptionEvent"
          },
          {
            "gender": "M",
            "id": 10229618,
            "name": "Men's Triple Jump",
            "combined": null,
            "__typename": "CalendarResultsOptionEvent"
          },
          {
            "gender": "M",
            "id": 10229619,
            "name": "Men's Shot Put",
            "combined": null,
            "__typename": "CalendarResultsOptionEvent"
          },
          {
            "gender": "M",
            "id": 10229620,
            "name": "Men's Discus Throw",
            "combined": null,
            "__typename": "CalendarResultsOptionEvent"
          },
          {
            "gender": "M",
            "id": 10229621,
            "name": "Men's Hammer Throw",
            "combined": null,
            "__typename": "CalendarResultsOptionEvent"
          },
          {
            "gender": "M",
            "id": 10229636,
            "name": "Men's Javelin Throw",
            "combined": null,
            "__typename": "CalendarResultsOptionEvent"
          },
          {
            "gender": "M",
            "id": 10229634,
            "name": "Men's Marathon",
            "combined": null,
            "__typename": "CalendarResultsOptionEvent"
          },
          {
            "gender": "M",
            "id": 10229508,
            "name": "Men's 20 Kilometres Race Walk",
            "combined": null,
            "__typename": "CalendarResultsOptionEvent"
          },
          {
            "gender": "M",
            "id": 10229628,
            "name": "Men's 50 Kilometres Race Walk",
            "combined": null,
            "__typename": "CalendarResultsOptionEvent"
          },
          {
            "gender": "M",
            "id": 10229629,
            "name": "Men's Decathlon",
            "combined": true,
            "__typename": "CalendarResultsOptionEvent"
          },
          {
            "gender": "M",
            "id": 204593,
            "name": "Men's 4x100 Metres Relay",
            "combined": null,
            "__typename": "CalendarResultsOptionEvent"
          },
          {
            "gender": "M",
            "id": 204595,
            "name": "Men's 4x400 Metres Relay",
            "combined": null,
            "__typename": "CalendarResultsOptionEvent"
          }
        ],
        "__typename": "CalendarResultsOptions"
      },
      "parameters": {
        "competitionId": 6939522,
        "day": null,
        "eventId": 10229526,
        "__typename": "CalendarResultsParameters"
      },
      "__typename": "CalendarCompetitionResults"
    }
  }
}