{
  "data": {
    "getCalendarCompetitionResults": {
      "competition": {
        "dateRange": "22 SEP\u201301 OCT 2000",
        "endDate": "2000-10-01",
        "name": "The XXVII Olympic Games",
        "rankingCategory": "OW",
        "startDate": "2000-09-22",
        "venue": "Olympic Stadium, Sydney (AUS)",
        "__typename": "CalendarResultsCompetition"
      },
      "eventTitles": [
        {
          "rankingCategory": "OW",
          "eventTitle": null,
          "events": [
            {
              "event": "Women's Triple Jump",
              "eventId": 10229529,
              "gender": "W",
              "isRelay": false,
              "perResultWind": true,
              "withWind": true,
              "summary": null,
              "races": [
                {
                  "date": "2000-09-24",
                  "day": 3,
                  "race": "Final",
                  "raceId": 10,
                  "raceNumber": 0,
                  "results": [
                    {
                      "competitor": {
                        "teamMembers": null,
                        "id": "9nev6alnp4k1eedj1heksr",
                        "name": "Tereza MARINOVA",
                        "iaafId": 110013,
                        "urlSlug": "bulgaria/tereza-marinova-014268637",
                        "birthDate": "25 SEP 1977",
                        "hasProfile": true,
                        "__typename": "CalendarResultsCompetitor"
                      },
                      "mark": "15.20",
                      "nationality": "BUL",
                      "place": "1.",
                      "points": null,
                      "qualified": null,
                      "records": "",
                      "wind": "-0.3",
                      "remark": null,
                      "details": null,
                      "__typename": "CalendarResultsRaceResult"
                    },
                    {
                      "competitor": {
                        "teamMembers": null,
                        "id": "xmjgep3fj2njvo7yohdag",
                        "name": "Tatyana LEBEDEVA",
                        "iaafId": 135289,
                        "urlSlug": "russia/tatyana-lebedeva-014298427",
                        "birthDate": "21 JUL 1976",
                        "hasProfile": true,
                        "__typename": "CalendarResultsCompetitor"
                      },
                      "mark": "15.00",
                      "nationality": "RUS",
                      "place": "2.",
                      "points": null,
                      "qualified": null,
                      "records": "",
                      "wind": "+1.3",
                      "remark": null,
                      "details": null,
                      "__typename": "CalendarResultsRaceResult"
                    },
                    {
                      "competitor": {
                        "teamMembers": null,
                        "id": "axkhw9bk0s4aucz4r6nd",
                        "name": "Olena HOVOROVA",
                        "iaafId": 75021,
                        "urlSlug": "ukraine/olena-hovorova-014303611",
                        "birthDate": "18 SEP 1973",
                        "hasProfile": true,
                        "__typename": "CalendarResultsCompetitor"
                      },
                      "mark": "14.96",
                      "nationality": "UKR",
                      "place": "3.",
                      "points": null,
                      "qualified": null,
                      "records": "",
                      "wind": "+0.7",
                      "remark": null,
                      "details": null,
                      "__typename": "CalendarResultsRaceResult"
                    },
                    {
                      "competitor": {
                        "teamMembers": null,
                        "id": "x2g93mi7g1bsuoicpdy978",
                        "name": "Yamil\u00e9 ALDAMA",
                        "iaafId": 80049,
                        "urlSlug": "great-britain-ni/yamile-aldama-014300566",
                        "birthDate": "14 AUG 1972",
                        "hasProfile": true,
                        "__typename": "CalendarResultsCompetitor"
                      },
                      "mark": "14.30",
                      "nationality": "CUB",
                      "place": "4.",
                      "points": null,
                      "qualified": null,
                      "records": "",
                      "wind": "-0.9",
                      "remark": null,
                      "details": null,
                      "__typename": "CalendarResultsRaceResult"
                    },
                    {
                      "competitor": {
                        "teamMembers": null,
                        "id": "yeogksf93xslmurzzkm0u",
                        "name": "Baya RAHOULI",
                        "iaafId": 80999,
                        "urlSlug": "algeria/baya-rahouli-014272772",
                        "birthDate": "27 JUL 1979",
                        "hasProfile": true,
                        "__typename": "CalendarResultsCompetitor"
                      },
                      "mark": "14.17",
                      "nationality": "ALG",
                      "place": "5.",
                      "points": null,
                      "qualified": null,
                      "records": "",
                      "wind": "-0.3",
                      "remark": null,
                      "details": null,
                      "__typename": "CalendarResultsRaceResult"
                    },
                    {
                      "competitor": {
                        "teamMembers": null,
                        "id": "8yjvy5imehjhb5f0m1ben4",
                        "name": "Cristina NICOLAU",
                        "iaafId": 71147,
                        "urlSlug": "romania/cristina-nicolau-014295798",
                        "birthDate": "09 AUG 1977",
                        "hasProfile": true,
                        "__typename": "CalendarResultsCompetitor"
                      },
                      "mark": "14.17",
                      "nationality": "ROU",
                      "place": "6.",
                      "points": null,
                      "qualified": null,
                      "records": "",
                      "wind": "+0.6",
                      "remark": null,
                      "details": null,
                      "__typename": "CalendarResultsRaceResult"
                    },
                    {
                      "competitor": {
                        "teamMembers": null,
                        "id": "wosu3izkwgmsskp9klryfi",
                        "name": "Olga VASDEKI",
                        "iaafId": 68128,
                        "urlSlug": "greece/olga-vasdeki-014280987",
                        "birthDate": "26 SEP 1973",
                        "hasProfile": true,
                        "__typename": "CalendarResultsCompetitor"
                      },
                      "mark": "14.15",
                      "nationality": "GRE",
                      "place": "7.",
                      "points": null,
                      "qualified": null,
                      "records": "",
                      "wind": "+0.4",
                      "remark": null,
                      "details": null,
                      "__typename": "CalendarResultsRaceResult"
                    },
                    {
                      "competitor": {
                        "teamMembers": null,
                        "id": "kyckzqvpqgbybl588p8vfq",
                        "name": "Oksana ROGOVA",
                        "iaafId": 137685,
                        "urlSlug": "russia/oksana-rogova-14299072",
                        "birthDate": "07 OCT 1978",
                        "hasProfile": true,
                        "__typename": "CalendarResultsCompetitor"
                      },
                      "mark": "13.97",
                      "nationality": "RUS",
                      "place": "8.",
                      "points": null,
                      "qualified": null,
                      "records": "",
                      "wind": "-1.5",
                      "remark": null,
                      "details": null,
                      "__typename": "CalendarResultsRaceResult"
                    },
                    {
                      "competitor": {
                        "teamMembers": null,
                        "id": "71qrrov97coryhs0rm7o8q",
                        "name": "Anja VALANT-VELEPEC",
                        "iaafId": 80942,
                        "urlSlug": "slovenia/anja-valant-velepec-014300273",
                        "birthDate": "08 SEP 1977",
                        "hasProfile": true,
                        "__typename": "CalendarResultsCompetitor"
                      },
                      "mark": "13.59",
                      "nationality": "SLO",
                      "place": "9.",
                      "points": null,
                      "qualified": null,
                      "records": "",
                      "wind": "-0.7",
                      "remark": null,
                      "details": null,
                      "__typename": "CalendarResultsRaceResult"
                    },
                    {
                      "competitor": {
                        "teamMembers": null,
                        "id": "c9uv03ynuu7cnwbcvgjgnr",
                        "name": "Francoise MBANGO ETONE",
                        "iaafId": 137691,
                        "urlSlug": "france/francoise-mbango-etone-014264112",
                        "birthDate": "14 APR 1976",
                        "hasProfile": true,
                        "__typename": "CalendarResultsCompetitor"
                      },
                      "mark": "13.53",
                      "nationality": "CMR",
                      "place": "10.",
                      "points": null,
                      "qualified": null,
                      "records": "",
                      "wind": "-2.1",
                      "remark": null,
                      "details": null,
                      "__typename": "CalendarResultsRaceResult"
                    },
                    {
                      "competitor": {
                        "teamMembers": null,
                        "id": "1yc5tcnpg1yi03xs0w61drot",
                        "name": "Ashia HANSEN",
                        "iaafId": 68401,
                        "urlSlug": "great-britain-ni/ashia-hansen-014275218",
                        "birthDate": "05 DEC 1971",
                        "hasProfile": true,
                        "__typename": "CalendarResultsCompetitor"
                      },
                      "mark": "13.44",
                      "nationality": "GBR",
                      "place": "11.",
                      "points": null,
                      "qualified": null,
                      "records": "",
                      "wind": "+0.4",
                      "remark": null,
                      "details": null,
                      "__typename": "CalendarResultsRaceResult"
                    },
                    {
                      "competitor": {
                        "teamMembers": null,
                        "id": "ysbac5z4lmojdnn2zywyw",
                        "name": "\u0160\u00e1rka KA\u0160P\u00c1RKOV\u00c1",
                        "iaafId": 65755,
                        "urlSlug": "czech-republic/sarka-kasparkova-14263025",
                        "birthDate": "20 MAY 1971",
                        "hasProfile": true,
                        "__typename": "CalendarResultsCompetitor"
                      },
                      "mark": "NM",
                      "nationality": "CZE",
                      "place": "",
                      "points": null,
                      "qualified": null,
                      "records": "",
                      "wind": "0.0",
                      "remark": null,
                      "details": null,
                      "__typename": "CalendarResultsRaceResult"
                    }
                  ],
                  "startList": null,
                  "wind": null,
                  "__typename": "CalendarResultsRace"
                },
                {
                  "date": "2000-09-22",
                  "day": 1,
                  "race": "Qualification - Group",
                  "raceId": 71,
                  "raceNumber": 1,
                  "results": [
                    {
                      "competitor": {
                        "teamMembers": null,
                        "id": "bw653o4idzpm6oei0rdq4k",
                        "name": "Tereza MARINOVA",
                        "iaafId": 110013,
                        "urlSlug": "bulgaria/tereza-marinova-014268637",
                        "birthDate": "25 SEP 1977",
                        "hasProfile": true,
                        "__typename": "CalendarResultsCompetitor"
                      },
                      "mark": "14.73",
                      "nationality": "BUL",
                      "place": "1.",
                      "points": null,
                      "qualified": false,
                      "records": "",
                      "wind": "-0.5",
                      "remark": null,
                      "details": null,
                      "__typename": "CalendarResultsRaceResult"
                    },
                    {
                      "competitor": {
                        "teamMembers": null,
                        "id": "m2zkit6b1zrfmmt3rxu6p",
                        "name": "Ashia HANSEN",
                        "iaafId": 68401,
                        "urlSlug": "great-britain-ni/ashia-hansen-014275218",
                        "birthDate": "05 DEC 1971",
                        "hasProfile": true,
                        "__typename": "CalendarResultsCompetitor"
                      },
                      "mark": "14.29",
                      "nationality": "GBR",
                      "place": "2.",
                      "points": null,
                      "qualified": false,
                      "records": "",
                      "wind": "-0.4",
                      "remark": null,
                      "details": null,
                      "__typename": "CalendarResultsRaceResult"
                    },
                    {
                      "competitor": {
                        "teamMembers": null,
                        "id": "fprtxh8lngv8pal75dfagc",
                        "name": "Yamil\u00e9 ALDAMA",
                        "iaafId": 80049,
                        "urlSlug": "great-britain-ni/yamile-aldama-014300566",
                        "birthDate": "14 AUG 1972",
                        "hasProfile": true,
                        "__typename": "CalendarResultsCompetitor"
                      },
                      "mark": "14.27",
                      "nationality": "CUB",
                      "place": "3.",
                      "points": null,
                      "qualified": false,
                      "records": "",
                      "wind": "-0.7",
                      "remark": null,
                      "details": null,
                      "__typename": "CalendarResultsRaceResult"
                    },
                    {
                      "competitor": {
                        "teamMembers": null,
                        "id": "9gop053xa6nrhr3wbmdv2b",
                        "name": "Oksana ROGOVA",
                        "iaafId": 137685,
                        "urlSlug": "russia/oksana-rogova-14299072",
                        "birthDate": "07 OCT 1978",
                        "hasProfile": true,
                        "__typename": "CalendarResultsCompetitor"
                      },
                      "mark": "14.25",
                      "nationality": "RUS",
                      "place": "4.",
                      "points": null,
                      "qualified": false,
                      "records": "",
                      "wind": "-0.1",
                      "remark": null,
                      "details": null,
                      "__typename": "CalendarResultsRaceResult"
                    },
                    {
                      "competitor": {
                        "teamMembers": null,
                        "id": "2qu0kzvf594jpyvgbpk3pj",
                        "name": "Cristina NICOLAU",
                        "iaafId": 71147,
                        "urlSlug": "romania/cristina-nicolau-014295798",
                        "birthDate": "09 AUG 1977",
                        "hasProfile": true,
                        "__typename": "CalendarResultsCompetitor"
                      },
                      "mark": "14.14",
                      "nationality": "ROU",
                      "place": "5.",
                      "points": null,
                      "qualified": false,
                      "records": "",
                      "wind": "-0.1",
                      "remark": null,
                      "details": null,
                      "__typename": "CalendarResultsRaceResult"
                    },
                    {
                      "competitor": {
                        "teamMembers": null,
                        "id": "zxmalffeljb22oeuuwaa8a",
                        "name": "Viktoriya BRIGADNAYA",
                        "iaafId": 134284,
                        "urlSlug": "turkmenistan/viktoriya-brigadnaya-014302756",
                        "birthDate": "04 AUG 1980",
                        "hasProfile": true,
                        "__typename": "CalendarResultsCompetitor"
                      },
                      "mark": "13.96",
                      "nationality": "TKM",
                      "place": "6.",
                      "points": null,
                      "qualified": null,
                      "records": "",
                      "wind": "-0.4",
                      "remark": null,
                      "details": null,
                      "__typename": "CalendarResultsRaceResult"
                    },
                    {
                      "competitor": {
                        "teamMembers": null,
                        "id": "25w6npd79uwk982ub0l1tj",
                        "name": "K\u00e9ne NDOYE",
                        "iaafId": 171982,
                        "urlSlug": "senegal/kene-ndoye-014300002",
                        "birthDate": "20 NOV 1978",
                        "hasProfile": true,
                        "__typename": "CalendarResultsCompetitor"
                      },
                      "mark": "13.94",
                      "nationality": "SEN",
                      "place": "7.",
                      "points": null,
                      "qualified": null,
                      "records": "",
                      "wind": "+0.4",
                      "remark": null,
                      "details": null,
                      "__typename": "CalendarResultsRaceResult"
                    },
                    {
                      "competitor": {
                        "teamMembers": null,
                        "id": "mbc2nqr4ychjujss3u7lsp",
                        "name": "Natallia SAFRONAVA",
                        "iaafId": 136372,
                        "urlSlug": "belarus/natallia-safronava-014269651",
                        "birthDate": "11 APR 1974",
                        "hasProfile": true,
                        "__typename": "CalendarResultsCompetitor"
                      },
                      "mark": "13.91",
                      "nationality": "BLR",
                      "place": "8.",
                      "points": null,
                      "qualified": null,
                      "records": "",
                      "wind": "+0.2",
                      "remark": null,
                      "details": null,
                      "__typename": "CalendarResultsRaceResult"
                    },
                    {
                      "competitor": {
                        "teamMembers": null,
                        "id": "mbcml9smmvhjjqn08rx5p",
                        "name": "Mariya DIMITROVA",
                        "iaafId": 136225,
                        "urlSlug": "bulgaria/mariya-dimitrova-014268732",
                        "birthDate": "07 AUG 1976",
                        "hasProfile": true,
                        "__typename": "CalendarResultsCompetitor"
                      },
                      "mark": "13.87",
                      "nationality": "BUL",
                      "place": "9.",
                      "points": null,
                      "qualified": null,
                      "records": "",
                      "wind": "0.0",
                      "remark": null,
                      "details": null,
                      "__typename": "CalendarResultsRaceResult"
                    },
                    {
                      "competitor": {
                        "teamMembers": null,
                        "id": "bm9o4stwwbfuk45v2t8hdo",
                        "name": "Camilla JOHANSSON",
                        "iaafId": 136017,
                        "urlSlug": "sweden/camilla-johansson-014302029",
                        "birthDate": "03 NOV 1976",
                        "hasProfile": true,
                        "__typename": "CalendarResultsCompetitor"
                      },
                      "mark": "13.87",
                      "nationality": "SWE",
                      "place": "10.",
                      "points": null,
                      "qualified": null,
                      "records": "",
                      "wind": "+0.8",
                      "remark": null,
                      "details": null,
                      "__typename": "CalendarResultsRaceResult"
                    },
                    {
                      "competitor": {
                        "teamMembers": null,
                        "id": "zz5fulcl4zaui4vdh6b5w",
                        "name": "Olena KHLUSOVICH",
                        "iaafId": 80004,
                        "urlSlug": "ukraine/olena-khlusovich-014303693",
                        "birthDate": "02 NOV 1969",
                        "hasProfile": true,
                        "__typename": "CalendarResultsCompetitor"
                      },
                      "mark": "13.60",
                      "nationality": "UKR",
                      "place": "11.",
                      "points": null,
                      "qualified": null,
                      "records": "",
                      "wind": "-0.3",
                      "remark": null,
                      "details": null,
                      "__typename": "CalendarResultsRaceResult"
                    },
                    {
                      "competitor": {
                        "teamMembers": null,
                        "id": "kndkk2bihto4rbhwn2yih5",
                        "name": "Yelena PARFENOVA",
                        "iaafId": 76138,
                        "urlSlug": "kazakhstan/yelena-parfenova-014288679",
                        "birthDate": "26 JAN 1974",
                        "hasProfile": true,
                        "__typename": "CalendarResultsCompetitor"
                      },
                      "mark": "13.50",
                      "nationality": "KAZ",
                      "place": "12.",
                      "points": null,
                      "qualified": null,
                      "records": "",
                      "wind": "-0.6",
                      "remark": null,
                      "details": null,
                      "__typename": "CalendarResultsRaceResult"
                    },
                    {
                      "competitor": {
                        "teamMembers": null,
                        "id": "d6nm7db7z3dyksso0m9e1",
                        "name": "Marija MARTINOVI\u0106",
                        "iaafId": 130110,
                        "urlSlug": "slovenia/marija-sestak-014300186",
                        "birthDate": "17 APR 1979",
                        "hasProfile": true,
                        "__typename": "CalendarResultsCompetitor"
                      },
                      "mark": "13.49",
                      "nationality": "YUG",
                      "place": "13.",
                      "points": null,
                      "qualified": null,
                      "records": "",
                      "wind": "-0.1",
                      "remark": null,
                      "details": null,
                      "__typename": "CalendarResultsRaceResult"
                    },
                    {
                      "competitor": {
                        "teamMembers": null,
                        "id": "y2iqb5zkyftiohpttbmh",
                        "name": "Nicole GAMBLE",
                        "iaafId": 137000,
                        "urlSlug": "united-states/nicole-gamble-014310677",
                        "birthDate": "21 JUN 1977",
                        "hasProfile": true,
                        "__typename": "CalendarResultsCompetitor"
                      },
                      "mark": "13.33",
                      "nationality": "USA",
                      "place": "14.",
                      "points": null,
                      "qualified": null,
                      "records": "",
                      "wind": "+0.2",
                      "remark": null,
                      "details": null,
                      "__typename": "CalendarResultsRaceResult"
                    }
                  ],
                  "startList": null,
                  "wind": null,
                  "__typename": "CalendarResultsRace"
                },
                {
                  "date": "2000-09-22",
                  "day": 1,
                  "race": "Qualification - Group",
                  "raceId": 71,
                  "raceNumber": 2,
                  "results": [
                    {
                      "competitor": {
                        "teamMembers": null,
                        "id": "sccj96a0uimazeukxvmdo",
                        "name": "Tatyana LEBEDEVA",
                        "iaafId": 135289,
                        "urlSlug": "russia/tatyana-lebedeva-014298427",
                        "birthDate": "21 JUL 1976",
                        "hasProfile": true,
                        "__typename": "CalendarResultsCompetitor"
                      },
                      "mark": "14.91",
                      "nationality": "RUS",
                      "place": "1.",
                      "points": null,
                      "qualified": false,
                      "records": "",
                      "wind": "+0.3",
                      "remark": null,
                      "details": null,
                      "__typename": "CalendarResultsRaceResult"
                    },
                    {
                      "competitor": {
                        "teamMembers": null,
                        "id": "6qdhdoqzhqsoeinz7kl7sc",
                        "name": "Olena HOVOROVA",
                        "iaafId": 75021,
                        "urlSlug": "ukraine/olena-hovorova-014303611",
                        "birthDate": "18 SEP 1973",
                        "hasProfile": true,
                        "__typename": "CalendarResultsCompetitor"
                      },
                      "mark": "14.76",
                      "nationality": "UKR",
                      "place": "2.",
                      "points": null,
                      "qualified": false,
                      "records": "",
                      "wind": "+0.2",
                      "remark": null,
                      "details": null,
                      "__typename": "CalendarResultsRaceResult"
                    },
                    {
                      "competitor": {
                        "teamMembers": null,
                        "id": "kb8j30sti6ocj0xr8c48v",
                        "name": "Anja VALANT-VELEPEC",
                        "iaafId": 80942,
                        "urlSlug": "slovenia/anja-valant-velepec-014300273",
                        "birthDate": "08 SEP 1977",
                        "hasProfile": true,
                        "__typename": "CalendarResultsCompetitor"
                      },
                      "mark": "14.36",
                      "nationality": "SLO",
                      "place": "3.",
                      "points": null,
                      "qualified": false,
                      "records": "",
                      "wind": "+0.2",
                      "remark": null,
                      "details": null,
                      "__typename": "CalendarResultsRaceResult"
                    },
                    {
                      "competitor": {
                        "teamMembers": null,
                        "id": "1mdrowc0w1pjwib8tjpivlf",
                        "name": "\u0160\u00e1rka KA\u0160P\u00c1RKOV\u00c1",
                        "iaafId": 65755,
                        "urlSlug": "czech-republic/sarka-kasparkova-14263025",
                        "birthDate": "20 MAY 1971",
                        "hasProfile": true,
                        "__typename": "CalendarResultsCompetitor"
                      },
                      "mark": "14.34",
                      "nationality": "CZE",
                      "place": "4.",
                      "points": null,
                      "qualified": false,
                      "records": "",
                      "wind": "+0.4",
                      "remark": null,
                      "details": null,
                      "__typename": "CalendarResultsRaceResult"
                    },
                    {
                      "competitor": {
                        "teamMembers": null,
                        "id": "itw2konjmzhe32o0cwr8j",
                        "name": "Olga VASDEKI",
                        "iaafId": 68128,
                        "urlSlug": "greece/olga-vasdeki-014280987",
                        "birthDate": "26 SEP 1973",
                        "hasProfile": true,
                        "__typename": "CalendarResultsCompetitor"
                      },
                      "mark": "14.26",
                      "nationality": "GRE",
                      "place": "5.",
                      "points": null,
                      "qualified": false,
                      "records": "",
                      "wind": "+0.3",
                      "remark": null,
                      "details": null,
                      "__typename": "CalendarResultsRaceResult"
                    },
                    {
                      "competitor": {
                        "teamMembers": null,
                        "id": "b2dcui5mkfdzc6l5ean0q",
                        "name": "Francoise MBANGO ETONE",
                        "iaafId": 137691,
                        "urlSlug": "france/francoise-mbango-etone-014264112",
                        "birthDate": "14 APR 1976",
                        "hasProfile": true,
                        "__typename": "CalendarResultsCompetitor"
                      },
                      "mark": "14.13",
                      "nationality": "CMR",
                      "place": "6.",
                      "points": null,
                      "qualified": false,
                      "records": "",
                      "wind": "+0.2",
                      "remark": null,
                      "details": null,
                      "__typename": "CalendarResultsRaceResult"
                    },
                    {
                      "competitor": {
                        "teamMembers": null,
                        "id": "z24vyjo35uaqrb5fzusuui",
                        "name": "Baya RAHOULI",
                        "iaafId": 80999,
                        "urlSlug": "algeria/baya-rahouli-014272772",
                        "birthDate": "27 JUL 1979",
                        "hasProfile": true,
                        "__typename": "CalendarResultsCompetitor"
                      },
                      "mark": "13.98",
                      "nationality": "ALG",
                      "place": "7.",
                      "points": null,
                      "qualified": false,
                      "records": "",
                      "wind": "+0.6",
                      "remark": null,
                      "details": null,
                      "__typename": "CalendarResultsRaceResult"
                    },
                    {
                      "competitor": {
                        "teamMembers": null,
                        "id": "w4w16pljkd22531g7xkoh",
                        "name": "Carlota CASTREJANA",
                        "iaafId": 75084,
                        "urlSlug": "spain/carlota-castrejana-014261845",
                        "birthDate": "25 APR 1973",
                        "hasProfile": true,
                        "__typename": "CalendarResultsCompetitor"
                      },
                      "mark": "13.76",
                      "nationality": "ESP",
                      "place": "8.",
                      "points": null,
                      "qualified": null,
                      "records": "",
                      "wind": "+0.6",
                      "remark": null,
                      "details": null,
                      "__typename": "CalendarResultsRaceResult"
                    },
                    {
                      "competitor": {
                        "teamMembers": null,
                        "id": "tjdt0s6tmy0801v9xn7zq9",
                        "name": "Inna LASOVSKAYA",
                        "iaafId": 61049,
                        "urlSlug": "russia/inna-lasovskaya-014298414",
                        "birthDate": "17 DEC 1969",
                        "hasProfile": true,
                        "__typename": "CalendarResultsCompetitor"
                      },
                      "mark": "13.75",
                      "nationality": "RUS",
                      "place": "9.",
                      "points": null,
                      "qualified": null,
                      "records": "",
                      "wind": "+0.1",
                      "remark": null,
                      "details": null,
                      "__typename": "CalendarResultsRaceResult"
                    },
                    {
                      "competitor": {
                        "teamMembers": null,
                        "id": "3s7vvewn34iepd3h5qpkbi",
                        "name": "Keisha SPENCER",
                        "iaafId": 137448,
                        "urlSlug": "jamaica/keisha-spencer-014285930",
                        "birthDate": "16 FEB 1978",
                        "hasProfile": true,
                        "__typename": "CalendarResultsCompetitor"
                      },
                      "mark": "13.49",
                      "nationality": "JAM",
                      "place": "10.",
                      "points": null,
                      "qualified": null,
                      "records": "",
                      "wind": "-0.2",
                      "remark": null,
                      "details": null,
                      "__typename": "CalendarResultsRaceResult"
                    },
                    {
                      "competitor": {
                        "teamMembers": null,
                        "id": "axsx2zvbmilkyc7ryzf5i",
                        "name": "Luciana ALVES DOS SANTOS",
                        "iaafId": 130170,
                        "urlSlug": "brazil/luciana-alves-dos-santos-014269445",
                        "birthDate": "10 FEB 1970",
                        "hasProfile": true,
                        "__typename": "CalendarResultsCompetitor"
                      },
                      "mark": "13.48",
                      "nationality": "BRA",
                      "place": "11.",
                      "points": null,
                      "qualified": null,
                      "records": "",
                      "wind": "+0.1",
                      "remark": null,
                      "details": null,
                      "__typename": "CalendarResultsRaceResult"
                    },
                    {
                      "competitor": {
                        "teamMembers": null,
                        "id": "nuc2xwunmii3py4743nfu3",
                        "name": "Ruiping REN",
                        "iaafId": 68500,
                        "urlSlug": "pr-of-china/ruiping-ren-014265420",
                        "birthDate": "01 FEB 1976",
                        "hasProfile": true,
                        "__typename": "CalendarResultsCompetitor"
                      },
                      "mark": "13.16",
                      "nationality": "CHN",
                      "place": "12.",
                      "points": null,
                      "qualified": null,
                      "records": "",
                      "wind": "0.0",
                      "remark": null,
                      "details": null,
                      "__typename": "CalendarResultsRaceResult"
                    },
                    {
                      "competitor": {
                        "teamMembers": null,
                        "id": "v4ldj1ejqq9hl5u217v0ob",
                        "name": "Anna TARASOVA",
                        "iaafId": 134814,
                        "urlSlug": "kazakhstan/anna-tarasova-014288725",
                        "birthDate": "23 MAR 1980",
                        "hasProfile": true,
                        "__typename": "CalendarResultsCompetitor"
                      },
                      "mark": "13.11",
                      "nationality": "KAZ",
                      "place": "13.",
                      "points": null,
                      "qualified": null,
                      "records": "",
                      "wind": "+0.2",
                      "remark": null,
                      "details": null,
                      "__typename": "CalendarResultsRaceResult"
                    }
                  ],
                  "startList": null,
                  "wind": null,
                  "__typename": "CalendarResultsRace"
                }
              ],
              "__typename": "CalendarResultsEvent"
            }
          ],
          "__typename": "CalendarResultsEventTitle"
        }
      ],
      "options": {
        "days": [
          {
            "date": "22 SEP 2000",
            "day": 1,
            "__typename": "CalendarResultsOptionsDay"
          },
          {
            "date": "23 SEP 2000",
            "day": 2,
            "__typename": "CalendarResultsOptionsDay"
          },
          {
            "date": "24 SEP 2000",
            "day": 3,
            "__typename": "CalendarResultsOptionsDay"
          },
          {
            "date": "25 SEP 2000",
            "day": 4,
            "__typename": "CalendarResultsOptionsDay"
          },
          {
            "date": "27 SEP 2000",
            "day": 6,
            "__typename": "CalendarResultsOptionsDay"
          },
          {
            "date": "28 SEP 2000",
            "day": 7,
            "__typename": "CalendarResultsOptionsDay"
          },
          {
            "date": "29 SEP 2000",
            "day": 8,
            "__typename": "CalendarResultsOptionsDay"
          },
          {
            "date": "30 SEP 2000",
            "day": 9,
            "__typename": "CalendarResultsOptionsDay"
          },
          {
            "date": "01 OCT 2000",
            "day": 10,
            "__typename": "CalendarResultsOptionsDay"
          }
        ],
        "events": [
          {
            "gender": "W",
            "id": 10229509,
            "name": "Women's 100 Metres",
            "combined": null,
            "__typename": "CalendarResultsOptionEvent"
          },
          {
            "gender": "W",
            "id": 10229510,
            "name": "Women's 200 Metres",
            "combined": null,
            "__typename": "CalendarResultsOptionEvent"
          },
          {
            "gender": "W",
            "id": 10229511,
            "name": "Women's 400 Metres",
            "combined": null,
            "__typename": "CalendarResultsOptionEvent"
          },
          {
            "gender": "W",
            "id": 10229512,
            "name": "Women's 800 Metres",
            "combined": null,
            "__typename": "CalendarResultsOptionEvent"
          },
          {
            "gender": "W",
            "id": 10229513,
            "name": "Women's 1500 Metres",
            "combined": null,
            "__typename": "CalendarResultsOptionEvent"
          },
          {
            "gender": "W",
            "id": 10229514,
            "name": "Women's 5000 Metres",
            "combined": null,
            "__typename": "CalendarResultsOptionEvent"
          },
          {
            "gender": "W",
            "id": 10229521,
            "name": "Women's 10,000 Metres",
            "combined": null,
            "__typename": "CalendarResultsOptionEvent"
          },
          {
            "gender": "W",
            "id": 10229522,
            "name": "Women's 100 Metres Hurdles",
            "combined": null,
            "__typename": "CalendarResultsOptionEvent"
          },
          {
            "gender": "W",
            "id": 10229523,
            "name": "Women's 400 Metres Hurdles",
            "combined": null,
            "__typename": "CalendarResultsOptionEvent"
          },
          {
            "gender": "W",
            "id": 10230040,
            "name": "Women's 800m Wheelchair",
            "combined": null,
            "__typename": "CalendarResultsOptionEvent"
          },
          {
            "gender": "W",
            "id": 10229526,
            "name": "Women's High Jump",
            "combined": null,
            "__typename": "CalendarResultsOptionEvent"
          },
          {
            "gender": "W",
            "id": 10229527,
            "name": "Women's Pole Vault",
            "combined": null,
            "__typename": "CalendarResultsOptionEvent"
          },
          {
            "gender": "W",
            "id": 10229528,
            "name": "Women's Long Jump",
            "combined": null,
            "__typename": "CalendarResultsOptionEvent"
          },
          {
            "gender": "W",
            "id": 10229529,
            "name": "Women's Triple Jump",
            "combined": null,
            "__typename": "CalendarResultsOptionEvent"
          },
          {
            "gender": "W",
            "id": 10229530,
            "name": "Women's Shot Put",
            "combined": null,
            "__typename": "CalendarResultsOptionEvent"
          },
          {
            "gender": "W",
            "id": 10229531,
            "name": "Women's Discus Throw",
            "combined": null,
            "__typename": "CalendarResultsOptionEvent"
          },
          {
            "gender": "W",
            "id": 10229532,
            "name": "Women's Hammer Throw",
            "combined": null,
            "__typename": "CalendarResultsOptionEvent"
          },
          {
            "gender": "W",
            "id": 10229533,
            "name": "Women's Javelin Throw",
            "combined": null,
            "__typename": "CalendarResultsOptionEvent"
          },
          {
            "gender": "W",
            "id": 10229534,
            "name": "Women's Marathon",
            "combined": null,
            "__typename": "CalendarResultsOptionEvent"
          },
          {
            "gender": "W",
            "id": 10229535,
            "name": "Women's 20 Kilometres Race Walk",
            "combined": null,
            "__typename": "CalendarResultsOptionEvent"
          },
          {
            "gender": "W",
            "id": 10229536,
            "name": "Women's Heptathlon",
            "combined": true,
            "__typename": "CalendarResultsOptionEvent"
          },
          {
            "gender": "W",
            "id": 204594,
            "name": "Women's 4x100 Metres Relay",
            "combined": null,
            "__typename": "CalendarResultsOptionEvent"
          },
          {
            "gender": "W",
            "id": 204596,
            "name": "Women's 4x400 Metres Relay",
            "combined": null,
            "__typename": "CalendarResultsOptionEvent"
          },
          {
            "gender": "M",
            "id": 10229630,
            "name": "Men's 100 Metres",
            "combined": null,
            "__typename": "CalendarResultsOptionEvent"
          },
          {
            "gender": "M",
            "id": 10229605,
            "name": "Men's 200 Metres",
            "combined": null,
            "__typename": "CalendarResultsOptionEvent"
          },
          {
            "gender": "M",
            "id": 10229631,
            "name": "Men's 400 Metres",
            "combined": null,
            "__typename": "CalendarResultsOptionEvent"
          },
          {
            "gender": "M",
            "id": 10229501,
            "name": "Men's 800 Metres",
            "combined": null,
            "__typename": "CalendarResultsOptionEvent"
          },
          {
            "gender": "M",
            "id": 10229502,
            "name": "Men's 1500 Metres",
            "combined": null,
            "__typename": "CalendarResultsOptionEvent"
          },
          {
            "gender": "M",
            "id": 10229609,
            "name": "Men's 5000 Metres",
            "combined": null,
            "__typename": "CalendarResultsOptionEvent"
          },
          {
            "gender": "M",
            "id": 10229610,
            "name": "Men's 10,000 Metres",
            "combined": null,
            "__typename": "CalendarResultsOptionEvent"
          },
          {
            "gender": "M",
            "id": 10229611,
            "name": "Men's 110 Metres Hurdles",
            "combined": null,
            "__typename": "CalendarResultsOptionEvent"
          },
          {
            "gender": "M",
            "id": 10229612,
            "name": "Men's 400 Metres Hurdles",
            "combined": null,
            "__typename": "CalendarResultsOptionEvent"
          },
          {
            "gender": "M",
            "id": 10229614,
            "name": "Men's 3000 Metres Steeplechase",
            "combined": null,
            "__typename": "CalendarResultsOptionEvent"
          },
          {
            "gender": "M",
            "id": 10230039,
            "name": "Men's 1500m Wheelchair",
            "combined": null,
            "__typename": "CalendarResultsOptionEvent"
          },
          {
            "gender": "M",
            "id": 10229615,
            "name": "Men's High Jump",
            "combined": null,
            "__typename": "CalendarResultsOptionEvent"
          },
          {
            "gender": "M",
            "id": 10229616,
            "name": "Men's Pole Vault",
            "combined": null,
            "__typename": "CalendarResultsOptionEvent"
          },
          {
            "gender": "M",
            "id": 10229617,
            "name": "Men's Long Jump",
            "combined": null,
            "__typename": "CalendarResultsOptionEvent"
          },
          {
            "gender": "M",
            "id": 10229618,
            "name": "Men's Triple Jump",
            "combined": null,
            "__typename": "CalendarResultsOptionEvent"
          },
          {
            "gender": "M",
            "id": 10229619,
            "name": "Men's Shot Put",
            "combined": null,
            "__typename": "CalendarResultsOptionEvent"
          },
          {
            "gender": "M",
            "id": 10229620,
            "name": "Men's Discus Throw",
            "combined": null,
            "__typename": "CalendarResultsOptionEvent"
          },
          {
            "gender": "M",
            "id": 10229621,
            "name": "Men's Hammer Throw",
            "combined": null,
            "__typename": "CalendarResultsOptionEvent"
          },
          {
            "gender": "M",
            "id": 10229636,
            "name": "Men's Javelin Throw",
            "combined": null,
            "__typename": "CalendarResultsOptionEvent"
          },
          {
            "gender": "M",
            "id": 10229634,
            "name": "Men's Marathon",
            "combined": null,
            "__typename": "CalendarResultsOptionEvent"
          },
          {
            "gender": "M",
            "id": 10229508,
            "name": "Men's 20 Kilometres Race Walk",
            "combined": null,
            "__typename": "CalendarResultsOptionEvent"
          },
          {
            "gender": "M",
            "id": 10229628,
            "name": "Men's 50 Kilometres Race Walk",
            "combined": null,
            "__typename": "CalendarResultsOptionEvent"
          },
          {
            "gender": "M",
            "id": 10229629,
            "name": "Men's Decathlon",
            "combined": true,
            "__typename": "CalendarResultsOptionEvent"
          },
          {
            "gender": "M",
            "id": 204593,
            "name": "Men's 4x100 Metres Relay",
            "combined": null,
            "__typename": "CalendarResultsOptionEvent"
          },
          {
            "gender": "M",
            "id": 204595,
            "name": "Men's 4x400 Metres Relay",
            "combined": null,
            "__typename": "CalendarResultsOptionEvent"
          }
        ],
        "__typename": "CalendarResultsOptions"
      },
      "parameters": {
        "competitionId": 6951910,
        "day": null,
        "eventId": 10229529,
        "__typename": "CalendarResultsParameters"
      },
      "__typename": "CalendarCompetitionResults"
    }
  }
}