{
  "data": {
    "getCalendarCompetitionResults": {
      "competition": {
        "dateRange": "22 SEP\u201301 OCT 2000",
        "endDate": "2000-10-01",
        "name": "The XXVII Olympic Games",
        "rankingCategory": "OW",
        "startDate": "2000-09-22",
        "venue": "Olympic Stadium, Sydney (AUS)",
        "__typename": "CalendarResultsCompetition"
      },
      "eventTitles": [
        {
          "rankingCategory": "OW",
          "eventTitle": null,
          "events": [
            {
              "event": "Women's 10,000 Metres",
              "eventId": 10229521,
              "gender": "W",
              "isRelay": false,
              "perResultWind": false,
              "withWind": false,
              "summary": null,
              "races": [
                {
                  "date": "2000-09-30",
                  "day": 9,
                  "race": "Final",
                  "raceId": 10,
                  "raceNumber": 0,
                  "results": [
                    {
                      "competitor": {
                        "teamMembers": null,
                        "id": "mx4yyjqx2ycuqlpv62yr4m",
                        "name": "Derartu TULU",
                        "iaafId": 61939,
                        "urlSlug": "ethiopia/derartu-tulu-014259709",
                        "birthDate": "21 MAR 1972",
                        "hasProfile": true,
                        "__typename": "CalendarResultsCompetitor"
                      },
                      "mark": "30:17.49",
                      "nationality": "ETH",
                      "place": "1.",
                      "points": null,
                      "qualified": null,
                      "records": "",
                      "wind": null,
                      "remark": null,
                      "details": null,
                      "__typename": "CalendarResultsRaceResult"
                    },
                    {
                      "competitor": {
                        "teamMembers": null,
                        "id": "l42zf5heqp1hlx0l55ob",
                        "name": "Gete WAMI",
                        "iaafId": 67845,
                        "urlSlug": "ethiopia/gete-wami-014259703",
                        "birthDate": "11 DEC 1974",
                        "hasProfile": true,
                        "__typename": "CalendarResultsCompetitor"
                      },
                      "mark": "30:22.48",
                      "nationality": "ETH",
                      "place": "2.",
                      "points": null,
                      "qualified": null,
                      "records": "",
                      "wind": null,
                      "remark": null,
                      "details": null,
                      "__typename": "CalendarResultsRaceResult"
                    },
                    {
                      "competitor": {
                        "teamMembers": null,
                        "id": "h09r5h7ie780so67bpcv72d",
                        "name": "Fernanda RIBEIRO",
                        "iaafId": 61588,
                        "urlSlug": "portugal/fernanda-ribeiro-014295050",
                        "birthDate": "23 JUN 1969",
                        "hasProfile": true,
                        "__typename": "CalendarResultsCompetitor"
                      },
                      "mark": "30:22.88",
                      "nationality": "POR",
                      "place": "3.",
                      "points": null,
                      "qualified": null,
                      "records": "",
                      "wind": null,
                      "remark": null,
                      "details": null,
                      "__typename": "CalendarResultsRaceResult"
                    },
                    {
                      "competitor": {
                        "teamMembers": null,
                        "id": "fsj8uq0d00h4r2dbfjjypq",
                        "name": "Paula RADCLIFFE",
                        "iaafId": 62914,
                        "urlSlug": "great-britain-ni/paula-radcliffe-014276130",
                        "birthDate": "17 DEC 1973",
                        "hasProfile": true,
                        "__typename": "CalendarResultsCompetitor"
                      },
                      "mark": "30:26.97",
                      "nationality": "GBR",
                      "place": "4.",
                      "points": null,
                      "qualified": null,
                      "records": "",
                      "wind": null,
                      "remark": null,
                      "details": null,
                      "__typename": "CalendarResultsRaceResult"
                    },
                    {
                      "competitor": {
                        "teamMembers": null,
                        "id": "shyqsxgizltt42ued31v",
                        "name": "Tegla LOROUPE",
                        "iaafId": 61121,
                        "urlSlug": "kenya/tegla-loroupe-014289238",
                        "birthDate": "09 MAY 1973",
                        "hasProfile": true,
                        "__typename": "CalendarResultsCompetitor"
                      },
                      "mark": "30:37.26",
                      "nationality": "KEN",
                      "place": "5.",
                      "points": null,
                      "qualified": null,
                      "records": "",
                      "wind": null,
                      "remark": null,
                      "details": null,
                      "__typename": "CalendarResultsRaceResult"
                    },
                    {
                      "competitor": {
                        "teamMembers": null,
                        "id": "foffj7osarhdlwgvisfg15",
                        "name": "Sonia O'SULLIVAN",
                        "iaafId": 61397,
                        "urlSlug": "ireland/sonia-osullivan-014283351",
                        "birthDate": "28 NOV 1969",
                        "hasProfile": true,
                        "__typename": "CalendarResultsCompetitor"
                      },
                      "mark": "30:53.37",
                      "nationality": "IRL",
                      "place": "6.",
                      "points": null,
                      "qualified": null,
                      "records": "",
                      "wind": null,
                      "remark": null,
                      "details": null,
                      "__typename": "CalendarResultsRaceResult"
                    },
                    {
                      "competitor": {
                        "teamMembers": null,
                        "id": "k6yox8x4srtwfc37qosda",
                        "name": "Ji LI",
                        "iaafId": 173333,
                        "urlSlug": "pr-of-china/ji-li-014266039",
                        "birthDate": "19 SEP 1979",
                        "hasProfile": true,
                        "__typename": "CalendarResultsCompetitor"
                      },
                      "mark": "31:06.94",
                      "nationality": "CHN",
                      "place": "7.",
                      "points": null,
                      "qualified": null,
                      "records": "",
                      "wind": null,
                      "remark": null,
                      "details": null,
                      "__typename": "CalendarResultsRaceResult"
                    },
                    {
                      "competitor": {
                        "teamMembers": null,
                        "id": "779e1t3mkmkqgqtjin0f",
                        "name": "Elana MEYER",
                        "iaafId": 63297,
                        "urlSlug": "south-africa/elana-meyer-014296630",
                        "birthDate": "10 OCT 1966",
                        "hasProfile": true,
                        "__typename": "CalendarResultsCompetitor"
                      },
                      "mark": "31:14.70",
                      "nationality": "RSA",
                      "place": "8.",
                      "points": null,
                      "qualified": null,
                      "records": "",
                      "wind": null,
                      "remark": null,
                      "details": null,
                      "__typename": "CalendarResultsRaceResult"
                    },
                    {
                      "competitor": {
                        "teamMembers": null,
                        "id": "91dre8jc2olpbl1dapgki",
                        "name": "Lidiya GRIGORYEVA",
                        "iaafId": 136427,
                        "urlSlug": "russia/lidiya-grigoryeva-014297855",
                        "birthDate": "21 JAN 1974",
                        "hasProfile": true,
                        "__typename": "CalendarResultsCompetitor"
                      },
                      "mark": "31:21.27",
                      "nationality": "RUS",
                      "place": "9.",
                      "points": null,
                      "qualified": null,
                      "records": "",
                      "wind": null,
                      "remark": null,
                      "details": null,
                      "__typename": "CalendarResultsRaceResult"
                    },
                    {
                      "competitor": {
                        "teamMembers": null,
                        "id": "1n8czbunahh5tgu3p0987w",
                        "name": "Yuko KAWAKAMI",
                        "iaafId": 115267,
                        "urlSlug": "japan/yuko-kawakami-014286746",
                        "birthDate": "01 AUG 1975",
                        "hasProfile": true,
                        "__typename": "CalendarResultsCompetitor"
                      },
                      "mark": "31:27.44",
                      "nationality": "JPN",
                      "place": "10.",
                      "points": null,
                      "qualified": null,
                      "records": "",
                      "wind": null,
                      "remark": null,
                      "details": null,
                      "__typename": "CalendarResultsRaceResult"
                    },
                    {
                      "competitor": {
                        "teamMembers": null,
                        "id": "4qdvgk00jdgy0cnv44mjyg",
                        "name": "Olivera JEVTI\u0106",
                        "iaafId": 76257,
                        "urlSlug": "serbia/olivera-jevtic-014300350",
                        "birthDate": "24 JUL 1977",
                        "hasProfile": true,
                        "__typename": "CalendarResultsCompetitor"
                      },
                      "mark": "31:29.65",
                      "nationality": "YUG",
                      "place": "11.",
                      "points": null,
                      "qualified": null,
                      "records": "",
                      "wind": null,
                      "remark": null,
                      "details": null,
                      "__typename": "CalendarResultsRaceResult"
                    },
                    {
                      "competitor": {
                        "teamMembers": null,
                        "id": "wytzvfq9qcey7dtj3i6nxf",
                        "name": "Berhane ADERE",
                        "iaafId": 68169,
                        "urlSlug": "ethiopia/berhane-adere-014259948",
                        "birthDate": "23 NOV 1973",
                        "hasProfile": true,
                        "__typename": "CalendarResultsCompetitor"
                      },
                      "mark": "31:40.52",
                      "nationality": "ETH",
                      "place": "12.",
                      "points": null,
                      "qualified": null,
                      "records": "",
                      "wind": null,
                      "remark": null,
                      "details": null,
                      "__typename": "CalendarResultsRaceResult"
                    },
                    {
                      "competitor": {
                        "teamMembers": null,
                        "id": "e3lm2ks9fs5mxqhn4lzoo",
                        "name": "Lyudmila BIKTASHEVA",
                        "iaafId": 137580,
                        "urlSlug": "russia/lyudmila-biktasheva-014297391",
                        "birthDate": "25 JUL 1974",
                        "hasProfile": true,
                        "__typename": "CalendarResultsCompetitor"
                      },
                      "mark": "31:47.10",
                      "nationality": "RUS",
                      "place": "13.",
                      "points": null,
                      "qualified": null,
                      "records": "",
                      "wind": null,
                      "remark": null,
                      "details": null,
                      "__typename": "CalendarResultsRaceResult"
                    },
                    {
                      "competitor": {
                        "teamMembers": null,
                        "id": "r7nu06pw2wihnscz1fi7rj",
                        "name": "Alice Jemeli TIMBILILI",
                        "iaafId": 169762,
                        "urlSlug": "kenya/alice-jemeli-timbilili-014289460",
                        "birthDate": "01 FEB 1983",
                        "hasProfile": true,
                        "__typename": "CalendarResultsCompetitor"
                      },
                      "mark": "31:50.22",
                      "nationality": "KEN",
                      "place": "14.",
                      "points": null,
                      "qualified": null,
                      "records": "",
                      "wind": null,
                      "remark": null,
                      "details": null,
                      "__typename": "CalendarResultsRaceResult"
                    },
                    {
                      "competitor": {
                        "teamMembers": null,
                        "id": "8sw1ibweyc34ah7oex8n92",
                        "name": "Chiemi TAKAHASHI",
                        "iaafId": 70915,
                        "urlSlug": "japan/chiemi-takahashi-014288009",
                        "birthDate": "16 FEB 1976",
                        "hasProfile": true,
                        "__typename": "CalendarResultsCompetitor"
                      },
                      "mark": "31:52.59",
                      "nationality": "JPN",
                      "place": "15.",
                      "points": null,
                      "qualified": null,
                      "records": "",
                      "wind": null,
                      "remark": null,
                      "details": null,
                      "__typename": "CalendarResultsRaceResult"
                    },
                    {
                      "competitor": {
                        "teamMembers": null,
                        "id": "sox0tudfd31n629a6kgmi",
                        "name": "Libbie JOHNSON-HICKMAN",
                        "iaafId": 71430,
                        "urlSlug": "united-states/libbie-johnson-hickman-014313837",
                        "birthDate": "17 FEB 1965",
                        "hasProfile": true,
                        "__typename": "CalendarResultsCompetitor"
                      },
                      "mark": "31:56.94",
                      "nationality": "USA",
                      "place": "16.",
                      "points": null,
                      "qualified": null,
                      "records": "",
                      "wind": null,
                      "remark": null,
                      "details": null,
                      "__typename": "CalendarResultsRaceResult"
                    },
                    {
                      "competitor": {
                        "teamMembers": null,
                        "id": "7iy31fnyylr0m0jtqj85s5",
                        "name": "Sally BARSOSIO",
                        "iaafId": 67988,
                        "urlSlug": "kenya/sally-barsosio-014288781",
                        "birthDate": "21 MAR 1978",
                        "hasProfile": true,
                        "__typename": "CalendarResultsCompetitor"
                      },
                      "mark": "31:57.41",
                      "nationality": "KEN",
                      "place": "17.",
                      "points": null,
                      "qualified": null,
                      "records": "",
                      "wind": null,
                      "remark": null,
                      "details": null,
                      "__typename": "CalendarResultsRaceResult"
                    },
                    {
                      "competitor": {
                        "teamMembers": null,
                        "id": "jn148dzz7882dt1y8amz5b",
                        "name": "Asmae LEGHZAOUI",
                        "iaafId": 132957,
                        "urlSlug": "morocco/asmae-leghzaoui-014290714",
                        "birthDate": "30 AUG 1976",
                        "hasProfile": true,
                        "__typename": "CalendarResultsCompetitor"
                      },
                      "mark": "31:59.21",
                      "nationality": "MAR",
                      "place": "18.",
                      "points": null,
                      "qualified": null,
                      "records": "",
                      "wind": null,
                      "remark": null,
                      "details": null,
                      "__typename": "CalendarResultsRaceResult"
                    },
                    {
                      "competitor": {
                        "teamMembers": null,
                        "id": "orsfdz5eibq6hk1wpl2xvn",
                        "name": "Je\u013cena PROKOP\u010cUKA",
                        "iaafId": 173460,
                        "urlSlug": "latvia/jelena-prokopcuka-14289965",
                        "birthDate": "21 SEP 1976",
                        "hasProfile": true,
                        "__typename": "CalendarResultsCompetitor"
                      },
                      "mark": "32:17.72",
                      "nationality": "LAT",
                      "place": "19.",
                      "points": null,
                      "qualified": null,
                      "records": "",
                      "wind": null,
                      "remark": null,
                      "details": null,
                      "__typename": "CalendarResultsRaceResult"
                    },
                    {
                      "competitor": {
                        "teamMembers": null,
                        "id": "w15zbawizcfvzr1nyt2r",
                        "name": "Harumi HIROYAMA-SUZUKI",
                        "iaafId": 67942,
                        "urlSlug": "japan/harumi-hiroyama-suzuki-014286397",
                        "birthDate": "02 SEP 1968",
                        "hasProfile": true,
                        "__typename": "CalendarResultsCompetitor"
                      },
                      "mark": "32:24.17",
                      "nationality": "JPN",
                      "place": "20.",
                      "points": null,
                      "qualified": null,
                      "records": "",
                      "wind": null,
                      "remark": null,
                      "details": null,
                      "__typename": "CalendarResultsRaceResult"
                    }
                  ],
                  "startList": null,
                  "wind": null,
                  "__typename": "CalendarResultsRace"
                },
                {
                  "date": "2000-09-27",
                  "day": 6,
                  "race": "Round 1 - Heat",
                  "raceId": 11,
                  "raceNumber": 1,
                  "results": [
                    {
                      "competitor": {
                        "teamMembers": null,
                        "id": "tk6q03k2m4lkdb367rf3",
                        "name": "Derartu TULU",
                        "iaafId": 61939,
                        "urlSlug": "ethiopia/derartu-tulu-014259709",
                        "birthDate": "21 MAR 1972",
                        "hasProfile": true,
                        "__typename": "CalendarResultsCompetitor"
                      },
                      "mark": "32:06.19",
                      "nationality": "ETH",
                      "place": "1.",
                      "points": null,
                      "qualified": null,
                      "records": "",
                      "wind": null,
                      "remark": null,
                      "details": null,
                      "__typename": "CalendarResultsRaceResult"
                    },
                    {
                      "competitor": {
                        "teamMembers": null,
                        "id": "g195fm2gm7n2ge5u6x97k",
                        "name": "Tegla LOROUPE",
                        "iaafId": 61121,
                        "urlSlug": "kenya/tegla-loroupe-014289238",
                        "birthDate": "09 MAY 1973",
                        "hasProfile": true,
                        "__typename": "CalendarResultsCompetitor"
                      },
                      "mark": "32:06.41",
                      "nationality": "KEN",
                      "place": "2.",
                      "points": null,
                      "qualified": null,
                      "records": "",
                      "wind": null,
                      "remark": null,
                      "details": null,
                      "__typename": "CalendarResultsRaceResult"
                    },
                    {
                      "competitor": {
                        "teamMembers": null,
                        "id": "edcwz4idhwkv109dv4esno",
                        "name": "Fernanda RIBEIRO",
                        "iaafId": 61588,
                        "urlSlug": "portugal/fernanda-ribeiro-014295050",
                        "birthDate": "23 JUN 1969",
                        "hasProfile": true,
                        "__typename": "CalendarResultsCompetitor"
                      },
                      "mark": "32:06.43",
                      "nationality": "POR",
                      "place": "3.",
                      "points": null,
                      "qualified": null,
                      "records": "",
                      "wind": null,
                      "remark": null,
                      "details": null,
                      "__typename": "CalendarResultsRaceResult"
                    },
                    {
                      "competitor": {
                        "teamMembers": null,
                        "id": "w0or6oxlg4cu4b8yah6gy",
                        "name": "Olivera JEVTI\u0106",
                        "iaafId": 76257,
                        "urlSlug": "serbia/olivera-jevtic-014300350",
                        "birthDate": "24 JUL 1977",
                        "hasProfile": true,
                        "__typename": "CalendarResultsCompetitor"
                      },
                      "mark": "32:06.54",
                      "nationality": "YUG",
                      "place": "4.",
                      "points": null,
                      "qualified": null,
                      "records": "",
                      "wind": null,
                      "remark": null,
                      "details": null,
                      "__typename": "CalendarResultsRaceResult"
                    },
                    {
                      "competitor": {
                        "teamMembers": null,
                        "id": "yk64l7lvfzly09bqb6toa",
                        "name": "Harumi HIROYAMA-SUZUKI",
                        "iaafId": 67942,
                        "urlSlug": "japan/harumi-hiroyama-suzuki-014286397",
                        "birthDate": "02 SEP 1968",
                        "hasProfile": true,
                        "__typename": "CalendarResultsCompetitor"
                      },
                      "mark": "32:07.68",
                      "nationality": "JPN",
                      "place": "5.",
                      "points": null,
                      "qualified": null,
                      "records": "",
                      "wind": null,
                      "remark": null,
                      "details": null,
                      "__typename": "CalendarResultsRaceResult"
                    },
                    {
                      "competitor": {
                        "teamMembers": null,
                        "id": "y4n7nzrdqrmorh8y4myf",
                        "name": "Ji LI",
                        "iaafId": 173333,
                        "urlSlug": "pr-of-china/ji-li-014266039",
                        "birthDate": "19 SEP 1979",
                        "hasProfile": true,
                        "__typename": "CalendarResultsCompetitor"
                      },
                      "mark": "32:28.96",
                      "nationality": "CHN",
                      "place": "6.",
                      "points": null,
                      "qualified": null,
                      "records": "",
                      "wind": null,
                      "remark": null,
                      "details": null,
                      "__typename": "CalendarResultsRaceResult"
                    },
                    {
                      "competitor": {
                        "teamMembers": null,
                        "id": "hvrjg06r7cl68bkaaij69g",
                        "name": "Sonia O'SULLIVAN",
                        "iaafId": 61397,
                        "urlSlug": "ireland/sonia-osullivan-014283351",
                        "birthDate": "28 NOV 1969",
                        "hasProfile": true,
                        "__typename": "CalendarResultsCompetitor"
                      },
                      "mark": "32:29.93",
                      "nationality": "IRL",
                      "place": "7.",
                      "points": null,
                      "qualified": null,
                      "records": "",
                      "wind": null,
                      "remark": null,
                      "details": null,
                      "__typename": "CalendarResultsRaceResult"
                    },
                    {
                      "competitor": {
                        "teamMembers": null,
                        "id": "t1jj80kjgcghkz6aw63tt",
                        "name": "Je\u013cena PROKOP\u010cUKA",
                        "iaafId": 173460,
                        "urlSlug": "latvia/jelena-prokopcuka-14289965",
                        "birthDate": "21 SEP 1976",
                        "hasProfile": true,
                        "__typename": "CalendarResultsCompetitor"
                      },
                      "mark": "32:32.87",
                      "nationality": "LAT",
                      "place": "8.",
                      "points": null,
                      "qualified": null,
                      "records": "",
                      "wind": null,
                      "remark": null,
                      "details": null,
                      "__typename": "CalendarResultsRaceResult"
                    },
                    {
                      "competitor": {
                        "teamMembers": null,
                        "id": "eqb8jc6oso4fx7456wavk",
                        "name": "Lyudmila BIKTASHEVA",
                        "iaafId": 137580,
                        "urlSlug": "russia/lyudmila-biktasheva-014297391",
                        "birthDate": "25 JUL 1974",
                        "hasProfile": true,
                        "__typename": "CalendarResultsCompetitor"
                      },
                      "mark": "32:52.00",
                      "nationality": "RUS",
                      "place": "9.",
                      "points": null,
                      "qualified": null,
                      "records": "",
                      "wind": null,
                      "remark": null,
                      "details": null,
                      "__typename": "CalendarResultsRaceResult"
                    },
                    {
                      "competitor": {
                        "teamMembers": null,
                        "id": "5362la4xq9wqcvt1ep0ys",
                        "name": "Asmae LEGHZAOUI",
                        "iaafId": 132957,
                        "urlSlug": "morocco/asmae-leghzaoui-014290714",
                        "birthDate": "30 AUG 1976",
                        "hasProfile": true,
                        "__typename": "CalendarResultsCompetitor"
                      },
                      "mark": "32:56.63",
                      "nationality": "MAR",
                      "place": "10.",
                      "points": null,
                      "qualified": null,
                      "records": "",
                      "wind": null,
                      "remark": null,
                      "details": null,
                      "__typename": "CalendarResultsRaceResult"
                    },
                    {
                      "competitor": {
                        "teamMembers": null,
                        "id": "wnwn51h5bbs6romywryo",
                        "name": "Restituta JOSEPH KEMI",
                        "iaafId": 115231,
                        "urlSlug": "tanzania/restituta-joseph-kemi-014302608",
                        "birthDate": "30 JUL 1971",
                        "hasProfile": true,
                        "__typename": "CalendarResultsCompetitor"
                      },
                      "mark": "33:12.18",
                      "nationality": "TAN",
                      "place": "11.",
                      "points": null,
                      "qualified": null,
                      "records": "",
                      "wind": null,
                      "remark": null,
                      "details": null,
                      "__typename": "CalendarResultsRaceResult"
                    },
                    {
                      "competitor": {
                        "teamMembers": null,
                        "id": "nhy1ujx4p1a3ox1kxh3ke",
                        "name": "Anik\u00f3 K\u00c1LOVICS",
                        "iaafId": 115090,
                        "urlSlug": "hungary/aniko-kalovics-014281775",
                        "birthDate": "13 MAY 1977",
                        "hasProfile": true,
                        "__typename": "CalendarResultsCompetitor"
                      },
                      "mark": "33:20.40",
                      "nationality": "HUN",
                      "place": "12.",
                      "points": null,
                      "qualified": null,
                      "records": "",
                      "wind": null,
                      "remark": null,
                      "details": null,
                      "__typename": "CalendarResultsRaceResult"
                    },
                    {
                      "competitor": {
                        "teamMembers": null,
                        "id": "1ofav8m986sb4zwtn59kog",
                        "name": "Petra WASSILUK",
                        "iaafId": 115549,
                        "urlSlug": "germany/petra-wassiluk-014280199",
                        "birthDate": "27 OCT 1969",
                        "hasProfile": true,
                        "__typename": "CalendarResultsCompetitor"
                      },
                      "mark": "33:23.03",
                      "nationality": "GER",
                      "place": "13.",
                      "points": null,
                      "qualified": null,
                      "records": "",
                      "wind": null,
                      "remark": null,
                      "details": null,
                      "__typename": "CalendarResultsRaceResult"
                    },
                    {
                      "competitor": {
                        "teamMembers": null,
                        "id": "21eajm3rwyg86epubgf7r4",
                        "name": "Teresa RECIO",
                        "iaafId": 70384,
                        "urlSlug": "spain/teresa-recio-014260661",
                        "birthDate": "07 JUL 1963",
                        "hasProfile": true,
                        "__typename": "CalendarResultsCompetitor"
                      },
                      "mark": "33:36.44",
                      "nationality": "ESP",
                      "place": "14.",
                      "points": null,
                      "qualified": null,
                      "records": "",
                      "wind": null,
                      "remark": null,
                      "details": null,
                      "__typename": "CalendarResultsRaceResult"
                    },
                    {
                      "competitor": {
                        "teamMembers": null,
                        "id": "q7xwapaoab83pllenodtkx",
                        "name": "Clair FEARNLEY",
                        "iaafId": 115035,
                        "urlSlug": "australia/clair-fearnley-014272126",
                        "birthDate": "07 MAR 1975",
                        "hasProfile": true,
                        "__typename": "CalendarResultsCompetitor"
                      },
                      "mark": "33:47.23",
                      "nationality": "AUS",
                      "place": "15.",
                      "points": null,
                      "qualified": null,
                      "records": "",
                      "wind": null,
                      "remark": null,
                      "details": null,
                      "__typename": "CalendarResultsRaceResult"
                    },
                    {
                      "competitor": {
                        "teamMembers": null,
                        "id": "439bsteun653ob2f4w49mq",
                        "name": "Jennifer RHINES",
                        "iaafId": 110233,
                        "urlSlug": "united-states/jennifer-rhines-014319792",
                        "birthDate": "01 JUL 1974",
                        "hasProfile": true,
                        "__typename": "CalendarResultsCompetitor"
                      },
                      "mark": "34:08.28",
                      "nationality": "USA",
                      "place": "16.",
                      "points": null,
                      "qualified": null,
                      "records": "",
                      "wind": null,
                      "remark": null,
                      "details": null,
                      "__typename": "CalendarResultsRaceResult"
                    },
                    {
                      "competitor": {
                        "teamMembers": null,
                        "id": "ilikybq3hdgu0om8r0xdo",
                        "name": "Natalie Anne HARVEY",
                        "iaafId": 115036,
                        "urlSlug": "great-britain-ni/natalie-anne-harvey-014275250",
                        "birthDate": "19 JAN 1975",
                        "hasProfile": true,
                        "__typename": "CalendarResultsCompetitor"
                      },
                      "mark": "34:12.90",
                      "nationality": "AUS",
                      "place": "17.",
                      "points": null,
                      "qualified": null,
                      "records": "",
                      "wind": null,
                      "remark": null,
                      "details": null,
                      "__typename": "CalendarResultsRaceResult"
                    },
                    {
                      "competitor": {
                        "teamMembers": null,
                        "id": "iwd906ov3kfob00vwabjui",
                        "name": "Nora Leticia ROCHA",
                        "iaafId": 80553,
                        "urlSlug": "mexico/nora-leticia-rocha-014291221",
                        "birthDate": "18 DEC 1967",
                        "hasProfile": true,
                        "__typename": "CalendarResultsCompetitor"
                      },
                      "mark": "34:37.84",
                      "nationality": "MEX",
                      "place": "18.",
                      "points": null,
                      "qualified": null,
                      "records": "",
                      "wind": null,
                      "remark": null,
                      "details": null,
                      "__typename": "CalendarResultsRaceResult"
                    },
                    {
                      "competitor": {
                        "teamMembers": null,
                        "id": "pvyl6rt0hsgqfj1m3kvn3",
                        "name": "Tina CONNELLY",
                        "iaafId": 115620,
                        "urlSlug": "canada/tina-connelly-014268176",
                        "birthDate": "16 AUG 1970",
                        "hasProfile": true,
                        "__typename": "CalendarResultsCompetitor"
                      },
                      "mark": "34:46.04",
                      "nationality": "CAN",
                      "place": "19.",
                      "points": null,
                      "qualified": null,
                      "records": "",
                      "wind": null,
                      "remark": null,
                      "details": null,
                      "__typename": "CalendarResultsRaceResult"
                    },
                    {
                      "competitor": {
                        "teamMembers": null,
                        "id": "4uw3o4p9hjt16y2371g1a9",
                        "name": "Nasira BAGHDAD",
                        "iaafId": 115390,
                        "urlSlug": "algeria/nasria-azaidj-014272880",
                        "birthDate": "29 OCT 1971",
                        "hasProfile": true,
                        "__typename": "CalendarResultsCompetitor"
                      },
                      "mark": "35:31.53",
                      "nationality": "ALG",
                      "place": "20.",
                      "points": null,
                      "qualified": null,
                      "records": "",
                      "wind": null,
                      "remark": null,
                      "details": null,
                      "__typename": "CalendarResultsRaceResult"
                    },
                    {
                      "competitor": {
                        "teamMembers": null,
                        "id": "v8l617dil7j532tsthwdwj",
                        "name": "Marleen RENDERS",
                        "iaafId": 61585,
                        "urlSlug": "belgium/marleen-renders-014270237",
                        "birthDate": "24 DEC 1968",
                        "hasProfile": true,
                        "__typename": "CalendarResultsCompetitor"
                      },
                      "mark": "DNS",
                      "nationality": "BEL",
                      "place": "",
                      "points": null,
                      "qualified": null,
                      "records": "",
                      "wind": null,
                      "remark": null,
                      "details": null,
                      "__typename": "CalendarResultsRaceResult"
                    },
                    {
                      "competitor": {
                        "teamMembers": null,
                        "id": "lbyd85zvzmakb23ljr63a",
                        "name": "Chrysostomia IAKOVOU",
                        "iaafId": 76253,
                        "urlSlug": "greece/chrysostomia-iakovou-014280644",
                        "birthDate": "09 APR 1971",
                        "hasProfile": true,
                        "__typename": "CalendarResultsCompetitor"
                      },
                      "mark": "DNS",
                      "nationality": "GRE",
                      "place": "",
                      "points": null,
                      "qualified": null,
                      "records": "",
                      "wind": null,
                      "remark": null,
                      "details": null,
                      "__typename": "CalendarResultsRaceResult"
                    }
                  ],
                  "startList": null,
                  "wind": null,
                  "__typename": "CalendarResultsRace"
                },
                {
                  "date": "2000-09-27",
                  "day": 6,
                  "race": "Round 1 - Heat",
                  "raceId": 11,
                  "raceNumber": 2,
                  "results": [
                    {
                      "competitor": {
                        "teamMembers": null,
                        "id": "p75rb41qvojak5wu4k7c2v",
                        "name": "Sally BARSOSIO",
                        "iaafId": 67988,
                        "urlSlug": "kenya/sally-barsosio-014288781",
                        "birthDate": "21 MAR 1978",
                        "hasProfile": true,
                        "__typename": "CalendarResultsCompetitor"
                      },
                      "mark": "32:34.07",
                      "nationality": "KEN",
                      "place": "1.",
                      "points": null,
                      "qualified": null,
                      "records": "",
                      "wind": null,
                      "remark": null,
                      "details": null,
                      "__typename": "CalendarResultsRaceResult"
                    },
                    {
                      "competitor": {
                        "teamMembers": null,
                        "id": "l5khoyrl44e1xhn4ztjuwuj",
                        "name": "Alice Jemeli TIMBILILI",
                        "iaafId": 169762,
                        "urlSlug": "kenya/alice-jemeli-timbilili-014289460",
                        "birthDate": "01 FEB 1983",
                        "hasProfile": true,
                        "__typename": "CalendarResultsCompetitor"
                      },
                      "mark": "32:34.15",
                      "nationality": "KEN",
                      "place": "2.",
                      "points": null,
                      "qualified": null,
                      "records": "",
                      "wind": null,
                      "remark": null,
                      "details": null,
                      "__typename": "CalendarResultsRaceResult"
                    },
                    {
                      "competitor": {
                        "teamMembers": null,
                        "id": "vych6smrt4e9kbln3mjjl",
                        "name": "Berhane ADERE",
                        "iaafId": 68169,
                        "urlSlug": "ethiopia/berhane-adere-014259948",
                        "birthDate": "23 NOV 1973",
                        "hasProfile": true,
                        "__typename": "CalendarResultsCompetitor"
                      },
                      "mark": "32:34.62",
                      "nationality": "ETH",
                      "place": "3.",
                      "points": null,
                      "qualified": null,
                      "records": "",
                      "wind": null,
                      "remark": null,
                      "details": null,
                      "__typename": "CalendarResultsRaceResult"
                    },
                    {
                      "competitor": {
                        "teamMembers": null,
                        "id": "17eq5wdvkojzsikdi88os",
                        "name": "Gete WAMI",
                        "iaafId": 67845,
                        "urlSlug": "ethiopia/gete-wami-014259703",
                        "birthDate": "11 DEC 1974",
                        "hasProfile": true,
                        "__typename": "CalendarResultsCompetitor"
                      },
                      "mark": "32:34.63",
                      "nationality": "ETH",
                      "place": "4.",
                      "points": null,
                      "qualified": null,
                      "records": "",
                      "wind": null,
                      "remark": null,
                      "details": null,
                      "__typename": "CalendarResultsRaceResult"
                    },
                    {
                      "competitor": {
                        "teamMembers": null,
                        "id": "3q6oizxonscr2q30edys5d",
                        "name": "Chiemi TAKAHASHI",
                        "iaafId": 70915,
                        "urlSlug": "japan/chiemi-takahashi-014288009",
                        "birthDate": "16 FEB 1976",
                        "hasProfile": true,
                        "__typename": "CalendarResultsCompetitor"
                      },
                      "mark": "32:34.70",
                      "nationality": "JPN",
                      "place": "5.",
                      "points": null,
                      "qualified": null,
                      "records": "",
                      "wind": null,
                      "remark": null,
                      "details": null,
                      "__typename": "CalendarResultsRaceResult"
                    },
                    {
                      "competitor": {
                        "teamMembers": null,
                        "id": "bejkm15jv5gy6klft4h8ug",
                        "name": "Paula RADCLIFFE",
                        "iaafId": 62914,
                        "urlSlug": "great-britain-ni/paula-radcliffe-014276130",
                        "birthDate": "17 DEC 1973",
                        "hasProfile": true,
                        "__typename": "CalendarResultsCompetitor"
                      },
                      "mark": "32:34.73",
                      "nationality": "GBR",
                      "place": "6.",
                      "points": null,
                      "qualified": null,
                      "records": "",
                      "wind": null,
                      "remark": null,
                      "details": null,
                      "__typename": "CalendarResultsRaceResult"
                    },
                    {
                      "competitor": {
                        "teamMembers": null,
                        "id": "sgs51833a15x37ak6i6l",
                        "name": "Elana MEYER",
                        "iaafId": 63297,
                        "urlSlug": "south-africa/elana-meyer-014296630",
                        "birthDate": "10 OCT 1966",
                        "hasProfile": true,
                        "__typename": "CalendarResultsCompetitor"
                      },
                      "mark": "32:35.32",
                      "nationality": "RSA",
                      "place": "7.",
                      "points": null,
                      "qualified": null,
                      "records": "",
                      "wind": null,
                      "remark": null,
                      "details": null,
                      "__typename": "CalendarResultsRaceResult"
                    },
                    {
                      "competitor": {
                        "teamMembers": null,
                        "id": "koyumpxqcedtxdmiqnpk4",
                        "name": "Yuko KAWAKAMI",
                        "iaafId": 115267,
                        "urlSlug": "japan/yuko-kawakami-014286746",
                        "birthDate": "01 AUG 1975",
                        "hasProfile": true,
                        "__typename": "CalendarResultsCompetitor"
                      },
                      "mark": "32:36.60",
                      "nationality": "JPN",
                      "place": "8.",
                      "points": null,
                      "qualified": null,
                      "records": "",
                      "wind": null,
                      "remark": null,
                      "details": null,
                      "__typename": "CalendarResultsRaceResult"
                    },
                    {
                      "competitor": {
                        "teamMembers": null,
                        "id": "rixk6dklzfpfcmrw726a6",
                        "name": "Lidiya GRIGORYEVA",
                        "iaafId": 136427,
                        "urlSlug": "russia/lidiya-grigoryeva-014297855",
                        "birthDate": "21 JAN 1974",
                        "hasProfile": true,
                        "__typename": "CalendarResultsCompetitor"
                      },
                      "mark": "32:44.43",
                      "nationality": "RUS",
                      "place": "9.",
                      "points": null,
                      "qualified": null,
                      "records": "",
                      "wind": null,
                      "remark": null,
                      "details": null,
                      "__typename": "CalendarResultsRaceResult"
                    },
                    {
                      "competitor": {
                        "teamMembers": null,
                        "id": "yvboevfoh786swqbo2h4t",
                        "name": "Libbie JOHNSON-HICKMAN",
                        "iaafId": 71430,
                        "urlSlug": "united-states/libbie-johnson-hickman-014313837",
                        "birthDate": "17 FEB 1965",
                        "hasProfile": true,
                        "__typename": "CalendarResultsCompetitor"
                      },
                      "mark": "32:59.28",
                      "nationality": "USA",
                      "place": "10.",
                      "points": null,
                      "qualified": null,
                      "records": "",
                      "wind": null,
                      "remark": null,
                      "details": null,
                      "__typename": "CalendarResultsRaceResult"
                    },
                    {
                      "competitor": {
                        "teamMembers": null,
                        "id": "9y6th5rz6s4pi9jt2d0fmt",
                        "name": "Breeda DENNEHY-WILLIS",
                        "iaafId": 70755,
                        "urlSlug": "ireland/breeda-dennehy-willis-014283190",
                        "birthDate": "02 FEB 1970",
                        "hasProfile": true,
                        "__typename": "CalendarResultsCompetitor"
                      },
                      "mark": "33:17.45",
                      "nationality": "IRL",
                      "place": "11.",
                      "points": null,
                      "qualified": null,
                      "records": "",
                      "wind": null,
                      "remark": null,
                      "details": null,
                      "__typename": "CalendarResultsRaceResult"
                    },
                    {
                      "competitor": {
                        "teamMembers": null,
                        "id": "9e4jl558wwp97sw5b8176",
                        "name": "Ana DIAS",
                        "iaafId": 71115,
                        "urlSlug": "portugal/ana-dias-014294853",
                        "birthDate": "15 JAN 1974",
                        "hasProfile": true,
                        "__typename": "CalendarResultsCompetitor"
                      },
                      "mark": "33:21.69",
                      "nationality": "POR",
                      "place": "12.",
                      "points": null,
                      "qualified": null,
                      "records": "",
                      "wind": null,
                      "remark": null,
                      "details": null,
                      "__typename": "CalendarResultsRaceResult"
                    },
                    {
                      "competitor": {
                        "teamMembers": null,
                        "id": "tlz84uwmihh9d48y2ohj",
                        "name": "Silvia SOMMAGGIO",
                        "iaafId": 62890,
                        "urlSlug": "italy/silvia-sommaggio-014285294",
                        "birthDate": "20 NOV 1969",
                        "hasProfile": true,
                        "__typename": "CalendarResultsCompetitor"
                      },
                      "mark": "33:24.13",
                      "nationality": "ITA",
                      "place": "13.",
                      "points": null,
                      "qualified": null,
                      "records": "",
                      "wind": null,
                      "remark": null,
                      "details": null,
                      "__typename": "CalendarResultsRaceResult"
                    },
                    {
                      "competitor": {
                        "teamMembers": null,
                        "id": "ogk3qpcid56oxmkolz3z",
                        "name": "Fatima MAAMA-YVELAIN",
                        "iaafId": 70969,
                        "urlSlug": "france/fatima-maama-yvelain-014272949",
                        "birthDate": "31 DEC 1969",
                        "hasProfile": true,
                        "__typename": "CalendarResultsCompetitor"
                      },
                      "mark": "33:44.48",
                      "nationality": "FRA",
                      "place": "14.",
                      "points": null,
                      "qualified": null,
                      "records": "",
                      "wind": null,
                      "remark": null,
                      "details": null,
                      "__typename": "CalendarResultsRaceResult"
                    },
                    {
                      "competitor": {
                        "teamMembers": null,
                        "id": "sb1hmc48awhxhydsac6qn",
                        "name": "Mar\u00eda ABEL",
                        "iaafId": 115399,
                        "urlSlug": "spain/maria-abel-014262164",
                        "birthDate": "23 OCT 1974",
                        "hasProfile": true,
                        "__typename": "CalendarResultsCompetitor"
                      },
                      "mark": "34:05.44",
                      "nationality": "ESP",
                      "place": "15.",
                      "points": null,
                      "qualified": null,
                      "records": "",
                      "wind": null,
                      "remark": null,
                      "details": null,
                      "__typename": "CalendarResultsRaceResult"
                    },
                    {
                      "competitor": {
                        "teamMembers": null,
                        "id": "8hw2r0xkssd5xtabxg9zt5",
                        "name": "Galina BOGOMOLOVA",
                        "iaafId": 138456,
                        "urlSlug": "russia/galina-bogomolova-014297417",
                        "birthDate": "15 OCT 1977",
                        "hasProfile": true,
                        "__typename": "CalendarResultsCompetitor"
                      },
                      "mark": "34:06.21",
                      "nationality": "RUS",
                      "place": "16.",
                      "points": null,
                      "qualified": null,
                      "records": "",
                      "wind": null,
                      "remark": null,
                      "details": null,
                      "__typename": "CalendarResultsRaceResult"
                    },
                    {
                      "competitor": {
                        "teamMembers": null,
                        "id": "ko5vo2542llb2nhngaahn",
                        "name": "Kylie RISK",
                        "iaafId": 110154,
                        "urlSlug": "australia/kylie-risk-014271399",
                        "birthDate": "28 NOV 1973",
                        "hasProfile": true,
                        "__typename": "CalendarResultsCompetitor"
                      },
                      "mark": "34:30.91",
                      "nationality": "AUS",
                      "place": "17.",
                      "points": null,
                      "qualified": null,
                      "records": "",
                      "wind": null,
                      "remark": null,
                      "details": null,
                      "__typename": "CalendarResultsRaceResult"
                    },
                    {
                      "competitor": {
                        "teamMembers": null,
                        "id": "hrimhvzcv6fmeosjsl3q6",
                        "name": "Deena KASTOR",
                        "iaafId": 71314,
                        "urlSlug": "united-states/deena-kastor-014309297",
                        "birthDate": "14 FEB 1973",
                        "hasProfile": true,
                        "__typename": "CalendarResultsCompetitor"
                      },
                      "mark": "34:40.86",
                      "nationality": "USA",
                      "place": "18.",
                      "points": null,
                      "qualified": null,
                      "records": "",
                      "wind": null,
                      "remark": null,
                      "details": null,
                      "__typename": "CalendarResultsRaceResult"
                    },
                    {
                      "competitor": {
                        "teamMembers": null,
                        "id": "h8d6hobwbqwhnxh1d545l",
                        "name": "Bouchra CHAABI",
                        "iaafId": 132958,
                        "urlSlug": "morocco/bouchra-chaabi-014290620",
                        "birthDate": "22 SEP 1980",
                        "hasProfile": true,
                        "__typename": "CalendarResultsCompetitor"
                      },
                      "mark": "34:49.35",
                      "nationality": "MAR",
                      "place": "19.",
                      "points": null,
                      "qualified": null,
                      "records": "",
                      "wind": null,
                      "remark": null,
                      "details": null,
                      "__typename": "CalendarResultsRaceResult"
                    },
                    {
                      "competitor": {
                        "teamMembers": null,
                        "id": "nqe915j651r7zqzhlria7l",
                        "name": "Maggie Man Yee CHAN",
                        "iaafId": 67238,
                        "urlSlug": "hong-kong-china/maggie-man-yee-chan-roper-014265614",
                        "birthDate": "28 OCT 1975",
                        "hasProfile": true,
                        "__typename": "CalendarResultsCompetitor"
                      },
                      "mark": "35:21.20",
                      "nationality": "HKG",
                      "place": "20.",
                      "points": null,
                      "qualified": null,
                      "records": "",
                      "wind": null,
                      "remark": null,
                      "details": null,
                      "__typename": "CalendarResultsRaceResult"
                    },
                    {
                      "competitor": {
                        "teamMembers": null,
                        "id": "o8y0teshuv9fv7ymtxnfv",
                        "name": "Gunhild HALLE-HAUGEN",
                        "iaafId": 68424,
                        "urlSlug": "norway/gunhild-halle-haugen-014292639",
                        "birthDate": "01 JUN 1972",
                        "hasProfile": true,
                        "__typename": "CalendarResultsCompetitor"
                      },
                      "mark": "DNF",
                      "nationality": "NOR",
                      "place": "",
                      "points": null,
                      "qualified": null,
                      "records": "",
                      "wind": null,
                      "remark": null,
                      "details": null,
                      "__typename": "CalendarResultsRaceResult"
                    },
                    {
                      "competitor": {
                        "teamMembers": null,
                        "id": "jz8z0tyohjsrsbu7rrzyu",
                        "name": "Carol MONTGOMERY",
                        "iaafId": 80029,
                        "urlSlug": "canada/carol-montgomery-014267490",
                        "birthDate": "09 DEC 1966",
                        "hasProfile": true,
                        "__typename": "CalendarResultsCompetitor"
                      },
                      "mark": "DNS",
                      "nationality": "CAN",
                      "place": "",
                      "points": null,
                      "qualified": null,
                      "records": "",
                      "wind": null,
                      "remark": null,
                      "details": null,
                      "__typename": "CalendarResultsRaceResult"
                    }
                  ],
                  "startList": null,
                  "wind": null,
                  "__typename": "CalendarResultsRace"
                }
              ],
              "__typename": "CalendarResultsEvent"
            }
          ],
          "__typename": "CalendarResultsEventTitle"
        }
      ],
      "options": {
        "days": [
          {
            "date": "22 SEP 2000",
            "day": 1,
            "__typename": "CalendarResultsOptionsDay"
          },
          {
            "date": "23 SEP 2000",
            "day": 2,
            "__typename": "CalendarResultsOptionsDay"
          },
          {
            "date": "24 SEP 2000",
            "day": 3,
            "__typename": "CalendarResultsOptionsDay"
          },
          {
            "date": "25 SEP 2000",
            "day": 4,
            "__typename": "CalendarResultsOptionsDay"
          },
          {
            "date": "27 SEP 2000",
            "day": 6,
            "__typename": "CalendarResultsOptionsDay"
          },
          {
            "date": "28 SEP 2000",
            "day": 7,
            "__typename": "CalendarResultsOptionsDay"
          },
          {
            "date": "29 SEP 2000",
            "day": 8,
            "__typename": "CalendarResultsOptionsDay"
          },
          {
            "date": "30 SEP 2000",
            "day": 9,
            "__typename": "CalendarResultsOptionsDay"
          },
          {
            "date": "01 OCT 2000",
            "day": 10,
            "__typename": "CalendarResultsOptionsDay"
          }
        ],
        "events": [
          {
            "gender": "W",
            "id": 10229509,
            "name": "Women's 100 Metres",
            "combined": null,
            "__typename": "CalendarResultsOptionEvent"
          },
          {
            "gender": "W",
            "id": 10229510,
            "name": "Women's 200 Metres",
            "combined": null,
            "__typename": "CalendarResultsOptionEvent"
          },
          {
            "gender": "W",
            "id": 10229511,
            "name": "Women's 400 Metres",
            "combined": null,
            "__typename": "CalendarResultsOptionEvent"
          },
          {
            "gender": "W",
            "id": 10229512,
            "name": "Women's 800 Metres",
            "combined": null,
            "__typename": "CalendarResultsOptionEvent"
          },
          {
            "gender": "W",
            "id": 10229513,
            "name": "Women's 1500 Metres",
            "combined": null,
            "__typename": "CalendarResultsOptionEvent"
          },
          {
            "gender": "W",
            "id": 10229514,
            "name": "Women's 5000 Metres",
            "combined": null,
            "__typename": "CalendarResultsOptionEvent"
          },
          {
            "gender": "W",
            "id": 10229521,
            "name": "Women's 10,000 Metres",
            "combined": null,
            "__typename": "CalendarResultsOptionEvent"
          },
          {
            "gender": "W",
            "id": 10229522,
            "name": "Women's 100 Metres Hurdles",
            "combined": null,
            "__typename": "CalendarResultsOptionEvent"
          },
          {
            "gender": "W",
            "id": 10229523,
            "name": "Women's 400 Metres Hurdles",
            "combined": null,
            "__typename": "CalendarResultsOptionEvent"
          },
          {
            "gender": "W",
            "id": 10230040,
            "name": "Women's 800m Wheelchair",
            "combined": null,
            "__typename": "CalendarResultsOptionEvent"
          },
          {
            "gender": "W",
            "id": 10229526,
            "name": "Women's High Jump",
            "combined": null,
            "__typename": "CalendarResultsOptionEvent"
          },
          {
            "gender": "W",
            "id": 10229527,
            "name": "Women's Pole Vault",
            "combined": null,
            "__typename": "CalendarResultsOptionEvent"
          },
          {
            "gender": "W",
            "id": 10229528,
            "name": "Women's Long Jump",
            "combined": null,
            "__typename": "CalendarResultsOptionEvent"
          },
          {
            "gender": "W",
            "id": 10229529,
            "name": "Women's Triple Jump",
            "combined": null,
            "__typename": "CalendarResultsOptionEvent"
          },
          {
            "gender": "W",
            "id": 10229530,
            "name": "Women's Shot Put",
            "combined": null,
            "__typename": "CalendarResultsOptionEvent"
          },
          {
            "gender": "W",
            "id": 10229531,
            "name": "Women's Discus Throw",
            "combined": null,
            "__typename": "CalendarResultsOptionEvent"
          },
          {
            "gender": "W",
            "id": 10229532,
            "name": "Women's Hammer Throw",
            "combined": null,
            "__typename": "CalendarResultsOptionEvent"
          },
          {
            "gender": "W",
            "id": 10229533,
            "name": "Women's Javelin Throw",
            "combined": null,
            "__typename": "CalendarResultsOptionEvent"
          },
          {
            "gender": "W",
            "id": 10229534,
            "name": "Women's Marathon",
            "combined": null,
            "__typename": "CalendarResultsOptionEvent"
          },
          {
            "gender": "W",
            "id": 10229535,
            "name": "Women's 20 Kilometres Race Walk",
            "combined": null,
            "__typename": "CalendarResultsOptionEvent"
          },
          {
            "gender": "W",
            "id": 10229536,
            "name": "Women's Heptathlon",
            "combined": true,
            "__typename": "CalendarResultsOptionEvent"
          },
          {
            "gender": "W",
            "id": 204594,
            "name": "Women's 4x100 Metres Relay",
            "combined": null,
            "__typename": "CalendarResultsOptionEvent"
          },
          {
            "gender": "W",
            "id": 204596,
            "name": "Women's 4x400 Metres Relay",
            "combined": null,
            "__typename": "CalendarResultsOptionEvent"
          },
          {
            "gender": "M",
            "id": 10229630,
            "name": "Men's 100 Metres",
            "combined": null,
            "__typename": "CalendarResultsOptionEvent"
          },
          {
            "gender": "M",
            "id": 10229605,
            "name": "Men's 200 Metres",
            "combined": null,
            "__typename": "CalendarResultsOptionEvent"
          },
          {
            "gender": "M",
            "id": 10229631,
            "name": "Men's 400 Metres",
            "combined": null,
            "__typename": "CalendarResultsOptionEvent"
          },
          {
            "gender": "M",
            "id": 10229501,
            "name": "Men's 800 Metres",
            "combined": null,
            "__typename": "CalendarResultsOptionEvent"
          },
          {
            "gender": "M",
            "id": 10229502,
            "name": "Men's 1500 Metres",
            "combined": null,
            "__typename": "CalendarResultsOptionEvent"
          },
          {
            "gender": "M",
            "id": 10229609,
            "name": "Men's 5000 Metres",
            "combined": null,
            "__typename": "CalendarResultsOptionEvent"
          },
          {
            "gender": "M",
            "id": 10229610,
            "name": "Men's 10,000 Metres",
            "combined": null,
            "__typename": "CalendarResultsOptionEvent"
          },
          {
            "gender": "M",
            "id": 10229611,
            "name": "Men's 110 Metres Hurdles",
            "combined": null,
            "__typename": "CalendarResultsOptionEvent"
          },
          {
            "gender": "M",
            "id": 10229612,
            "name": "Men's 400 Metres Hurdles",
            "combined": null,
            "__typename": "CalendarResultsOptionEvent"
          },
          {
            "gender": "M",
            "id": 10229614,
            "name": "Men's 3000 Metres Steeplechase",
            "combined": null,
            "__typename": "CalendarResultsOptionEvent"
          },
          {
            "gender": "M",
            "id": 10230039,
            "name": "Men's 1500m Wheelchair",
            "combined": null,
            "__typename": "CalendarResultsOptionEvent"
          },
          {
            "gender": "M",
            "id": 10229615,
            "name": "Men's High Jump",
            "combined": null,
            "__typename": "CalendarResultsOptionEvent"
          },
          {
            "gender": "M",
            "id": 10229616,
            "name": "Men's Pole Vault",
            "combined": null,
            "__typename": "CalendarResultsOptionEvent"
          },
          {
            "gender": "M",
            "id": 10229617,
            "name": "Men's Long Jump",
            "combined": null,
            "__typename": "CalendarResultsOptionEvent"
          },
          {
            "gender": "M",
            "id": 10229618,
            "name": "Men's Triple Jump",
            "combined": null,
            "__typename": "CalendarResultsOptionEvent"
          },
          {
            "gender": "M",
            "id": 10229619,
            "name": "Men's Shot Put",
            "combined": null,
            "__typename": "CalendarResultsOptionEvent"
          },
          {
            "gender": "M",
            "id": 10229620,
            "name": "Men's Discus Throw",
            "combined": null,
            "__typename": "CalendarResultsOptionEvent"
          },
          {
            "gender": "M",
            "id": 10229621,
            "name": "Men's Hammer Throw",
            "combined": null,
            "__typename": "CalendarResultsOptionEvent"
          },
          {
            "gender": "M",
            "id": 10229636,
            "name": "Men's Javelin Throw",
            "combined": null,
            "__typename": "CalendarResultsOptionEvent"
          },
          {
            "gender": "M",
            "id": 10229634,
            "name": "Men's Marathon",
            "combined": null,
            "__typename": "CalendarResultsOptionEvent"
          },
          {
            "gender": "M",
            "id": 10229508,
            "name": "Men's 20 Kilometres Race Walk",
            "combined": null,
            "__typename": "CalendarResultsOptionEvent"
          },
          {
            "gender": "M",
            "id": 10229628,
            "name": "Men's 50 Kilometres Race Walk",
            "combined": null,
            "__typename": "CalendarResultsOptionEvent"
          },
          {
            "gender": "M",
            "id": 10229629,
            "name": "Men's Decathlon",
            "combined": true,
            "__typename": "CalendarResultsOptionEvent"
          },
          {
            "gender": "M",
            "id": 204593,
            "name": "Men's 4x100 Metres Relay",
            "combined": null,
            "__typename": "CalendarResultsOptionEvent"
          },
          {
            "gender": "M",
            "id": 204595,
            "name": "Men's 4x400 Metres Relay",
            "combined": null,
            "__typename": "CalendarResultsOptionEvent"
          }
        ],
        "__typename": "CalendarResultsOptions"
      },
      "parameters": {
        "competitionId": 6951910,
        "day": null,
        "eventId": 10229521,
        "__typename": "CalendarResultsParameters"
      },
      "__typename": "CalendarCompetitionResults"
    }
  }
}