{
  "data": {
    "getCalendarCompetitionResults": {
      "competition": {
        "dateRange": "26 JUL\u201304 AUG 1996",
        "endDate": "1996-08-04",
        "name": "The XXVI Olympic Games",
        "rankingCategory": "OW",
        "startDate": "1996-07-26",
        "venue": "Olympic Stadium, Atlanta, GA (USA)",
        "__typename": "CalendarResultsCompetition"
      },
      "eventTitles": [
        {
          "rankingCategory": "OW",
          "eventTitle": null,
          "events": [
            {
              "event": "Women's Discus Throw",
              "eventId": 10229531,
              "gender": "W",
              "isRelay": false,
              "perResultWind": false,
              "withWind": false,
              "summary": null,
              "races": [
                {
                  "date": "1996-07-29",
                  "day": 4,
                  "race": "Final",
                  "raceId": 10,
                  "raceNumber": 0,
                  "results": [
                    {
                      "competitor": {
                        "teamMembers": null,
                        "id": "n30q7noxoxidnfag96uu59",
                        "name": "Ilke WYLUDDA",
                        "iaafId": 62085,
                        "urlSlug": "germany/ilke-wyludda-014280381",
                        "birthDate": "28 MAR 1969",
                        "hasProfile": true,
                        "__typename": "CalendarResultsCompetitor"
                      },
                      "mark": "69.66",
                      "nationality": "GER",
                      "place": "1.",
                      "points": null,
                      "qualified": null,
                      "records": "",
                      "wind": null,
                      "remark": null,
                      "details": null,
                      "__typename": "CalendarResultsRaceResult"
                    },
                    {
                      "competitor": {
                        "teamMembers": null,
                        "id": "lxzf0evroaod4ab2v5bgpg",
                        "name": "Natalya SADOVA",
                        "iaafId": 68333,
                        "urlSlug": "russia/natalya-sadova-014299134",
                        "birthDate": "15 JUN 1972",
                        "hasProfile": true,
                        "__typename": "CalendarResultsCompetitor"
                      },
                      "mark": "66.48",
                      "nationality": "RUS",
                      "place": "2.",
                      "points": null,
                      "qualified": null,
                      "records": "",
                      "wind": null,
                      "remark": null,
                      "details": null,
                      "__typename": "CalendarResultsRaceResult"
                    },
                    {
                      "competitor": {
                        "teamMembers": null,
                        "id": "fibwnxevbntjuap9983nv7",
                        "name": "Ellina ZVEREVA",
                        "iaafId": 62547,
                        "urlSlug": "belarus/ellina-zvereva-014269508",
                        "birthDate": "16 NOV 1960",
                        "hasProfile": true,
                        "__typename": "CalendarResultsCompetitor"
                      },
                      "mark": "65.64",
                      "nationality": "BLR",
                      "place": "3.",
                      "points": null,
                      "qualified": null,
                      "records": "",
                      "wind": null,
                      "remark": null,
                      "details": null,
                      "__typename": "CalendarResultsRaceResult"
                    },
                    {
                      "competitor": {
                        "teamMembers": null,
                        "id": "al1bwjen6jk8x6qrc725",
                        "name": "Franka DIETZSCH",
                        "iaafId": 60445,
                        "urlSlug": "germany/franka-dietzsch-014277366",
                        "birthDate": "22 JAN 1968",
                        "hasProfile": true,
                        "__typename": "CalendarResultsCompetitor"
                      },
                      "mark": "65.48",
                      "nationality": "GER",
                      "place": "4.",
                      "points": null,
                      "qualified": null,
                      "records": "",
                      "wind": null,
                      "remark": null,
                      "details": null,
                      "__typename": "CalendarResultsRaceResult"
                    },
                    {
                      "competitor": {
                        "teamMembers": null,
                        "id": "z2le7uw6sqh0cpya9mfqvrs",
                        "name": "Yanling XIAO",
                        "iaafId": 63567,
                        "urlSlug": "pr-of-china/yanling-xiao-014264863",
                        "birthDate": "27 MAR 1968",
                        "hasProfile": true,
                        "__typename": "CalendarResultsCompetitor"
                      },
                      "mark": "64.72",
                      "nationality": "CHN",
                      "place": "5.",
                      "points": null,
                      "qualified": null,
                      "records": "",
                      "wind": null,
                      "remark": null,
                      "details": null,
                      "__typename": "CalendarResultsRaceResult"
                    },
                    {
                      "competitor": {
                        "teamMembers": null,
                        "id": "dtyy7uteikqsxiqcshk2mf",
                        "name": "Olga CHERNYAVSKAYA",
                        "iaafId": 60254,
                        "urlSlug": "russia/olga-chernyavskaya-014297526",
                        "birthDate": "17 SEP 1963",
                        "hasProfile": true,
                        "__typename": "CalendarResultsCompetitor"
                      },
                      "mark": "64.70",
                      "nationality": "RUS",
                      "place": "6.",
                      "points": null,
                      "qualified": null,
                      "records": "",
                      "wind": null,
                      "remark": null,
                      "details": null,
                      "__typename": "CalendarResultsRaceResult"
                    },
                    {
                      "competitor": {
                        "teamMembers": null,
                        "id": "vqn2w48n64ddnzh0bxn2bi",
                        "name": "Nicoleta GRASU",
                        "iaafId": 67956,
                        "urlSlug": "romania/nicoleta-grasu-014295647",
                        "birthDate": "11 SEP 1971",
                        "hasProfile": true,
                        "__typename": "CalendarResultsCompetitor"
                      },
                      "mark": "63.28",
                      "nationality": "ROU",
                      "place": "7.",
                      "points": null,
                      "qualified": null,
                      "records": "",
                      "wind": null,
                      "remark": null,
                      "details": null,
                      "__typename": "CalendarResultsRaceResult"
                    },
                    {
                      "competitor": {
                        "teamMembers": null,
                        "id": "dh1x6v7w44kldmr9bpd4x",
                        "name": "Lisa-Marie VIZANIARI",
                        "iaafId": 62004,
                        "urlSlug": "australia/lisa-marie-vizaniari-14271128",
                        "birthDate": "14 DEC 1971",
                        "hasProfile": true,
                        "__typename": "CalendarResultsCompetitor"
                      },
                      "mark": "62.48",
                      "nationality": "AUS",
                      "place": "8.",
                      "points": null,
                      "qualified": null,
                      "records": "",
                      "wind": null,
                      "remark": null,
                      "details": null,
                      "__typename": "CalendarResultsRaceResult"
                    },
                    {
                      "competitor": {
                        "teamMembers": null,
                        "id": "6zgflg2j1nusq4cffqxc",
                        "name": "Mette BERGMANN",
                        "iaafId": 62993,
                        "urlSlug": "norway/mette-bergmann-014292569",
                        "birthDate": "09 NOV 1962",
                        "hasProfile": true,
                        "__typename": "CalendarResultsCompetitor"
                      },
                      "mark": "62.28",
                      "nationality": "NOR",
                      "place": "9.",
                      "points": null,
                      "qualified": null,
                      "records": "",
                      "wind": null,
                      "remark": null,
                      "details": null,
                      "__typename": "CalendarResultsRaceResult"
                    },
                    {
                      "competitor": {
                        "teamMembers": null,
                        "id": "ojxvqgrkwzaf4ddicjne8",
                        "name": "Teresa MACHADO",
                        "iaafId": 63271,
                        "urlSlug": "portugal/teresa-machado-014294962",
                        "birthDate": "22 JUL 1969",
                        "hasProfile": true,
                        "__typename": "CalendarResultsCompetitor"
                      },
                      "mark": "61.38",
                      "nationality": "POR",
                      "place": "10.",
                      "points": null,
                      "qualified": null,
                      "records": "",
                      "wind": null,
                      "remark": null,
                      "details": null,
                      "__typename": "CalendarResultsRaceResult"
                    },
                    {
                      "competitor": {
                        "teamMembers": null,
                        "id": "cpuhlhpzhl9q7azdzx4n2",
                        "name": "Anja M\u00d6LLENBECK-G\u00dcNDLER",
                        "iaafId": 63137,
                        "urlSlug": "germany/anja-mollenbeck-gundler-014278951",
                        "birthDate": "18 MAR 1972",
                        "hasProfile": true,
                        "__typename": "CalendarResultsCompetitor"
                      },
                      "mark": "61.16",
                      "nationality": "GER",
                      "place": "11.",
                      "points": null,
                      "qualified": null,
                      "records": "",
                      "wind": null,
                      "remark": null,
                      "details": null,
                      "__typename": "CalendarResultsRaceResult"
                    },
                    {
                      "competitor": {
                        "teamMembers": null,
                        "id": "rt1threk7n8d6g3fwabr8",
                        "name": "Irina YATCHENKO",
                        "iaafId": 67040,
                        "urlSlug": "belarus/irina-yatchenko-014269536",
                        "birthDate": "31 OCT 1965",
                        "hasProfile": true,
                        "__typename": "CalendarResultsCompetitor"
                      },
                      "mark": "60.46",
                      "nationality": "BLR",
                      "place": "12.",
                      "points": null,
                      "qualified": null,
                      "records": "",
                      "wind": null,
                      "remark": null,
                      "details": null,
                      "__typename": "CalendarResultsRaceResult"
                    }
                  ],
                  "startList": null,
                  "wind": null,
                  "__typename": "CalendarResultsRace"
                },
                {
                  "date": "1996-07-28",
                  "day": 3,
                  "race": "Qualification - Group",
                  "raceId": 71,
                  "raceNumber": 1,
                  "results": [
                    {
                      "competitor": {
                        "teamMembers": null,
                        "id": "c41ib1km3rvgkt9eb8n47",
                        "name": "Ilke WYLUDDA",
                        "iaafId": 62085,
                        "urlSlug": "germany/ilke-wyludda-014280381",
                        "birthDate": "28 MAR 1969",
                        "hasProfile": true,
                        "__typename": "CalendarResultsCompetitor"
                      },
                      "mark": "66.78",
                      "nationality": "GER",
                      "place": "1.",
                      "points": null,
                      "qualified": null,
                      "records": "",
                      "wind": null,
                      "remark": null,
                      "details": null,
                      "__typename": "CalendarResultsRaceResult"
                    },
                    {
                      "competitor": {
                        "teamMembers": null,
                        "id": "0ad066jtetobm8pw0lfsfi",
                        "name": "Olga CHERNYAVSKAYA",
                        "iaafId": 60254,
                        "urlSlug": "russia/olga-chernyavskaya-014297526",
                        "birthDate": "17 SEP 1963",
                        "hasProfile": true,
                        "__typename": "CalendarResultsCompetitor"
                      },
                      "mark": "63.02",
                      "nationality": "RUS",
                      "place": "2.",
                      "points": null,
                      "qualified": null,
                      "records": "",
                      "wind": null,
                      "remark": null,
                      "details": null,
                      "__typename": "CalendarResultsRaceResult"
                    },
                    {
                      "competitor": {
                        "teamMembers": null,
                        "id": "30mrwcpqk2t1exvrh3btefj",
                        "name": "Nicoleta GRASU",
                        "iaafId": 67956,
                        "urlSlug": "romania/nicoleta-grasu-014295647",
                        "birthDate": "11 SEP 1971",
                        "hasProfile": true,
                        "__typename": "CalendarResultsCompetitor"
                      },
                      "mark": "63.00",
                      "nationality": "ROU",
                      "place": "3.",
                      "points": null,
                      "qualified": null,
                      "records": "",
                      "wind": null,
                      "remark": null,
                      "details": null,
                      "__typename": "CalendarResultsRaceResult"
                    },
                    {
                      "competitor": {
                        "teamMembers": null,
                        "id": "jwdr9r653lemhpd2whicg",
                        "name": "Ellina ZVEREVA",
                        "iaafId": 62547,
                        "urlSlug": "belarus/ellina-zvereva-014269508",
                        "birthDate": "16 NOV 1960",
                        "hasProfile": true,
                        "__typename": "CalendarResultsCompetitor"
                      },
                      "mark": "62.74",
                      "nationality": "BLR",
                      "place": "4.",
                      "points": null,
                      "qualified": null,
                      "records": "",
                      "wind": null,
                      "remark": null,
                      "details": null,
                      "__typename": "CalendarResultsRaceResult"
                    },
                    {
                      "competitor": {
                        "teamMembers": null,
                        "id": "fmtoef3nbhtn2uuf6we1ol",
                        "name": "Teresa MACHADO",
                        "iaafId": 63271,
                        "urlSlug": "portugal/teresa-machado-014294962",
                        "birthDate": "22 JUL 1969",
                        "hasProfile": true,
                        "__typename": "CalendarResultsCompetitor"
                      },
                      "mark": "62.02",
                      "nationality": "POR",
                      "place": "5.",
                      "points": null,
                      "qualified": null,
                      "records": "",
                      "wind": null,
                      "remark": null,
                      "details": null,
                      "__typename": "CalendarResultsRaceResult"
                    },
                    {
                      "competitor": {
                        "teamMembers": null,
                        "id": "8m9miovp1jra7gpao43tui",
                        "name": "Daniela COSTIAN",
                        "iaafId": 67007,
                        "urlSlug": "australia/daniela-costian-014272274",
                        "birthDate": "30 APR 1965",
                        "hasProfile": true,
                        "__typename": "CalendarResultsCompetitor"
                      },
                      "mark": "61.66",
                      "nationality": "AUS",
                      "place": "6.",
                      "points": null,
                      "qualified": null,
                      "records": "",
                      "wind": null,
                      "remark": null,
                      "details": null,
                      "__typename": "CalendarResultsRaceResult"
                    },
                    {
                      "competitor": {
                        "teamMembers": null,
                        "id": "izffdke05xqily7jk5r6b",
                        "name": "Maritza MARTEN",
                        "iaafId": 61174,
                        "urlSlug": "cuba/maritza-marten-014263498",
                        "birthDate": "16 AUG 1963",
                        "hasProfile": true,
                        "__typename": "CalendarResultsCompetitor"
                      },
                      "mark": "60.08",
                      "nationality": "CUB",
                      "place": "7.",
                      "points": null,
                      "qualified": null,
                      "records": "",
                      "wind": null,
                      "remark": null,
                      "details": null,
                      "__typename": "CalendarResultsRaceResult"
                    },
                    {
                      "competitor": {
                        "teamMembers": null,
                        "id": "4tzecbbk0e65x0hoe3m2wv",
                        "name": "Atanaska ANGELOVA",
                        "iaafId": 68357,
                        "urlSlug": "bulgaria/atanaska-angelova-014268759",
                        "birthDate": "21 SEP 1972",
                        "hasProfile": true,
                        "__typename": "CalendarResultsCompetitor"
                      },
                      "mark": "59.82",
                      "nationality": "BUL",
                      "place": "8.",
                      "points": null,
                      "qualified": null,
                      "records": "",
                      "wind": null,
                      "remark": null,
                      "details": null,
                      "__typename": "CalendarResultsRaceResult"
                    },
                    {
                      "competitor": {
                        "teamMembers": null,
                        "id": "22dpxhvjeo1igylbsiwgbyu",
                        "name": "Anastasia KELESIDOU",
                        "iaafId": 68412,
                        "urlSlug": "greece/anastasia-kelesidou-014280691",
                        "birthDate": "28 NOV 1972",
                        "hasProfile": true,
                        "__typename": "CalendarResultsCompetitor"
                      },
                      "mark": "59.60",
                      "nationality": "GRE",
                      "place": "9.",
                      "points": null,
                      "qualified": null,
                      "records": "",
                      "wind": null,
                      "remark": null,
                      "details": null,
                      "__typename": "CalendarResultsRaceResult"
                    },
                    {
                      "competitor": {
                        "teamMembers": null,
                        "id": "9sv78hbw9ism1yv3c7hxxh",
                        "name": "Zde\u0148ka \u0160ILHAV\u00c1",
                        "iaafId": 61731,
                        "urlSlug": "czech-republic/zdenka-silhava-14262685",
                        "birthDate": "15 JUN 1954",
                        "hasProfile": true,
                        "__typename": "CalendarResultsCompetitor"
                      },
                      "mark": "59.24",
                      "nationality": "CZE",
                      "place": "10.",
                      "points": null,
                      "qualified": null,
                      "records": "",
                      "wind": null,
                      "remark": null,
                      "details": null,
                      "__typename": "CalendarResultsRaceResult"
                    },
                    {
                      "competitor": {
                        "teamMembers": null,
                        "id": "dw6yhrd8y3u423zjumt9rt",
                        "name": "Katerina VOGGOLI",
                        "iaafId": 67564,
                        "urlSlug": "greece/katerina-voggoli-014280997",
                        "birthDate": "30 OCT 1970",
                        "hasProfile": true,
                        "__typename": "CalendarResultsCompetitor"
                      },
                      "mark": "58.70",
                      "nationality": "GRE",
                      "place": "11.",
                      "points": null,
                      "qualified": null,
                      "records": "",
                      "wind": null,
                      "remark": null,
                      "details": null,
                      "__typename": "CalendarResultsRaceResult"
                    },
                    {
                      "competitor": {
                        "teamMembers": null,
                        "id": "4kxrkgj84izapbdmrheeq",
                        "name": "Renata KATEWICZ",
                        "iaafId": 60902,
                        "urlSlug": "poland/renata-katewicz-014293841",
                        "birthDate": "02 MAY 1965",
                        "hasProfile": true,
                        "__typename": "CalendarResultsCompetitor"
                      },
                      "mark": "58.24",
                      "nationality": "POL",
                      "place": "12.",
                      "points": null,
                      "qualified": null,
                      "records": "",
                      "wind": null,
                      "remark": null,
                      "details": null,
                      "__typename": "CalendarResultsRaceResult"
                    },
                    {
                      "competitor": {
                        "teamMembers": null,
                        "id": "0tcc9jcko1amid1fyhuhv5k",
                        "name": "Monia KARI",
                        "iaafId": 67574,
                        "urlSlug": "tunisia/monia-kari-014303149",
                        "birthDate": "14 APR 1971",
                        "hasProfile": true,
                        "__typename": "CalendarResultsCompetitor"
                      },
                      "mark": "58.02",
                      "nationality": "TUN",
                      "place": "13.",
                      "points": null,
                      "qualified": null,
                      "records": "",
                      "wind": null,
                      "remark": null,
                      "details": null,
                      "__typename": "CalendarResultsRaceResult"
                    },
                    {
                      "competitor": {
                        "teamMembers": null,
                        "id": "44tk98mefrrinarh7r6dq",
                        "name": "Lacy BARNES-MILEHAM",
                        "iaafId": 60119,
                        "urlSlug": "united-states/lacy-barnes-mileham-014305360",
                        "birthDate": "23 DEC 1964",
                        "hasProfile": true,
                        "__typename": "CalendarResultsCompetitor"
                      },
                      "mark": "57.48",
                      "nationality": "USA",
                      "place": "14.",
                      "points": null,
                      "qualified": null,
                      "records": "",
                      "wind": null,
                      "remark": null,
                      "details": null,
                      "__typename": "CalendarResultsRaceResult"
                    },
                    {
                      "competitor": {
                        "teamMembers": null,
                        "id": "wdp58fqpxzogzl1shar6w",
                        "name": "Agnese MAFFEIS",
                        "iaafId": 63274,
                        "urlSlug": "italy/agnese-maffeis-014284650",
                        "birthDate": "09 MAR 1965",
                        "hasProfile": true,
                        "__typename": "CalendarResultsCompetitor"
                      },
                      "mark": "56.54",
                      "nationality": "ITA",
                      "place": "15.",
                      "points": null,
                      "qualified": null,
                      "records": "",
                      "wind": null,
                      "remark": null,
                      "details": null,
                      "__typename": "CalendarResultsRaceResult"
                    },
                    {
                      "competitor": {
                        "teamMembers": null,
                        "id": "mgh5rvh936ncwxvrjlbbnm",
                        "name": "Aretha D. THURMOND",
                        "iaafId": 136028,
                        "urlSlug": "united-states/aretha-d-thurmond-014322809",
                        "birthDate": "14 AUG 1976",
                        "hasProfile": true,
                        "__typename": "CalendarResultsCompetitor"
                      },
                      "mark": "56.04",
                      "nationality": "USA",
                      "place": "16.",
                      "points": null,
                      "qualified": null,
                      "records": "",
                      "wind": null,
                      "remark": null,
                      "details": null,
                      "__typename": "CalendarResultsRaceResult"
                    },
                    {
                      "competitor": {
                        "teamMembers": null,
                        "id": "qi1kuhhepf1o2i6ugmybp",
                        "name": "Liliana MARTINELLI",
                        "iaafId": 64377,
                        "urlSlug": "argentina/liliana-martinelli-014272629",
                        "birthDate": "20 MAY 1970",
                        "hasProfile": true,
                        "__typename": "CalendarResultsCompetitor"
                      },
                      "mark": "55.68",
                      "nationality": "ARG",
                      "place": "17.",
                      "points": null,
                      "qualified": null,
                      "records": "",
                      "wind": null,
                      "remark": null,
                      "details": null,
                      "__typename": "CalendarResultsRaceResult"
                    },
                    {
                      "competitor": {
                        "teamMembers": null,
                        "id": "2ptubtfe47s8csqpot5txe",
                        "name": "Corrie DE BRUIN",
                        "iaafId": 67908,
                        "urlSlug": "netherlands/corrie-de-bruin-014291563",
                        "birthDate": "26 OCT 1976",
                        "hasProfile": true,
                        "__typename": "CalendarResultsCompetitor"
                      },
                      "mark": "55.48",
                      "nationality": "NED",
                      "place": "18.",
                      "points": null,
                      "qualified": null,
                      "records": "",
                      "wind": null,
                      "remark": null,
                      "details": null,
                      "__typename": "CalendarResultsRaceResult"
                    },
                    {
                      "competitor": {
                        "teamMembers": null,
                        "id": "bzc7sr2hvxtd85w9ctbeb",
                        "name": "Lyudmila FILIMONOVA",
                        "iaafId": 63100,
                        "urlSlug": "belarus/lyudmila-filimonova-014269921",
                        "birthDate": "22 MAR 1971",
                        "hasProfile": true,
                        "__typename": "CalendarResultsCompetitor"
                      },
                      "mark": "53.30",
                      "nationality": "BLR",
                      "place": "19.",
                      "points": null,
                      "qualified": null,
                      "records": "",
                      "wind": null,
                      "remark": null,
                      "details": null,
                      "__typename": "CalendarResultsRaceResult"
                    },
                    {
                      "competitor": {
                        "teamMembers": null,
                        "id": "c14rzvar1hegdljqdvh30g",
                        "name": "Oumou TRAOR\u00c9",
                        "iaafId": 67545,
                        "urlSlug": "mali/oumou-traore-014291330",
                        "birthDate": "10 OCT 1969",
                        "hasProfile": true,
                        "__typename": "CalendarResultsCompetitor"
                      },
                      "mark": "39.70",
                      "nationality": "MLI",
                      "place": "20.",
                      "points": null,
                      "qualified": null,
                      "records": "",
                      "wind": null,
                      "remark": null,
                      "details": null,
                      "__typename": "CalendarResultsRaceResult"
                    }
                  ],
                  "startList": null,
                  "wind": null,
                  "__typename": "CalendarResultsRace"
                },
                {
                  "date": "1996-07-28",
                  "day": 3,
                  "race": "Qualification - Group",
                  "raceId": 71,
                  "raceNumber": 2,
                  "results": [
                    {
                      "competitor": {
                        "teamMembers": null,
                        "id": "0ptmkp6o52qgw5p9rgnkbs",
                        "name": "Yanling XIAO",
                        "iaafId": 63567,
                        "urlSlug": "pr-of-china/yanling-xiao-014264863",
                        "birthDate": "27 MAR 1968",
                        "hasProfile": true,
                        "__typename": "CalendarResultsCompetitor"
                      },
                      "mark": "65.10",
                      "nationality": "CHN",
                      "place": "1.",
                      "points": null,
                      "qualified": null,
                      "records": "",
                      "wind": null,
                      "remark": null,
                      "details": null,
                      "__typename": "CalendarResultsRaceResult"
                    },
                    {
                      "competitor": {
                        "teamMembers": null,
                        "id": "692echqulyhqobxfo77vx",
                        "name": "Franka DIETZSCH",
                        "iaafId": 60445,
                        "urlSlug": "germany/franka-dietzsch-014277366",
                        "birthDate": "22 JAN 1968",
                        "hasProfile": true,
                        "__typename": "CalendarResultsCompetitor"
                      },
                      "mark": "63.94",
                      "nationality": "GER",
                      "place": "2.",
                      "points": null,
                      "qualified": null,
                      "records": "",
                      "wind": null,
                      "remark": null,
                      "details": null,
                      "__typename": "CalendarResultsRaceResult"
                    },
                    {
                      "competitor": {
                        "teamMembers": null,
                        "id": "v0xybt2ru7xmw3i7c7gzn",
                        "name": "Anja M\u00d6LLENBECK-G\u00dcNDLER",
                        "iaafId": 63137,
                        "urlSlug": "germany/anja-mollenbeck-gundler-014278951",
                        "birthDate": "18 MAR 1972",
                        "hasProfile": true,
                        "__typename": "CalendarResultsCompetitor"
                      },
                      "mark": "63.80",
                      "nationality": "GER",
                      "place": "3.",
                      "points": null,
                      "qualified": null,
                      "records": "",
                      "wind": null,
                      "remark": null,
                      "details": null,
                      "__typename": "CalendarResultsRaceResult"
                    },
                    {
                      "competitor": {
                        "teamMembers": null,
                        "id": "8wn9b2gce36tm3bjfb57pc",
                        "name": "Lisa-Marie VIZANIARI",
                        "iaafId": 62004,
                        "urlSlug": "australia/lisa-marie-vizaniari-14271128",
                        "birthDate": "14 DEC 1971",
                        "hasProfile": true,
                        "__typename": "CalendarResultsCompetitor"
                      },
                      "mark": "63.00",
                      "nationality": "AUS",
                      "place": "4.",
                      "points": null,
                      "qualified": null,
                      "records": "",
                      "wind": null,
                      "remark": null,
                      "details": null,
                      "__typename": "CalendarResultsRaceResult"
                    },
                    {
                      "competitor": {
                        "teamMembers": null,
                        "id": "z0mux7424bkv5v59e7tzn",
                        "name": "Natalya SADOVA",
                        "iaafId": 68333,
                        "urlSlug": "russia/natalya-sadova-014299134",
                        "birthDate": "15 JUN 1972",
                        "hasProfile": true,
                        "__typename": "CalendarResultsCompetitor"
                      },
                      "mark": "62.28",
                      "nationality": "RUS",
                      "place": "5.",
                      "points": null,
                      "qualified": null,
                      "records": "",
                      "wind": null,
                      "remark": null,
                      "details": null,
                      "__typename": "CalendarResultsRaceResult"
                    },
                    {
                      "competitor": {
                        "teamMembers": null,
                        "id": "9kn8errhjcmmdn136lwwl",
                        "name": "Mette BERGMANN",
                        "iaafId": 62993,
                        "urlSlug": "norway/mette-bergmann-014292569",
                        "birthDate": "09 NOV 1962",
                        "hasProfile": true,
                        "__typename": "CalendarResultsCompetitor"
                      },
                      "mark": "62.24",
                      "nationality": "NOR",
                      "place": "6.",
                      "points": null,
                      "qualified": null,
                      "records": "",
                      "wind": null,
                      "remark": null,
                      "details": null,
                      "__typename": "CalendarResultsRaceResult"
                    },
                    {
                      "competitor": {
                        "teamMembers": null,
                        "id": "8ss6mof5mfm14iu5zwtkhv",
                        "name": "Irina YATCHENKO",
                        "iaafId": 67040,
                        "urlSlug": "belarus/irina-yatchenko-014269536",
                        "birthDate": "31 OCT 1965",
                        "hasProfile": true,
                        "__typename": "CalendarResultsCompetitor"
                      },
                      "mark": "62.04",
                      "nationality": "BLR",
                      "place": "7.",
                      "points": null,
                      "qualified": null,
                      "records": "",
                      "wind": null,
                      "remark": null,
                      "details": null,
                      "__typename": "CalendarResultsRaceResult"
                    },
                    {
                      "competitor": {
                        "teamMembers": null,
                        "id": "clh355ys3n4qd1j0a2kqu9",
                        "name": "Barbara ECHAVARR\u00cdA",
                        "iaafId": 68193,
                        "urlSlug": "cuba/barbara-echavarria-014263588",
                        "birthDate": "06 AUG 1966",
                        "hasProfile": true,
                        "__typename": "CalendarResultsCompetitor"
                      },
                      "mark": "61.98",
                      "nationality": "CUB",
                      "place": "8.",
                      "points": null,
                      "qualified": null,
                      "records": "",
                      "wind": null,
                      "remark": null,
                      "details": null,
                      "__typename": "CalendarResultsRaceResult"
                    },
                    {
                      "competitor": {
                        "teamMembers": null,
                        "id": "7xb1irfus6eejb4zf9shf",
                        "name": "Alice MATEJKOV\u00c1",
                        "iaafId": 67074,
                        "urlSlug": "spain/alice-matejkova-14261023",
                        "birthDate": "11 JAN 1969",
                        "hasProfile": true,
                        "__typename": "CalendarResultsCompetitor"
                      },
                      "mark": "60.72",
                      "nationality": "CZE",
                      "place": "9.",
                      "points": null,
                      "qualified": null,
                      "records": "",
                      "wind": null,
                      "remark": null,
                      "details": null,
                      "__typename": "CalendarResultsRaceResult"
                    },
                    {
                      "competitor": {
                        "teamMembers": null,
                        "id": "i4pg95qu03ln5p8w9yrozc",
                        "name": "Jacqueline MCKERNAN",
                        "iaafId": 61220,
                        "urlSlug": "great-britain-ni/jacqueline-mckernan-014275761",
                        "birthDate": "01 JUL 1965",
                        "hasProfile": true,
                        "__typename": "CalendarResultsCompetitor"
                      },
                      "mark": "58.88",
                      "nationality": "GBR",
                      "place": "10.",
                      "points": null,
                      "qualified": null,
                      "records": "",
                      "wind": null,
                      "remark": null,
                      "details": null,
                      "__typename": "CalendarResultsRaceResult"
                    },
                    {
                      "competitor": {
                        "teamMembers": null,
                        "id": "tahlrmaiy8eokceubs5et",
                        "name": "Jacqueline GOORMACHTIGH",
                        "iaafId": 63125,
                        "urlSlug": "netherlands/jacqueline-goormachtigh-014291670",
                        "birthDate": "28 FEB 1970",
                        "hasProfile": true,
                        "__typename": "CalendarResultsCompetitor"
                      },
                      "mark": "58.74",
                      "nationality": "NED",
                      "place": "11.",
                      "points": null,
                      "qualified": null,
                      "records": "",
                      "wind": null,
                      "remark": null,
                      "details": null,
                      "__typename": "CalendarResultsRaceResult"
                    },
                    {
                      "competitor": {
                        "teamMembers": null,
                        "id": "4oq0wgt79g2oxumv2py5r",
                        "name": "Beatrice FAUMUINA",
                        "iaafId": 63975,
                        "urlSlug": "new-zealand/beatrice-faumuina-014292969",
                        "birthDate": "23 OCT 1974",
                        "hasProfile": true,
                        "__typename": "CalendarResultsCompetitor"
                      },
                      "mark": "58.40",
                      "nationality": "NZL",
                      "place": "12.",
                      "points": null,
                      "qualified": null,
                      "records": "",
                      "wind": null,
                      "remark": null,
                      "details": null,
                      "__typename": "CalendarResultsRaceResult"
                    },
                    {
                      "competitor": {
                        "teamMembers": null,
                        "id": "6evktsvm9bolgmns02i23",
                        "name": "Valentina IVANOVA",
                        "iaafId": 60839,
                        "urlSlug": "russia/valentina-ivanova-014297964",
                        "birthDate": "01 MAY 1963",
                        "hasProfile": true,
                        "__typename": "CalendarResultsCompetitor"
                      },
                      "mark": "58.38",
                      "nationality": "RUS",
                      "place": "13.",
                      "points": null,
                      "qualified": null,
                      "records": "",
                      "wind": null,
                      "remark": null,
                      "details": null,
                      "__typename": "CalendarResultsRaceResult"
                    },
                    {
                      "competitor": {
                        "teamMembers": null,
                        "id": "v7r6i8m0vd17m90o81pj9",
                        "name": "Eha R\u00dcNNE",
                        "iaafId": 67837,
                        "urlSlug": "estonia/eha-runne-014260026",
                        "birthDate": "25 MAY 1963",
                        "hasProfile": true,
                        "__typename": "CalendarResultsCompetitor"
                      },
                      "mark": "58.24",
                      "nationality": "EST",
                      "place": "14.",
                      "points": null,
                      "qualified": null,
                      "records": "",
                      "wind": null,
                      "remark": null,
                      "details": null,
                      "__typename": "CalendarResultsRaceResult"
                    },
                    {
                      "competitor": {
                        "teamMembers": null,
                        "id": "rwmviooqpnho9wca1j3amf",
                        "name": "Cristina BOIT-PARJOL",
                        "iaafId": 60182,
                        "urlSlug": "romania/cristina-boit-parjol-014295446",
                        "birthDate": "14 MAY 1968",
                        "hasProfile": true,
                        "__typename": "CalendarResultsCompetitor"
                      },
                      "mark": "58.10",
                      "nationality": "ROU",
                      "place": "15.",
                      "points": null,
                      "qualified": null,
                      "records": "",
                      "wind": null,
                      "remark": null,
                      "details": null,
                      "__typename": "CalendarResultsRaceResult"
                    },
                    {
                      "competitor": {
                        "teamMembers": null,
                        "id": "vn8pddaypk1gtwa2wiv13",
                        "name": "Olena ANTONOVA",
                        "iaafId": 62966,
                        "urlSlug": "ukraine/olena-antonova-014303418",
                        "birthDate": "16 JUN 1972",
                        "hasProfile": true,
                        "__typename": "CalendarResultsCompetitor"
                      },
                      "mark": "57.92",
                      "nationality": "UKR",
                      "place": "16.",
                      "points": null,
                      "qualified": null,
                      "records": "",
                      "wind": null,
                      "remark": null,
                      "details": null,
                      "__typename": "CalendarResultsRaceResult"
                    },
                    {
                      "competitor": {
                        "teamMembers": null,
                        "id": "6l4kkibllv9vcs2rjn79e",
                        "name": "Stella TSIKOUNA",
                        "iaafId": 80010,
                        "urlSlug": "greece/stella-tsikouna-014280961",
                        "birthDate": "19 OCT 1972",
                        "hasProfile": true,
                        "__typename": "CalendarResultsCompetitor"
                      },
                      "mark": "56.66",
                      "nationality": "GRE",
                      "place": "17.",
                      "points": null,
                      "qualified": null,
                      "records": "",
                      "wind": null,
                      "remark": null,
                      "details": null,
                      "__typename": "CalendarResultsRaceResult"
                    },
                    {
                      "competitor": {
                        "teamMembers": null,
                        "id": "v9smn5el9khzsverjxa2",
                        "name": "Suzy POWELL-ROOS",
                        "iaafId": 71355,
                        "urlSlug": "united-states/suzy-powell-roos-014319238",
                        "birthDate": "03 SEP 1976",
                        "hasProfile": true,
                        "__typename": "CalendarResultsCompetitor"
                      },
                      "mark": "56.24",
                      "nationality": "USA",
                      "place": "18.",
                      "points": null,
                      "qualified": null,
                      "records": "",
                      "wind": null,
                      "remark": null,
                      "details": null,
                      "__typename": "CalendarResultsRaceResult"
                    },
                    {
                      "competitor": {
                        "teamMembers": null,
                        "id": "8ti6twplt3e7h6uknwrcac",
                        "name": "Isabelle DEVALUEZ",
                        "iaafId": 65405,
                        "urlSlug": "france/isabelle-devaluez-014257783",
                        "birthDate": "17 MAR 1966",
                        "hasProfile": true,
                        "__typename": "CalendarResultsCompetitor"
                      },
                      "mark": "55.08",
                      "nationality": "FRA",
                      "place": "19.",
                      "points": null,
                      "qualified": null,
                      "records": "",
                      "wind": null,
                      "remark": null,
                      "details": null,
                      "__typename": "CalendarResultsRaceResult"
                    }
                  ],
                  "startList": null,
                  "wind": null,
                  "__typename": "CalendarResultsRace"
                }
              ],
              "__typename": "CalendarResultsEvent"
            }
          ],
          "__typename": "CalendarResultsEventTitle"
        }
      ],
      "options": {
        "days": [
          {
            "date": "26 JUL 1996",
            "day": 1,
            "__typename": "CalendarResultsOptionsDay"
          },
          {
            "date": "27 JUL 1996",
            "day": 2,
            "__typename": "CalendarResultsOptionsDay"
          },
          {
            "date": "28 JUL 1996",
            "day": 3,
            "__typename": "CalendarResultsOptionsDay"
          },
          {
            "date": "29 JUL 1996",
            "day": 4,
            "__typename": "CalendarResultsOptionsDay"
          },
          {
            "date": "31 JUL 1996",
            "day": 6,
            "__typename": "CalendarResultsOptionsDay"
          },
          {
            "date": "01 AUG 1996",
            "day": 7,
            "__typename": "CalendarResultsOptionsDay"
          },
          {
            "date": "02 AUG 1996",
            "day": 8,
            "__typename": "CalendarResultsOptionsDay"
          },
          {
            "date": "03 AUG 1996",
            "day": 9,
            "__typename": "CalendarResultsOptionsDay"
          },
          {
            "date": "04 AUG 1996",
            "day": 10,
            "__typename": "CalendarResultsOptionsDay"
          }
        ],
        "events": [
          {
            "gender": "W",
            "id": 10229509,
            "name": "Women's 100 Metres",
            "combined": null,
            "__typename": "CalendarResultsOptionEvent"
          },
          {
            "gender": "W",
            "id": 10229510,
            "name": "Women's 200 Metres",
            "combined": null,
            "__typename": "CalendarResultsOptionEvent"
          },
          {
            "gender": "W",
            "id": 10229511,
            "name": "Women's 400 Metres",
            "combined": null,
            "__typename": "CalendarResultsOptionEvent"
          },
          {
            "gender": "W",
            "id": 10229512,
            "name": "Women's 800 Metres",
            "combined": null,
            "__typename": "CalendarResultsOptionEvent"
          },
          {
            "gender": "W",
            "id": 10229513,
            "name": "Women's 1500 Metres",
            "combined": null,
            "__typename": "CalendarResultsOptionEvent"
          },
          {
            "gender": "W",
            "id": 10229514,
            "name": "Women's 5000 Metres",
            "combined": null,
            "__typename": "CalendarResultsOptionEvent"
          },
          {
            "gender": "W",
            "id": 10229521,
            "name": "Women's 10,000 Metres",
            "combined": null,
            "__typename": "CalendarResultsOptionEvent"
          },
          {
            "gender": "W",
            "id": 10229522,
            "name": "Women's 100 Metres Hurdles",
            "combined": null,
            "__typename": "CalendarResultsOptionEvent"
          },
          {
            "gender": "W",
            "id": 10229523,
            "name": "Women's 400 Metres Hurdles",
            "combined": null,
            "__typename": "CalendarResultsOptionEvent"
          },
          {
            "gender": "W",
            "id": 10229526,
            "name": "Women's High Jump",
            "combined": null,
            "__typename": "CalendarResultsOptionEvent"
          },
          {
            "gender": "W",
            "id": 10229528,
            "name": "Women's Long Jump",
            "combined": null,
            "__typename": "CalendarResultsOptionEvent"
          },
          {
            "gender": "W",
            "id": 10229529,
            "name": "Women's Triple Jump",
            "combined": null,
            "__typename": "CalendarResultsOptionEvent"
          },
          {
            "gender": "W",
            "id": 10229530,
            "name": "Women's Shot Put",
            "combined": null,
            "__typename": "CalendarResultsOptionEvent"
          },
          {
            "gender": "W",
            "id": 10229531,
            "name": "Women's Discus Throw",
            "combined": null,
            "__typename": "CalendarResultsOptionEvent"
          },
          {
            "gender": "W",
            "id": 10229596,
            "name": "Women's Javelin Throw (old)",
            "combined": null,
            "__typename": "CalendarResultsOptionEvent"
          },
          {
            "gender": "W",
            "id": 10229534,
            "name": "Women's Marathon",
            "combined": null,
            "__typename": "CalendarResultsOptionEvent"
          },
          {
            "gender": "W",
            "id": 10229547,
            "name": "Women's 10 Kilometres Race Walk",
            "combined": null,
            "__typename": "CalendarResultsOptionEvent"
          },
          {
            "gender": "W",
            "id": 10229536,
            "name": "Women's Heptathlon",
            "combined": true,
            "__typename": "CalendarResultsOptionEvent"
          },
          {
            "gender": "W",
            "id": 204594,
            "name": "Women's 4x100 Metres Relay",
            "combined": null,
            "__typename": "CalendarResultsOptionEvent"
          },
          {
            "gender": "W",
            "id": 204596,
            "name": "Women's 4x400 Metres Relay",
            "combined": null,
            "__typename": "CalendarResultsOptionEvent"
          },
          {
            "gender": "M",
            "id": 10229630,
            "name": "Men's 100 Metres",
            "combined": null,
            "__typename": "CalendarResultsOptionEvent"
          },
          {
            "gender": "M",
            "id": 10229605,
            "name": "Men's 200 Metres",
            "combined": null,
            "__typename": "CalendarResultsOptionEvent"
          },
          {
            "gender": "M",
            "id": 10229631,
            "name": "Men's 400 Metres",
            "combined": null,
            "__typename": "CalendarResultsOptionEvent"
          },
          {
            "gender": "M",
            "id": 10229501,
            "name": "Men's 800 Metres",
            "combined": null,
            "__typename": "CalendarResultsOptionEvent"
          },
          {
            "gender": "M",
            "id": 10229502,
            "name": "Men's 1500 Metres",
            "combined": null,
            "__typename": "CalendarResultsOptionEvent"
          },
          {
            "gender": "M",
            "id": 10229609,
            "name": "Men's 5000 Metres",
            "combined": null,
            "__typename": "CalendarResultsOptionEvent"
          },
          {
            "gender": "M",
            "id": 10229610,
            "name": "Men's 10,000 Metres",
            "combined": null,
            "__typename": "CalendarResultsOptionEvent"
          },
          {
            "gender": "M",
            "id": 10229611,
            "name": "Men's 110 Metres Hurdles",
            "combined": null,
            "__typename": "CalendarResultsOptionEvent"
          },
          {
            "gender": "M",
            "id": 10229612,
            "name": "Men's 400 Metres Hurdles",
            "combined": null,
            "__typename": "CalendarResultsOptionEvent"
          },
          {
            "gender": "M",
            "id": 10229614,
            "name": "Men's 3000 Metres Steeplechase",
            "combined": null,
            "__typename": "CalendarResultsOptionEvent"
          },
          {
            "gender": "M",
            "id": 10229615,
            "name": "Men's High Jump",
            "combined": null,
            "__typename": "CalendarResultsOptionEvent"
          },
          {
            "gender": "M",
            "id": 10229616,
            "name": "Men's Pole Vault",
            "combined": null,
            "__typename": "CalendarResultsOptionEvent"
          },
          {
            "gender": "M",
            "id": 10229617,
            "name": "Men's Long Jump",
            "combined": null,
            "__typename": "CalendarResultsOptionEvent"
          },
          {
            "gender": "M",
            "id": 10229618,
            "name": "Men's Triple Jump",
            "combined": null,
            "__typename": "CalendarResultsOptionEvent"
          },
          {
            "gender": "M",
            "id": 10229619,
            "name": "Men's Shot Put",
            "combined": null,
            "__typename": "CalendarResultsOptionEvent"
          },
          {
            "gender": "M",
            "id": 10229620,
            "name": "Men's Discus Throw",
            "combined": null,
            "__typename": "CalendarResultsOptionEvent"
          },
          {
            "gender": "M",
            "id": 10229621,
            "name": "Men's Hammer Throw",
            "combined": null,
            "__typename": "CalendarResultsOptionEvent"
          },
          {
            "gender": "M",
            "id": 10229636,
            "name": "Men's Javelin Throw",
            "combined": null,
            "__typename": "CalendarResultsOptionEvent"
          },
          {
            "gender": "M",
            "id": 10229634,
            "name": "Men's Marathon",
            "combined": null,
            "__typename": "CalendarResultsOptionEvent"
          },
          {
            "gender": "M",
            "id": 10229508,
            "name": "Men's 20 Kilometres Race Walk",
            "combined": null,
            "__typename": "CalendarResultsOptionEvent"
          },
          {
            "gender": "M",
            "id": 10229628,
            "name": "Men's 50 Kilometres Race Walk",
            "combined": null,
            "__typename": "CalendarResultsOptionEvent"
          },
          {
            "gender": "M",
            "id": 10229629,
            "name": "Men's Decathlon",
            "combined": true,
            "__typename": "CalendarResultsOptionEvent"
          },
          {
            "gender": "M",
            "id": 204593,
            "name": "Men's 4x100 Metres Relay",
            "combined": null,
            "__typename": "CalendarResultsOptionEvent"
          },
          {
            "gender": "M",
            "id": 204595,
            "name": "Men's 4x400 Metres Relay",
            "combined": null,
            "__typename": "CalendarResultsOptionEvent"
          }
        ],
        "__typename": "CalendarResultsOptions"
      },
      "parameters": {
        "competitionId": 6961749,
        "day": null,
        "eventId": 10229531,
        "__typename": "CalendarResultsParameters"
      },
      "__typename": "CalendarCompetitionResults"
    }
  }
}