{
  "data": {
    "getCalendarCompetitionResults": {
      "competition": {
        "dateRange": "26 JUL\u201304 AUG 1996",
        "endDate": "1996-08-04",
        "name": "The XXVI Olympic Games",
        "rankingCategory": "OW",
        "startDate": "1996-07-26",
        "venue": "Olympic Stadium, Atlanta, GA (USA)",
        "__typename": "CalendarResultsCompetition"
      },
      "eventTitles": [
        {
          "rankingCategory": "OW",
          "eventTitle": null,
          "events": [
            {
              "event": "Women's Shot Put",
              "eventId": 10229530,
              "gender": "W",
              "isRelay": false,
              "perResultWind": false,
              "withWind": false,
              "summary": null,
              "races": [
                {
                  "date": "1996-08-02",
                  "day": 8,
                  "race": "Final",
                  "raceId": 10,
                  "raceNumber": 0,
                  "results": [
                    {
                      "competitor": {
                        "teamMembers": null,
                        "id": "u3ipyucsol8w8y04ot6fe",
                        "name": "Astrid KUMBERNUSS",
                        "iaafId": 61014,
                        "urlSlug": "germany/astrid-kumbernuss-014278563",
                        "birthDate": "05 FEB 1970",
                        "hasProfile": true,
                        "__typename": "CalendarResultsCompetitor"
                      },
                      "mark": "20.56",
                      "nationality": "GER",
                      "place": "1.",
                      "points": null,
                      "qualified": null,
                      "records": "",
                      "wind": null,
                      "remark": null,
                      "details": null,
                      "__typename": "CalendarResultsRaceResult"
                    },
                    {
                      "competitor": {
                        "teamMembers": null,
                        "id": "5wrhf73twmu9bycs88prho",
                        "name": "Xinmei SUI",
                        "iaafId": 62568,
                        "urlSlug": "pr-of-china/xinmei-sui-014265297",
                        "birthDate": "29 JAN 1965",
                        "hasProfile": true,
                        "__typename": "CalendarResultsCompetitor"
                      },
                      "mark": "19.88",
                      "nationality": "CHN",
                      "place": "2.",
                      "points": null,
                      "qualified": null,
                      "records": "",
                      "wind": null,
                      "remark": null,
                      "details": null,
                      "__typename": "CalendarResultsRaceResult"
                    },
                    {
                      "competitor": {
                        "teamMembers": null,
                        "id": "4dx74rv8x3kwfaqmbh7v3",
                        "name": "Irina KHUDOROSHKINA",
                        "iaafId": 62784,
                        "urlSlug": "russia/irina-khudoroshkina-014298102",
                        "birthDate": "13 OCT 1968",
                        "hasProfile": true,
                        "__typename": "CalendarResultsCompetitor"
                      },
                      "mark": "19.35",
                      "nationality": "RUS",
                      "place": "3.",
                      "points": null,
                      "qualified": null,
                      "records": "",
                      "wind": null,
                      "remark": null,
                      "details": null,
                      "__typename": "CalendarResultsRaceResult"
                    },
                    {
                      "competitor": {
                        "teamMembers": null,
                        "id": "n8tka06drv0o3rhmupa5ed",
                        "name": "Vita PAVLYSH",
                        "iaafId": 63360,
                        "urlSlug": "ukraine/vita-pavlysh-014304004",
                        "birthDate": "15 JAN 1969",
                        "hasProfile": true,
                        "__typename": "CalendarResultsCompetitor"
                      },
                      "mark": "19.30",
                      "nationality": "UKR",
                      "place": "4.",
                      "points": null,
                      "qualified": null,
                      "records": "",
                      "wind": null,
                      "remark": null,
                      "details": null,
                      "__typename": "CalendarResultsRaceResult"
                    },
                    {
                      "competitor": {
                        "teamMembers": null,
                        "id": "vxbog9y7djjctel3u7wdk",
                        "name": "Connie PRICE-SMITH",
                        "iaafId": 61538,
                        "urlSlug": "united-states/connie-price-smith-014319298",
                        "birthDate": "03 JUN 1962",
                        "hasProfile": true,
                        "__typename": "CalendarResultsCompetitor"
                      },
                      "mark": "19.22",
                      "nationality": "USA",
                      "place": "5.",
                      "points": null,
                      "qualified": null,
                      "records": "",
                      "wind": null,
                      "remark": null,
                      "details": null,
                      "__typename": "CalendarResultsRaceResult"
                    },
                    {
                      "competitor": {
                        "teamMembers": null,
                        "id": "0wsmg8efuefr029jyh2no",
                        "name": "Stephanie STORP",
                        "iaafId": 61815,
                        "urlSlug": "germany/stephanie-storp-014279931",
                        "birthDate": "28 NOV 1968",
                        "hasProfile": true,
                        "__typename": "CalendarResultsCompetitor"
                      },
                      "mark": "19.06",
                      "nationality": "GER",
                      "place": "6.",
                      "points": null,
                      "qualified": null,
                      "records": "",
                      "wind": null,
                      "remark": null,
                      "details": null,
                      "__typename": "CalendarResultsRaceResult"
                    },
                    {
                      "competitor": {
                        "teamMembers": null,
                        "id": "kd1fdevvc65r2qkzcyqel",
                        "name": "Kathrin NEIMKE",
                        "iaafId": 61362,
                        "urlSlug": "germany/kathrin-neimke-014279037",
                        "birthDate": "18 JUL 1966",
                        "hasProfile": true,
                        "__typename": "CalendarResultsCompetitor"
                      },
                      "mark": "18.92",
                      "nationality": "GER",
                      "place": "7.",
                      "points": null,
                      "qualified": null,
                      "records": "",
                      "wind": null,
                      "remark": null,
                      "details": null,
                      "__typename": "CalendarResultsRaceResult"
                    },
                    {
                      "competitor": {
                        "teamMembers": null,
                        "id": "xnl8a7c9gx0bzlog9ac7k",
                        "name": "Irina KORZHANENKO",
                        "iaafId": 75121,
                        "urlSlug": "russia/irina-korzhanenko-014298239",
                        "birthDate": "16 MAY 1974",
                        "hasProfile": true,
                        "__typename": "CalendarResultsCompetitor"
                      },
                      "mark": "18.68",
                      "nationality": "RUS",
                      "place": "8.",
                      "points": null,
                      "qualified": null,
                      "records": "",
                      "wind": null,
                      "remark": null,
                      "details": null,
                      "__typename": "CalendarResultsRaceResult"
                    },
                    {
                      "competitor": {
                        "teamMembers": null,
                        "id": "5a9s2yjsy7p5vcoy8z29hy",
                        "name": "Ramona PAGEL",
                        "iaafId": 61445,
                        "urlSlug": "united-states/ramona-pagel-014318453",
                        "birthDate": "10 NOV 1961",
                        "hasProfile": true,
                        "__typename": "CalendarResultsCompetitor"
                      },
                      "mark": "18.48",
                      "nationality": "USA",
                      "place": "9.",
                      "points": null,
                      "qualified": null,
                      "records": "",
                      "wind": null,
                      "remark": null,
                      "details": null,
                      "__typename": "CalendarResultsRaceResult"
                    },
                    {
                      "competitor": {
                        "teamMembers": null,
                        "id": "zulqaux0bm5duo5avp5q",
                        "name": "Belsy LAZA",
                        "iaafId": 62567,
                        "urlSlug": "cuba/belsy-laza-014263514",
                        "birthDate": "05 JUN 1967",
                        "hasProfile": true,
                        "__typename": "CalendarResultsCompetitor"
                      },
                      "mark": "18.40",
                      "nationality": "CUB",
                      "place": "10.",
                      "points": null,
                      "qualified": null,
                      "records": "",
                      "wind": null,
                      "remark": null,
                      "details": null,
                      "__typename": "CalendarResultsRaceResult"
                    },
                    {
                      "competitor": {
                        "teamMembers": null,
                        "id": "fdgor76gi55i800931x92b",
                        "name": "Judith OAKES",
                        "iaafId": 61399,
                        "urlSlug": "great-britain-ni/judith-oakes-014275956",
                        "birthDate": "14 FEB 1958",
                        "hasProfile": true,
                        "__typename": "CalendarResultsCompetitor"
                      },
                      "mark": "18.34",
                      "nationality": "GBR",
                      "place": "11.",
                      "points": null,
                      "qualified": null,
                      "records": "",
                      "wind": null,
                      "remark": null,
                      "details": null,
                      "__typename": "CalendarResultsRaceResult"
                    },
                    {
                      "competitor": {
                        "teamMembers": null,
                        "id": "4dowajgsq88g26wjl6rybo",
                        "name": "Valentina FEDYUSHINA",
                        "iaafId": 60531,
                        "urlSlug": "austria/valentina-fedjuschina-014270958",
                        "birthDate": "10 FEB 1965",
                        "hasProfile": true,
                        "__typename": "CalendarResultsCompetitor"
                      },
                      "mark": "17.99",
                      "nationality": "UKR",
                      "place": "12.",
                      "points": null,
                      "qualified": null,
                      "records": "",
                      "wind": null,
                      "remark": null,
                      "details": null,
                      "__typename": "CalendarResultsRaceResult"
                    }
                  ],
                  "startList": null,
                  "wind": null,
                  "__typename": "CalendarResultsRace"
                },
                {
                  "date": "1996-07-31",
                  "day": 6,
                  "race": "Qualification - Group",
                  "raceId": 71,
                  "raceNumber": 1,
                  "results": [
                    {
                      "competitor": {
                        "teamMembers": null,
                        "id": "ioafhk236gk1geo7b35n64",
                        "name": "Astrid KUMBERNUSS",
                        "iaafId": 61014,
                        "urlSlug": "germany/astrid-kumbernuss-014278563",
                        "birthDate": "05 FEB 1970",
                        "hasProfile": true,
                        "__typename": "CalendarResultsCompetitor"
                      },
                      "mark": "19.93",
                      "nationality": "GER",
                      "place": "1.",
                      "points": null,
                      "qualified": null,
                      "records": "",
                      "wind": null,
                      "remark": null,
                      "details": null,
                      "__typename": "CalendarResultsRaceResult"
                    },
                    {
                      "competitor": {
                        "teamMembers": null,
                        "id": "im4l5hxeb1yj21ia5cwh",
                        "name": "Connie PRICE-SMITH",
                        "iaafId": 61538,
                        "urlSlug": "united-states/connie-price-smith-014319298",
                        "birthDate": "03 JUN 1962",
                        "hasProfile": true,
                        "__typename": "CalendarResultsCompetitor"
                      },
                      "mark": "19.08",
                      "nationality": "USA",
                      "place": "2.",
                      "points": null,
                      "qualified": null,
                      "records": "",
                      "wind": null,
                      "remark": null,
                      "details": null,
                      "__typename": "CalendarResultsRaceResult"
                    },
                    {
                      "competitor": {
                        "teamMembers": null,
                        "id": "8rm80bjcbs87jfzryb34eg",
                        "name": "Vita PAVLYSH",
                        "iaafId": 63360,
                        "urlSlug": "ukraine/vita-pavlysh-014304004",
                        "birthDate": "15 JAN 1969",
                        "hasProfile": true,
                        "__typename": "CalendarResultsCompetitor"
                      },
                      "mark": "19.04",
                      "nationality": "UKR",
                      "place": "3.",
                      "points": null,
                      "qualified": null,
                      "records": "",
                      "wind": null,
                      "remark": null,
                      "details": null,
                      "__typename": "CalendarResultsRaceResult"
                    },
                    {
                      "competitor": {
                        "teamMembers": null,
                        "id": "9w5guvy2t34dtozcubu3y",
                        "name": "Irina KORZHANENKO",
                        "iaafId": 75121,
                        "urlSlug": "russia/irina-korzhanenko-014298239",
                        "birthDate": "16 MAY 1974",
                        "hasProfile": true,
                        "__typename": "CalendarResultsCompetitor"
                      },
                      "mark": "18.92",
                      "nationality": "RUS",
                      "place": "4.",
                      "points": null,
                      "qualified": null,
                      "records": "",
                      "wind": null,
                      "remark": null,
                      "details": null,
                      "__typename": "CalendarResultsRaceResult"
                    },
                    {
                      "competitor": {
                        "teamMembers": null,
                        "id": "2bmh3djkb3rvhq4k87ba5",
                        "name": "Yumileidi CUMB\u00c1",
                        "iaafId": 70251,
                        "urlSlug": "cuba/yumileidi-cumba-014263614",
                        "birthDate": "11 FEB 1975",
                        "hasProfile": true,
                        "__typename": "CalendarResultsCompetitor"
                      },
                      "mark": "18.55",
                      "nationality": "CUB",
                      "place": "5.",
                      "points": null,
                      "qualified": null,
                      "records": "",
                      "wind": null,
                      "remark": null,
                      "details": null,
                      "__typename": "CalendarResultsRaceResult"
                    },
                    {
                      "competitor": {
                        "teamMembers": null,
                        "id": "cwefqssbu1zy23233aygh",
                        "name": "Meisu LI",
                        "iaafId": 61089,
                        "urlSlug": "pr-of-china/meisu-li-014265994",
                        "birthDate": "17 APR 1959",
                        "hasProfile": true,
                        "__typename": "CalendarResultsCompetitor"
                      },
                      "mark": "18.39",
                      "nationality": "CHN",
                      "place": "6.",
                      "points": null,
                      "qualified": null,
                      "records": "",
                      "wind": null,
                      "remark": null,
                      "details": null,
                      "__typename": "CalendarResultsRaceResult"
                    },
                    {
                      "competitor": {
                        "teamMembers": null,
                        "id": "951ky9cvexpur05magvyg8",
                        "name": "Svetlana KRIVELYOVA",
                        "iaafId": 62570,
                        "urlSlug": "russia/svetlana-krivelyova-014298305",
                        "birthDate": "13 JUN 1969",
                        "hasProfile": true,
                        "__typename": "CalendarResultsCompetitor"
                      },
                      "mark": "18.23",
                      "nationality": "RUS",
                      "place": "7.",
                      "points": null,
                      "qualified": null,
                      "records": "",
                      "wind": null,
                      "remark": null,
                      "details": null,
                      "__typename": "CalendarResultsRaceResult"
                    },
                    {
                      "competitor": {
                        "teamMembers": null,
                        "id": "9pecwfa342kix2wkoq11x",
                        "name": "Valeyta ALTHOUSE",
                        "iaafId": 75034,
                        "urlSlug": "united-states/valeyta-althouse-014304732",
                        "birthDate": "07 JAN 1974",
                        "hasProfile": true,
                        "__typename": "CalendarResultsCompetitor"
                      },
                      "mark": "18.16",
                      "nationality": "USA",
                      "place": "8.",
                      "points": null,
                      "qualified": null,
                      "records": "",
                      "wind": null,
                      "remark": null,
                      "details": null,
                      "__typename": "CalendarResultsRaceResult"
                    },
                    {
                      "competitor": {
                        "teamMembers": null,
                        "id": "4vuh7ru5d18ivd22j5smvn",
                        "name": "Elvira URUSOVA-NIKITINA",
                        "iaafId": 131295,
                        "urlSlug": "russia/elvira-urusova-nikitina-014298738",
                        "birthDate": "02 FEB 1966",
                        "hasProfile": true,
                        "__typename": "CalendarResultsCompetitor"
                      },
                      "mark": "17.69",
                      "nationality": "RUS",
                      "place": "9.",
                      "points": null,
                      "qualified": null,
                      "records": "",
                      "wind": null,
                      "remark": null,
                      "details": null,
                      "__typename": "CalendarResultsRaceResult"
                    },
                    {
                      "competitor": {
                        "teamMembers": null,
                        "id": "bl7n1kte8zjd37xi4cdbl",
                        "name": "Karolina LUNDAHL",
                        "iaafId": 68470,
                        "urlSlug": "finland/karolina-lundahl-014259261",
                        "birthDate": "30 JUN 1968",
                        "hasProfile": true,
                        "__typename": "CalendarResultsCompetitor"
                      },
                      "mark": "17.14",
                      "nationality": "FIN",
                      "place": "10.",
                      "points": null,
                      "qualified": null,
                      "records": "",
                      "wind": null,
                      "remark": null,
                      "details": null,
                      "__typename": "CalendarResultsRaceResult"
                    },
                    {
                      "competitor": {
                        "teamMembers": null,
                        "id": "r6770uo2a4smke2rgdl5c",
                        "name": "Yelena BALTABAYEVA",
                        "iaafId": 62839,
                        "urlSlug": "kazakhstan/yelena-baltabayeva-014288580",
                        "birthDate": "05 NOV 1962",
                        "hasProfile": true,
                        "__typename": "CalendarResultsCompetitor"
                      },
                      "mark": "16.40",
                      "nationality": "KAZ",
                      "place": "11.",
                      "points": null,
                      "qualified": null,
                      "records": "",
                      "wind": null,
                      "remark": null,
                      "details": null,
                      "__typename": "CalendarResultsRaceResult"
                    },
                    {
                      "competitor": {
                        "teamMembers": null,
                        "id": "op3r5onq58azxszihazx6m",
                        "name": "Teresa MACHADO",
                        "iaafId": 63271,
                        "urlSlug": "portugal/teresa-machado-014294962",
                        "birthDate": "22 JUL 1969",
                        "hasProfile": true,
                        "__typename": "CalendarResultsCompetitor"
                      },
                      "mark": "15.91",
                      "nationality": "POR",
                      "place": "12.",
                      "points": null,
                      "qualified": null,
                      "records": "",
                      "wind": null,
                      "remark": null,
                      "details": null,
                      "__typename": "CalendarResultsRaceResult"
                    },
                    {
                      "competitor": {
                        "teamMembers": null,
                        "id": "ysumnp65rcb7u0cmg5oj",
                        "name": "Zhihong HUANG",
                        "iaafId": 60796,
                        "urlSlug": "pr-of-china/zhihong-huang-014266261",
                        "birthDate": "07 MAY 1965",
                        "hasProfile": true,
                        "__typename": "CalendarResultsCompetitor"
                      },
                      "mark": "DNS",
                      "nationality": "CHN",
                      "place": "",
                      "points": null,
                      "qualified": null,
                      "records": "",
                      "wind": null,
                      "remark": null,
                      "details": null,
                      "__typename": "CalendarResultsRaceResult"
                    }
                  ],
                  "startList": null,
                  "wind": null,
                  "__typename": "CalendarResultsRace"
                },
                {
                  "date": "1996-07-31",
                  "day": 6,
                  "race": "Qualification - Group",
                  "raceId": 71,
                  "raceNumber": 2,
                  "results": [
                    {
                      "competitor": {
                        "teamMembers": null,
                        "id": "g0el3s9srzp0mdud62c5uo",
                        "name": "Xinmei SUI",
                        "iaafId": 62568,
                        "urlSlug": "pr-of-china/xinmei-sui-014265297",
                        "birthDate": "29 JAN 1965",
                        "hasProfile": true,
                        "__typename": "CalendarResultsCompetitor"
                      },
                      "mark": "19.36",
                      "nationality": "CHN",
                      "place": "1.",
                      "points": null,
                      "qualified": null,
                      "records": "",
                      "wind": null,
                      "remark": null,
                      "details": null,
                      "__typename": "CalendarResultsRaceResult"
                    },
                    {
                      "competitor": {
                        "teamMembers": null,
                        "id": "8ptlz9rzsdv91xwc02qd9",
                        "name": "Stephanie STORP",
                        "iaafId": 61815,
                        "urlSlug": "germany/stephanie-storp-014279931",
                        "birthDate": "28 NOV 1968",
                        "hasProfile": true,
                        "__typename": "CalendarResultsCompetitor"
                      },
                      "mark": "19.29",
                      "nationality": "GER",
                      "place": "2.",
                      "points": null,
                      "qualified": null,
                      "records": "",
                      "wind": null,
                      "remark": null,
                      "details": null,
                      "__typename": "CalendarResultsRaceResult"
                    },
                    {
                      "competitor": {
                        "teamMembers": null,
                        "id": "x2e5y6tw81ljvbr1jau2lq",
                        "name": "Valentina FEDYUSHINA",
                        "iaafId": 60531,
                        "urlSlug": "austria/valentina-fedjuschina-014270958",
                        "birthDate": "10 FEB 1965",
                        "hasProfile": true,
                        "__typename": "CalendarResultsCompetitor"
                      },
                      "mark": "19.22",
                      "nationality": "UKR",
                      "place": "3.",
                      "points": null,
                      "qualified": null,
                      "records": "",
                      "wind": null,
                      "remark": null,
                      "details": null,
                      "__typename": "CalendarResultsRaceResult"
                    },
                    {
                      "competitor": {
                        "teamMembers": null,
                        "id": "rags0z2m3mf823oxyo0sho",
                        "name": "Irina KHUDOROSHKINA",
                        "iaafId": 62784,
                        "urlSlug": "russia/irina-khudoroshkina-014298102",
                        "birthDate": "13 OCT 1968",
                        "hasProfile": true,
                        "__typename": "CalendarResultsCompetitor"
                      },
                      "mark": "19.03",
                      "nationality": "RUS",
                      "place": "4.",
                      "points": null,
                      "qualified": null,
                      "records": "",
                      "wind": null,
                      "remark": null,
                      "details": null,
                      "__typename": "CalendarResultsRaceResult"
                    },
                    {
                      "competitor": {
                        "teamMembers": null,
                        "id": "sdn5ejtenlbo54nsul60l",
                        "name": "Kathrin NEIMKE",
                        "iaafId": 61362,
                        "urlSlug": "germany/kathrin-neimke-014279037",
                        "birthDate": "18 JUL 1966",
                        "hasProfile": true,
                        "__typename": "CalendarResultsCompetitor"
                      },
                      "mark": "19.02",
                      "nationality": "GER",
                      "place": "5.",
                      "points": null,
                      "qualified": null,
                      "records": "",
                      "wind": null,
                      "remark": null,
                      "details": null,
                      "__typename": "CalendarResultsRaceResult"
                    },
                    {
                      "competitor": {
                        "teamMembers": null,
                        "id": "4mnfy1evsgxwx6scbwl0ee",
                        "name": "Belsy LAZA",
                        "iaafId": 62567,
                        "urlSlug": "cuba/belsy-laza-014263514",
                        "birthDate": "05 JUN 1967",
                        "hasProfile": true,
                        "__typename": "CalendarResultsCompetitor"
                      },
                      "mark": "18.61",
                      "nationality": "CUB",
                      "place": "6.",
                      "points": null,
                      "qualified": null,
                      "records": "",
                      "wind": null,
                      "remark": null,
                      "details": null,
                      "__typename": "CalendarResultsRaceResult"
                    },
                    {
                      "competitor": {
                        "teamMembers": null,
                        "id": "i9btakxi73mmm8iazzx0s",
                        "name": "Judith OAKES",
                        "iaafId": 61399,
                        "urlSlug": "great-britain-ni/judith-oakes-014275956",
                        "birthDate": "14 FEB 1958",
                        "hasProfile": true,
                        "__typename": "CalendarResultsCompetitor"
                      },
                      "mark": "18.56",
                      "nationality": "GBR",
                      "place": "7.",
                      "points": null,
                      "qualified": null,
                      "records": "",
                      "wind": null,
                      "remark": null,
                      "details": null,
                      "__typename": "CalendarResultsRaceResult"
                    },
                    {
                      "competitor": {
                        "teamMembers": null,
                        "id": "7fgvzfp9n5d183yzzit2k1",
                        "name": "Ramona PAGEL",
                        "iaafId": 61445,
                        "urlSlug": "united-states/ramona-pagel-014318453",
                        "birthDate": "10 NOV 1961",
                        "hasProfile": true,
                        "__typename": "CalendarResultsCompetitor"
                      },
                      "mark": "18.55",
                      "nationality": "USA",
                      "place": "8.",
                      "points": null,
                      "qualified": null,
                      "records": "",
                      "wind": null,
                      "remark": null,
                      "details": null,
                      "__typename": "CalendarResultsRaceResult"
                    },
                    {
                      "competitor": {
                        "teamMembers": null,
                        "id": "3p2lqu2p7r5fewyfo0xt",
                        "name": "Svetla MITKOVA-SINIRTAS",
                        "iaafId": 61266,
                        "urlSlug": "turkey/svetla-mitkova-sinirtas-014303303",
                        "birthDate": "17 JUN 1964",
                        "hasProfile": true,
                        "__typename": "CalendarResultsCompetitor"
                      },
                      "mark": "17.48",
                      "nationality": "BUL",
                      "place": "9.",
                      "points": null,
                      "qualified": null,
                      "records": "",
                      "wind": null,
                      "remark": null,
                      "details": null,
                      "__typename": "CalendarResultsRaceResult"
                    },
                    {
                      "competitor": {
                        "teamMembers": null,
                        "id": "ypd5qf6zpr7vnfy5dzm3q",
                        "name": "Myong-sun LEE",
                        "iaafId": 70959,
                        "urlSlug": "korea/myong-sun-lee-014289799",
                        "birthDate": "12 FEB 1976",
                        "hasProfile": true,
                        "__typename": "CalendarResultsCompetitor"
                      },
                      "mark": "16.92",
                      "nationality": "KOR",
                      "place": "10.",
                      "points": null,
                      "qualified": null,
                      "records": "",
                      "wind": null,
                      "remark": null,
                      "details": null,
                      "__typename": "CalendarResultsRaceResult"
                    },
                    {
                      "competitor": {
                        "teamMembers": null,
                        "id": "1b4dfnbnqs7jfyvvdkcdcxg",
                        "name": "Elis\u00e2ngela Maria ADRIANO",
                        "iaafId": 62667,
                        "urlSlug": "brazil/elisangela-maria-adriano-014269458",
                        "birthDate": "27 JUL 1972",
                        "hasProfile": true,
                        "__typename": "CalendarResultsCompetitor"
                      },
                      "mark": "16.49",
                      "nationality": "BRA",
                      "place": "11.",
                      "points": null,
                      "qualified": null,
                      "records": "",
                      "wind": null,
                      "remark": null,
                      "details": null,
                      "__typename": "CalendarResultsRaceResult"
                    },
                    {
                      "competitor": {
                        "teamMembers": null,
                        "id": "ca1nl6gnz3qopu1q0vs93e",
                        "name": "Nada M. KAWAR",
                        "iaafId": 130188,
                        "urlSlug": "jordan/nada-m-kawar-014286029",
                        "birthDate": "23 NOV 1975",
                        "hasProfile": true,
                        "__typename": "CalendarResultsCompetitor"
                      },
                      "mark": "15.28",
                      "nationality": "JOR",
                      "place": "12.",
                      "points": null,
                      "qualified": null,
                      "records": "",
                      "wind": null,
                      "remark": null,
                      "details": null,
                      "__typename": "CalendarResultsRaceResult"
                    },
                    {
                      "competitor": {
                        "teamMembers": null,
                        "id": "6qk0mzmibm3wzl7ios4g4",
                        "name": "Lisa MISIPEKA",
                        "iaafId": 80092,
                        "urlSlug": "american-samoa/lisa-misipeka-014272543",
                        "birthDate": "03 JAN 1975",
                        "hasProfile": true,
                        "__typename": "CalendarResultsCompetitor"
                      },
                      "mark": "13.74",
                      "nationality": "ASA",
                      "place": "13.",
                      "points": null,
                      "qualified": null,
                      "records": "",
                      "wind": null,
                      "remark": null,
                      "details": null,
                      "__typename": "CalendarResultsRaceResult"
                    },
                    {
                      "competitor": {
                        "teamMembers": null,
                        "id": "jdjgyoyvplpnkpktqs10n",
                        "name": "Corrie DE BRUIN",
                        "iaafId": 67908,
                        "urlSlug": "netherlands/corrie-de-bruin-014291563",
                        "birthDate": "26 OCT 1976",
                        "hasProfile": true,
                        "__typename": "CalendarResultsCompetitor"
                      },
                      "mark": "DNS",
                      "nationality": "NED",
                      "place": "",
                      "points": null,
                      "qualified": null,
                      "records": "",
                      "wind": null,
                      "remark": null,
                      "details": null,
                      "__typename": "CalendarResultsRaceResult"
                    }
                  ],
                  "startList": null,
                  "wind": null,
                  "__typename": "CalendarResultsRace"
                }
              ],
              "__typename": "CalendarResultsEvent"
            }
          ],
          "__typename": "CalendarResultsEventTitle"
        },
        {
          "rankingCategory": "OW",
          "eventTitle": "Combined Events",
          "events": [
            {
              "event": "Women's Shot Put",
              "eventId": 10229530,
              "gender": "W",
              "isRelay": false,
              "perResultWind": false,
              "withWind": false,
              "summary": [
                {
                  "competitor": {
                    "teamMembers": null,
                    "id": "14302590",
                    "name": "Ghada SHOUAA",
                    "iaafId": 67124,
                    "urlSlug": "syria/ghada-shouaa-014302590",
                    "birthDate": "10 SEP 1972",
                    "__typename": "CalendarResultsCompetitor"
                  },
                  "mark": "15.95",
                  "nationality": "SYR",
                  "placeInRace": "1.",
                  "placeInRound": "1.",
                  "points": 925,
                  "raceNumber": 0,
                  "records": "",
                  "wind": null,
                  "__typename": "CalendarResultsSummary"
                },
                {
                  "competitor": {
                    "teamMembers": null,
                    "id": "14281713",
                    "name": "Rita IN\u00c1NCSI",
                    "iaafId": 60819,
                    "urlSlug": "hungary/rita-inancsi-014281713",
                    "birthDate": "06 JAN 1971",
                    "__typename": "CalendarResultsCompetitor"
                  },
                  "mark": "14.69",
                  "nationality": "HUN",
                  "placeInRace": "2.",
                  "placeInRound": "2.",
                  "points": 840,
                  "raceNumber": 0,
                  "records": "",
                  "wind": null,
                  "__typename": "CalendarResultsSummary"
                },
                {
                  "competitor": {
                    "teamMembers": null,
                    "id": "14269643",
                    "name": "Natallia SAZANOVICH",
                    "iaafId": 63419,
                    "urlSlug": "belarus/natallia-sazanovich-14269643",
                    "birthDate": "15 AUG 1973",
                    "__typename": "CalendarResultsCompetitor"
                  },
                  "mark": "14.52",
                  "nationality": "BLR",
                  "placeInRace": "3.",
                  "placeInRound": "3.",
                  "points": 829,
                  "raceNumber": 0,
                  "records": "",
                  "wind": null,
                  "__typename": "CalendarResultsSummary"
                },
                {
                  "competitor": {
                    "teamMembers": null,
                    "id": "14277184",
                    "name": "Sabine BRAUN",
                    "iaafId": 62749,
                    "urlSlug": "germany/sabine-braun-014277184",
                    "birthDate": "19 JUN 1965",
                    "__typename": "CalendarResultsCompetitor"
                  },
                  "mark": "14.48",
                  "nationality": "GER",
                  "placeInRace": "4.",
                  "placeInRound": "4.",
                  "points": 826,
                  "raceNumber": 0,
                  "records": "",
                  "wind": null,
                  "__typename": "CalendarResultsSummary"
                },
                {
                  "competitor": {
                    "teamMembers": null,
                    "id": "14294657",
                    "name": "Urszula W\u0141ODARCZYK",
                    "iaafId": 63563,
                    "urlSlug": "poland/urszula-wlodarczyk-014294657",
                    "birthDate": "22 DEC 1965",
                    "__typename": "CalendarResultsCompetitor"
                  },
                  "mark": "14.36",
                  "nationality": "POL",
                  "placeInRace": "5.",
                  "placeInRound": "5.",
                  "points": 818,
                  "raceNumber": 0,
                  "records": "",
                  "wind": null,
                  "__typename": "CalendarResultsSummary"
                },
                {
                  "competitor": {
                    "teamMembers": null,
                    "id": "14298671",
                    "name": "Svetlana MOSKALETS",
                    "iaafId": 68334,
                    "urlSlug": "russia/svetlana-moskalets-014298671",
                    "birthDate": "22 JAN 1969",
                    "__typename": "CalendarResultsCompetitor"
                  },
                  "mark": "14.23",
                  "nationality": "RUS",
                  "placeInRace": "6.",
                  "placeInRound": "6.",
                  "points": 809,
                  "raceNumber": 0,
                  "records": "",
                  "wind": null,
                  "__typename": "CalendarResultsSummary"
                },
                {
                  "competitor": {
                    "teamMembers": null,
                    "id": "14299627",
                    "name": "Irina TYUKHAY",
                    "iaafId": 68335,
                    "urlSlug": "russia/irina-tyukhay-014299627",
                    "birthDate": "14 JAN 1967",
                    "__typename": "CalendarResultsCompetitor"
                  },
                  "mark": "14.16",
                  "nationality": "RUS",
                  "placeInRace": "7.",
                  "placeInRound": "7.",
                  "points": 805,
                  "raceNumber": 0,
                  "records": "",
                  "wind": null,
                  "__typename": "CalendarResultsSummary"
                },
                {
                  "competitor": {
                    "teamMembers": null,
                    "id": "14350246",
                    "name": "Regla Maria C\u00c1RDENAS",
                    "iaafId": 70249,
                    "urlSlug": "cuba/regla-maria-cardenas-014350246",
                    "birthDate": "21 JAN 1975",
                    "__typename": "CalendarResultsCompetitor"
                  },
                  "mark": "14.14",
                  "nationality": "CUB",
                  "placeInRace": "8.",
                  "placeInRound": "8.",
                  "points": 803,
                  "raceNumber": 0,
                  "records": "",
                  "wind": null,
                  "__typename": "CalendarResultsSummary"
                },
                {
                  "competitor": {
                    "teamMembers": null,
                    "id": "14275597",
                    "name": "Denise LEWIS",
                    "iaafId": 67891,
                    "urlSlug": "great-britain-ni/denise-lewis-014275597",
                    "birthDate": "27 AUG 1972",
                    "__typename": "CalendarResultsCompetitor"
                  },
                  "mark": "13.92",
                  "nationality": "GBR",
                  "placeInRace": "9.",
                  "placeInRound": "9.",
                  "points": 789,
                  "raceNumber": 0,
                  "records": "",
                  "wind": null,
                  "__typename": "CalendarResultsSummary"
                },
                {
                  "competitor": {
                    "teamMembers": null,
                    "id": "14290330",
                    "name": "Remigija NAZAROVIEN\u0116",
                    "iaafId": 63329,
                    "urlSlug": "lithuania/remigija-nazaroviene-14290330",
                    "birthDate": "02 JUN 1967",
                    "__typename": "CalendarResultsCompetitor"
                  },
                  "mark": "13.83",
                  "nationality": "LTU",
                  "placeInRace": "10.",
                  "placeInRound": "10.",
                  "points": 783,
                  "raceNumber": 0,
                  "records": "",
                  "wind": null,
                  "__typename": "CalendarResultsSummary"
                },
                {
                  "competitor": {
                    "teamMembers": null,
                    "id": "14298430",
                    "name": "Yelena LEBEDYENKO",
                    "iaafId": 136213,
                    "urlSlug": "russia/yelena-lebedyenko-014298430",
                    "birthDate": "16 JAN 1971",
                    "__typename": "CalendarResultsCompetitor"
                  },
                  "mark": "13.72",
                  "nationality": "RUS",
                  "placeInRace": "11.",
                  "placeInRound": "11.",
                  "points": 775,
                  "raceNumber": 0,
                  "records": "",
                  "wind": null,
                  "__typename": "CalendarResultsSummary"
                },
                {
                  "competitor": {
                    "teamMembers": null,
                    "id": "14277021",
                    "name": "Peggy BEER",
                    "iaafId": 62988,
                    "urlSlug": "germany/peggy-beer-014277021",
                    "birthDate": "15 SEP 1969",
                    "__typename": "CalendarResultsCompetitor"
                  },
                  "mark": "13.65",
                  "nationality": "GER",
                  "placeInRace": "12.",
                  "placeInRound": "12.",
                  "points": 771,
                  "raceNumber": 0,
                  "records": "",
                  "wind": null,
                  "__typename": "CalendarResultsSummary"
                },
                {
                  "competitor": {
                    "teamMembers": null,
                    "id": "14271887",
                    "name": "Jane JAMIESON",
                    "iaafId": 80550,
                    "urlSlug": "australia/jane-jamieson-014271887",
                    "birthDate": "23 JUN 1975",
                    "__typename": "CalendarResultsCompetitor"
                  },
                  "mark": "13.64",
                  "nationality": "AUS",
                  "placeInRace": "13.",
                  "placeInRound": "13.",
                  "points": 770,
                  "raceNumber": 0,
                  "records": "",
                  "wind": null,
                  "__typename": "CalendarResultsSummary"
                },
                {
                  "competitor": {
                    "teamMembers": null,
                    "id": "14290167",
                    "name": "Manuela MARXER",
                    "iaafId": 63285,
                    "urlSlug": "liechtenstein/manuela-marxer-014290167",
                    "birthDate": "05 AUG 1965",
                    "__typename": "CalendarResultsCompetitor"
                  },
                  "mark": "13.46",
                  "nationality": "LIE",
                  "placeInRace": "14.",
                  "placeInRound": "14.",
                  "points": 758,
                  "raceNumber": 0,
                  "records": "",
                  "wind": null,
                  "__typename": "CalendarResultsSummary"
                },
                {
                  "competitor": {
                    "teamMembers": null,
                    "id": "14311914",
                    "name": "Sharon HANSON",
                    "iaafId": 110143,
                    "urlSlug": "united-states/sharon-hanson-014311914",
                    "birthDate": "24 SEP 1965",
                    "__typename": "CalendarResultsCompetitor"
                  },
                  "mark": "13.45",
                  "nationality": "USA",
                  "placeInRace": "15.",
                  "placeInRound": "15.",
                  "points": 757,
                  "raceNumber": 0,
                  "records": "",
                  "wind": null,
                  "__typename": "CalendarResultsSummary"
                },
                {
                  "competitor": {
                    "teamMembers": null,
                    "id": "14295780",
                    "name": "Liliana N\u0102STASE",
                    "iaafId": 61348,
                    "urlSlug": "romania/liliana-nastase-014295780",
                    "birthDate": "01 AUG 1962",
                    "__typename": "CalendarResultsCompetitor"
                  },
                  "mark": "13.30",
                  "nationality": "ROU",
                  "placeInRace": "16.",
                  "placeInRound": "16.",
                  "points": 747,
                  "raceNumber": 0,
                  "records": "",
                  "wind": null,
                  "__typename": "CalendarResultsSummary"
                },
                {
                  "competitor": {
                    "teamMembers": null,
                    "id": "14259561",
                    "name": "Tiia HAUTALA",
                    "iaafId": 68462,
                    "urlSlug": "finland/tiia-hautala-014259561",
                    "birthDate": "03 APR 1972",
                    "__typename": "CalendarResultsCompetitor"
                  },
                  "mark": "13.22",
                  "nationality": "FIN",
                  "placeInRace": "17.",
                  "placeInRound": "17.",
                  "points": 742,
                  "raceNumber": 0,
                  "records": "",
                  "wind": null,
                  "__typename": "CalendarResultsSummary"
                },
                {
                  "competitor": {
                    "teamMembers": null,
                    "id": "14261808",
                    "name": "Inmaculada CLOP\u00c9S",
                    "iaafId": 68386,
                    "urlSlug": "spain/inmaculada-clopes-014261808",
                    "birthDate": "19 JAN 1968",
                    "__typename": "CalendarResultsCompetitor"
                  },
                  "mark": "13.05",
                  "nationality": "ESP",
                  "placeInRace": "18.",
                  "placeInRound": "18.",
                  "points": 731,
                  "raceNumber": 0,
                  "records": "",
                  "wind": null,
                  "__typename": "CalendarResultsSummary"
                },
                {
                  "competitor": {
                    "teamMembers": null,
                    "id": "14263564",
                    "name": "Magalys GARC\u00cdA",
                    "iaafId": 63116,
                    "urlSlug": "cuba/magalys-garcia-014263564",
                    "birthDate": "23 OCT 1971",
                    "__typename": "CalendarResultsCompetitor"
                  },
                  "mark": "13.03",
                  "nationality": "CUB",
                  "placeInRace": "19.",
                  "placeInRound": "19.",
                  "points": 729,
                  "raceNumber": 0,
                  "records": "",
                  "wind": null,
                  "__typename": "CalendarResultsSummary"
                },
                {
                  "competitor": {
                    "teamMembers": null,
                    "id": "14285710",
                    "name": "Diane GUTHRIE-GRESHAM",
                    "iaafId": 64056,
                    "urlSlug": "jamaica/diane-guthrie-gresham-014285710",
                    "birthDate": "24 OCT 1971",
                    "__typename": "CalendarResultsCompetitor"
                  },
                  "mark": "12.88",
                  "nationality": "JAM",
                  "placeInRace": "20.",
                  "placeInRound": "20.",
                  "points": 719,
                  "raceNumber": 0,
                  "records": "",
                  "wind": null,
                  "__typename": "CalendarResultsSummary"
                },
                {
                  "competitor": {
                    "teamMembers": null,
                    "id": "14258652",
                    "name": "Eunice BARBER",
                    "iaafId": 67352,
                    "urlSlug": "france/eunice-barber-014258652",
                    "birthDate": "17 NOV 1974",
                    "__typename": "CalendarResultsCompetitor"
                  },
                  "mark": "12.87",
                  "nationality": "SLE",
                  "placeInRace": "21.",
                  "placeInRound": "21.",
                  "points": 719,
                  "raceNumber": 0,
                  "records": "",
                  "wind": null,
                  "__typename": "CalendarResultsSummary"
                },
                {
                  "competitor": {
                    "teamMembers": null,
                    "id": "14268323",
                    "name": "Catherine BOND-MILLS",
                    "iaafId": 60186,
                    "urlSlug": "canada/catherine-bond-mills-014268323",
                    "birthDate": "20 SEP 1967",
                    "__typename": "CalendarResultsCompetitor"
                  },
                  "mark": "12.86",
                  "nationality": "CAN",
                  "placeInRace": "22.",
                  "placeInRound": "22.",
                  "points": 718,
                  "raceNumber": 0,
                  "records": "",
                  "wind": null,
                  "__typename": "CalendarResultsSummary"
                },
                {
                  "competitor": {
                    "teamMembers": null,
                    "id": "14288623",
                    "name": "Svetlana KAZANINA",
                    "iaafId": 80097,
                    "urlSlug": "kazakhstan/svetlana-kazanina-014288623",
                    "birthDate": "31 OCT 1971",
                    "__typename": "CalendarResultsCompetitor"
                  },
                  "mark": "12.50",
                  "nationality": "KAZ",
                  "placeInRace": "23.",
                  "placeInRound": "23.",
                  "points": 694,
                  "raceNumber": 0,
                  "records": "",
                  "wind": null,
                  "__typename": "CalendarResultsSummary"
                },
                {
                  "competitor": {
                    "teamMembers": null,
                    "id": "14279885",
                    "name": "Mona STEIGAUF",
                    "iaafId": 63468,
                    "urlSlug": "germany/mona-steigauf-014279885",
                    "birthDate": "17 JAN 1970",
                    "__typename": "CalendarResultsCompetitor"
                  },
                  "mark": "12.35",
                  "nationality": "GER",
                  "placeInRace": "24.",
                  "placeInRound": "24.",
                  "points": 684,
                  "raceNumber": 0,
                  "records": "",
                  "wind": null,
                  "__typename": "CalendarResultsSummary"
                },
                {
                  "competitor": {
                    "teamMembers": null,
                    "id": "14301059",
                    "name": "Patricia NADLER",
                    "iaafId": 66876,
                    "urlSlug": "switzerland/patricia-nadler-014301059",
                    "birthDate": "13 FEB 1969",
                    "__typename": "CalendarResultsCompetitor"
                  },
                  "mark": "12.34",
                  "nationality": "SUI",
                  "placeInRace": "25.",
                  "placeInRound": "25.",
                  "points": 684,
                  "raceNumber": 0,
                  "records": "",
                  "wind": null,
                  "__typename": "CalendarResultsSummary"
                },
                {
                  "competitor": {
                    "teamMembers": null,
                    "id": "14303204",
                    "name": "Anzhela ATROSHCHENKO",
                    "iaafId": 62974,
                    "urlSlug": "turkey/anzhela-atroshchenko-kinet-014303204",
                    "birthDate": "14 NOV 1970",
                    "__typename": "CalendarResultsCompetitor"
                  },
                  "mark": "12.31",
                  "nationality": "BLR",
                  "placeInRace": "26.",
                  "placeInRound": "26.",
                  "points": 682,
                  "raceNumber": 0,
                  "records": "",
                  "wind": null,
                  "__typename": "CalendarResultsSummary"
                },
                {
                  "competitor": {
                    "teamMembers": null,
                    "id": "14305960",
                    "name": "Kelly BLAIR-LABOUNTY",
                    "iaafId": 68213,
                    "urlSlug": "united-states/kelly-blair-labounty-014305960",
                    "birthDate": "24 NOV 1970",
                    "__typename": "CalendarResultsCompetitor"
                  },
                  "mark": "12.29",
                  "nationality": "USA",
                  "placeInRace": "27.",
                  "placeInRound": "27.",
                  "points": 680,
                  "raceNumber": 0,
                  "records": "",
                  "wind": null,
                  "__typename": "CalendarResultsSummary"
                }
              ],
              "races": [
                {
                  "date": "1996-07-27",
                  "day": 2,
                  "race": "Combined - Group",
                  "raceId": 14,
                  "raceNumber": 0,
                  "results": [
                    {
                      "competitor": {
                        "teamMembers": null,
                        "id": "14302590",
                        "name": "Ghada SHOUAA",
                        "iaafId": 67124,
                        "urlSlug": "syria/ghada-shouaa-014302590",
                        "birthDate": "10 SEP 1972",
                        "hasProfile": true,
                        "__typename": "CalendarResultsCompetitor"
                      },
                      "mark": "15.95",
                      "nationality": "SYR",
                      "place": "1.",
                      "points": 925,
                      "qualified": null,
                      "records": "",
                      "wind": null,
                      "remark": null,
                      "details": null,
                      "__typename": "CalendarResultsRaceResult"
                    },
                    {
                      "competitor": {
                        "teamMembers": null,
                        "id": "14281713",
                        "name": "Rita IN\u00c1NCSI",
                        "iaafId": 60819,
                        "urlSlug": "hungary/rita-inancsi-014281713",
                        "birthDate": "06 JAN 1971",
                        "hasProfile": true,
                        "__typename": "CalendarResultsCompetitor"
                      },
                      "mark": "14.69",
                      "nationality": "HUN",
                      "place": "2.",
                      "points": 840,
                      "qualified": null,
                      "records": "",
                      "wind": null,
                      "remark": null,
                      "details": null,
                      "__typename": "CalendarResultsRaceResult"
                    },
                    {
                      "competitor": {
                        "teamMembers": null,
                        "id": "14269643",
                        "name": "Natallia SAZANOVICH",
                        "iaafId": 63419,
                        "urlSlug": "belarus/natallia-sazanovich-14269643",
                        "birthDate": "15 AUG 1973",
                        "hasProfile": true,
                        "__typename": "CalendarResultsCompetitor"
                      },
                      "mark": "14.52",
                      "nationality": "BLR",
                      "place": "3.",
                      "points": 829,
                      "qualified": null,
                      "records": "",
                      "wind": null,
                      "remark": null,
                      "details": null,
                      "__typename": "CalendarResultsRaceResult"
                    },
                    {
                      "competitor": {
                        "teamMembers": null,
                        "id": "14277184",
                        "name": "Sabine BRAUN",
                        "iaafId": 62749,
                        "urlSlug": "germany/sabine-braun-014277184",
                        "birthDate": "19 JUN 1965",
                        "hasProfile": true,
                        "__typename": "CalendarResultsCompetitor"
                      },
                      "mark": "14.48",
                      "nationality": "GER",
                      "place": "4.",
                      "points": 826,
                      "qualified": null,
                      "records": "",
                      "wind": null,
                      "remark": null,
                      "details": null,
                      "__typename": "CalendarResultsRaceResult"
                    },
                    {
                      "competitor": {
                        "teamMembers": null,
                        "id": "14294657",
                        "name": "Urszula W\u0141ODARCZYK",
                        "iaafId": 63563,
                        "urlSlug": "poland/urszula-wlodarczyk-014294657",
                        "birthDate": "22 DEC 1965",
                        "hasProfile": true,
                        "__typename": "CalendarResultsCompetitor"
                      },
                      "mark": "14.36",
                      "nationality": "POL",
                      "place": "5.",
                      "points": 818,
                      "qualified": null,
                      "records": "",
                      "wind": null,
                      "remark": null,
                      "details": null,
                      "__typename": "CalendarResultsRaceResult"
                    },
                    {
                      "competitor": {
                        "teamMembers": null,
                        "id": "14298671",
                        "name": "Svetlana MOSKALETS",
                        "iaafId": 68334,
                        "urlSlug": "russia/svetlana-moskalets-014298671",
                        "birthDate": "22 JAN 1969",
                        "hasProfile": true,
                        "__typename": "CalendarResultsCompetitor"
                      },
                      "mark": "14.23",
                      "nationality": "RUS",
                      "place": "6.",
                      "points": 809,
                      "qualified": null,
                      "records": "",
                      "wind": null,
                      "remark": null,
                      "details": null,
                      "__typename": "CalendarResultsRaceResult"
                    },
                    {
                      "competitor": {
                        "teamMembers": null,
                        "id": "14299627",
                        "name": "Irina TYUKHAY",
                        "iaafId": 68335,
                        "urlSlug": "russia/irina-tyukhay-014299627",
                        "birthDate": "14 JAN 1967",
                        "hasProfile": true,
                        "__typename": "CalendarResultsCompetitor"
                      },
                      "mark": "14.16",
                      "nationality": "RUS",
                      "place": "7.",
                      "points": 805,
                      "qualified": null,
                      "records": "",
                      "wind": null,
                      "remark": null,
                      "details": null,
                      "__typename": "CalendarResultsRaceResult"
                    },
                    {
                      "competitor": {
                        "teamMembers": null,
                        "id": "14350246",
                        "name": "Regla Maria C\u00c1RDENAS",
                        "iaafId": 70249,
                        "urlSlug": "cuba/regla-maria-cardenas-014350246",
                        "birthDate": "21 JAN 1975",
                        "hasProfile": true,
                        "__typename": "CalendarResultsCompetitor"
                      },
                      "mark": "14.14",
                      "nationality": "CUB",
                      "place": "8.",
                      "points": 803,
                      "qualified": null,
                      "records": "",
                      "wind": null,
                      "remark": null,
                      "details": null,
                      "__typename": "CalendarResultsRaceResult"
                    },
                    {
                      "competitor": {
                        "teamMembers": null,
                        "id": "14275597",
                        "name": "Denise LEWIS",
                        "iaafId": 67891,
                        "urlSlug": "great-britain-ni/denise-lewis-014275597",
                        "birthDate": "27 AUG 1972",
                        "hasProfile": true,
                        "__typename": "CalendarResultsCompetitor"
                      },
                      "mark": "13.92",
                      "nationality": "GBR",
                      "place": "9.",
                      "points": 789,
                      "qualified": null,
                      "records": "",
                      "wind": null,
                      "remark": null,
                      "details": null,
                      "__typename": "CalendarResultsRaceResult"
                    },
                    {
                      "competitor": {
                        "teamMembers": null,
                        "id": "14290330",
                        "name": "Remigija NAZAROVIEN\u0116",
                        "iaafId": 63329,
                        "urlSlug": "lithuania/remigija-nazaroviene-14290330",
                        "birthDate": "02 JUN 1967",
                        "hasProfile": true,
                        "__typename": "CalendarResultsCompetitor"
                      },
                      "mark": "13.83",
                      "nationality": "LTU",
                      "place": "10.",
                      "points": 783,
                      "qualified": null,
                      "records": "",
                      "wind": null,
                      "remark": null,
                      "details": null,
                      "__typename": "CalendarResultsRaceResult"
                    },
                    {
                      "competitor": {
                        "teamMembers": null,
                        "id": "14298430",
                        "name": "Yelena LEBEDYENKO",
                        "iaafId": 136213,
                        "urlSlug": "russia/yelena-lebedyenko-014298430",
                        "birthDate": "16 JAN 1971",
                        "hasProfile": true,
                        "__typename": "CalendarResultsCompetitor"
                      },
                      "mark": "13.72",
                      "nationality": "RUS",
                      "place": "11.",
                      "points": 775,
                      "qualified": null,
                      "records": "",
                      "wind": null,
                      "remark": null,
                      "details": null,
                      "__typename": "CalendarResultsRaceResult"
                    },
                    {
                      "competitor": {
                        "teamMembers": null,
                        "id": "14277021",
                        "name": "Peggy BEER",
                        "iaafId": 62988,
                        "urlSlug": "germany/peggy-beer-014277021",
                        "birthDate": "15 SEP 1969",
                        "hasProfile": true,
                        "__typename": "CalendarResultsCompetitor"
                      },
                      "mark": "13.65",
                      "nationality": "GER",
                      "place": "12.",
                      "points": 771,
                      "qualified": null,
                      "records": "",
                      "wind": null,
                      "remark": null,
                      "details": null,
                      "__typename": "CalendarResultsRaceResult"
                    },
                    {
                      "competitor": {
                        "teamMembers": null,
                        "id": "14271887",
                        "name": "Jane JAMIESON",
                        "iaafId": 80550,
                        "urlSlug": "australia/jane-jamieson-014271887",
                        "birthDate": "23 JUN 1975",
                        "hasProfile": true,
                        "__typename": "CalendarResultsCompetitor"
                      },
                      "mark": "13.64",
                      "nationality": "AUS",
                      "place": "13.",
                      "points": 770,
                      "qualified": null,
                      "records": "",
                      "wind": null,
                      "remark": null,
                      "details": null,
                      "__typename": "CalendarResultsRaceResult"
                    },
                    {
                      "competitor": {
                        "teamMembers": null,
                        "id": "14290167",
                        "name": "Manuela MARXER",
                        "iaafId": 63285,
                        "urlSlug": "liechtenstein/manuela-marxer-014290167",
                        "birthDate": "05 AUG 1965",
                        "hasProfile": true,
                        "__typename": "CalendarResultsCompetitor"
                      },
                      "mark": "13.46",
                      "nationality": "LIE",
                      "place": "14.",
                      "points": 758,
                      "qualified": null,
                      "records": "",
                      "wind": null,
                      "remark": null,
                      "details": null,
                      "__typename": "CalendarResultsRaceResult"
                    },
                    {
                      "competitor": {
                        "teamMembers": null,
                        "id": "14311914",
                        "name": "Sharon HANSON",
                        "iaafId": 110143,
                        "urlSlug": "united-states/sharon-hanson-014311914",
                        "birthDate": "24 SEP 1965",
                        "hasProfile": true,
                        "__typename": "CalendarResultsCompetitor"
                      },
                      "mark": "13.45",
                      "nationality": "USA",
                      "place": "15.",
                      "points": 757,
                      "qualified": null,
                      "records": "",
                      "wind": null,
                      "remark": null,
                      "details": null,
                      "__typename": "CalendarResultsRaceResult"
                    },
                    {
                      "competitor": {
                        "teamMembers": null,
                        "id": "14295780",
                        "name": "Liliana N\u0102STASE",
                        "iaafId": 61348,
                        "urlSlug": "romania/liliana-nastase-014295780",
                        "birthDate": "01 AUG 1962",
                        "hasProfile": true,
                        "__typename": "CalendarResultsCompetitor"
                      },
                      "mark": "13.30",
                      "nationality": "ROU",
                      "place": "16.",
                      "points": 747,
                      "qualified": null,
                      "records": "",
                      "wind": null,
                      "remark": null,
                      "details": null,
                      "__typename": "CalendarResultsRaceResult"
                    },
                    {
                      "competitor": {
                        "teamMembers": null,
                        "id": "14259561",
                        "name": "Tiia HAUTALA",
                        "iaafId": 68462,
                        "urlSlug": "finland/tiia-hautala-014259561",
                        "birthDate": "03 APR 1972",
                        "hasProfile": true,
                        "__typename": "CalendarResultsCompetitor"
                      },
                      "mark": "13.22",
                      "nationality": "FIN",
                      "place": "17.",
                      "points": 742,
                      "qualified": null,
                      "records": "",
                      "wind": null,
                      "remark": null,
                      "details": null,
                      "__typename": "CalendarResultsRaceResult"
                    },
                    {
                      "competitor": {
                        "teamMembers": null,
                        "id": "14261808",
                        "name": "Inmaculada CLOP\u00c9S",
                        "iaafId": 68386,
                        "urlSlug": "spain/inmaculada-clopes-014261808",
                        "birthDate": "19 JAN 1968",
                        "hasProfile": true,
                        "__typename": "CalendarResultsCompetitor"
                      },
                      "mark": "13.05",
                      "nationality": "ESP",
                      "place": "18.",
                      "points": 731,
                      "qualified": null,
                      "records": "",
                      "wind": null,
                      "remark": null,
                      "details": null,
                      "__typename": "CalendarResultsRaceResult"
                    },
                    {
                      "competitor": {
                        "teamMembers": null,
                        "id": "14263564",
                        "name": "Magalys GARC\u00cdA",
                        "iaafId": 63116,
                        "urlSlug": "cuba/magalys-garcia-014263564",
                        "birthDate": "23 OCT 1971",
                        "hasProfile": true,
                        "__typename": "CalendarResultsCompetitor"
                      },
                      "mark": "13.03",
                      "nationality": "CUB",
                      "place": "19.",
                      "points": 729,
                      "qualified": null,
                      "records": "",
                      "wind": null,
                      "remark": null,
                      "details": null,
                      "__typename": "CalendarResultsRaceResult"
                    },
                    {
                      "competitor": {
                        "teamMembers": null,
                        "id": "14285710",
                        "name": "Diane GUTHRIE-GRESHAM",
                        "iaafId": 64056,
                        "urlSlug": "jamaica/diane-guthrie-gresham-014285710",
                        "birthDate": "24 OCT 1971",
                        "hasProfile": true,
                        "__typename": "CalendarResultsCompetitor"
                      },
                      "mark": "12.88",
                      "nationality": "JAM",
                      "place": "20.",
                      "points": 719,
                      "qualified": null,
                      "records": "",
                      "wind": null,
                      "remark": null,
                      "details": null,
                      "__typename": "CalendarResultsRaceResult"
                    },
                    {
                      "competitor": {
                        "teamMembers": null,
                        "id": "14258652",
                        "name": "Eunice BARBER",
                        "iaafId": 67352,
                        "urlSlug": "france/eunice-barber-014258652",
                        "birthDate": "17 NOV 1974",
                        "hasProfile": true,
                        "__typename": "CalendarResultsCompetitor"
                      },
                      "mark": "12.87",
                      "nationality": "SLE",
                      "place": "21.",
                      "points": 719,
                      "qualified": null,
                      "records": "",
                      "wind": null,
                      "remark": null,
                      "details": null,
                      "__typename": "CalendarResultsRaceResult"
                    },
                    {
                      "competitor": {
                        "teamMembers": null,
                        "id": "14268323",
                        "name": "Catherine BOND-MILLS",
                        "iaafId": 60186,
                        "urlSlug": "canada/catherine-bond-mills-014268323",
                        "birthDate": "20 SEP 1967",
                        "hasProfile": true,
                        "__typename": "CalendarResultsCompetitor"
                      },
                      "mark": "12.86",
                      "nationality": "CAN",
                      "place": "22.",
                      "points": 718,
                      "qualified": null,
                      "records": "",
                      "wind": null,
                      "remark": null,
                      "details": null,
                      "__typename": "CalendarResultsRaceResult"
                    },
                    {
                      "competitor": {
                        "teamMembers": null,
                        "id": "14288623",
                        "name": "Svetlana KAZANINA",
                        "iaafId": 80097,
                        "urlSlug": "kazakhstan/svetlana-kazanina-014288623",
                        "birthDate": "31 OCT 1971",
                        "hasProfile": true,
                        "__typename": "CalendarResultsCompetitor"
                      },
                      "mark": "12.50",
                      "nationality": "KAZ",
                      "place": "23.",
                      "points": 694,
                      "qualified": null,
                      "records": "",
                      "wind": null,
                      "remark": null,
                      "details": null,
                      "__typename": "CalendarResultsRaceResult"
                    },
                    {
                      "competitor": {
                        "teamMembers": null,
                        "id": "14279885",
                        "name": "Mona STEIGAUF",
                        "iaafId": 63468,
                        "urlSlug": "germany/mona-steigauf-014279885",
                        "birthDate": "17 JAN 1970",
                        "hasProfile": true,
                        "__typename": "CalendarResultsCompetitor"
                      },
                      "mark": "12.35",
                      "nationality": "GER",
                      "place": "24.",
                      "points": 684,
                      "qualified": null,
                      "records": "",
                      "wind": null,
                      "remark": null,
                      "details": null,
                      "__typename": "CalendarResultsRaceResult"
                    },
                    {
                      "competitor": {
                        "teamMembers": null,
                        "id": "14301059",
                        "name": "Patricia NADLER",
                        "iaafId": 66876,
                        "urlSlug": "switzerland/patricia-nadler-014301059",
                        "birthDate": "13 FEB 1969",
                        "hasProfile": true,
                        "__typename": "CalendarResultsCompetitor"
                      },
                      "mark": "12.34",
                      "nationality": "SUI",
                      "place": "25.",
                      "points": 684,
                      "qualified": null,
                      "records": "",
                      "wind": null,
                      "remark": null,
                      "details": null,
                      "__typename": "CalendarResultsRaceResult"
                    },
                    {
                      "competitor": {
                        "teamMembers": null,
                        "id": "14303204",
                        "name": "Anzhela ATROSHCHENKO",
                        "iaafId": 62974,
                        "urlSlug": "turkey/anzhela-atroshchenko-kinet-014303204",
                        "birthDate": "14 NOV 1970",
                        "hasProfile": true,
                        "__typename": "CalendarResultsCompetitor"
                      },
                      "mark": "12.31",
                      "nationality": "BLR",
                      "place": "26.",
                      "points": 682,
                      "qualified": null,
                      "records": "",
                      "wind": null,
                      "remark": null,
                      "details": null,
                      "__typename": "CalendarResultsRaceResult"
                    },
                    {
                      "competitor": {
                        "teamMembers": null,
                        "id": "14305960",
                        "name": "Kelly BLAIR-LABOUNTY",
                        "iaafId": 68213,
                        "urlSlug": "united-states/kelly-blair-labounty-014305960",
                        "birthDate": "24 NOV 1970",
                        "hasProfile": true,
                        "__typename": "CalendarResultsCompetitor"
                      },
                      "mark": "12.29",
                      "nationality": "USA",
                      "place": "27.",
                      "points": 680,
                      "qualified": null,
                      "records": "",
                      "wind": null,
                      "remark": null,
                      "details": null,
                      "__typename": "CalendarResultsRaceResult"
                    }
                  ],
                  "startList": null,
                  "wind": null,
                  "__typename": "CalendarResultsRace"
                }
              ],
              "__typename": "CalendarResultsEvent"
            }
          ],
          "__typename": "CalendarResultsEventTitle"
        }
      ],
      "options": {
        "days": [
          {
            "date": "26 JUL 1996",
            "day": 1,
            "__typename": "CalendarResultsOptionsDay"
          },
          {
            "date": "27 JUL 1996",
            "day": 2,
            "__typename": "CalendarResultsOptionsDay"
          },
          {
            "date": "28 JUL 1996",
            "day": 3,
            "__typename": "CalendarResultsOptionsDay"
          },
          {
            "date": "29 JUL 1996",
            "day": 4,
            "__typename": "CalendarResultsOptionsDay"
          },
          {
            "date": "31 JUL 1996",
            "day": 6,
            "__typename": "CalendarResultsOptionsDay"
          },
          {
            "date": "01 AUG 1996",
            "day": 7,
            "__typename": "CalendarResultsOptionsDay"
          },
          {
            "date": "02 AUG 1996",
            "day": 8,
            "__typename": "CalendarResultsOptionsDay"
          },
          {
            "date": "03 AUG 1996",
            "day": 9,
            "__typename": "CalendarResultsOptionsDay"
          },
          {
            "date": "04 AUG 1996",
            "day": 10,
            "__typename": "CalendarResultsOptionsDay"
          }
        ],
        "events": [
          {
            "gender": "W",
            "id": 10229509,
            "name": "Women's 100 Metres",
            "combined": null,
            "__typename": "CalendarResultsOptionEvent"
          },
          {
            "gender": "W",
            "id": 10229510,
            "name": "Women's 200 Metres",
            "combined": null,
            "__typename": "CalendarResultsOptionEvent"
          },
          {
            "gender": "W",
            "id": 10229511,
            "name": "Women's 400 Metres",
            "combined": null,
            "__typename": "CalendarResultsOptionEvent"
          },
          {
            "gender": "W",
            "id": 10229512,
            "name": "Women's 800 Metres",
            "combined": null,
            "__typename": "CalendarResultsOptionEvent"
          },
          {
            "gender": "W",
            "id": 10229513,
            "name": "Women's 1500 Metres",
            "combined": null,
            "__typename": "CalendarResultsOptionEvent"
          },
          {
            "gender": "W",
            "id": 10229514,
            "name": "Women's 5000 Metres",
            "combined": null,
            "__typename": "CalendarResultsOptionEvent"
          },
          {
            "gender": "W",
            "id": 10229521,
            "name": "Women's 10,000 Metres",
            "combined": null,
            "__typename": "CalendarResultsOptionEvent"
          },
          {
            "gender": "W",
            "id": 10229522,
            "name": "Women's 100 Metres Hurdles",
            "combined": null,
            "__typename": "CalendarResultsOptionEvent"
          },
          {
            "gender": "W",
            "id": 10229523,
            "name": "Women's 400 Metres Hurdles",
            "combined": null,
            "__typename": "CalendarResultsOptionEvent"
          },
          {
            "gender": "W",
            "id": 10229526,
            "name": "Women's High Jump",
            "combined": null,
            "__typename": "CalendarResultsOptionEvent"
          },
          {
            "gender": "W",
            "id": 10229528,
            "name": "Women's Long Jump",
            "combined": null,
            "__typename": "CalendarResultsOptionEvent"
          },
          {
            "gender": "W",
            "id": 10229529,
            "name": "Women's Triple Jump",
            "combined": null,
            "__typename": "CalendarResultsOptionEvent"
          },
          {
            "gender": "W",
            "id": 10229530,
            "name": "Women's Shot Put",
            "combined": null,
            "__typename": "CalendarResultsOptionEvent"
          },
          {
            "gender": "W",
            "id": 10229531,
            "name": "Women's Discus Throw",
            "combined": null,
            "__typename": "CalendarResultsOptionEvent"
          },
          {
            "gender": "W",
            "id": 10229596,
            "name": "Women's Javelin Throw (old)",
            "combined": null,
            "__typename": "CalendarResultsOptionEvent"
          },
          {
            "gender": "W",
            "id": 10229534,
            "name": "Women's Marathon",
            "combined": null,
            "__typename": "CalendarResultsOptionEvent"
          },
          {
            "gender": "W",
            "id": 10229547,
            "name": "Women's 10 Kilometres Race Walk",
            "combined": null,
            "__typename": "CalendarResultsOptionEvent"
          },
          {
            "gender": "W",
            "id": 10229536,
            "name": "Women's Heptathlon",
            "combined": true,
            "__typename": "CalendarResultsOptionEvent"
          },
          {
            "gender": "W",
            "id": 204594,
            "name": "Women's 4x100 Metres Relay",
            "combined": null,
            "__typename": "CalendarResultsOptionEvent"
          },
          {
            "gender": "W",
            "id": 204596,
            "name": "Women's 4x400 Metres Relay",
            "combined": null,
            "__typename": "CalendarResultsOptionEvent"
          },
          {
            "gender": "M",
            "id": 10229630,
            "name": "Men's 100 Metres",
            "combined": null,
            "__typename": "CalendarResultsOptionEvent"
          },
          {
            "gender": "M",
            "id": 10229605,
            "name": "Men's 200 Metres",
            "combined": null,
            "__typename": "CalendarResultsOptionEvent"
          },
          {
            "gender": "M",
            "id": 10229631,
            "name": "Men's 400 Metres",
            "combined": null,
            "__typename": "CalendarResultsOptionEvent"
          },
          {
            "gender": "M",
            "id": 10229501,
            "name": "Men's 800 Metres",
            "combined": null,
            "__typename": "CalendarResultsOptionEvent"
          },
          {
            "gender": "M",
            "id": 10229502,
            "name": "Men's 1500 Metres",
            "combined": null,
            "__typename": "CalendarResultsOptionEvent"
          },
          {
            "gender": "M",
            "id": 10229609,
            "name": "Men's 5000 Metres",
            "combined": null,
            "__typename": "CalendarResultsOptionEvent"
          },
          {
            "gender": "M",
            "id": 10229610,
            "name": "Men's 10,000 Metres",
            "combined": null,
            "__typename": "CalendarResultsOptionEvent"
          },
          {
            "gender": "M",
            "id": 10229611,
            "name": "Men's 110 Metres Hurdles",
            "combined": null,
            "__typename": "CalendarResultsOptionEvent"
          },
          {
            "gender": "M",
            "id": 10229612,
            "name": "Men's 400 Metres Hurdles",
            "combined": null,
            "__typename": "CalendarResultsOptionEvent"
          },
          {
            "gender": "M",
            "id": 10229614,
            "name": "Men's 3000 Metres Steeplechase",
            "combined": null,
            "__typename": "CalendarResultsOptionEvent"
          },
          {
            "gender": "M",
            "id": 10229615,
            "name": "Men's High Jump",
            "combined": null,
            "__typename": "CalendarResultsOptionEvent"
          },
          {
            "gender": "M",
            "id": 10229616,
            "name": "Men's Pole Vault",
            "combined": null,
            "__typename": "CalendarResultsOptionEvent"
          },
          {
            "gender": "M",
            "id": 10229617,
            "name": "Men's Long Jump",
            "combined": null,
            "__typename": "CalendarResultsOptionEvent"
          },
          {
            "gender": "M",
            "id": 10229618,
            "name": "Men's Triple Jump",
            "combined": null,
            "__typename": "CalendarResultsOptionEvent"
          },
          {
            "gender": "M",
            "id": 10229619,
            "name": "Men's Shot Put",
            "combined": null,
            "__typename": "CalendarResultsOptionEvent"
          },
          {
            "gender": "M",
            "id": 10229620,
            "name": "Men's Discus Throw",
            "combined": null,
            "__typename": "CalendarResultsOptionEvent"
          },
          {
            "gender": "M",
            "id": 10229621,
            "name": "Men's Hammer Throw",
            "combined": null,
            "__typename": "CalendarResultsOptionEvent"
          },
          {
            "gender": "M",
            "id": 10229636,
            "name": "Men's Javelin Throw",
            "combined": null,
            "__typename": "CalendarResultsOptionEvent"
          },
          {
            "gender": "M",
            "id": 10229634,
            "name": "Men's Marathon",
            "combined": null,
            "__typename": "CalendarResultsOptionEvent"
          },
          {
            "gender": "M",
            "id": 10229508,
            "name": "Men's 20 Kilometres Race Walk",
            "combined": null,
            "__typename": "CalendarResultsOptionEvent"
          },
          {
            "gender": "M",
            "id": 10229628,
            "name": "Men's 50 Kilometres Race Walk",
            "combined": null,
            "__typename": "CalendarResultsOptionEvent"
          },
          {
            "gender": "M",
            "id": 10229629,
            "name": "Men's Decathlon",
            "combined": true,
            "__typename": "CalendarResultsOptionEvent"
          },
          {
            "gender": "M",
            "id": 204593,
            "name": "Men's 4x100 Metres Relay",
            "combined": null,
            "__typename": "CalendarResultsOptionEvent"
          },
          {
            "gender": "M",
            "id": 204595,
            "name": "Men's 4x400 Metres Relay",
            "combined": null,
            "__typename": "CalendarResultsOptionEvent"
          }
        ],
        "__typename": "CalendarResultsOptions"
      },
      "parameters": {
        "competitionId": 6961749,
        "day": null,
        "eventId": 10229530,
        "__typename": "CalendarResultsParameters"
      },
      "__typename": "CalendarCompetitionResults"
    }
  }
}