{
  "data": {
    "getCalendarCompetitionResults": {
      "competition": {
        "dateRange": "26 JUL\u201304 AUG 1996",
        "endDate": "1996-08-04",
        "name": "The XXVI Olympic Games",
        "rankingCategory": "OW",
        "startDate": "1996-07-26",
        "venue": "Olympic Stadium, Atlanta, GA (USA)",
        "__typename": "CalendarResultsCompetition"
      },
      "eventTitles": [
        {
          "rankingCategory": "OW",
          "eventTitle": null,
          "events": [
            {
              "event": "Women's 400 Metres Hurdles",
              "eventId": 10229523,
              "gender": "W",
              "isRelay": false,
              "perResultWind": false,
              "withWind": false,
              "summary": null,
              "races": [
                {
                  "date": "1996-07-31",
                  "day": 6,
                  "race": "Final",
                  "raceId": 10,
                  "raceNumber": 0,
                  "results": [
                    {
                      "competitor": {
                        "teamMembers": null,
                        "id": "qfgqal37joo8zn6mw1pd88",
                        "name": "Deon HEMMINGS",
                        "iaafId": 67021,
                        "urlSlug": "jamaica/deon-hemmings-014285726",
                        "birthDate": "09 OCT 1968",
                        "hasProfile": true,
                        "__typename": "CalendarResultsCompetitor"
                      },
                      "mark": "52.82",
                      "nationality": "JAM",
                      "place": "1.",
                      "points": null,
                      "qualified": null,
                      "records": "",
                      "wind": null,
                      "remark": null,
                      "details": null,
                      "__typename": "CalendarResultsRaceResult"
                    },
                    {
                      "competitor": {
                        "teamMembers": null,
                        "id": "pl8kn02cshlmeh87kvfom",
                        "name": "Kim BATTEN",
                        "iaafId": 60132,
                        "urlSlug": "united-states/kim-batten-014305462",
                        "birthDate": "29 MAR 1969",
                        "hasProfile": true,
                        "__typename": "CalendarResultsCompetitor"
                      },
                      "mark": "53.08",
                      "nationality": "USA",
                      "place": "2.",
                      "points": null,
                      "qualified": null,
                      "records": "",
                      "wind": null,
                      "remark": null,
                      "details": null,
                      "__typename": "CalendarResultsRaceResult"
                    },
                    {
                      "competitor": {
                        "teamMembers": null,
                        "id": "b5kc98m4m6fq0g6pyrx5eb",
                        "name": "Tonja BUFORD-BAILEY",
                        "iaafId": 63012,
                        "urlSlug": "united-states/tonja-buford-bailey-014306760",
                        "birthDate": "13 DEC 1970",
                        "hasProfile": true,
                        "__typename": "CalendarResultsCompetitor"
                      },
                      "mark": "53.22",
                      "nationality": "USA",
                      "place": "3.",
                      "points": null,
                      "qualified": null,
                      "records": "",
                      "wind": null,
                      "remark": null,
                      "details": null,
                      "__typename": "CalendarResultsRaceResult"
                    },
                    {
                      "competitor": {
                        "teamMembers": null,
                        "id": "9qe6iqamivui26ihhym1q",
                        "name": "Debbie-Ann PARRIS-THYMES",
                        "iaafId": 67964,
                        "urlSlug": "jamaica/debbie-ann-parris-thymes-014285847",
                        "birthDate": "24 MAR 1973",
                        "hasProfile": true,
                        "__typename": "CalendarResultsCompetitor"
                      },
                      "mark": "53.97",
                      "nationality": "JAM",
                      "place": "4.",
                      "points": null,
                      "qualified": null,
                      "records": "",
                      "wind": null,
                      "remark": null,
                      "details": null,
                      "__typename": "CalendarResultsRaceResult"
                    },
                    {
                      "competitor": {
                        "teamMembers": null,
                        "id": "4fvo9satrf1czwchrelg7s",
                        "name": "Heike MEISSNER",
                        "iaafId": 62802,
                        "urlSlug": "germany/heike-meissner-014278853",
                        "birthDate": "29 JAN 1970",
                        "hasProfile": true,
                        "__typename": "CalendarResultsCompetitor"
                      },
                      "mark": "54.03",
                      "nationality": "GER",
                      "place": "5.",
                      "points": null,
                      "qualified": null,
                      "records": "",
                      "wind": null,
                      "remark": null,
                      "details": null,
                      "__typename": "CalendarResultsRaceResult"
                    },
                    {
                      "competitor": {
                        "teamMembers": null,
                        "id": "1p9j7qki07segdkw5912b",
                        "name": "Rosey EDEH",
                        "iaafId": 60489,
                        "urlSlug": "canada/rosey-edeh-014268055",
                        "birthDate": "13 AUG 1966",
                        "hasProfile": true,
                        "__typename": "CalendarResultsCompetitor"
                      },
                      "mark": "54.39",
                      "nationality": "CAN",
                      "place": "6.",
                      "points": null,
                      "qualified": null,
                      "records": "",
                      "wind": null,
                      "remark": null,
                      "details": null,
                      "__typename": "CalendarResultsRaceResult"
                    },
                    {
                      "competitor": {
                        "teamMembers": null,
                        "id": "x8hp1tt4vgm8q1fzd8tjgp",
                        "name": "Ionela \u0162IRLEA-MANOLACHE",
                        "iaafId": 68017,
                        "urlSlug": "romania/ionela-tirlea-manolache-014296003",
                        "birthDate": "09 FEB 1976",
                        "hasProfile": true,
                        "__typename": "CalendarResultsCompetitor"
                      },
                      "mark": "54.40",
                      "nationality": "ROU",
                      "place": "7.",
                      "points": null,
                      "qualified": null,
                      "records": "",
                      "wind": null,
                      "remark": null,
                      "details": null,
                      "__typename": "CalendarResultsRaceResult"
                    },
                    {
                      "competitor": {
                        "teamMembers": null,
                        "id": "etworw0kb0etbhixuyozi",
                        "name": "Silvia RIEGER",
                        "iaafId": 61592,
                        "urlSlug": "germany/silvia-rieger-014279379",
                        "birthDate": "14 NOV 1970",
                        "hasProfile": true,
                        "__typename": "CalendarResultsCompetitor"
                      },
                      "mark": "54.57",
                      "nationality": "GER",
                      "place": "8.",
                      "points": null,
                      "qualified": null,
                      "records": "",
                      "wind": null,
                      "remark": null,
                      "details": null,
                      "__typename": "CalendarResultsRaceResult"
                    }
                  ],
                  "startList": null,
                  "wind": null,
                  "__typename": "CalendarResultsRace"
                },
                {
                  "date": "1996-07-29",
                  "day": 4,
                  "race": "Semifinal - Heat",
                  "raceId": 13,
                  "raceNumber": 1,
                  "results": [
                    {
                      "competitor": {
                        "teamMembers": null,
                        "id": "pre6lxkxybgubcpst272i",
                        "name": "Deon HEMMINGS",
                        "iaafId": 67021,
                        "urlSlug": "jamaica/deon-hemmings-014285726",
                        "birthDate": "09 OCT 1968",
                        "hasProfile": true,
                        "__typename": "CalendarResultsCompetitor"
                      },
                      "mark": "52.99",
                      "nationality": "JAM",
                      "place": "1.",
                      "points": null,
                      "qualified": null,
                      "records": "",
                      "wind": null,
                      "remark": null,
                      "details": null,
                      "__typename": "CalendarResultsRaceResult"
                    },
                    {
                      "competitor": {
                        "teamMembers": null,
                        "id": "chsg45d9k6nvsbszcmob2i",
                        "name": "Tonja BUFORD-BAILEY",
                        "iaafId": 63012,
                        "urlSlug": "united-states/tonja-buford-bailey-014306760",
                        "birthDate": "13 DEC 1970",
                        "hasProfile": true,
                        "__typename": "CalendarResultsCompetitor"
                      },
                      "mark": "53.38",
                      "nationality": "USA",
                      "place": "2.",
                      "points": null,
                      "qualified": null,
                      "records": "",
                      "wind": null,
                      "remark": null,
                      "details": null,
                      "__typename": "CalendarResultsRaceResult"
                    },
                    {
                      "competitor": {
                        "teamMembers": null,
                        "id": "kjaool9kihq2gj6oqpie3f",
                        "name": "Heike MEISSNER",
                        "iaafId": 62802,
                        "urlSlug": "germany/heike-meissner-014278853",
                        "birthDate": "29 JAN 1970",
                        "hasProfile": true,
                        "__typename": "CalendarResultsCompetitor"
                      },
                      "mark": "54.27",
                      "nationality": "GER",
                      "place": "3.",
                      "points": null,
                      "qualified": null,
                      "records": "",
                      "wind": null,
                      "remark": null,
                      "details": null,
                      "__typename": "CalendarResultsRaceResult"
                    },
                    {
                      "competitor": {
                        "teamMembers": null,
                        "id": "lnbf65gvpqkixpm365sxm",
                        "name": "Ionela \u0162IRLEA-MANOLACHE",
                        "iaafId": 68017,
                        "urlSlug": "romania/ionela-tirlea-manolache-014296003",
                        "birthDate": "09 FEB 1976",
                        "hasProfile": true,
                        "__typename": "CalendarResultsCompetitor"
                      },
                      "mark": "54.41",
                      "nationality": "ROU",
                      "place": "4.",
                      "points": null,
                      "qualified": null,
                      "records": "",
                      "wind": null,
                      "remark": null,
                      "details": null,
                      "__typename": "CalendarResultsRaceResult"
                    },
                    {
                      "competitor": {
                        "teamMembers": null,
                        "id": "2uesi7i7ewv7xb6s3a1553",
                        "name": "Susan SMITH-WALSH",
                        "iaafId": 130179,
                        "urlSlug": "ireland/susan-smith-walsh-014283383",
                        "birthDate": "14 SEP 1971",
                        "hasProfile": true,
                        "__typename": "CalendarResultsCompetitor"
                      },
                      "mark": "54.93",
                      "nationality": "IRL",
                      "place": "5.",
                      "points": null,
                      "qualified": null,
                      "records": "",
                      "wind": null,
                      "remark": null,
                      "details": null,
                      "__typename": "CalendarResultsRaceResult"
                    },
                    {
                      "competitor": {
                        "teamMembers": null,
                        "id": "x8ug0hb3yyp9gno28mbsr",
                        "name": "Ann MERCKEN",
                        "iaafId": 110056,
                        "urlSlug": "belgium/ann-mercken-014270288",
                        "birthDate": "06 MAY 1974",
                        "hasProfile": true,
                        "__typename": "CalendarResultsCompetitor"
                      },
                      "mark": "54.95",
                      "nationality": "BEL",
                      "place": "6.",
                      "points": null,
                      "qualified": null,
                      "records": "",
                      "wind": null,
                      "remark": null,
                      "details": null,
                      "__typename": "CalendarResultsRaceResult"
                    },
                    {
                      "competitor": {
                        "teamMembers": null,
                        "id": "6c01rkdz42a8sb02tt3qoq",
                        "name": "Tatyana LEDOVSKAYA",
                        "iaafId": 61063,
                        "urlSlug": "belarus/tatyana-ledovskaya-014269779",
                        "birthDate": "21 MAY 1966",
                        "hasProfile": true,
                        "__typename": "CalendarResultsCompetitor"
                      },
                      "mark": "54.99",
                      "nationality": "BLR",
                      "place": "7.",
                      "points": null,
                      "qualified": null,
                      "records": "",
                      "wind": null,
                      "remark": null,
                      "details": null,
                      "__typename": "CalendarResultsRaceResult"
                    },
                    {
                      "competitor": {
                        "teamMembers": null,
                        "id": "w5m7wylt13gf6ywf0lyyl",
                        "name": "Tetyana TERESHCHUK-ANTIPOVA",
                        "iaafId": 68303,
                        "urlSlug": "ukraine/tetyana-tereshchuk-antipova-014304256",
                        "birthDate": "11 OCT 1969",
                        "hasProfile": true,
                        "__typename": "CalendarResultsCompetitor"
                      },
                      "mark": "55.34",
                      "nationality": "UKR",
                      "place": "8.",
                      "points": null,
                      "qualified": null,
                      "records": "",
                      "wind": null,
                      "remark": null,
                      "details": null,
                      "__typename": "CalendarResultsRaceResult"
                    }
                  ],
                  "startList": null,
                  "wind": null,
                  "__typename": "CalendarResultsRace"
                },
                {
                  "date": "1996-07-29",
                  "day": 4,
                  "race": "Semifinal - Heat",
                  "raceId": 13,
                  "raceNumber": 2,
                  "results": [
                    {
                      "competitor": {
                        "teamMembers": null,
                        "id": "rqafw8om522qli8zj9ogu",
                        "name": "Kim BATTEN",
                        "iaafId": 60132,
                        "urlSlug": "united-states/kim-batten-014305462",
                        "birthDate": "29 MAR 1969",
                        "hasProfile": true,
                        "__typename": "CalendarResultsCompetitor"
                      },
                      "mark": "53.65",
                      "nationality": "USA",
                      "place": "1.",
                      "points": null,
                      "qualified": null,
                      "records": "",
                      "wind": null,
                      "remark": null,
                      "details": null,
                      "__typename": "CalendarResultsRaceResult"
                    },
                    {
                      "competitor": {
                        "teamMembers": null,
                        "id": "mv2n78oo3gvikx430lxmg",
                        "name": "Silvia RIEGER",
                        "iaafId": 61592,
                        "urlSlug": "germany/silvia-rieger-014279379",
                        "birthDate": "14 NOV 1970",
                        "hasProfile": true,
                        "__typename": "CalendarResultsCompetitor"
                      },
                      "mark": "54.27",
                      "nationality": "GER",
                      "place": "2.",
                      "points": null,
                      "qualified": null,
                      "records": "",
                      "wind": null,
                      "remark": null,
                      "details": null,
                      "__typename": "CalendarResultsRaceResult"
                    },
                    {
                      "competitor": {
                        "teamMembers": null,
                        "id": "rw58ahplg5fwq69qd4w9k",
                        "name": "Rosey EDEH",
                        "iaafId": 60489,
                        "urlSlug": "canada/rosey-edeh-014268055",
                        "birthDate": "13 AUG 1966",
                        "hasProfile": true,
                        "__typename": "CalendarResultsCompetitor"
                      },
                      "mark": "54.49",
                      "nationality": "CAN",
                      "place": "3.",
                      "points": null,
                      "qualified": null,
                      "records": "",
                      "wind": null,
                      "remark": null,
                      "details": null,
                      "__typename": "CalendarResultsRaceResult"
                    },
                    {
                      "competitor": {
                        "teamMembers": null,
                        "id": "8tk2e8i4pbmwaryi55mb7r",
                        "name": "Debbie-Ann PARRIS-THYMES",
                        "iaafId": 67964,
                        "urlSlug": "jamaica/debbie-ann-parris-thymes-014285847",
                        "birthDate": "24 MAR 1973",
                        "hasProfile": true,
                        "__typename": "CalendarResultsCompetitor"
                      },
                      "mark": "54.72",
                      "nationality": "JAM",
                      "place": "4.",
                      "points": null,
                      "qualified": null,
                      "records": "",
                      "wind": null,
                      "remark": null,
                      "details": null,
                      "__typename": "CalendarResultsRaceResult"
                    },
                    {
                      "competitor": {
                        "teamMembers": null,
                        "id": "yix11l8bfw5p3v97chx4q",
                        "name": "Sandra FARMER-PATRICK",
                        "iaafId": 60526,
                        "urlSlug": "united-states/sandra-farmer-patrick-014309916",
                        "birthDate": "18 AUG 1962",
                        "hasProfile": true,
                        "__typename": "CalendarResultsCompetitor"
                      },
                      "mark": "54.73",
                      "nationality": "USA",
                      "place": "5.",
                      "points": null,
                      "qualified": null,
                      "records": "",
                      "wind": null,
                      "remark": null,
                      "details": null,
                      "__typename": "CalendarResultsRaceResult"
                    },
                    {
                      "competitor": {
                        "teamMembers": null,
                        "id": "1052zyrdw8phceohtha7vb",
                        "name": "Gudr\u00fan ARNARD\u00d3TTIR",
                        "iaafId": 68196,
                        "urlSlug": "iceland/gudrun-arnardottir-014283417",
                        "birthDate": "24 SEP 1971",
                        "hasProfile": true,
                        "__typename": "CalendarResultsCompetitor"
                      },
                      "mark": "54.81",
                      "nationality": "ISL",
                      "place": "6.",
                      "points": null,
                      "qualified": null,
                      "records": "",
                      "wind": null,
                      "remark": null,
                      "details": null,
                      "__typename": "CalendarResultsRaceResult"
                    },
                    {
                      "competitor": {
                        "teamMembers": null,
                        "id": "x0vqkb00foiuwzfkj6jt7",
                        "name": "Mich\u00e9le SCHENK",
                        "iaafId": 68309,
                        "urlSlug": "switzerland/michele-schenk-014301194",
                        "birthDate": "08 MAR 1974",
                        "hasProfile": true,
                        "__typename": "CalendarResultsCompetitor"
                      },
                      "mark": "55.96",
                      "nationality": "SUI",
                      "place": "7.",
                      "points": null,
                      "qualified": null,
                      "records": "",
                      "wind": null,
                      "remark": null,
                      "details": null,
                      "__typename": "CalendarResultsRaceResult"
                    },
                    {
                      "competitor": {
                        "teamMembers": null,
                        "id": "35zcb0el38xx4n0t7acwb",
                        "name": "Sally GUNNELL",
                        "iaafId": 60686,
                        "urlSlug": "great-britain-ni/sally-gunnell-014275195",
                        "birthDate": "29 JUL 1966",
                        "hasProfile": true,
                        "__typename": "CalendarResultsCompetitor"
                      },
                      "mark": "DNF",
                      "nationality": "GBR",
                      "place": "",
                      "points": null,
                      "qualified": null,
                      "records": "",
                      "wind": null,
                      "remark": null,
                      "details": null,
                      "__typename": "CalendarResultsRaceResult"
                    }
                  ],
                  "startList": null,
                  "wind": null,
                  "__typename": "CalendarResultsRace"
                },
                {
                  "date": "1996-07-28",
                  "day": 3,
                  "race": "Round 1 - Heat",
                  "raceId": 11,
                  "raceNumber": 1,
                  "results": [
                    {
                      "competitor": {
                        "teamMembers": null,
                        "id": "dlc97f1ci6uqvcz9btdwq8",
                        "name": "Gudr\u00fan ARNARD\u00d3TTIR",
                        "iaafId": 68196,
                        "urlSlug": "iceland/gudrun-arnardottir-014283417",
                        "birthDate": "24 SEP 1971",
                        "hasProfile": true,
                        "__typename": "CalendarResultsCompetitor"
                      },
                      "mark": "54.88",
                      "nationality": "ISL",
                      "place": "1.",
                      "points": null,
                      "qualified": null,
                      "records": "",
                      "wind": null,
                      "remark": null,
                      "details": null,
                      "__typename": "CalendarResultsRaceResult"
                    },
                    {
                      "competitor": {
                        "teamMembers": null,
                        "id": "dcr3txb6heard41e6tq8lg",
                        "name": "Sandra FARMER-PATRICK",
                        "iaafId": 60526,
                        "urlSlug": "united-states/sandra-farmer-patrick-014309916",
                        "birthDate": "18 AUG 1962",
                        "hasProfile": true,
                        "__typename": "CalendarResultsCompetitor"
                      },
                      "mark": "55.55",
                      "nationality": "USA",
                      "place": "2.",
                      "points": null,
                      "qualified": null,
                      "records": "",
                      "wind": null,
                      "remark": null,
                      "details": null,
                      "__typename": "CalendarResultsRaceResult"
                    },
                    {
                      "competitor": {
                        "teamMembers": null,
                        "id": "ezdjtbutnyg6ado0bwwcc",
                        "name": "Debbie-Ann PARRIS-THYMES",
                        "iaafId": 67964,
                        "urlSlug": "jamaica/debbie-ann-parris-thymes-014285847",
                        "birthDate": "24 MAR 1973",
                        "hasProfile": true,
                        "__typename": "CalendarResultsCompetitor"
                      },
                      "mark": "55.64",
                      "nationality": "JAM",
                      "place": "3.",
                      "points": null,
                      "qualified": null,
                      "records": "",
                      "wind": null,
                      "remark": null,
                      "details": null,
                      "__typename": "CalendarResultsRaceResult"
                    },
                    {
                      "competitor": {
                        "teamMembers": null,
                        "id": "8jd3kte2nxymqo80kzmr5m",
                        "name": "Mich\u00e9le SCHENK",
                        "iaafId": 68309,
                        "urlSlug": "switzerland/michele-schenk-014301194",
                        "birthDate": "08 MAR 1974",
                        "hasProfile": true,
                        "__typename": "CalendarResultsCompetitor"
                      },
                      "mark": "55.70",
                      "nationality": "SUI",
                      "place": "4.",
                      "points": null,
                      "qualified": null,
                      "records": "",
                      "wind": null,
                      "remark": null,
                      "details": null,
                      "__typename": "CalendarResultsRaceResult"
                    },
                    {
                      "competitor": {
                        "teamMembers": null,
                        "id": "3rtpn922xv62lhds146l7h",
                        "name": "Tatyana LEDOVSKAYA",
                        "iaafId": 61063,
                        "urlSlug": "belarus/tatyana-ledovskaya-014269779",
                        "birthDate": "21 MAY 1966",
                        "hasProfile": true,
                        "__typename": "CalendarResultsCompetitor"
                      },
                      "mark": "55.82",
                      "nationality": "BLR",
                      "place": "5.",
                      "points": null,
                      "qualified": null,
                      "records": "",
                      "wind": null,
                      "remark": null,
                      "details": null,
                      "__typename": "CalendarResultsRaceResult"
                    },
                    {
                      "competitor": {
                        "teamMembers": null,
                        "id": "ya34anhliapvnpw5ry4s3i",
                        "name": "Virna DE ANGELI",
                        "iaafId": 68446,
                        "urlSlug": "italy/virna-de-angeli-014284178",
                        "birthDate": "27 FEB 1976",
                        "hasProfile": true,
                        "__typename": "CalendarResultsCompetitor"
                      },
                      "mark": "57.12",
                      "nationality": "ITA",
                      "place": "6.",
                      "points": null,
                      "qualified": null,
                      "records": "",
                      "wind": null,
                      "remark": null,
                      "details": null,
                      "__typename": "CalendarResultsRaceResult"
                    },
                    {
                      "competitor": {
                        "teamMembers": null,
                        "id": "9uthwz1hqgit7twrttbtw9",
                        "name": "Mary Estelle KAPALU",
                        "iaafId": 67042,
                        "urlSlug": "vanuatu/mary-estelle-kapalu-014325084",
                        "birthDate": "11 AUG 1966",
                        "hasProfile": true,
                        "__typename": "CalendarResultsCompetitor"
                      },
                      "mark": "58.68",
                      "nationality": "VAN",
                      "place": "7.",
                      "points": null,
                      "qualified": null,
                      "records": "",
                      "wind": null,
                      "remark": null,
                      "details": null,
                      "__typename": "CalendarResultsRaceResult"
                    },
                    {
                      "competitor": {
                        "teamMembers": null,
                        "id": "gk0d02kf6jhc9m2ugch9ii",
                        "name": "Pei-Ching HSU",
                        "iaafId": 67378,
                        "urlSlug": "chinese-taipei/pei-ching-hsu-014302838",
                        "birthDate": "24 OCT 1973",
                        "hasProfile": true,
                        "__typename": "CalendarResultsCompetitor"
                      },
                      "mark": "58.80",
                      "nationality": "TPE",
                      "place": "8.",
                      "points": null,
                      "qualified": null,
                      "records": "",
                      "wind": null,
                      "remark": null,
                      "details": null,
                      "__typename": "CalendarResultsRaceResult"
                    }
                  ],
                  "startList": null,
                  "wind": null,
                  "__typename": "CalendarResultsRace"
                },
                {
                  "date": "1996-07-28",
                  "day": 3,
                  "race": "Round 1 - Heat",
                  "raceId": 11,
                  "raceNumber": 2,
                  "results": [
                    {
                      "competitor": {
                        "teamMembers": null,
                        "id": "8uxf4w30jgvmha8y2wbmw",
                        "name": "Tonja BUFORD-BAILEY",
                        "iaafId": 63012,
                        "urlSlug": "united-states/tonja-buford-bailey-014306760",
                        "birthDate": "13 DEC 1970",
                        "hasProfile": true,
                        "__typename": "CalendarResultsCompetitor"
                      },
                      "mark": "55.23",
                      "nationality": "USA",
                      "place": "1.",
                      "points": null,
                      "qualified": null,
                      "records": "",
                      "wind": null,
                      "remark": null,
                      "details": null,
                      "__typename": "CalendarResultsRaceResult"
                    },
                    {
                      "competitor": {
                        "teamMembers": null,
                        "id": "m46fn6xnted6s5jxd44mki",
                        "name": "Sally GUNNELL",
                        "iaafId": 60686,
                        "urlSlug": "great-britain-ni/sally-gunnell-014275195",
                        "birthDate": "29 JUL 1966",
                        "hasProfile": true,
                        "__typename": "CalendarResultsCompetitor"
                      },
                      "mark": "55.29",
                      "nationality": "GBR",
                      "place": "2.",
                      "points": null,
                      "qualified": null,
                      "records": "",
                      "wind": null,
                      "remark": null,
                      "details": null,
                      "__typename": "CalendarResultsRaceResult"
                    },
                    {
                      "competitor": {
                        "teamMembers": null,
                        "id": "qr0y3iyb0rb82q13nia9ei",
                        "name": "Silvia RIEGER",
                        "iaafId": 61592,
                        "urlSlug": "germany/silvia-rieger-014279379",
                        "birthDate": "14 NOV 1970",
                        "hasProfile": true,
                        "__typename": "CalendarResultsCompetitor"
                      },
                      "mark": "55.33",
                      "nationality": "GER",
                      "place": "3.",
                      "points": null,
                      "qualified": null,
                      "records": "",
                      "wind": null,
                      "remark": null,
                      "details": null,
                      "__typename": "CalendarResultsRaceResult"
                    },
                    {
                      "competitor": {
                        "teamMembers": null,
                        "id": "2cb0r1s2mhgfju46ng6uhl",
                        "name": "Rosey EDEH",
                        "iaafId": 60489,
                        "urlSlug": "canada/rosey-edeh-014268055",
                        "birthDate": "13 AUG 1966",
                        "hasProfile": true,
                        "__typename": "CalendarResultsCompetitor"
                      },
                      "mark": "55.64",
                      "nationality": "CAN",
                      "place": "4.",
                      "points": null,
                      "qualified": null,
                      "records": "",
                      "wind": null,
                      "remark": null,
                      "details": null,
                      "__typename": "CalendarResultsRaceResult"
                    },
                    {
                      "competitor": {
                        "teamMembers": null,
                        "id": "ifffcls6dmhhxhatm3wzf",
                        "name": "Natalya TORSHINA-ALIMZHANOVA",
                        "iaafId": 67373,
                        "urlSlug": "kazakhstan/natalya-torshina-alimzhanova-014288733",
                        "birthDate": "04 OCT 1968",
                        "hasProfile": true,
                        "__typename": "CalendarResultsCompetitor"
                      },
                      "mark": "55.94",
                      "nationality": "KAZ",
                      "place": "5.",
                      "points": null,
                      "qualified": null,
                      "records": "",
                      "wind": null,
                      "remark": null,
                      "details": null,
                      "__typename": "CalendarResultsRaceResult"
                    },
                    {
                      "competitor": {
                        "teamMembers": null,
                        "id": "k9flx5foucjr0m2xix6g4h",
                        "name": "Martina STOOP",
                        "iaafId": 71211,
                        "urlSlug": "switzerland/martina-stoop-014301258",
                        "birthDate": "01 JAN 1973",
                        "hasProfile": true,
                        "__typename": "CalendarResultsCompetitor"
                      },
                      "mark": "56.32",
                      "nationality": "SUI",
                      "place": "6.",
                      "points": null,
                      "qualified": null,
                      "records": "",
                      "wind": null,
                      "remark": null,
                      "details": null,
                      "__typename": "CalendarResultsRaceResult"
                    },
                    {
                      "competitor": {
                        "teamMembers": null,
                        "id": "6kkehtwlfqdltcrgt02ext",
                        "name": "Miriam ALONSO",
                        "iaafId": 67886,
                        "urlSlug": "spain/miriam-alonso-014262120",
                        "birthDate": "06 JUN 1970",
                        "hasProfile": true,
                        "__typename": "CalendarResultsCompetitor"
                      },
                      "mark": "56.53",
                      "nationality": "ESP",
                      "place": "7.",
                      "points": null,
                      "qualified": null,
                      "records": "",
                      "wind": null,
                      "remark": null,
                      "details": null,
                      "__typename": "CalendarResultsRaceResult"
                    },
                    {
                      "competitor": {
                        "teamMembers": null,
                        "id": "euvw8a5ijg9lsiznbi847",
                        "name": "Omolade AKINREMI",
                        "iaafId": 68038,
                        "urlSlug": "nigeria/omolade-akinremi-014292335",
                        "birthDate": "13 SEP 1974",
                        "hasProfile": true,
                        "__typename": "CalendarResultsCompetitor"
                      },
                      "mark": "56.83",
                      "nationality": "NGR",
                      "place": "8.",
                      "points": null,
                      "qualified": null,
                      "records": "",
                      "wind": null,
                      "remark": null,
                      "details": null,
                      "__typename": "CalendarResultsRaceResult"
                    }
                  ],
                  "startList": null,
                  "wind": null,
                  "__typename": "CalendarResultsRace"
                },
                {
                  "date": "1996-07-28",
                  "day": 3,
                  "race": "Round 1 - Heat",
                  "raceId": 11,
                  "raceNumber": 3,
                  "results": [
                    {
                      "competitor": {
                        "teamMembers": null,
                        "id": "zxuxhayox8j4tlwtobl33d",
                        "name": "Kim BATTEN",
                        "iaafId": 60132,
                        "urlSlug": "united-states/kim-batten-014305462",
                        "birthDate": "29 MAR 1969",
                        "hasProfile": true,
                        "__typename": "CalendarResultsCompetitor"
                      },
                      "mark": "54.92",
                      "nationality": "USA",
                      "place": "1.",
                      "points": null,
                      "qualified": null,
                      "records": "",
                      "wind": null,
                      "remark": null,
                      "details": null,
                      "__typename": "CalendarResultsRaceResult"
                    },
                    {
                      "competitor": {
                        "teamMembers": null,
                        "id": "y16qxfjx3psf41bs3fd86q",
                        "name": "Tetyana TERESHCHUK-ANTIPOVA",
                        "iaafId": 68303,
                        "urlSlug": "ukraine/tetyana-tereshchuk-antipova-014304256",
                        "birthDate": "11 OCT 1969",
                        "hasProfile": true,
                        "__typename": "CalendarResultsCompetitor"
                      },
                      "mark": "55.82",
                      "nationality": "UKR",
                      "place": "2.",
                      "points": null,
                      "qualified": null,
                      "records": "",
                      "wind": null,
                      "remark": null,
                      "details": null,
                      "__typename": "CalendarResultsRaceResult"
                    },
                    {
                      "competitor": {
                        "teamMembers": null,
                        "id": "hckuji2v0nmr4o6lb5dui",
                        "name": "Ann MERCKEN",
                        "iaafId": 110056,
                        "urlSlug": "belgium/ann-mercken-014270288",
                        "birthDate": "06 MAY 1974",
                        "hasProfile": true,
                        "__typename": "CalendarResultsCompetitor"
                      },
                      "mark": "55.88",
                      "nationality": "BEL",
                      "place": "3.",
                      "points": null,
                      "qualified": null,
                      "records": "",
                      "wind": null,
                      "remark": null,
                      "details": null,
                      "__typename": "CalendarResultsRaceResult"
                    },
                    {
                      "competitor": {
                        "teamMembers": null,
                        "id": "jvbo93kxy9ezu0iqx9h6",
                        "name": "Anna KNOROZ",
                        "iaafId": 65333,
                        "urlSlug": "russia/anna-knoroz-014298146",
                        "birthDate": "30 JUL 1970",
                        "hasProfile": true,
                        "__typename": "CalendarResultsCompetitor"
                      },
                      "mark": "56.21",
                      "nationality": "RUS",
                      "place": "4.",
                      "points": null,
                      "qualified": null,
                      "records": "",
                      "wind": null,
                      "remark": null,
                      "details": null,
                      "__typename": "CalendarResultsRaceResult"
                    },
                    {
                      "competitor": {
                        "teamMembers": null,
                        "id": "msbjqo2u4zpy75pnzdm0jm",
                        "name": "Catherine SCOTT-POMALES",
                        "iaafId": 67966,
                        "urlSlug": "jamaica/catherine-scott-pomales-014285898",
                        "birthDate": "27 AUG 1973",
                        "hasProfile": true,
                        "__typename": "CalendarResultsCompetitor"
                      },
                      "mark": "56.21",
                      "nationality": "JAM",
                      "place": "5.",
                      "points": null,
                      "qualified": null,
                      "records": "",
                      "wind": null,
                      "remark": null,
                      "details": null,
                      "__typename": "CalendarResultsRaceResult"
                    },
                    {
                      "competitor": {
                        "teamMembers": null,
                        "id": "yo289b5qlik4nbxtlh2mmg",
                        "name": "Karen VAN DER VEEN",
                        "iaafId": 67353,
                        "urlSlug": "south-africa/karen-van-der-veen-014297010",
                        "birthDate": "07 JAN 1966",
                        "hasProfile": true,
                        "__typename": "CalendarResultsCompetitor"
                      },
                      "mark": "57.00",
                      "nationality": "RSA",
                      "place": "6.",
                      "points": null,
                      "qualified": null,
                      "records": "",
                      "wind": null,
                      "remark": null,
                      "details": null,
                      "__typename": "CalendarResultsRaceResult"
                    },
                    {
                      "competitor": {
                        "teamMembers": null,
                        "id": "ddqdvasilj99sy6idfn4g",
                        "name": "Tatyana KUROCHKINA",
                        "iaafId": 61020,
                        "urlSlug": "belarus/tatyana-kurochkina-014269784",
                        "birthDate": "15 SEP 1967",
                        "hasProfile": true,
                        "__typename": "CalendarResultsCompetitor"
                      },
                      "mark": "57.28",
                      "nationality": "BLR",
                      "place": "7.",
                      "points": null,
                      "qualified": null,
                      "records": "",
                      "wind": null,
                      "remark": null,
                      "details": null,
                      "__typename": "CalendarResultsRaceResult"
                    }
                  ],
                  "startList": null,
                  "wind": null,
                  "__typename": "CalendarResultsRace"
                },
                {
                  "date": "1996-07-28",
                  "day": 3,
                  "race": "Round 1 - Heat",
                  "raceId": 11,
                  "raceNumber": 4,
                  "results": [
                    {
                      "competitor": {
                        "teamMembers": null,
                        "id": "4qcyvbepz3prqldegk3iq",
                        "name": "Deon HEMMINGS",
                        "iaafId": 67021,
                        "urlSlug": "jamaica/deon-hemmings-014285726",
                        "birthDate": "09 OCT 1968",
                        "hasProfile": true,
                        "__typename": "CalendarResultsCompetitor"
                      },
                      "mark": "54.70",
                      "nationality": "JAM",
                      "place": "1.",
                      "points": null,
                      "qualified": null,
                      "records": "",
                      "wind": null,
                      "remark": null,
                      "details": null,
                      "__typename": "CalendarResultsRaceResult"
                    },
                    {
                      "competitor": {
                        "teamMembers": null,
                        "id": "mb7rz937o1lkycf7j74bsf",
                        "name": "Heike MEISSNER",
                        "iaafId": 62802,
                        "urlSlug": "germany/heike-meissner-014278853",
                        "birthDate": "29 JAN 1970",
                        "hasProfile": true,
                        "__typename": "CalendarResultsCompetitor"
                      },
                      "mark": "55.05",
                      "nationality": "GER",
                      "place": "2.",
                      "points": null,
                      "qualified": null,
                      "records": "",
                      "wind": null,
                      "remark": null,
                      "details": null,
                      "__typename": "CalendarResultsRaceResult"
                    },
                    {
                      "competitor": {
                        "teamMembers": null,
                        "id": "79ey5tscumvzj06ttxje5",
                        "name": "Susan SMITH-WALSH",
                        "iaafId": 130179,
                        "urlSlug": "ireland/susan-smith-walsh-014283383",
                        "birthDate": "14 SEP 1971",
                        "hasProfile": true,
                        "__typename": "CalendarResultsCompetitor"
                      },
                      "mark": "55.22",
                      "nationality": "IRL",
                      "place": "3.",
                      "points": null,
                      "qualified": null,
                      "records": "",
                      "wind": null,
                      "remark": null,
                      "details": null,
                      "__typename": "CalendarResultsRaceResult"
                    },
                    {
                      "competitor": {
                        "teamMembers": null,
                        "id": "tuph5h2p89of3owvn6cv",
                        "name": "Ionela \u0162IRLEA-MANOLACHE",
                        "iaafId": 68017,
                        "urlSlug": "romania/ionela-tirlea-manolache-014296003",
                        "birthDate": "09 FEB 1976",
                        "hasProfile": true,
                        "__typename": "CalendarResultsCompetitor"
                      },
                      "mark": "55.42",
                      "nationality": "ROU",
                      "place": "4.",
                      "points": null,
                      "qualified": null,
                      "records": "",
                      "wind": null,
                      "remark": null,
                      "details": null,
                      "__typename": "CalendarResultsRaceResult"
                    },
                    {
                      "competitor": {
                        "teamMembers": null,
                        "id": "60l0uo3v1gpsrny4cbpp6i",
                        "name": "Lana J\u0112KABSONE",
                        "iaafId": 68413,
                        "urlSlug": "latvia/lana-jekabsone-014290106",
                        "birthDate": "16 OCT 1974",
                        "hasProfile": true,
                        "__typename": "CalendarResultsCompetitor"
                      },
                      "mark": "56.18",
                      "nationality": "LAT",
                      "place": "5.",
                      "points": null,
                      "qualified": null,
                      "records": "",
                      "wind": null,
                      "remark": null,
                      "details": null,
                      "__typename": "CalendarResultsRaceResult"
                    },
                    {
                      "competitor": {
                        "teamMembers": null,
                        "id": "udnna0a1r3hp5zp1kg6pyf",
                        "name": "Nelli VORONKOVA",
                        "iaafId": 62808,
                        "urlSlug": "belarus/nelli-voronkova-014269541",
                        "birthDate": "30 JUN 1972",
                        "hasProfile": true,
                        "__typename": "CalendarResultsCompetitor"
                      },
                      "mark": "56.97",
                      "nationality": "BLR",
                      "place": "6.",
                      "points": null,
                      "qualified": null,
                      "records": "",
                      "wind": null,
                      "remark": null,
                      "details": null,
                      "__typename": "CalendarResultsRaceResult"
                    },
                    {
                      "competitor": {
                        "teamMembers": null,
                        "id": "xbis2v4duib0g3xf48ukrmk",
                        "name": "Eva PANIAGUA",
                        "iaafId": 132374,
                        "urlSlug": "spain/eva-paniagua-014260832",
                        "birthDate": "02 FEB 1974",
                        "hasProfile": true,
                        "__typename": "CalendarResultsCompetitor"
                      },
                      "mark": "58.10",
                      "nationality": "ESP",
                      "place": "7.",
                      "points": null,
                      "qualified": null,
                      "records": "",
                      "wind": null,
                      "remark": null,
                      "details": null,
                      "__typename": "CalendarResultsRaceResult"
                    }
                  ],
                  "startList": null,
                  "wind": null,
                  "__typename": "CalendarResultsRace"
                }
              ],
              "__typename": "CalendarResultsEvent"
            }
          ],
          "__typename": "CalendarResultsEventTitle"
        }
      ],
      "options": {
        "days": [
          {
            "date": "26 JUL 1996",
            "day": 1,
            "__typename": "CalendarResultsOptionsDay"
          },
          {
            "date": "27 JUL 1996",
            "day": 2,
            "__typename": "CalendarResultsOptionsDay"
          },
          {
            "date": "28 JUL 1996",
            "day": 3,
            "__typename": "CalendarResultsOptionsDay"
          },
          {
            "date": "29 JUL 1996",
            "day": 4,
            "__typename": "CalendarResultsOptionsDay"
          },
          {
            "date": "31 JUL 1996",
            "day": 6,
            "__typename": "CalendarResultsOptionsDay"
          },
          {
            "date": "01 AUG 1996",
            "day": 7,
            "__typename": "CalendarResultsOptionsDay"
          },
          {
            "date": "02 AUG 1996",
            "day": 8,
            "__typename": "CalendarResultsOptionsDay"
          },
          {
            "date": "03 AUG 1996",
            "day": 9,
            "__typename": "CalendarResultsOptionsDay"
          },
          {
            "date": "04 AUG 1996",
            "day": 10,
            "__typename": "CalendarResultsOptionsDay"
          }
        ],
        "events": [
          {
            "gender": "W",
            "id": 10229509,
            "name": "Women's 100 Metres",
            "combined": null,
            "__typename": "CalendarResultsOptionEvent"
          },
          {
            "gender": "W",
            "id": 10229510,
            "name": "Women's 200 Metres",
            "combined": null,
            "__typename": "CalendarResultsOptionEvent"
          },
          {
            "gender": "W",
            "id": 10229511,
            "name": "Women's 400 Metres",
            "combined": null,
            "__typename": "CalendarResultsOptionEvent"
          },
          {
            "gender": "W",
            "id": 10229512,
            "name": "Women's 800 Metres",
            "combined": null,
            "__typename": "CalendarResultsOptionEvent"
          },
          {
            "gender": "W",
            "id": 10229513,
            "name": "Women's 1500 Metres",
            "combined": null,
            "__typename": "CalendarResultsOptionEvent"
          },
          {
            "gender": "W",
            "id": 10229514,
            "name": "Women's 5000 Metres",
            "combined": null,
            "__typename": "CalendarResultsOptionEvent"
          },
          {
            "gender": "W",
            "id": 10229521,
            "name": "Women's 10,000 Metres",
            "combined": null,
            "__typename": "CalendarResultsOptionEvent"
          },
          {
            "gender": "W",
            "id": 10229522,
            "name": "Women's 100 Metres Hurdles",
            "combined": null,
            "__typename": "CalendarResultsOptionEvent"
          },
          {
            "gender": "W",
            "id": 10229523,
            "name": "Women's 400 Metres Hurdles",
            "combined": null,
            "__typename": "CalendarResultsOptionEvent"
          },
          {
            "gender": "W",
            "id": 10229526,
            "name": "Women's High Jump",
            "combined": null,
            "__typename": "CalendarResultsOptionEvent"
          },
          {
            "gender": "W",
            "id": 10229528,
            "name": "Women's Long Jump",
            "combined": null,
            "__typename": "CalendarResultsOptionEvent"
          },
          {
            "gender": "W",
            "id": 10229529,
            "name": "Women's Triple Jump",
            "combined": null,
            "__typename": "CalendarResultsOptionEvent"
          },
          {
            "gender": "W",
            "id": 10229530,
            "name": "Women's Shot Put",
            "combined": null,
            "__typename": "CalendarResultsOptionEvent"
          },
          {
            "gender": "W",
            "id": 10229531,
            "name": "Women's Discus Throw",
            "combined": null,
            "__typename": "CalendarResultsOptionEvent"
          },
          {
            "gender": "W",
            "id": 10229596,
            "name": "Women's Javelin Throw (old)",
            "combined": null,
            "__typename": "CalendarResultsOptionEvent"
          },
          {
            "gender": "W",
            "id": 10229534,
            "name": "Women's Marathon",
            "combined": null,
            "__typename": "CalendarResultsOptionEvent"
          },
          {
            "gender": "W",
            "id": 10229547,
            "name": "Women's 10 Kilometres Race Walk",
            "combined": null,
            "__typename": "CalendarResultsOptionEvent"
          },
          {
            "gender": "W",
            "id": 10229536,
            "name": "Women's Heptathlon",
            "combined": true,
            "__typename": "CalendarResultsOptionEvent"
          },
          {
            "gender": "W",
            "id": 204594,
            "name": "Women's 4x100 Metres Relay",
            "combined": null,
            "__typename": "CalendarResultsOptionEvent"
          },
          {
            "gender": "W",
            "id": 204596,
            "name": "Women's 4x400 Metres Relay",
            "combined": null,
            "__typename": "CalendarResultsOptionEvent"
          },
          {
            "gender": "M",
            "id": 10229630,
            "name": "Men's 100 Metres",
            "combined": null,
            "__typename": "CalendarResultsOptionEvent"
          },
          {
            "gender": "M",
            "id": 10229605,
            "name": "Men's 200 Metres",
            "combined": null,
            "__typename": "CalendarResultsOptionEvent"
          },
          {
            "gender": "M",
            "id": 10229631,
            "name": "Men's 400 Metres",
            "combined": null,
            "__typename": "CalendarResultsOptionEvent"
          },
          {
            "gender": "M",
            "id": 10229501,
            "name": "Men's 800 Metres",
            "combined": null,
            "__typename": "CalendarResultsOptionEvent"
          },
          {
            "gender": "M",
            "id": 10229502,
            "name": "Men's 1500 Metres",
            "combined": null,
            "__typename": "CalendarResultsOptionEvent"
          },
          {
            "gender": "M",
            "id": 10229609,
            "name": "Men's 5000 Metres",
            "combined": null,
            "__typename": "CalendarResultsOptionEvent"
          },
          {
            "gender": "M",
            "id": 10229610,
            "name": "Men's 10,000 Metres",
            "combined": null,
            "__typename": "CalendarResultsOptionEvent"
          },
          {
            "gender": "M",
            "id": 10229611,
            "name": "Men's 110 Metres Hurdles",
            "combined": null,
            "__typename": "CalendarResultsOptionEvent"
          },
          {
            "gender": "M",
            "id": 10229612,
            "name": "Men's 400 Metres Hurdles",
            "combined": null,
            "__typename": "CalendarResultsOptionEvent"
          },
          {
            "gender": "M",
            "id": 10229614,
            "name": "Men's 3000 Metres Steeplechase",
            "combined": null,
            "__typename": "CalendarResultsOptionEvent"
          },
          {
            "gender": "M",
            "id": 10229615,
            "name": "Men's High Jump",
            "combined": null,
            "__typename": "CalendarResultsOptionEvent"
          },
          {
            "gender": "M",
            "id": 10229616,
            "name": "Men's Pole Vault",
            "combined": null,
            "__typename": "CalendarResultsOptionEvent"
          },
          {
            "gender": "M",
            "id": 10229617,
            "name": "Men's Long Jump",
            "combined": null,
            "__typename": "CalendarResultsOptionEvent"
          },
          {
            "gender": "M",
            "id": 10229618,
            "name": "Men's Triple Jump",
            "combined": null,
            "__typename": "CalendarResultsOptionEvent"
          },
          {
            "gender": "M",
            "id": 10229619,
            "name": "Men's Shot Put",
            "combined": null,
            "__typename": "CalendarResultsOptionEvent"
          },
          {
            "gender": "M",
            "id": 10229620,
            "name": "Men's Discus Throw",
            "combined": null,
            "__typename": "CalendarResultsOptionEvent"
          },
          {
            "gender": "M",
            "id": 10229621,
            "name": "Men's Hammer Throw",
            "combined": null,
            "__typename": "CalendarResultsOptionEvent"
          },
          {
            "gender": "M",
            "id": 10229636,
            "name": "Men's Javelin Throw",
            "combined": null,
            "__typename": "CalendarResultsOptionEvent"
          },
          {
            "gender": "M",
            "id": 10229634,
            "name": "Men's Marathon",
            "combined": null,
            "__typename": "CalendarResultsOptionEvent"
          },
          {
            "gender": "M",
            "id": 10229508,
            "name": "Men's 20 Kilometres Race Walk",
            "combined": null,
            "__typename": "CalendarResultsOptionEvent"
          },
          {
            "gender": "M",
            "id": 10229628,
            "name": "Men's 50 Kilometres Race Walk",
            "combined": null,
            "__typename": "CalendarResultsOptionEvent"
          },
          {
            "gender": "M",
            "id": 10229629,
            "name": "Men's Decathlon",
            "combined": true,
            "__typename": "CalendarResultsOptionEvent"
          },
          {
            "gender": "M",
            "id": 204593,
            "name": "Men's 4x100 Metres Relay",
            "combined": null,
            "__typename": "CalendarResultsOptionEvent"
          },
          {
            "gender": "M",
            "id": 204595,
            "name": "Men's 4x400 Metres Relay",
            "combined": null,
            "__typename": "CalendarResultsOptionEvent"
          }
        ],
        "__typename": "CalendarResultsOptions"
      },
      "parameters": {
        "competitionId": 6961749,
        "day": null,
        "eventId": 10229523,
        "__typename": "CalendarResultsParameters"
      },
      "__typename": "CalendarCompetitionResults"
    }
  }
}