{
  "data": {
    "getCalendarCompetitionResults": {
      "competition": {
        "dateRange": "26 JUL\u201304 AUG 1996",
        "endDate": "1996-08-04",
        "name": "The XXVI Olympic Games",
        "rankingCategory": "OW",
        "startDate": "1996-07-26",
        "venue": "Olympic Stadium, Atlanta, GA (USA)",
        "__typename": "CalendarResultsCompetition"
      },
      "eventTitles": [
        {
          "rankingCategory": "OW",
          "eventTitle": null,
          "events": [
            {
              "event": "Women's 5000 Metres",
              "eventId": 10229514,
              "gender": "W",
              "isRelay": false,
              "perResultWind": false,
              "withWind": false,
              "summary": null,
              "races": [
                {
                  "date": "1996-07-28",
                  "day": 3,
                  "race": "Final",
                  "raceId": 10,
                  "raceNumber": 0,
                  "results": [
                    {
                      "competitor": {
                        "teamMembers": null,
                        "id": "y0n28seldie8oflnjj4pqe",
                        "name": "Junxia WANG",
                        "iaafId": 67840,
                        "urlSlug": "pr-of-china/junxia-wang-014265107",
                        "birthDate": "09 JAN 1973",
                        "hasProfile": true,
                        "__typename": "CalendarResultsCompetitor"
                      },
                      "mark": "14:59.88",
                      "nationality": "CHN",
                      "place": "1.",
                      "points": null,
                      "qualified": null,
                      "records": "",
                      "wind": null,
                      "remark": null,
                      "details": null,
                      "__typename": "CalendarResultsRaceResult"
                    },
                    {
                      "competitor": {
                        "teamMembers": null,
                        "id": "bx1ggkbue86fm06pbx5oyw",
                        "name": "Pauline KONGA",
                        "iaafId": 60979,
                        "urlSlug": "kenya/pauline-konga-014289190",
                        "birthDate": "10 APR 1970",
                        "hasProfile": true,
                        "__typename": "CalendarResultsCompetitor"
                      },
                      "mark": "15:03.49",
                      "nationality": "KEN",
                      "place": "2.",
                      "points": null,
                      "qualified": null,
                      "records": "",
                      "wind": null,
                      "remark": null,
                      "details": null,
                      "__typename": "CalendarResultsRaceResult"
                    },
                    {
                      "competitor": {
                        "teamMembers": null,
                        "id": "2unuwhnxykebpbtp6gbv88",
                        "name": "Roberta BRUNET",
                        "iaafId": 60235,
                        "urlSlug": "italy/roberta-brunet-014283896",
                        "birthDate": "20 MAY 1965",
                        "hasProfile": true,
                        "__typename": "CalendarResultsCompetitor"
                      },
                      "mark": "15:07.52",
                      "nationality": "ITA",
                      "place": "3.",
                      "points": null,
                      "qualified": null,
                      "records": "",
                      "wind": null,
                      "remark": null,
                      "details": null,
                      "__typename": "CalendarResultsRaceResult"
                    },
                    {
                      "competitor": {
                        "teamMembers": null,
                        "id": "nl0m0a6bwf65vlp6rsaf",
                        "name": "Michiko SHIMIZU",
                        "iaafId": 80023,
                        "urlSlug": "japan/michiko-shimizu-014287846",
                        "birthDate": "22 SEP 1970",
                        "hasProfile": true,
                        "__typename": "CalendarResultsCompetitor"
                      },
                      "mark": "15:09.05",
                      "nationality": "JPN",
                      "place": "4.",
                      "points": null,
                      "qualified": null,
                      "records": "",
                      "wind": null,
                      "remark": null,
                      "details": null,
                      "__typename": "CalendarResultsRaceResult"
                    },
                    {
                      "competitor": {
                        "teamMembers": null,
                        "id": "7vf5txemh1jglk7arv83",
                        "name": "Paula RADCLIFFE",
                        "iaafId": 62914,
                        "urlSlug": "great-britain-ni/paula-radcliffe-014276130",
                        "birthDate": "17 DEC 1973",
                        "hasProfile": true,
                        "__typename": "CalendarResultsCompetitor"
                      },
                      "mark": "15:13.11",
                      "nationality": "GBR",
                      "place": "5.",
                      "points": null,
                      "qualified": null,
                      "records": "",
                      "wind": null,
                      "remark": null,
                      "details": null,
                      "__typename": "CalendarResultsRaceResult"
                    },
                    {
                      "competitor": {
                        "teamMembers": null,
                        "id": "au25qzmp98e7gr4mtvnodx",
                        "name": "Yelena ROMANOVA",
                        "iaafId": 61617,
                        "urlSlug": "russia/yelena-romanova-014299084",
                        "birthDate": "20 MAR 1963",
                        "hasProfile": true,
                        "__typename": "CalendarResultsCompetitor"
                      },
                      "mark": "15:14.09",
                      "nationality": "RUS",
                      "place": "6.",
                      "points": null,
                      "qualified": null,
                      "records": "",
                      "wind": null,
                      "remark": null,
                      "details": null,
                      "__typename": "CalendarResultsRaceResult"
                    },
                    {
                      "competitor": {
                        "teamMembers": null,
                        "id": "ye2amf3yxr124bvjndtpa",
                        "name": "Elena FIDATOV",
                        "iaafId": 60554,
                        "urlSlug": "romania/elena-fidatov-014295599",
                        "birthDate": "24 JUL 1960",
                        "hasProfile": true,
                        "__typename": "CalendarResultsCompetitor"
                      },
                      "mark": "15:16.71",
                      "nationality": "ROU",
                      "place": "7.",
                      "points": null,
                      "qualified": null,
                      "records": "",
                      "wind": null,
                      "remark": null,
                      "details": null,
                      "__typename": "CalendarResultsRaceResult"
                    },
                    {
                      "competitor": {
                        "teamMembers": null,
                        "id": "o0cfb32mthkmm6jwemfpc",
                        "name": "Rose CHERUIYOT",
                        "iaafId": 71445,
                        "urlSlug": "kenya/rose-cheruiyot-014288970",
                        "birthDate": "21 JUL 1976",
                        "hasProfile": true,
                        "__typename": "CalendarResultsCompetitor"
                      },
                      "mark": "15:17.33",
                      "nationality": "KEN",
                      "place": "8.",
                      "points": null,
                      "qualified": null,
                      "records": "",
                      "wind": null,
                      "remark": null,
                      "details": null,
                      "__typename": "CalendarResultsRaceResult"
                    },
                    {
                      "competitor": {
                        "teamMembers": null,
                        "id": "29mtk365b7434osu4kgkg9",
                        "name": "Lynn JENNINGS",
                        "iaafId": 60858,
                        "urlSlug": "united-states/lynn-jennings-014313583",
                        "birthDate": "01 JUL 1960",
                        "hasProfile": true,
                        "__typename": "CalendarResultsCompetitor"
                      },
                      "mark": "15:17.50",
                      "nationality": "USA",
                      "place": "9.",
                      "points": null,
                      "qualified": null,
                      "records": "",
                      "wind": null,
                      "remark": null,
                      "details": null,
                      "__typename": "CalendarResultsRaceResult"
                    },
                    {
                      "competitor": {
                        "teamMembers": null,
                        "id": "vt0evgwiisij0s3j1voss",
                        "name": "Amy RUDOLPH",
                        "iaafId": 81061,
                        "urlSlug": "united-states/amy-rudolph-014320356",
                        "birthDate": "18 SEP 1973",
                        "hasProfile": true,
                        "__typename": "CalendarResultsCompetitor"
                      },
                      "mark": "15:19.77",
                      "nationality": "USA",
                      "place": "10.",
                      "points": null,
                      "qualified": null,
                      "records": "",
                      "wind": null,
                      "remark": null,
                      "details": null,
                      "__typename": "CalendarResultsRaceResult"
                    },
                    {
                      "competitor": {
                        "teamMembers": null,
                        "id": "9i3gh82s9mic7aznut8sum",
                        "name": "Sara WEDLUND",
                        "iaafId": 80081,
                        "urlSlug": "sweden/sara-wedlund-014302525",
                        "birthDate": "27 DEC 1975",
                        "hasProfile": true,
                        "__typename": "CalendarResultsCompetitor"
                      },
                      "mark": "15:22.98",
                      "nationality": "SWE",
                      "place": "11.",
                      "points": null,
                      "qualified": null,
                      "records": "",
                      "wind": null,
                      "remark": null,
                      "details": null,
                      "__typename": "CalendarResultsRaceResult"
                    },
                    {
                      "competitor": {
                        "teamMembers": null,
                        "id": "vei61r2l16exk0cv2dqleo",
                        "name": "Ayelech WORKU",
                        "iaafId": 115307,
                        "urlSlug": "ethiopia/ayelech-worku-014259699",
                        "birthDate": "12 JUN 1979",
                        "hasProfile": true,
                        "__typename": "CalendarResultsCompetitor"
                      },
                      "mark": "15:28.81",
                      "nationality": "ETH",
                      "place": "12.",
                      "points": null,
                      "qualified": null,
                      "records": "",
                      "wind": null,
                      "remark": null,
                      "details": null,
                      "__typename": "CalendarResultsRaceResult"
                    },
                    {
                      "competitor": {
                        "teamMembers": null,
                        "id": "uabs54m9g6ijpey7hc8no",
                        "name": "Anne HARE",
                        "iaafId": 63140,
                        "urlSlug": "new-zealand/anne-hare-014292993",
                        "birthDate": "07 JUN 1964",
                        "hasProfile": true,
                        "__typename": "CalendarResultsCompetitor"
                      },
                      "mark": "15:29.11",
                      "nationality": "NZL",
                      "place": "13.",
                      "points": null,
                      "qualified": null,
                      "records": "",
                      "wind": null,
                      "remark": null,
                      "details": null,
                      "__typename": "CalendarResultsRaceResult"
                    },
                    {
                      "competitor": {
                        "teamMembers": null,
                        "id": "3qd0glj8oqxggi9o3w6jxr",
                        "name": "Anita WEYERMANN",
                        "iaafId": 110241,
                        "urlSlug": "switzerland/anita-weyermann-014301320",
                        "birthDate": "08 DEC 1977",
                        "hasProfile": true,
                        "__typename": "CalendarResultsCompetitor"
                      },
                      "mark": "15:44.40",
                      "nationality": "SUI",
                      "place": "14.",
                      "points": null,
                      "qualified": null,
                      "records": "",
                      "wind": null,
                      "remark": null,
                      "details": null,
                      "__typename": "CalendarResultsRaceResult"
                    },
                    {
                      "competitor": {
                        "teamMembers": null,
                        "id": "yu1rsqkdobfq9fazym2y3n",
                        "name": "Sonia O'SULLIVAN",
                        "iaafId": 61397,
                        "urlSlug": "ireland/sonia-osullivan-014283351",
                        "birthDate": "28 NOV 1969",
                        "hasProfile": true,
                        "__typename": "CalendarResultsCompetitor"
                      },
                      "mark": "DNF",
                      "nationality": "IRL",
                      "place": "",
                      "points": null,
                      "qualified": null,
                      "records": "",
                      "wind": null,
                      "remark": null,
                      "details": null,
                      "__typename": "CalendarResultsRaceResult"
                    }
                  ],
                  "startList": null,
                  "wind": null,
                  "__typename": "CalendarResultsRace"
                },
                {
                  "date": "1996-07-26",
                  "day": 1,
                  "race": "Round 1 - Heat",
                  "raceId": 11,
                  "raceNumber": 1,
                  "results": [
                    {
                      "competitor": {
                        "teamMembers": null,
                        "id": "j24ba21ys8jp55ww3nvt",
                        "name": "Sonia O'SULLIVAN",
                        "iaafId": 61397,
                        "urlSlug": "ireland/sonia-osullivan-014283351",
                        "birthDate": "28 NOV 1969",
                        "hasProfile": true,
                        "__typename": "CalendarResultsCompetitor"
                      },
                      "mark": "15:15.80",
                      "nationality": "IRL",
                      "place": "1.",
                      "points": null,
                      "qualified": null,
                      "records": "",
                      "wind": null,
                      "remark": null,
                      "details": null,
                      "__typename": "CalendarResultsRaceResult"
                    },
                    {
                      "competitor": {
                        "teamMembers": null,
                        "id": "8pvc8hvhu3xvn4m9tgj6p",
                        "name": "Elena FIDATOV",
                        "iaafId": 60554,
                        "urlSlug": "romania/elena-fidatov-014295599",
                        "birthDate": "24 JUL 1960",
                        "hasProfile": true,
                        "__typename": "CalendarResultsCompetitor"
                      },
                      "mark": "15:17.89",
                      "nationality": "ROU",
                      "place": "2.",
                      "points": null,
                      "qualified": null,
                      "records": "",
                      "wind": null,
                      "remark": null,
                      "details": null,
                      "__typename": "CalendarResultsRaceResult"
                    },
                    {
                      "competitor": {
                        "teamMembers": null,
                        "id": "lwz1an6zjvntxytmqgdhz",
                        "name": "Lynn JENNINGS",
                        "iaafId": 60858,
                        "urlSlug": "united-states/lynn-jennings-014313583",
                        "birthDate": "01 JUL 1960",
                        "hasProfile": true,
                        "__typename": "CalendarResultsCompetitor"
                      },
                      "mark": "15:19.66",
                      "nationality": "USA",
                      "place": "3.",
                      "points": null,
                      "qualified": null,
                      "records": "",
                      "wind": null,
                      "remark": null,
                      "details": null,
                      "__typename": "CalendarResultsRaceResult"
                    },
                    {
                      "competitor": {
                        "teamMembers": null,
                        "id": "zi65vngtfhq64hv3vzrh26",
                        "name": "Anita WEYERMANN",
                        "iaafId": 110241,
                        "urlSlug": "switzerland/anita-weyermann-014301320",
                        "birthDate": "08 DEC 1977",
                        "hasProfile": true,
                        "__typename": "CalendarResultsCompetitor"
                      },
                      "mark": "15:19.91",
                      "nationality": "SUI",
                      "place": "4.",
                      "points": null,
                      "qualified": null,
                      "records": "",
                      "wind": null,
                      "remark": null,
                      "details": null,
                      "__typename": "CalendarResultsRaceResult"
                    },
                    {
                      "competitor": {
                        "teamMembers": null,
                        "id": "vgws7phrdrfkdemss01i",
                        "name": "Sara WEDLUND",
                        "iaafId": 80081,
                        "urlSlug": "sweden/sara-wedlund-014302525",
                        "birthDate": "27 DEC 1975",
                        "hasProfile": true,
                        "__typename": "CalendarResultsCompetitor"
                      },
                      "mark": "15:20.61",
                      "nationality": "SWE",
                      "place": "5.",
                      "points": null,
                      "qualified": null,
                      "records": "",
                      "wind": null,
                      "remark": null,
                      "details": null,
                      "__typename": "CalendarResultsRaceResult"
                    },
                    {
                      "competitor": {
                        "teamMembers": null,
                        "id": "cikel5xzjcj1adwgawo66y",
                        "name": "Anne HARE",
                        "iaafId": 63140,
                        "urlSlug": "new-zealand/anne-hare-014292993",
                        "birthDate": "07 JUN 1964",
                        "hasProfile": true,
                        "__typename": "CalendarResultsCompetitor"
                      },
                      "mark": "15:22.31",
                      "nationality": "NZL",
                      "place": "6.",
                      "points": null,
                      "qualified": null,
                      "records": "",
                      "wind": null,
                      "remark": null,
                      "details": null,
                      "__typename": "CalendarResultsRaceResult"
                    },
                    {
                      "competitor": {
                        "teamMembers": null,
                        "id": "0dmzlm5iznc5z8d36w1eyzd",
                        "name": "Petra WASSILUK",
                        "iaafId": 115549,
                        "urlSlug": "germany/petra-wassiluk-014280199",
                        "birthDate": "27 OCT 1969",
                        "hasProfile": true,
                        "__typename": "CalendarResultsCompetitor"
                      },
                      "mark": "15:37.73",
                      "nationality": "GER",
                      "place": "7.",
                      "points": null,
                      "qualified": null,
                      "records": "",
                      "wind": null,
                      "remark": null,
                      "details": null,
                      "__typename": "CalendarResultsRaceResult"
                    },
                    {
                      "competitor": {
                        "teamMembers": null,
                        "id": "jper1zextd8nw2id25tv6",
                        "name": "Siju YANG",
                        "iaafId": 110031,
                        "urlSlug": "pr-of-china/siju-yang-014264657",
                        "birthDate": "19 APR 1973",
                        "hasProfile": true,
                        "__typename": "CalendarResultsCompetitor"
                      },
                      "mark": "15:40.41",
                      "nationality": "CHN",
                      "place": "8.",
                      "points": null,
                      "qualified": null,
                      "records": "",
                      "wind": null,
                      "remark": null,
                      "details": null,
                      "__typename": "CalendarResultsRaceResult"
                    },
                    {
                      "competitor": {
                        "teamMembers": null,
                        "id": "rufa1t0vdbjmtpyrcnk5",
                        "name": "Roseli MACHADO",
                        "iaafId": 70138,
                        "urlSlug": "brazil/roseli-machado-014268983",
                        "birthDate": "27 DEC 1968",
                        "hasProfile": true,
                        "__typename": "CalendarResultsCompetitor"
                      },
                      "mark": "15:41.63",
                      "nationality": "BRA",
                      "place": "9.",
                      "points": null,
                      "qualified": null,
                      "records": "",
                      "wind": null,
                      "remark": null,
                      "details": null,
                      "__typename": "CalendarResultsRaceResult"
                    },
                    {
                      "competitor": {
                        "teamMembers": null,
                        "id": "nvr7phlsz48kd8z2mkzh6",
                        "name": "Lydia CHEROMEI",
                        "iaafId": 62433,
                        "urlSlug": "kenya/lydia-cheromei-014288949",
                        "birthDate": "11 MAY 1977",
                        "hasProfile": true,
                        "__typename": "CalendarResultsCompetitor"
                      },
                      "mark": "15:49.85",
                      "nationality": "KEN",
                      "place": "10.",
                      "points": null,
                      "qualified": null,
                      "records": "",
                      "wind": null,
                      "remark": null,
                      "details": null,
                      "__typename": "CalendarResultsRaceResult"
                    },
                    {
                      "competitor": {
                        "teamMembers": null,
                        "id": "sekgzn6x9rfewrg39r2du",
                        "name": "Harumi HIROYAMA-SUZUKI",
                        "iaafId": 67942,
                        "urlSlug": "japan/harumi-hiroyama-suzuki-014286397",
                        "birthDate": "02 SEP 1968",
                        "hasProfile": true,
                        "__typename": "CalendarResultsCompetitor"
                      },
                      "mark": "15:50.43",
                      "nationality": "JPN",
                      "place": "11.",
                      "points": null,
                      "qualified": null,
                      "records": "",
                      "wind": null,
                      "remark": null,
                      "details": null,
                      "__typename": "CalendarResultsRaceResult"
                    },
                    {
                      "competitor": {
                        "teamMembers": null,
                        "id": "avrcfew5xlkdqfxzpysdpo",
                        "name": "Marisa Isabel MART\u00cdNEZ",
                        "iaafId": 115194,
                        "urlSlug": "spain/marisa-isabel-martinez-014261049",
                        "birthDate": "28 DEC 1972",
                        "hasProfile": true,
                        "__typename": "CalendarResultsCompetitor"
                      },
                      "mark": "15:59.42",
                      "nationality": "ESP",
                      "place": "12.",
                      "points": null,
                      "qualified": null,
                      "records": "",
                      "wind": null,
                      "remark": null,
                      "details": null,
                      "__typename": "CalendarResultsRaceResult"
                    },
                    {
                      "competitor": {
                        "teamMembers": null,
                        "id": "44xh4tfr0c7g8rxzuqv01",
                        "name": "Luchia YISHAK",
                        "iaafId": 61128,
                        "urlSlug": "ethiopia/luchia-yishak-014259691",
                        "birthDate": "08 APR 1973",
                        "hasProfile": true,
                        "__typename": "CalendarResultsCompetitor"
                      },
                      "mark": "16:04.29",
                      "nationality": "ETH",
                      "place": "13.",
                      "points": null,
                      "qualified": null,
                      "records": "",
                      "wind": null,
                      "remark": null,
                      "details": null,
                      "__typename": "CalendarResultsRaceResult"
                    },
                    {
                      "competitor": {
                        "teamMembers": null,
                        "id": "7ny513mvybcozh1z6stya",
                        "name": "Kate ANDERSON-RICHARDSON",
                        "iaafId": 70026,
                        "urlSlug": "australia/kate-anderson-richardson-14272510",
                        "birthDate": "05 NOV 1973",
                        "hasProfile": true,
                        "__typename": "CalendarResultsCompetitor"
                      },
                      "mark": "16:17.83",
                      "nationality": "AUS",
                      "place": "14.",
                      "points": null,
                      "qualified": null,
                      "records": "",
                      "wind": null,
                      "remark": null,
                      "details": null,
                      "__typename": "CalendarResultsRaceResult"
                    },
                    {
                      "competitor": {
                        "teamMembers": null,
                        "id": "dtximah4wikfjhhkb9qa2",
                        "name": "Alison WYETH",
                        "iaafId": 62084,
                        "urlSlug": "great-britain-ni/alison-wyeth-014276817",
                        "birthDate": "26 MAY 1964",
                        "hasProfile": true,
                        "__typename": "CalendarResultsCompetitor"
                      },
                      "mark": "16:24.74",
                      "nationality": "GBR",
                      "place": "15.",
                      "points": null,
                      "qualified": null,
                      "records": "",
                      "wind": null,
                      "remark": null,
                      "details": null,
                      "__typename": "CalendarResultsRaceResult"
                    },
                    {
                      "competitor": {
                        "teamMembers": null,
                        "id": "fvo54gz6g3fp4adk4ddwn",
                        "name": "Rachinda MAHAMANE",
                        "iaafId": 80919,
                        "urlSlug": "niger/rachinda-mahamane-014292543",
                        "birthDate": "25 SEP 1976",
                        "hasProfile": true,
                        "__typename": "CalendarResultsCompetitor"
                      },
                      "mark": "19:17.87",
                      "nationality": "NIG",
                      "place": "16.",
                      "points": null,
                      "qualified": null,
                      "records": "",
                      "wind": null,
                      "remark": null,
                      "details": null,
                      "__typename": "CalendarResultsRaceResult"
                    }
                  ],
                  "startList": null,
                  "wind": null,
                  "__typename": "CalendarResultsRace"
                },
                {
                  "date": "1996-07-26",
                  "day": 1,
                  "race": "Round 1 - Heat",
                  "raceId": 11,
                  "raceNumber": 2,
                  "results": [
                    {
                      "competitor": {
                        "teamMembers": null,
                        "id": "pdn5sgoy1vqdxiw0kl06o",
                        "name": "Roberta BRUNET",
                        "iaafId": 60235,
                        "urlSlug": "italy/roberta-brunet-014283896",
                        "birthDate": "20 MAY 1965",
                        "hasProfile": true,
                        "__typename": "CalendarResultsCompetitor"
                      },
                      "mark": "15:22.58",
                      "nationality": "ITA",
                      "place": "1.",
                      "points": null,
                      "qualified": null,
                      "records": "",
                      "wind": null,
                      "remark": null,
                      "details": null,
                      "__typename": "CalendarResultsRaceResult"
                    },
                    {
                      "competitor": {
                        "teamMembers": null,
                        "id": "epo5ikkuwc9o9s73q3508",
                        "name": "Michiko SHIMIZU",
                        "iaafId": 80023,
                        "urlSlug": "japan/michiko-shimizu-014287846",
                        "birthDate": "22 SEP 1970",
                        "hasProfile": true,
                        "__typename": "CalendarResultsCompetitor"
                      },
                      "mark": "15:23.56",
                      "nationality": "JPN",
                      "place": "2.",
                      "points": null,
                      "qualified": null,
                      "records": "",
                      "wind": null,
                      "remark": null,
                      "details": null,
                      "__typename": "CalendarResultsRaceResult"
                    },
                    {
                      "competitor": {
                        "teamMembers": null,
                        "id": "agiu1ym63vkzj5xzbmng4",
                        "name": "Paula RADCLIFFE",
                        "iaafId": 62914,
                        "urlSlug": "great-britain-ni/paula-radcliffe-014276130",
                        "birthDate": "17 DEC 1973",
                        "hasProfile": true,
                        "__typename": "CalendarResultsCompetitor"
                      },
                      "mark": "15:23.90",
                      "nationality": "GBR",
                      "place": "3.",
                      "points": null,
                      "qualified": null,
                      "records": "",
                      "wind": null,
                      "remark": null,
                      "details": null,
                      "__typename": "CalendarResultsRaceResult"
                    },
                    {
                      "competitor": {
                        "teamMembers": null,
                        "id": "e0nfmnl10doz6ybmcnt9un",
                        "name": "Junxia WANG",
                        "iaafId": 67840,
                        "urlSlug": "pr-of-china/junxia-wang-014265107",
                        "birthDate": "09 JAN 1973",
                        "hasProfile": true,
                        "__typename": "CalendarResultsCompetitor"
                      },
                      "mark": "15:24.28",
                      "nationality": "CHN",
                      "place": "4.",
                      "points": null,
                      "qualified": null,
                      "records": "",
                      "wind": null,
                      "remark": null,
                      "details": null,
                      "__typename": "CalendarResultsRaceResult"
                    },
                    {
                      "competitor": {
                        "teamMembers": null,
                        "id": "zjbchnpnxplibw1vtsxtr",
                        "name": "Rose CHERUIYOT",
                        "iaafId": 71445,
                        "urlSlug": "kenya/rose-cheruiyot-014288970",
                        "birthDate": "21 JUL 1976",
                        "hasProfile": true,
                        "__typename": "CalendarResultsCompetitor"
                      },
                      "mark": "15:26.87",
                      "nationality": "KEN",
                      "place": "5.",
                      "points": null,
                      "qualified": null,
                      "records": "",
                      "wind": null,
                      "remark": null,
                      "details": null,
                      "__typename": "CalendarResultsRaceResult"
                    },
                    {
                      "competitor": {
                        "teamMembers": null,
                        "id": "b41q77upbg7zz93chndilm",
                        "name": "Claudia LOKAR",
                        "iaafId": 60191,
                        "urlSlug": "germany/claudia-lokar-014278724",
                        "birthDate": "09 FEB 1964",
                        "hasProfile": true,
                        "__typename": "CalendarResultsCompetitor"
                      },
                      "mark": "15:28.35",
                      "nationality": "GER",
                      "place": "6.",
                      "points": null,
                      "qualified": null,
                      "records": "",
                      "wind": null,
                      "remark": null,
                      "details": null,
                      "__typename": "CalendarResultsRaceResult"
                    },
                    {
                      "competitor": {
                        "teamMembers": null,
                        "id": "n7kw7if3v6ohos7mve6v4b",
                        "name": "Kathy BUTLER",
                        "iaafId": 70168,
                        "urlSlug": "great-britain-ni/kathy-butler-014274619",
                        "birthDate": "22 OCT 1973",
                        "hasProfile": true,
                        "__typename": "CalendarResultsCompetitor"
                      },
                      "mark": "15:47.50",
                      "nationality": "CAN",
                      "place": "7.",
                      "points": null,
                      "qualified": null,
                      "records": "",
                      "wind": null,
                      "remark": null,
                      "details": null,
                      "__typename": "CalendarResultsRaceResult"
                    },
                    {
                      "competitor": {
                        "teamMembers": null,
                        "id": "98awuudavkbglc502vp3vh",
                        "name": "Merima DENBOBA",
                        "iaafId": 70403,
                        "urlSlug": "ethiopia/merima-denboba-014259878",
                        "birthDate": "21 AUG 1974",
                        "hasProfile": true,
                        "__typename": "CalendarResultsCompetitor"
                      },
                      "mark": "15:48.35",
                      "nationality": "ETH",
                      "place": "8.",
                      "points": null,
                      "qualified": null,
                      "records": "",
                      "wind": null,
                      "remark": null,
                      "details": null,
                      "__typename": "CalendarResultsRaceResult"
                    },
                    {
                      "competitor": {
                        "teamMembers": null,
                        "id": "nxdt8dol3t9mtcmoui6nw",
                        "name": "Nina CHRISTIANSEN",
                        "iaafId": 68216,
                        "urlSlug": "denmark/nina-christiansen-014262542",
                        "birthDate": "07 JUN 1964",
                        "hasProfile": true,
                        "__typename": "CalendarResultsCompetitor"
                      },
                      "mark": "15:56.38",
                      "nationality": "DEN",
                      "place": "9.",
                      "points": null,
                      "qualified": null,
                      "records": "",
                      "wind": null,
                      "remark": null,
                      "details": null,
                      "__typename": "CalendarResultsRaceResult"
                    },
                    {
                      "competitor": {
                        "teamMembers": null,
                        "id": "e5upr2cfhuw6gcz8cjfrb7",
                        "name": "Ana DIAS",
                        "iaafId": 71115,
                        "urlSlug": "portugal/ana-dias-014294853",
                        "birthDate": "15 JAN 1974",
                        "hasProfile": true,
                        "__typename": "CalendarResultsCompetitor"
                      },
                      "mark": "15:57.35",
                      "nationality": "POR",
                      "place": "10.",
                      "points": null,
                      "qualified": null,
                      "records": "",
                      "wind": null,
                      "remark": null,
                      "details": null,
                      "__typename": "CalendarResultsRaceResult"
                    },
                    {
                      "competitor": {
                        "teamMembers": null,
                        "id": "af505jgspgqiedr01zpvrc",
                        "name": "Stela OLTEANU",
                        "iaafId": 115465,
                        "urlSlug": "romania/stela-olteanu-014295809",
                        "birthDate": "25 FEB 1972",
                        "hasProfile": true,
                        "__typename": "CalendarResultsCompetitor"
                      },
                      "mark": "15:58.28",
                      "nationality": "ROU",
                      "place": "11.",
                      "points": null,
                      "qualified": null,
                      "records": "",
                      "wind": null,
                      "remark": null,
                      "details": null,
                      "__typename": "CalendarResultsRaceResult"
                    },
                    {
                      "competitor": {
                        "teamMembers": null,
                        "id": "hg4hot2dy86fblr7k22z4l",
                        "name": "Je\u013cena PROKOP\u010cUKA",
                        "iaafId": 173460,
                        "urlSlug": "latvia/jelena-prokopcuka-14289965",
                        "birthDate": "21 SEP 1976",
                        "hasProfile": true,
                        "__typename": "CalendarResultsCompetitor"
                      },
                      "mark": "15:59.00",
                      "nationality": "LAT",
                      "place": "12.",
                      "points": null,
                      "qualified": null,
                      "records": "",
                      "wind": null,
                      "remark": null,
                      "details": null,
                      "__typename": "CalendarResultsRaceResult"
                    },
                    {
                      "competitor": {
                        "teamMembers": null,
                        "id": "80g4v4301dmkli3twy32m",
                        "name": "Marie DAVENPORT-MCMAHON",
                        "iaafId": 115533,
                        "urlSlug": "ireland/marie-davenport-mcmahon-014283184",
                        "birthDate": "24 JAN 1975",
                        "hasProfile": true,
                        "__typename": "CalendarResultsCompetitor"
                      },
                      "mark": "15:59.12",
                      "nationality": "IRL",
                      "place": "13.",
                      "points": null,
                      "qualified": null,
                      "records": "",
                      "wind": null,
                      "remark": null,
                      "details": null,
                      "__typename": "CalendarResultsRaceResult"
                    },
                    {
                      "competitor": {
                        "teamMembers": null,
                        "id": "dlqfm6z6e48ny5oickvdk9",
                        "name": "Natalie Anne HARVEY",
                        "iaafId": 115036,
                        "urlSlug": "great-britain-ni/natalie-anne-harvey-014275250",
                        "birthDate": "19 JAN 1975",
                        "hasProfile": true,
                        "__typename": "CalendarResultsCompetitor"
                      },
                      "mark": "16:06.45",
                      "nationality": "AUS",
                      "place": "14.",
                      "points": null,
                      "qualified": null,
                      "records": "",
                      "wind": null,
                      "remark": null,
                      "details": null,
                      "__typename": "CalendarResultsRaceResult"
                    },
                    {
                      "competitor": {
                        "teamMembers": null,
                        "id": "ac3eej7fefjmtccf6aq7",
                        "name": "Gwen GRIFFITHS-VAN LINGEN",
                        "iaafId": 68037,
                        "urlSlug": "south-africa/gwen-griffiths-van-lingen-14296352",
                        "birthDate": null,
                        "hasProfile": true,
                        "__typename": "CalendarResultsCompetitor"
                      },
                      "mark": "DNS",
                      "nationality": "RSA",
                      "place": "",
                      "points": null,
                      "qualified": null,
                      "records": "",
                      "wind": null,
                      "remark": null,
                      "details": null,
                      "__typename": "CalendarResultsRaceResult"
                    },
                    {
                      "competitor": {
                        "teamMembers": null,
                        "id": "n0g2gti6wpcc8v0xv7wuva",
                        "name": "Mary SLANEY",
                        "iaafId": 61747,
                        "urlSlug": "united-states/mary-slaney-014321414",
                        "birthDate": "04 AUG 1958",
                        "hasProfile": true,
                        "__typename": "CalendarResultsCompetitor"
                      },
                      "mark": "DQ",
                      "nationality": "USA",
                      "place": " - ",
                      "points": null,
                      "qualified": null,
                      "records": "",
                      "wind": null,
                      "remark": null,
                      "details": null,
                      "__typename": "CalendarResultsRaceResult"
                    }
                  ],
                  "startList": null,
                  "wind": null,
                  "__typename": "CalendarResultsRace"
                },
                {
                  "date": "1996-07-26",
                  "day": 1,
                  "race": "Round 1 - Heat",
                  "raceId": 11,
                  "raceNumber": 3,
                  "results": [
                    {
                      "competitor": {
                        "teamMembers": null,
                        "id": "3bk1xqw18zwiszpxky5fm",
                        "name": "Pauline KONGA",
                        "iaafId": 60979,
                        "urlSlug": "kenya/pauline-konga-014289190",
                        "birthDate": "10 APR 1970",
                        "hasProfile": true,
                        "__typename": "CalendarResultsCompetitor"
                      },
                      "mark": "15:07.01",
                      "nationality": "KEN",
                      "place": "1.",
                      "points": null,
                      "qualified": null,
                      "records": "",
                      "wind": null,
                      "remark": null,
                      "details": null,
                      "__typename": "CalendarResultsRaceResult"
                    },
                    {
                      "competitor": {
                        "teamMembers": null,
                        "id": "ivd2uz09mraubjzosu7b",
                        "name": "Ayelech WORKU",
                        "iaafId": 115307,
                        "urlSlug": "ethiopia/ayelech-worku-014259699",
                        "birthDate": "12 JUN 1979",
                        "hasProfile": true,
                        "__typename": "CalendarResultsCompetitor"
                      },
                      "mark": "15:21.59",
                      "nationality": "ETH",
                      "place": "2.",
                      "points": null,
                      "qualified": null,
                      "records": "",
                      "wind": null,
                      "remark": null,
                      "details": null,
                      "__typename": "CalendarResultsRaceResult"
                    },
                    {
                      "competitor": {
                        "teamMembers": null,
                        "id": "5qf2paynfxpdujzk3jfu5i",
                        "name": "Amy RUDOLPH",
                        "iaafId": 81061,
                        "urlSlug": "united-states/amy-rudolph-014320356",
                        "birthDate": "18 SEP 1973",
                        "hasProfile": true,
                        "__typename": "CalendarResultsCompetitor"
                      },
                      "mark": "15:21.90",
                      "nationality": "USA",
                      "place": "3.",
                      "points": null,
                      "qualified": null,
                      "records": "",
                      "wind": null,
                      "remark": null,
                      "details": null,
                      "__typename": "CalendarResultsRaceResult"
                    },
                    {
                      "competitor": {
                        "teamMembers": null,
                        "id": "fj4ewwr1gr7fwj8zkfp6rp",
                        "name": "Yelena ROMANOVA",
                        "iaafId": 61617,
                        "urlSlug": "russia/yelena-romanova-014299084",
                        "birthDate": "20 MAR 1963",
                        "hasProfile": true,
                        "__typename": "CalendarResultsCompetitor"
                      },
                      "mark": "15:23.37",
                      "nationality": "RUS",
                      "place": "4.",
                      "points": null,
                      "qualified": null,
                      "records": "",
                      "wind": null,
                      "remark": null,
                      "details": null,
                      "__typename": "CalendarResultsRaceResult"
                    },
                    {
                      "competitor": {
                        "teamMembers": null,
                        "id": "18gstegfumdtgvtnlv0hkr",
                        "name": "Wei LI",
                        "iaafId": 70239,
                        "urlSlug": "pr-of-china/wei-li-014265959",
                        "birthDate": "29 JUN 1972",
                        "hasProfile": true,
                        "__typename": "CalendarResultsCompetitor"
                      },
                      "mark": "15:33.49",
                      "nationality": "CHN",
                      "place": "5.",
                      "points": null,
                      "qualified": null,
                      "records": "",
                      "wind": null,
                      "remark": null,
                      "details": null,
                      "__typename": "CalendarResultsRaceResult"
                    },
                    {
                      "competitor": {
                        "teamMembers": null,
                        "id": "rg8ir5km7jmip8qey5czh8",
                        "name": "Silvia SOMMAGGIO",
                        "iaafId": 62890,
                        "urlSlug": "italy/silvia-sommaggio-014285294",
                        "birthDate": "20 NOV 1969",
                        "hasProfile": true,
                        "__typename": "CalendarResultsCompetitor"
                      },
                      "mark": "15:33.63",
                      "nationality": "ITA",
                      "place": "6.",
                      "points": null,
                      "qualified": null,
                      "records": "",
                      "wind": null,
                      "remark": null,
                      "details": null,
                      "__typename": "CalendarResultsRaceResult"
                    },
                    {
                      "competitor": {
                        "teamMembers": null,
                        "id": "lf4nyfwpj9dqzlfqhlwe4",
                        "name": "Gabriela SZABO",
                        "iaafId": 62935,
                        "urlSlug": "romania/gabriela-szabo-014295963",
                        "birthDate": "14 NOV 1975",
                        "hasProfile": true,
                        "__typename": "CalendarResultsCompetitor"
                      },
                      "mark": "15:42.35",
                      "nationality": "ROU",
                      "place": "7.",
                      "points": null,
                      "qualified": null,
                      "records": "",
                      "wind": null,
                      "remark": null,
                      "details": null,
                      "__typename": "CalendarResultsRaceResult"
                    },
                    {
                      "competitor": {
                        "teamMembers": null,
                        "id": "uu8ui6gfjassh1v8hfu6c",
                        "name": "Maria Cristina PETITE",
                        "iaafId": 70382,
                        "urlSlug": "spain/maria-cristina-petite-014260787",
                        "birthDate": "10 MAY 1972",
                        "hasProfile": true,
                        "__typename": "CalendarResultsCompetitor"
                      },
                      "mark": "15:48.63",
                      "nationality": "ESP",
                      "place": "8.",
                      "points": null,
                      "qualified": null,
                      "records": "",
                      "wind": null,
                      "remark": null,
                      "details": null,
                      "__typename": "CalendarResultsRaceResult"
                    },
                    {
                      "competitor": {
                        "teamMembers": null,
                        "id": "gxftx1bhm9kt20xykvxeq",
                        "name": "Zahra OUAZIZ",
                        "iaafId": 68012,
                        "urlSlug": "morocco/zahra-ouaziz-014290750",
                        "birthDate": "20 DEC 1969",
                        "hasProfile": true,
                        "__typename": "CalendarResultsCompetitor"
                      },
                      "mark": "15:55.03",
                      "nationality": "MAR",
                      "place": "9.",
                      "points": null,
                      "qualified": null,
                      "records": "",
                      "wind": null,
                      "remark": null,
                      "details": null,
                      "__typename": "CalendarResultsRaceResult"
                    },
                    {
                      "competitor": {
                        "teamMembers": null,
                        "id": "89hm0fidsk749ggutvr3b3",
                        "name": "Katy MCCANDLESS",
                        "iaafId": 68210,
                        "urlSlug": "ireland/katy-mccandless-014283288",
                        "birthDate": "22 JUN 1970",
                        "hasProfile": true,
                        "__typename": "CalendarResultsCompetitor"
                      },
                      "mark": "15:55.66",
                      "nationality": "IRL",
                      "place": "10.",
                      "points": null,
                      "qualified": null,
                      "records": "",
                      "wind": null,
                      "remark": null,
                      "details": null,
                      "__typename": "CalendarResultsRaceResult"
                    },
                    {
                      "competitor": {
                        "teamMembers": null,
                        "id": "3j624t6bhtekqmvw765rv7",
                        "name": "Irina MIKITENKO",
                        "iaafId": 115374,
                        "urlSlug": "germany/irina-mikitenko-014278911",
                        "birthDate": "23 AUG 1972",
                        "hasProfile": true,
                        "__typename": "CalendarResultsCompetitor"
                      },
                      "mark": "15:57.67",
                      "nationality": "GER",
                      "place": "11.",
                      "points": null,
                      "qualified": null,
                      "records": "",
                      "wind": null,
                      "remark": null,
                      "details": null,
                      "__typename": "CalendarResultsRaceResult"
                    },
                    {
                      "competitor": {
                        "teamMembers": null,
                        "id": "fq56xfej2etisyrm26vp",
                        "name": "Yoshiko ICHIKAWA",
                        "iaafId": 70888,
                        "urlSlug": "japan/yoshiko-ichikawa-014286446",
                        "birthDate": "18 APR 1976",
                        "hasProfile": true,
                        "__typename": "CalendarResultsCompetitor"
                      },
                      "mark": "15:58.90",
                      "nationality": "JPN",
                      "place": "12.",
                      "points": null,
                      "qualified": null,
                      "records": "",
                      "wind": null,
                      "remark": null,
                      "details": null,
                      "__typename": "CalendarResultsRaceResult"
                    },
                    {
                      "competitor": {
                        "teamMembers": null,
                        "id": "lwlac3fydzj0rid2o69aova",
                        "name": "Sonia MCGEORGE",
                        "iaafId": 61214,
                        "urlSlug": "great-britain-ni/sonia-mcgeorge-014275744",
                        "birthDate": "02 NOV 1964",
                        "hasProfile": true,
                        "__typename": "CalendarResultsCompetitor"
                      },
                      "mark": "16:01.92",
                      "nationality": "GBR",
                      "place": "13.",
                      "points": null,
                      "qualified": null,
                      "records": "",
                      "wind": null,
                      "remark": null,
                      "details": null,
                      "__typename": "CalendarResultsRaceResult"
                    },
                    {
                      "competitor": {
                        "teamMembers": null,
                        "id": "u376lopn9otlwcilx4ylgs",
                        "name": "Robyn MEAGHER",
                        "iaafId": 61227,
                        "urlSlug": "canada/robyn-meagher-014267526",
                        "birthDate": "17 JUN 1967",
                        "hasProfile": true,
                        "__typename": "CalendarResultsCompetitor"
                      },
                      "mark": "16:24.49",
                      "nationality": "CAN",
                      "place": "14.",
                      "points": null,
                      "qualified": null,
                      "records": "",
                      "wind": null,
                      "remark": null,
                      "details": null,
                      "__typename": "CalendarResultsRaceResult"
                    },
                    {
                      "competitor": {
                        "teamMembers": null,
                        "id": "hgxtz88axqyq3hbctc7vi",
                        "name": "Martha PORTOBLANCO",
                        "iaafId": 68094,
                        "urlSlug": "nicaragua/martha-portoblanco-014560645",
                        "birthDate": "29 JAN 1971",
                        "hasProfile": true,
                        "__typename": "CalendarResultsCompetitor"
                      },
                      "mark": "16:42.78",
                      "nationality": "NCA",
                      "place": "15.",
                      "points": null,
                      "qualified": null,
                      "records": "",
                      "wind": null,
                      "remark": null,
                      "details": null,
                      "__typename": "CalendarResultsRaceResult"
                    },
                    {
                      "competitor": {
                        "teamMembers": null,
                        "id": "6hqnzsorrqh14be0hb",
                        "name": "Carolyn SCHUWALOW",
                        "iaafId": 61688,
                        "urlSlug": "australia/carolyn-schuwalow-014271335",
                        "birthDate": "10 AUG 1965",
                        "hasProfile": true,
                        "__typename": "CalendarResultsCompetitor"
                      },
                      "mark": "DNS",
                      "nationality": "AUS",
                      "place": "",
                      "points": null,
                      "qualified": null,
                      "records": "",
                      "wind": null,
                      "remark": null,
                      "details": null,
                      "__typename": "CalendarResultsRaceResult"
                    }
                  ],
                  "startList": null,
                  "wind": null,
                  "__typename": "CalendarResultsRace"
                }
              ],
              "__typename": "CalendarResultsEvent"
            }
          ],
          "__typename": "CalendarResultsEventTitle"
        }
      ],
      "options": {
        "days": [
          {
            "date": "26 JUL 1996",
            "day": 1,
            "__typename": "CalendarResultsOptionsDay"
          },
          {
            "date": "27 JUL 1996",
            "day": 2,
            "__typename": "CalendarResultsOptionsDay"
          },
          {
            "date": "28 JUL 1996",
            "day": 3,
            "__typename": "CalendarResultsOptionsDay"
          },
          {
            "date": "29 JUL 1996",
            "day": 4,
            "__typename": "CalendarResultsOptionsDay"
          },
          {
            "date": "31 JUL 1996",
            "day": 6,
            "__typename": "CalendarResultsOptionsDay"
          },
          {
            "date": "01 AUG 1996",
            "day": 7,
            "__typename": "CalendarResultsOptionsDay"
          },
          {
            "date": "02 AUG 1996",
            "day": 8,
            "__typename": "CalendarResultsOptionsDay"
          },
          {
            "date": "03 AUG 1996",
            "day": 9,
            "__typename": "CalendarResultsOptionsDay"
          },
          {
            "date": "04 AUG 1996",
            "day": 10,
            "__typename": "CalendarResultsOptionsDay"
          }
        ],
        "events": [
          {
            "gender": "W",
            "id": 10229509,
            "name": "Women's 100 Metres",
            "combined": null,
            "__typename": "CalendarResultsOptionEvent"
          },
          {
            "gender": "W",
            "id": 10229510,
            "name": "Women's 200 Metres",
            "combined": null,
            "__typename": "CalendarResultsOptionEvent"
          },
          {
            "gender": "W",
            "id": 10229511,
            "name": "Women's 400 Metres",
            "combined": null,
            "__typename": "CalendarResultsOptionEvent"
          },
          {
            "gender": "W",
            "id": 10229512,
            "name": "Women's 800 Metres",
            "combined": null,
            "__typename": "CalendarResultsOptionEvent"
          },
          {
            "gender": "W",
            "id": 10229513,
            "name": "Women's 1500 Metres",
            "combined": null,
            "__typename": "CalendarResultsOptionEvent"
          },
          {
            "gender": "W",
            "id": 10229514,
            "name": "Women's 5000 Metres",
            "combined": null,
            "__typename": "CalendarResultsOptionEvent"
          },
          {
            "gender": "W",
            "id": 10229521,
            "name": "Women's 10,000 Metres",
            "combined": null,
            "__typename": "CalendarResultsOptionEvent"
          },
          {
            "gender": "W",
            "id": 10229522,
            "name": "Women's 100 Metres Hurdles",
            "combined": null,
            "__typename": "CalendarResultsOptionEvent"
          },
          {
            "gender": "W",
            "id": 10229523,
            "name": "Women's 400 Metres Hurdles",
            "combined": null,
            "__typename": "CalendarResultsOptionEvent"
          },
          {
            "gender": "W",
            "id": 10229526,
            "name": "Women's High Jump",
            "combined": null,
            "__typename": "CalendarResultsOptionEvent"
          },
          {
            "gender": "W",
            "id": 10229528,
            "name": "Women's Long Jump",
            "combined": null,
            "__typename": "CalendarResultsOptionEvent"
          },
          {
            "gender": "W",
            "id": 10229529,
            "name": "Women's Triple Jump",
            "combined": null,
            "__typename": "CalendarResultsOptionEvent"
          },
          {
            "gender": "W",
            "id": 10229530,
            "name": "Women's Shot Put",
            "combined": null,
            "__typename": "CalendarResultsOptionEvent"
          },
          {
            "gender": "W",
            "id": 10229531,
            "name": "Women's Discus Throw",
            "combined": null,
            "__typename": "CalendarResultsOptionEvent"
          },
          {
            "gender": "W",
            "id": 10229596,
            "name": "Women's Javelin Throw (old)",
            "combined": null,
            "__typename": "CalendarResultsOptionEvent"
          },
          {
            "gender": "W",
            "id": 10229534,
            "name": "Women's Marathon",
            "combined": null,
            "__typename": "CalendarResultsOptionEvent"
          },
          {
            "gender": "W",
            "id": 10229547,
            "name": "Women's 10 Kilometres Race Walk",
            "combined": null,
            "__typename": "CalendarResultsOptionEvent"
          },
          {
            "gender": "W",
            "id": 10229536,
            "name": "Women's Heptathlon",
            "combined": true,
            "__typename": "CalendarResultsOptionEvent"
          },
          {
            "gender": "W",
            "id": 204594,
            "name": "Women's 4x100 Metres Relay",
            "combined": null,
            "__typename": "CalendarResultsOptionEvent"
          },
          {
            "gender": "W",
            "id": 204596,
            "name": "Women's 4x400 Metres Relay",
            "combined": null,
            "__typename": "CalendarResultsOptionEvent"
          },
          {
            "gender": "M",
            "id": 10229630,
            "name": "Men's 100 Metres",
            "combined": null,
            "__typename": "CalendarResultsOptionEvent"
          },
          {
            "gender": "M",
            "id": 10229605,
            "name": "Men's 200 Metres",
            "combined": null,
            "__typename": "CalendarResultsOptionEvent"
          },
          {
            "gender": "M",
            "id": 10229631,
            "name": "Men's 400 Metres",
            "combined": null,
            "__typename": "CalendarResultsOptionEvent"
          },
          {
            "gender": "M",
            "id": 10229501,
            "name": "Men's 800 Metres",
            "combined": null,
            "__typename": "CalendarResultsOptionEvent"
          },
          {
            "gender": "M",
            "id": 10229502,
            "name": "Men's 1500 Metres",
            "combined": null,
            "__typename": "CalendarResultsOptionEvent"
          },
          {
            "gender": "M",
            "id": 10229609,
            "name": "Men's 5000 Metres",
            "combined": null,
            "__typename": "CalendarResultsOptionEvent"
          },
          {
            "gender": "M",
            "id": 10229610,
            "name": "Men's 10,000 Metres",
            "combined": null,
            "__typename": "CalendarResultsOptionEvent"
          },
          {
            "gender": "M",
            "id": 10229611,
            "name": "Men's 110 Metres Hurdles",
            "combined": null,
            "__typename": "CalendarResultsOptionEvent"
          },
          {
            "gender": "M",
            "id": 10229612,
            "name": "Men's 400 Metres Hurdles",
            "combined": null,
            "__typename": "CalendarResultsOptionEvent"
          },
          {
            "gender": "M",
            "id": 10229614,
            "name": "Men's 3000 Metres Steeplechase",
            "combined": null,
            "__typename": "CalendarResultsOptionEvent"
          },
          {
            "gender": "M",
            "id": 10229615,
            "name": "Men's High Jump",
            "combined": null,
            "__typename": "CalendarResultsOptionEvent"
          },
          {
            "gender": "M",
            "id": 10229616,
            "name": "Men's Pole Vault",
            "combined": null,
            "__typename": "CalendarResultsOptionEvent"
          },
          {
            "gender": "M",
            "id": 10229617,
            "name": "Men's Long Jump",
            "combined": null,
            "__typename": "CalendarResultsOptionEvent"
          },
          {
            "gender": "M",
            "id": 10229618,
            "name": "Men's Triple Jump",
            "combined": null,
            "__typename": "CalendarResultsOptionEvent"
          },
          {
            "gender": "M",
            "id": 10229619,
            "name": "Men's Shot Put",
            "combined": null,
            "__typename": "CalendarResultsOptionEvent"
          },
          {
            "gender": "M",
            "id": 10229620,
            "name": "Men's Discus Throw",
            "combined": null,
            "__typename": "CalendarResultsOptionEvent"
          },
          {
            "gender": "M",
            "id": 10229621,
            "name": "Men's Hammer Throw",
            "combined": null,
            "__typename": "CalendarResultsOptionEvent"
          },
          {
            "gender": "M",
            "id": 10229636,
            "name": "Men's Javelin Throw",
            "combined": null,
            "__typename": "CalendarResultsOptionEvent"
          },
          {
            "gender": "M",
            "id": 10229634,
            "name": "Men's Marathon",
            "combined": null,
            "__typename": "CalendarResultsOptionEvent"
          },
          {
            "gender": "M",
            "id": 10229508,
            "name": "Men's 20 Kilometres Race Walk",
            "combined": null,
            "__typename": "CalendarResultsOptionEvent"
          },
          {
            "gender": "M",
            "id": 10229628,
            "name": "Men's 50 Kilometres Race Walk",
            "combined": null,
            "__typename": "CalendarResultsOptionEvent"
          },
          {
            "gender": "M",
            "id": 10229629,
            "name": "Men's Decathlon",
            "combined": true,
            "__typename": "CalendarResultsOptionEvent"
          },
          {
            "gender": "M",
            "id": 204593,
            "name": "Men's 4x100 Metres Relay",
            "combined": null,
            "__typename": "CalendarResultsOptionEvent"
          },
          {
            "gender": "M",
            "id": 204595,
            "name": "Men's 4x400 Metres Relay",
            "combined": null,
            "__typename": "CalendarResultsOptionEvent"
          }
        ],
        "__typename": "CalendarResultsOptions"
      },
      "parameters": {
        "competitionId": 6961749,
        "day": null,
        "eventId": 10229514,
        "__typename": "CalendarResultsParameters"
      },
      "__typename": "CalendarCompetitionResults"
    }
  }
}