{
  "data": {
    "getCalendarCompetitionResults": {
      "competition": {
        "dateRange": "26 JUL\u201304 AUG 1996",
        "endDate": "1996-08-04",
        "name": "The XXVI Olympic Games",
        "rankingCategory": "OW",
        "startDate": "1996-07-26",
        "venue": "Olympic Stadium, Atlanta, GA (USA)",
        "__typename": "CalendarResultsCompetition"
      },
      "eventTitles": [
        {
          "rankingCategory": "OW",
          "eventTitle": null,
          "events": [
            {
              "event": "Women's Marathon",
              "eventId": 10229534,
              "gender": "W",
              "isRelay": false,
              "perResultWind": false,
              "withWind": false,
              "summary": null,
              "races": [
                {
                  "date": "1996-07-28",
                  "day": 3,
                  "race": "Final",
                  "raceId": 10,
                  "raceNumber": 0,
                  "results": [
                    {
                      "competitor": {
                        "teamMembers": null,
                        "id": "2b7bqtpjz4u6xll9a63lma",
                        "name": "Fatuma ROBA",
                        "iaafId": 70406,
                        "urlSlug": "ethiopia/fatuma-roba-014259747",
                        "birthDate": "18 DEC 1973",
                        "hasProfile": true,
                        "__typename": "CalendarResultsCompetitor"
                      },
                      "mark": "2:26:05",
                      "nationality": "ETH",
                      "place": "1.",
                      "points": null,
                      "qualified": null,
                      "records": "",
                      "wind": null,
                      "remark": null,
                      "details": null,
                      "__typename": "CalendarResultsRaceResult"
                    },
                    {
                      "competitor": {
                        "teamMembers": null,
                        "id": "ooz2tlchjugiy6y76wpyb",
                        "name": "Valentina YEGOROVA",
                        "iaafId": 60492,
                        "urlSlug": "russia/valentina-yegorova-014299803",
                        "birthDate": "16 FEB 1964",
                        "hasProfile": true,
                        "__typename": "CalendarResultsCompetitor"
                      },
                      "mark": "2:28:05",
                      "nationality": "RUS",
                      "place": "2.",
                      "points": null,
                      "qualified": null,
                      "records": "",
                      "wind": null,
                      "remark": null,
                      "details": null,
                      "__typename": "CalendarResultsRaceResult"
                    },
                    {
                      "competitor": {
                        "teamMembers": null,
                        "id": "vunn25m1rcs7upmww3b4l8",
                        "name": "Yuko ARIMORI",
                        "iaafId": 62971,
                        "urlSlug": "japan/yuko-arimori-014286104",
                        "birthDate": "17 DEC 1966",
                        "hasProfile": true,
                        "__typename": "CalendarResultsCompetitor"
                      },
                      "mark": "2:28:39",
                      "nationality": "JPN",
                      "place": "3.",
                      "points": null,
                      "qualified": null,
                      "records": "",
                      "wind": null,
                      "remark": null,
                      "details": null,
                      "__typename": "CalendarResultsRaceResult"
                    },
                    {
                      "competitor": {
                        "teamMembers": null,
                        "id": "b02dgn22kmhi6oacmojrf",
                        "name": "Katrin D\u00d6RRE-HEINIG",
                        "iaafId": 63078,
                        "urlSlug": "germany/katrin-dorre-heinig-014277400",
                        "birthDate": "06 OCT 1961",
                        "hasProfile": true,
                        "__typename": "CalendarResultsCompetitor"
                      },
                      "mark": "2:28:45",
                      "nationality": "GER",
                      "place": "4.",
                      "points": null,
                      "qualified": null,
                      "records": "",
                      "wind": null,
                      "remark": null,
                      "details": null,
                      "__typename": "CalendarResultsRaceResult"
                    },
                    {
                      "competitor": {
                        "teamMembers": null,
                        "id": "19a7y5jo3p6wkg2a839qpc",
                        "name": "Mar\u00eda Roc\u00edo R\u00cdOS",
                        "iaafId": 62405,
                        "urlSlug": "spain/maria-rocio-rios-014260630",
                        "birthDate": "13 MAR 1969",
                        "hasProfile": true,
                        "__typename": "CalendarResultsCompetitor"
                      },
                      "mark": "2:30:50",
                      "nationality": "ESP",
                      "place": "5.",
                      "points": null,
                      "qualified": null,
                      "records": "",
                      "wind": null,
                      "remark": null,
                      "details": null,
                      "__typename": "CalendarResultsRaceResult"
                    },
                    {
                      "competitor": {
                        "teamMembers": null,
                        "id": "bxp5ndozijeexzi5qo8k9m",
                        "name": "Lidia \u015eIMON",
                        "iaafId": 68382,
                        "urlSlug": "romania/lidia-simon-014295968",
                        "birthDate": "04 SEP 1973",
                        "hasProfile": true,
                        "__typename": "CalendarResultsCompetitor"
                      },
                      "mark": "2:31:04",
                      "nationality": "ROU",
                      "place": "6.",
                      "points": null,
                      "qualified": null,
                      "records": "",
                      "wind": null,
                      "remark": null,
                      "details": null,
                      "__typename": "CalendarResultsRaceResult"
                    },
                    {
                      "competitor": {
                        "teamMembers": null,
                        "id": "2pmlqornsdpyu28lycgiv",
                        "name": "Manuela MACHADO",
                        "iaafId": 63270,
                        "urlSlug": "portugal/manuela-machado-014294959",
                        "birthDate": "09 AUG 1963",
                        "hasProfile": true,
                        "__typename": "CalendarResultsCompetitor"
                      },
                      "mark": "2:31:11",
                      "nationality": "POR",
                      "place": "7.",
                      "points": null,
                      "qualified": null,
                      "records": "",
                      "wind": null,
                      "remark": null,
                      "details": null,
                      "__typename": "CalendarResultsRaceResult"
                    },
                    {
                      "competitor": {
                        "teamMembers": null,
                        "id": "ki430grafhisbndnr9x",
                        "name": "Sonja OBEREM-KROLIK",
                        "iaafId": 80057,
                        "urlSlug": "germany/sonja-oberem-krolik-014279101",
                        "birthDate": "24 FEB 1973",
                        "hasProfile": true,
                        "__typename": "CalendarResultsCompetitor"
                      },
                      "mark": "2:31:16",
                      "nationality": "GER",
                      "place": "8.",
                      "points": null,
                      "qualified": null,
                      "records": "",
                      "wind": null,
                      "remark": null,
                      "details": null,
                      "__typename": "CalendarResultsRaceResult"
                    },
                    {
                      "competitor": {
                        "teamMembers": null,
                        "id": "1bbz7kiyf0uy81875tbzn",
                        "name": "Xiujuan REN",
                        "iaafId": 110045,
                        "urlSlug": "pr-of-china/xiujuan-ren-014265419",
                        "birthDate": "14 SEP 1974",
                        "hasProfile": true,
                        "__typename": "CalendarResultsCompetitor"
                      },
                      "mark": "2:31:21",
                      "nationality": "CHN",
                      "place": "9.",
                      "points": null,
                      "qualified": null,
                      "records": "",
                      "wind": null,
                      "remark": null,
                      "details": null,
                      "__typename": "CalendarResultsRaceResult"
                    },
                    {
                      "competitor": {
                        "teamMembers": null,
                        "id": "96o9p9zq9oo02o4ucdz9cp3",
                        "name": "Anne Marie LAUCK",
                        "iaafId": 63243,
                        "urlSlug": "united-states/anne-marie-lauck-014315056",
                        "birthDate": "07 MAR 1969",
                        "hasProfile": true,
                        "__typename": "CalendarResultsCompetitor"
                      },
                      "mark": "2:31:30",
                      "nationality": "USA",
                      "place": "10.",
                      "points": null,
                      "qualified": null,
                      "records": "",
                      "wind": null,
                      "remark": null,
                      "details": null,
                      "__typename": "CalendarResultsRaceResult"
                    },
                    {
                      "competitor": {
                        "teamMembers": null,
                        "id": "0yik3vphsagdlupeo85nxpm",
                        "name": "Ma\u0142gorzata SOBA\u0143SKA",
                        "iaafId": 68534,
                        "urlSlug": "poland/malgorzata-sobanska-014294434",
                        "birthDate": "25 APR 1969",
                        "hasProfile": true,
                        "__typename": "CalendarResultsCompetitor"
                      },
                      "mark": "2:31:52",
                      "nationality": "POL",
                      "place": "11.",
                      "points": null,
                      "qualified": null,
                      "records": "",
                      "wind": null,
                      "remark": null,
                      "details": null,
                      "__typename": "CalendarResultsRaceResult"
                    },
                    {
                      "competitor": {
                        "teamMembers": null,
                        "id": "5qny8aerv42l35f3nwy40n",
                        "name": "Izumi MAKI",
                        "iaafId": 61150,
                        "urlSlug": "japan/izumi-maki-014287012",
                        "birthDate": "10 DEC 1968",
                        "hasProfile": true,
                        "__typename": "CalendarResultsCompetitor"
                      },
                      "mark": "2:32:35",
                      "nationality": "JPN",
                      "place": "12.",
                      "points": null,
                      "qualified": null,
                      "records": "",
                      "wind": null,
                      "remark": null,
                      "details": null,
                      "__typename": "CalendarResultsRaceResult"
                    },
                    {
                      "competitor": {
                        "teamMembers": null,
                        "id": "w9ilw2zkq2evcr29j49kpf",
                        "name": "Ornella FERRARA",
                        "iaafId": 68459,
                        "urlSlug": "italy/ornella-ferrara-014284323",
                        "birthDate": "17 APR 1968",
                        "hasProfile": true,
                        "__typename": "CalendarResultsCompetitor"
                      },
                      "mark": "2:33:09",
                      "nationality": "ITA",
                      "place": "13.",
                      "points": null,
                      "qualified": null,
                      "records": "",
                      "wind": null,
                      "remark": null,
                      "details": null,
                      "__typename": "CalendarResultsRaceResult"
                    },
                    {
                      "competitor": {
                        "teamMembers": null,
                        "id": "4cggbrs6zqsx6a45ct4hzl",
                        "name": "Monica PONT",
                        "iaafId": 68385,
                        "urlSlug": "spain/monica-pont-014260722",
                        "birthDate": "03 JUN 1969",
                        "hasProfile": true,
                        "__typename": "CalendarResultsCompetitor"
                      },
                      "mark": "2:33:27",
                      "nationality": "ESP",
                      "place": "14.",
                      "points": null,
                      "qualified": null,
                      "records": "",
                      "wind": null,
                      "remark": null,
                      "details": null,
                      "__typename": "CalendarResultsRaceResult"
                    },
                    {
                      "competitor": {
                        "teamMembers": null,
                        "id": "om7u2vgelfhktfgagcdqq",
                        "name": "Angelina KANANA",
                        "iaafId": 70933,
                        "urlSlug": "kenya/angelina-kanana-014289061",
                        "birthDate": "16 DEC 1965",
                        "hasProfile": true,
                        "__typename": "CalendarResultsCompetitor"
                      },
                      "mark": "2:34:19",
                      "nationality": "KEN",
                      "place": "15.",
                      "points": null,
                      "qualified": null,
                      "records": "",
                      "wind": null,
                      "remark": null,
                      "details": null,
                      "__typename": "CalendarResultsRaceResult"
                    },
                    {
                      "competitor": {
                        "teamMembers": null,
                        "id": "n8z9xhxrxujnilrelcr7ts",
                        "name": "Liz MCCOLGAN",
                        "iaafId": 61208,
                        "urlSlug": "great-britain-ni/liz-mccolgan-014275730",
                        "birthDate": "24 MAY 1964",
                        "hasProfile": true,
                        "__typename": "CalendarResultsCompetitor"
                      },
                      "mark": "2:34:30",
                      "nationality": "GBR",
                      "place": "16.",
                      "points": null,
                      "qualified": null,
                      "records": "",
                      "wind": null,
                      "remark": null,
                      "details": null,
                      "__typename": "CalendarResultsRaceResult"
                    },
                    {
                      "competitor": {
                        "teamMembers": null,
                        "id": "rjjgbaznsork0hqy57uc7",
                        "name": "Junko ASARI",
                        "iaafId": 65131,
                        "urlSlug": "japan/junko-asari-014286111",
                        "birthDate": "22 SEP 1969",
                        "hasProfile": true,
                        "__typename": "CalendarResultsCompetitor"
                      },
                      "mark": "2:34:31",
                      "nationality": "JPN",
                      "place": "17.",
                      "points": null,
                      "qualified": null,
                      "records": "",
                      "wind": null,
                      "remark": null,
                      "details": null,
                      "__typename": "CalendarResultsRaceResult"
                    },
                    {
                      "competitor": {
                        "teamMembers": null,
                        "id": "c9vkxbdpofui8fedzdhmo",
                        "name": "Franziska ROCHAT-MOSER",
                        "iaafId": 63313,
                        "urlSlug": "switzerland/franziska-rochat-moser-014301139",
                        "birthDate": "17 AUG 1966",
                        "hasProfile": true,
                        "__typename": "CalendarResultsCompetitor"
                      },
                      "mark": "2:34:48",
                      "nationality": "SUI",
                      "place": "18.",
                      "points": null,
                      "qualified": null,
                      "records": "",
                      "wind": null,
                      "remark": null,
                      "details": null,
                      "__typename": "CalendarResultsRaceResult"
                    },
                    {
                      "competitor": {
                        "teamMembers": null,
                        "id": "wnszr93kme97x3clbtdghj",
                        "name": "Griselda Maria GONZ\u00c1LEZ",
                        "iaafId": 60654,
                        "urlSlug": "spain/griselda-maria-gonzalez-014261402",
                        "birthDate": "04 DEC 1965",
                        "hasProfile": true,
                        "__typename": "CalendarResultsCompetitor"
                      },
                      "mark": "2:35:12",
                      "nationality": "ARG",
                      "place": "19.",
                      "points": null,
                      "qualified": null,
                      "records": "",
                      "wind": null,
                      "remark": null,
                      "details": null,
                      "__typename": "CalendarResultsRaceResult"
                    },
                    {
                      "competitor": {
                        "teamMembers": null,
                        "id": "yyr6sfy38kjoa062inkwb",
                        "name": "Yong SONG-OK",
                        "iaafId": 115562,
                        "urlSlug": "dpr-of-korea/yong-song-ok-014295233",
                        "birthDate": "18 AUG 1974",
                        "hasProfile": true,
                        "__typename": "CalendarResultsCompetitor"
                      },
                      "mark": "2:35:31",
                      "nationality": "PRK",
                      "place": "20.",
                      "points": null,
                      "qualified": null,
                      "records": "",
                      "wind": null,
                      "remark": null,
                      "details": null,
                      "__typename": "CalendarResultsRaceResult"
                    },
                    {
                      "competitor": {
                        "teamMembers": null,
                        "id": "y2exsb5x6p8rhnpcvqxidl",
                        "name": "Irina BOGACHOVA",
                        "iaafId": 60180,
                        "urlSlug": "kirghizistan/irina-bogachova-014289544",
                        "birthDate": "30 MAY 1961",
                        "hasProfile": true,
                        "__typename": "CalendarResultsCompetitor"
                      },
                      "mark": "2:35:44",
                      "nationality": "KGZ",
                      "place": "21.",
                      "points": null,
                      "qualified": null,
                      "records": "",
                      "wind": null,
                      "remark": null,
                      "details": null,
                      "__typename": "CalendarResultsRaceResult"
                    },
                    {
                      "competitor": {
                        "teamMembers": null,
                        "id": "hrz0j0hfrgdydgpakiq5n",
                        "name": "Iglandini GONZ\u00c1LEZ",
                        "iaafId": 115282,
                        "urlSlug": "colombia/iglandini-gonzalez-014264005",
                        "birthDate": "05 FEB 1965",
                        "hasProfile": true,
                        "__typename": "CalendarResultsCompetitor"
                      },
                      "mark": "2:35:45",
                      "nationality": "COL",
                      "place": "22.",
                      "points": null,
                      "qualified": null,
                      "records": "",
                      "wind": null,
                      "remark": null,
                      "details": null,
                      "__typename": "CalendarResultsRaceResult"
                    },
                    {
                      "competitor": {
                        "teamMembers": null,
                        "id": "zkuqr4ovwcsaqn9tqqgavs",
                        "name": "Serap AKTAS",
                        "iaafId": 68069,
                        "urlSlug": "turkey/serap-aktas-014303194",
                        "birthDate": "25 SEP 1971",
                        "hasProfile": true,
                        "__typename": "CalendarResultsCompetitor"
                      },
                      "mark": "2:36:14",
                      "nationality": "TUR",
                      "place": "23.",
                      "points": null,
                      "qualified": null,
                      "records": "",
                      "wind": null,
                      "remark": null,
                      "details": null,
                      "__typename": "CalendarResultsRaceResult"
                    },
                    {
                      "competitor": {
                        "teamMembers": null,
                        "id": "bgs159511lagphf389tw74",
                        "name": "Yelena MAZOVKA",
                        "iaafId": 75108,
                        "urlSlug": "belarus/yelena-mazovka-014269740",
                        "birthDate": "30 JUN 1967",
                        "hasProfile": true,
                        "__typename": "CalendarResultsCompetitor"
                      },
                      "mark": "2:36:22",
                      "nationality": "BLR",
                      "place": "24.",
                      "points": null,
                      "qualified": null,
                      "records": "",
                      "wind": null,
                      "remark": null,
                      "details": null,
                      "__typename": "CalendarResultsRaceResult"
                    },
                    {
                      "competitor": {
                        "teamMembers": null,
                        "id": "1zm9bh7qlm4vnyomxo63j",
                        "name": "Marleen RENDERS",
                        "iaafId": 61585,
                        "urlSlug": "belgium/marleen-renders-014270237",
                        "birthDate": "24 DEC 1968",
                        "hasProfile": true,
                        "__typename": "CalendarResultsCompetitor"
                      },
                      "mark": "2:36:27",
                      "nationality": "BEL",
                      "place": "25.",
                      "points": null,
                      "qualified": null,
                      "records": "",
                      "wind": null,
                      "remark": null,
                      "details": null,
                      "__typename": "CalendarResultsRaceResult"
                    },
                    {
                      "competitor": {
                        "teamMembers": null,
                        "id": "aa9qyqv3gtmy8o8wlcg5pm",
                        "name": "Chang-OK KIM",
                        "iaafId": 172118,
                        "urlSlug": "dpr-of-korea/chang-ok-kim-014295145",
                        "birthDate": "27 MAY 1975",
                        "hasProfile": true,
                        "__typename": "CalendarResultsCompetitor"
                      },
                      "mark": "2:36:31",
                      "nationality": "PRK",
                      "place": "26.",
                      "points": null,
                      "qualified": null,
                      "records": "",
                      "wind": null,
                      "remark": null,
                      "details": null,
                      "__typename": "CalendarResultsRaceResult"
                    },
                    {
                      "competitor": {
                        "teamMembers": null,
                        "id": "6d4x1xelqfrltvbveszhl",
                        "name": "Maria Albertina DIAS",
                        "iaafId": 60436,
                        "urlSlug": "portugal/maria-albertina-dias-014294855",
                        "birthDate": "26 APR 1965",
                        "hasProfile": true,
                        "__typename": "CalendarResultsCompetitor"
                      },
                      "mark": "2:36:39",
                      "nationality": "POR",
                      "place": "27.",
                      "points": null,
                      "qualified": null,
                      "records": "",
                      "wind": null,
                      "remark": null,
                      "details": null,
                      "__typename": "CalendarResultsRaceResult"
                    },
                    {
                      "competitor": {
                        "teamMembers": null,
                        "id": "1qpg8mspo9vhlenerzw55",
                        "name": "Kerryn MCCANN",
                        "iaafId": 80551,
                        "urlSlug": "australia/kerryn-mccann-014271694",
                        "birthDate": "02 MAY 1967",
                        "hasProfile": true,
                        "__typename": "CalendarResultsCompetitor"
                      },
                      "mark": "2:36:41",
                      "nationality": "AUS",
                      "place": "28.",
                      "points": null,
                      "qualified": null,
                      "records": "",
                      "wind": null,
                      "remark": null,
                      "details": null,
                      "__typename": "CalendarResultsRaceResult"
                    },
                    {
                      "competitor": {
                        "teamMembers": null,
                        "id": "s3l6t6dqlobc6mu5oftg",
                        "name": "Aniela NIKIEL-G\u0141OGOSZ",
                        "iaafId": 68416,
                        "urlSlug": "poland/aniela-nikiel-glogosz-014294174",
                        "birthDate": "01 NOV 1965",
                        "hasProfile": true,
                        "__typename": "CalendarResultsCompetitor"
                      },
                      "mark": "2:36:44",
                      "nationality": "POL",
                      "place": "29.",
                      "points": null,
                      "qualified": null,
                      "records": "",
                      "wind": null,
                      "remark": null,
                      "details": null,
                      "__typename": "CalendarResultsRaceResult"
                    },
                    {
                      "competitor": {
                        "teamMembers": null,
                        "id": "1nznm1b7mkqowj1ny0r0h",
                        "name": "Mi-ja OH",
                        "iaafId": 115560,
                        "urlSlug": "korea/mi-ja-oh-014289846",
                        "birthDate": "03 JUL 1970",
                        "hasProfile": true,
                        "__typename": "CalendarResultsCompetitor"
                      },
                      "mark": "2:36:54",
                      "nationality": "KOR",
                      "place": "30.",
                      "points": null,
                      "qualified": null,
                      "records": "",
                      "wind": null,
                      "remark": null,
                      "details": null,
                      "__typename": "CalendarResultsRaceResult"
                    },
                    {
                      "competitor": {
                        "teamMembers": null,
                        "id": "m6izv0ddznw4xyw66kep",
                        "name": "Linda SOMERS-SMITH",
                        "iaafId": 66488,
                        "urlSlug": "united-states/linda-somers-smith-014321713",
                        "birthDate": "07 MAY 1961",
                        "hasProfile": true,
                        "__typename": "CalendarResultsCompetitor"
                      },
                      "mark": "2:36:58",
                      "nationality": "USA",
                      "place": "31.",
                      "points": null,
                      "qualified": null,
                      "records": "",
                      "wind": null,
                      "remark": null,
                      "details": null,
                      "__typename": "CalendarResultsRaceResult"
                    },
                    {
                      "competitor": {
                        "teamMembers": null,
                        "id": "lwx7kfq9nsc07eg4806ixyf",
                        "name": "Danuta BARTOSZEK",
                        "iaafId": 68230,
                        "urlSlug": "canada/danuta-bartoszek-014268395",
                        "birthDate": "19 AUG 1961",
                        "hasProfile": true,
                        "__typename": "CalendarResultsCompetitor"
                      },
                      "mark": "2:37:06",
                      "nationality": "CAN",
                      "place": "32.",
                      "points": null,
                      "qualified": null,
                      "records": "",
                      "wind": null,
                      "remark": null,
                      "details": null,
                      "__typename": "CalendarResultsRaceResult"
                    },
                    {
                      "competitor": {
                        "teamMembers": null,
                        "id": "35qod9lm5ngxn06pmrgnw",
                        "name": "Maria del Carmen D\u00cdAZ",
                        "iaafId": 60441,
                        "urlSlug": "mexico/maria-del-carmen-diaz-014291030",
                        "birthDate": "15 JUL 1970",
                        "hasProfile": true,
                        "__typename": "CalendarResultsCompetitor"
                      },
                      "mark": "2:37:14",
                      "nationality": "MEX",
                      "place": "33.",
                      "points": null,
                      "qualified": null,
                      "records": "",
                      "wind": null,
                      "remark": null,
                      "details": null,
                      "__typename": "CalendarResultsRaceResult"
                    },
                    {
                      "competitor": {
                        "teamMembers": null,
                        "id": "jwl5etpyp7x6ql3976etj",
                        "name": "Nelly GLAUSER",
                        "iaafId": 71199,
                        "urlSlug": "switzerland/nelly-glauser-014300802",
                        "birthDate": "27 JAN 1966",
                        "hasProfile": true,
                        "__typename": "CalendarResultsCompetitor"
                      },
                      "mark": "2:37:19",
                      "nationality": "SUI",
                      "place": "34.",
                      "points": null,
                      "qualified": null,
                      "records": "",
                      "wind": null,
                      "remark": null,
                      "details": null,
                      "__typename": "CalendarResultsRaceResult"
                    },
                    {
                      "competitor": {
                        "teamMembers": null,
                        "id": "crdwcfbw9ch8hsoav2551x",
                        "name": "Ramiya BURANGULOVA",
                        "iaafId": 60112,
                        "urlSlug": "russia/ramiya-burangulova-014297470",
                        "birthDate": "11 JUL 1961",
                        "hasProfile": true,
                        "__typename": "CalendarResultsCompetitor"
                      },
                      "mark": "2:38:04",
                      "nationality": "RUS",
                      "place": "35.",
                      "points": null,
                      "qualified": null,
                      "records": "",
                      "wind": null,
                      "remark": null,
                      "details": null,
                      "__typename": "CalendarResultsRaceResult"
                    },
                    {
                      "competitor": {
                        "teamMembers": null,
                        "id": "5vm8zmwbp4wq3iig660xoh",
                        "name": "Judit F\u00d6LDINGN\u00c9 NAGY",
                        "iaafId": 63107,
                        "urlSlug": "hungary/judit-foldingne-nagy-014281533",
                        "birthDate": "09 DEC 1965",
                        "hasProfile": true,
                        "__typename": "CalendarResultsCompetitor"
                      },
                      "mark": "2:38:43",
                      "nationality": "HUN",
                      "place": "36.",
                      "points": null,
                      "qualified": null,
                      "records": "",
                      "wind": null,
                      "remark": null,
                      "details": null,
                      "__typename": "CalendarResultsRaceResult"
                    },
                    {
                      "competitor": {
                        "teamMembers": null,
                        "id": "k2rs4basjxln84sbakvrkb",
                        "name": "Erika Alejandra DE LA FUENTE",
                        "iaafId": 76055,
                        "urlSlug": "chile/erika-alejandra-de-la-fuente-014269220",
                        "birthDate": "04 JAN 1976",
                        "hasProfile": true,
                        "__typename": "CalendarResultsCompetitor"
                      },
                      "mark": "2:39:06",
                      "nationality": "CHI",
                      "place": "37.",
                      "points": null,
                      "qualified": null,
                      "records": "",
                      "wind": null,
                      "remark": null,
                      "details": null,
                      "__typename": "CalendarResultsRaceResult"
                    },
                    {
                      "competitor": {
                        "teamMembers": null,
                        "id": "c0d43j087xtjbwgpph8i9s",
                        "name": "Yvonne Danson TAN",
                        "iaafId": 80028,
                        "urlSlug": "singapore/yvonne-danson-tan-014300038",
                        "birthDate": "22 MAY 1959",
                        "hasProfile": true,
                        "__typename": "CalendarResultsCompetitor"
                      },
                      "mark": "2:39:18",
                      "nationality": "SGP",
                      "place": "38.",
                      "points": null,
                      "qualified": null,
                      "records": "",
                      "wind": null,
                      "remark": null,
                      "details": null,
                      "__typename": "CalendarResultsRaceResult"
                    },
                    {
                      "competitor": {
                        "teamMembers": null,
                        "id": "ae8u5uj40u61myb5z4nxh",
                        "name": "M\u00e1rcia NARLOCH",
                        "iaafId": 61343,
                        "urlSlug": "brazil/marcia-narloch-014268944",
                        "birthDate": "28 MAR 1969",
                        "hasProfile": true,
                        "__typename": "CalendarResultsCompetitor"
                      },
                      "mark": "2:39:33",
                      "nationality": "BRA",
                      "place": "39.",
                      "points": null,
                      "qualified": null,
                      "records": "",
                      "wind": null,
                      "remark": null,
                      "details": null,
                      "__typename": "CalendarResultsRaceResult"
                    },
                    {
                      "competitor": {
                        "teamMembers": null,
                        "id": "a4brrxlw1krdnf8jbno2a4",
                        "name": "Stefanija STATKUVIEN\u0116",
                        "iaafId": 62847,
                        "urlSlug": "belgium/stefanija-statkuviene-014290393",
                        "birthDate": "05 SEP 1962",
                        "hasProfile": true,
                        "__typename": "CalendarResultsCompetitor"
                      },
                      "mark": "2:39:51",
                      "nationality": "LTU",
                      "place": "40.",
                      "points": null,
                      "qualified": null,
                      "records": "",
                      "wind": null,
                      "remark": null,
                      "details": null,
                      "__typename": "CalendarResultsRaceResult"
                    },
                    {
                      "competitor": {
                        "teamMembers": null,
                        "id": "5v7aj6ibkv3e082vfbh6h",
                        "name": "Anne VAN SCHUPPEN",
                        "iaafId": 67910,
                        "urlSlug": "netherlands/anne-van-schuppen-014292205",
                        "birthDate": "11 OCT 1960",
                        "hasProfile": true,
                        "__typename": "CalendarResultsCompetitor"
                      },
                      "mark": "2:40:46",
                      "nationality": "NED",
                      "place": "41.",
                      "points": null,
                      "qualified": null,
                      "records": "",
                      "wind": null,
                      "remark": null,
                      "details": null,
                      "__typename": "CalendarResultsRaceResult"
                    },
                    {
                      "competitor": {
                        "teamMembers": null,
                        "id": "9zo7jxpd788oo399bu898",
                        "name": "Maria POLYZOU",
                        "iaafId": 66228,
                        "urlSlug": "greece/maria-polyzou-014280870",
                        "birthDate": "10 NOV 1968",
                        "hasProfile": true,
                        "__typename": "CalendarResultsCompetitor"
                      },
                      "mark": "2:41:33",
                      "nationality": "GRE",
                      "place": "42.",
                      "points": null,
                      "qualified": null,
                      "records": "",
                      "wind": null,
                      "remark": null,
                      "details": null,
                      "__typename": "CalendarResultsRaceResult"
                    },
                    {
                      "competitor": {
                        "teamMembers": null,
                        "id": "hbvujuq4hqyt2c6gcizjf",
                        "name": "Maria Guadalupe LOMA",
                        "iaafId": 80558,
                        "urlSlug": "mexico/maria-guadalupe-loma-014291124",
                        "birthDate": "12 DEC 1967",
                        "hasProfile": true,
                        "__typename": "CalendarResultsCompetitor"
                      },
                      "mark": "2:41:56",
                      "nationality": "MEX",
                      "place": "43.",
                      "points": null,
                      "qualified": null,
                      "records": "",
                      "wind": null,
                      "remark": null,
                      "details": null,
                      "__typename": "CalendarResultsRaceResult"
                    },
                    {
                      "competitor": {
                        "teamMembers": null,
                        "id": "hm3tohg7f57ufo6w4bcfs",
                        "name": "Anuta CATUNA",
                        "iaafId": 60287,
                        "urlSlug": "romania/anuta-catuna-014295489",
                        "birthDate": "01 OCT 1968",
                        "hasProfile": true,
                        "__typename": "CalendarResultsCompetitor"
                      },
                      "mark": "2:42:01",
                      "nationality": "ROU",
                      "place": "44.",
                      "points": null,
                      "qualified": null,
                      "records": "",
                      "wind": null,
                      "remark": null,
                      "details": null,
                      "__typename": "CalendarResultsRaceResult"
                    },
                    {
                      "competitor": {
                        "teamMembers": null,
                        "id": "74cvf31ud8bevskgwn0ppr",
                        "name": "Karen MACLEOD",
                        "iaafId": 65969,
                        "urlSlug": "great-britain-ni/karen-macleod-014275655",
                        "birthDate": "24 APR 1958",
                        "hasProfile": true,
                        "__typename": "CalendarResultsCompetitor"
                      },
                      "mark": "2:42:08",
                      "nationality": "GBR",
                      "place": "45.",
                      "points": null,
                      "qualified": null,
                      "records": "",
                      "wind": null,
                      "remark": null,
                      "details": null,
                      "__typename": "CalendarResultsRaceResult"
                    },
                    {
                      "competitor": {
                        "teamMembers": null,
                        "id": "pqckuuh2vhyx3ukvcupqi",
                        "name": "Lorraine MOLLER",
                        "iaafId": 66069,
                        "urlSlug": "new-zealand/lorraine-moller-014293081",
                        "birthDate": "01 JUN 1955",
                        "hasProfile": true,
                        "__typename": "CalendarResultsCompetitor"
                      },
                      "mark": "2:42:21",
                      "nationality": "NZL",
                      "place": "46.",
                      "points": null,
                      "qualified": null,
                      "records": "",
                      "wind": null,
                      "remark": null,
                      "details": null,
                      "__typename": "CalendarResultsRaceResult"
                    },
                    {
                      "competitor": {
                        "teamMembers": null,
                        "id": "laet1zouc8cbunghttj5vt",
                        "name": "Albertina MACHADO",
                        "iaafId": 61138,
                        "urlSlug": "portugal/albertina-machado-014294957",
                        "birthDate": "25 DEC 1961",
                        "hasProfile": true,
                        "__typename": "CalendarResultsCompetitor"
                      },
                      "mark": "2:43:44",
                      "nationality": "POR",
                      "place": "47.",
                      "points": null,
                      "qualified": null,
                      "records": "",
                      "wind": null,
                      "remark": null,
                      "details": null,
                      "__typename": "CalendarResultsRaceResult"
                    },
                    {
                      "competitor": {
                        "teamMembers": null,
                        "id": "08ffo7muoecd1mh0qtmefeg",
                        "name": "Anita H\u01faKENSTAD-EVERTSEN",
                        "iaafId": 71017,
                        "urlSlug": "norway/anita-hakenstad-evertsen-014292638",
                        "birthDate": "19 FEB 1968",
                        "hasProfile": true,
                        "__typename": "CalendarResultsCompetitor"
                      },
                      "mark": "2:43:58",
                      "nationality": "NOR",
                      "place": "48.",
                      "points": null,
                      "qualified": null,
                      "records": "",
                      "wind": null,
                      "remark": null,
                      "details": null,
                      "__typename": "CalendarResultsRaceResult"
                    },
                    {
                      "competitor": {
                        "teamMembers": null,
                        "id": "mykccge9fqart3b7ka6mx",
                        "name": "Ana Isabel ALONSO",
                        "iaafId": 60041,
                        "urlSlug": "spain/ana-isabel-alonso-014262129",
                        "birthDate": "16 AUG 1963",
                        "hasProfile": true,
                        "__typename": "CalendarResultsCompetitor"
                      },
                      "mark": "2:44:12",
                      "nationality": "ESP",
                      "place": "49.",
                      "points": null,
                      "qualified": null,
                      "records": "",
                      "wind": null,
                      "remark": null,
                      "details": null,
                      "__typename": "CalendarResultsRaceResult"
                    },
                    {
                      "competitor": {
                        "teamMembers": null,
                        "id": "epyhv6kvhp9r9i2kogwmd",
                        "name": "Natalya GALUSHKO",
                        "iaafId": 71272,
                        "urlSlug": "belarus/natalya-galushko-014269916",
                        "birthDate": "18 SEP 1971",
                        "hasProfile": true,
                        "__typename": "CalendarResultsCompetitor"
                      },
                      "mark": "2:44:21",
                      "nationality": "BLR",
                      "place": "50.",
                      "points": null,
                      "qualified": null,
                      "records": "",
                      "wind": null,
                      "remark": null,
                      "details": null,
                      "__typename": "CalendarResultsRaceResult"
                    },
                    {
                      "competitor": {
                        "teamMembers": null,
                        "id": "1xt5kkrigsh4juavkdx6mp",
                        "name": "Adriana FERN\u00c1NDEZ MIRANDA",
                        "iaafId": 76255,
                        "urlSlug": "mexico/adriana-fernandez-miranda-014291056",
                        "birthDate": "04 APR 1971",
                        "hasProfile": true,
                        "__typename": "CalendarResultsCompetitor"
                      },
                      "mark": "2:44:23",
                      "nationality": "MEX",
                      "place": "51.",
                      "points": null,
                      "qualified": null,
                      "records": "",
                      "wind": null,
                      "remark": null,
                      "details": null,
                      "__typename": "CalendarResultsRaceResult"
                    },
                    {
                      "competitor": {
                        "teamMembers": null,
                        "id": "yfyi1vqfi8anfivw5f29im",
                        "name": "May ALLISON",
                        "iaafId": 130430,
                        "urlSlug": "canada/may-allison-014268459",
                        "birthDate": "25 OCT 1964",
                        "hasProfile": true,
                        "__typename": "CalendarResultsCompetitor"
                      },
                      "mark": "2:44:38",
                      "nationality": "CAN",
                      "place": "52.",
                      "points": null,
                      "qualified": null,
                      "records": "",
                      "wind": null,
                      "remark": null,
                      "details": null,
                      "__typename": "CalendarResultsRaceResult"
                    },
                    {
                      "competitor": {
                        "teamMembers": null,
                        "id": "at17320wthwobaupn7o8b",
                        "name": "Helena JAVORNIK",
                        "iaafId": 67329,
                        "urlSlug": "slovenia/helena-javornik-014300140",
                        "birthDate": "26 MAR 1966",
                        "hasProfile": true,
                        "__typename": "CalendarResultsCompetitor"
                      },
                      "mark": "2:46:58",
                      "nationality": "SLO",
                      "place": "53.",
                      "points": null,
                      "qualified": null,
                      "records": "",
                      "wind": null,
                      "remark": null,
                      "details": null,
                      "__typename": "CalendarResultsRaceResult"
                    },
                    {
                      "competitor": {
                        "teamMembers": null,
                        "id": "poimenw8hyod2f0vtz0yd",
                        "name": "Marilu SALAZAR",
                        "iaafId": 68107,
                        "urlSlug": "peru/marilu-salazar-014433390",
                        "birthDate": "27 OCT 1965",
                        "hasProfile": true,
                        "__typename": "CalendarResultsCompetitor"
                      },
                      "mark": "2:48:58",
                      "nationality": "PER",
                      "place": "54.",
                      "points": null,
                      "qualified": null,
                      "records": "",
                      "wind": null,
                      "remark": null,
                      "details": null,
                      "__typename": "CalendarResultsRaceResult"
                    },
                    {
                      "competitor": {
                        "teamMembers": null,
                        "id": "eizrkldk7j9z7ddzoi7orf",
                        "name": "Suzanna CIRI\u0106",
                        "iaafId": 63868,
                        "urlSlug": "serbia/suzanna-ciric-014300320",
                        "birthDate": "12 JUL 1969",
                        "hasProfile": true,
                        "__typename": "CalendarResultsCompetitor"
                      },
                      "mark": "2:49:30",
                      "nationality": "YUG",
                      "place": "55.",
                      "points": null,
                      "qualified": null,
                      "records": "",
                      "wind": null,
                      "remark": null,
                      "details": null,
                      "__typename": "CalendarResultsRaceResult"
                    },
                    {
                      "competitor": {
                        "teamMembers": null,
                        "id": "5yd3ontkilfcztzydk0xbw",
                        "name": "Nadia PRASAD",
                        "iaafId": 80152,
                        "urlSlug": "united-states/nadia-prasad-014273587",
                        "birthDate": "06 OCT 1967",
                        "hasProfile": true,
                        "__typename": "CalendarResultsCompetitor"
                      },
                      "mark": "2:50:05",
                      "nationality": "USA",
                      "place": "56.",
                      "points": null,
                      "qualified": null,
                      "records": "",
                      "wind": null,
                      "remark": null,
                      "details": null,
                      "__typename": "CalendarResultsRaceResult"
                    },
                    {
                      "competitor": {
                        "teamMembers": null,
                        "id": "7lfqxw5p4w9ck5zo64l54",
                        "name": "Sue MALAXOS",
                        "iaafId": 65976,
                        "urlSlug": "australia/sue-malaxos-014271727",
                        "birthDate": "30 DEC 1961",
                        "hasProfile": true,
                        "__typename": "CalendarResultsCompetitor"
                      },
                      "mark": "2:50:46",
                      "nationality": "AUS",
                      "place": "57.",
                      "points": null,
                      "qualified": null,
                      "records": "",
                      "wind": null,
                      "remark": null,
                      "details": null,
                      "__typename": "CalendarResultsRaceResult"
                    },
                    {
                      "competitor": {
                        "teamMembers": null,
                        "id": "brx231g17kt9i7ovj6p4e",
                        "name": "Suzanne RIGG",
                        "iaafId": 67892,
                        "urlSlug": "great-britain-ni/suzanne-rigg-014279387",
                        "birthDate": "29 NOV 1963",
                        "hasProfile": true,
                        "__typename": "CalendarResultsCompetitor"
                      },
                      "mark": "2:52:09",
                      "nationality": "GBR",
                      "place": "58.",
                      "points": null,
                      "qualified": null,
                      "records": "",
                      "wind": null,
                      "remark": null,
                      "details": null,
                      "__typename": "CalendarResultsRaceResult"
                    },
                    {
                      "competitor": {
                        "teamMembers": null,
                        "id": "g7hrp3s1xlwsqx196yy1l",
                        "name": "Elizabeth MONGUDHI",
                        "iaafId": 76066,
                        "urlSlug": "namibia/elizabeth-mongudhi-014291439",
                        "birthDate": "15 JUN 1970",
                        "hasProfile": true,
                        "__typename": "CalendarResultsCompetitor"
                      },
                      "mark": "2:56:19",
                      "nationality": "NAM",
                      "place": "59.",
                      "points": null,
                      "qualified": null,
                      "records": "",
                      "wind": null,
                      "remark": null,
                      "details": null,
                      "__typename": "CalendarResultsRaceResult"
                    },
                    {
                      "competitor": {
                        "teamMembers": null,
                        "id": "7vh39pvw76udd9zfb5byuo",
                        "name": "Solange Cordeiro DE SOUZA",
                        "iaafId": 75006,
                        "urlSlug": "brazil/solange-cordeiro-de-souza-014269160",
                        "birthDate": "05 FEB 1969",
                        "hasProfile": true,
                        "__typename": "CalendarResultsCompetitor"
                      },
                      "mark": "2:56:23",
                      "nationality": "BRA",
                      "place": "60.",
                      "points": null,
                      "qualified": null,
                      "records": "",
                      "wind": null,
                      "remark": null,
                      "details": null,
                      "__typename": "CalendarResultsRaceResult"
                    },
                    {
                      "competitor": {
                        "teamMembers": null,
                        "id": "y3mf66rnlzmwe10h3w73x",
                        "name": "Gulsara DADABAYEVA",
                        "iaafId": 68239,
                        "urlSlug": "tajikistan/gulsara-dadabayeva-014302747",
                        "birthDate": "04 JUL 1976",
                        "hasProfile": true,
                        "__typename": "CalendarResultsCompetitor"
                      },
                      "mark": "3:09:08",
                      "nationality": "TJK",
                      "place": "61.",
                      "points": null,
                      "qualified": null,
                      "records": "",
                      "wind": null,
                      "remark": null,
                      "details": null,
                      "__typename": "CalendarResultsRaceResult"
                    },
                    {
                      "competitor": {
                        "teamMembers": null,
                        "id": "esffri5uoxna7gpw0ml63",
                        "name": "Bimala RANAMAGAR",
                        "iaafId": null,
                        "urlSlug": "nepal/bimala-ranamagar-014433394",
                        "birthDate": "02 JUL 1971",
                        "hasProfile": true,
                        "__typename": "CalendarResultsCompetitor"
                      },
                      "mark": "3:16:19",
                      "nationality": "NEP",
                      "place": "62.",
                      "points": null,
                      "qualified": null,
                      "records": "",
                      "wind": null,
                      "remark": null,
                      "details": null,
                      "__typename": "CalendarResultsRaceResult"
                    },
                    {
                      "competitor": {
                        "teamMembers": null,
                        "id": "05k9k1vjzti6w8uvzscpu1",
                        "name": "Erkhemsaikhany DAVAAJARGAL",
                        "iaafId": null,
                        "urlSlug": "mongolia/erkhemsaikhany-davaajargal-014433395",
                        "birthDate": "19 MAY 1969",
                        "hasProfile": true,
                        "__typename": "CalendarResultsCompetitor"
                      },
                      "mark": "3:19:06",
                      "nationality": "MGL",
                      "place": "63.",
                      "points": null,
                      "qualified": null,
                      "records": "",
                      "wind": null,
                      "remark": null,
                      "details": null,
                      "__typename": "CalendarResultsRaceResult"
                    },
                    {
                      "competitor": {
                        "teamMembers": null,
                        "id": "iazaj3c4xmoa6bvwu3vf6d",
                        "name": "Sirivanh KETAVONG",
                        "iaafId": 76042,
                        "urlSlug": "laos/sirivanh-ketavong-014289933",
                        "birthDate": "01 SEP 1970",
                        "hasProfile": true,
                        "__typename": "CalendarResultsCompetitor"
                      },
                      "mark": "3:25:16",
                      "nationality": "LAO",
                      "place": "64.",
                      "points": null,
                      "qualified": null,
                      "records": "",
                      "wind": null,
                      "remark": null,
                      "details": null,
                      "__typename": "CalendarResultsRaceResult"
                    },
                    {
                      "competitor": {
                        "teamMembers": null,
                        "id": "gf8v6uw88uguooe9167j2",
                        "name": "Marie BENITO",
                        "iaafId": null,
                        "urlSlug": "guam/marie-benito-014433396",
                        "birthDate": "09 AUG 1965",
                        "hasProfile": true,
                        "__typename": "CalendarResultsCompetitor"
                      },
                      "mark": "3:27:28",
                      "nationality": "GUM",
                      "place": "65.",
                      "points": null,
                      "qualified": null,
                      "records": "",
                      "wind": null,
                      "remark": null,
                      "details": null,
                      "__typename": "CalendarResultsRaceResult"
                    },
                    {
                      "competitor": {
                        "teamMembers": null,
                        "id": "ey2cxwjxu0d5fo6qj4eirr",
                        "name": "Maura VICECONTE",
                        "iaafId": 110040,
                        "urlSlug": "italy/maura-viceconte-014285443",
                        "birthDate": "03 OCT 1967",
                        "hasProfile": true,
                        "__typename": "CalendarResultsCompetitor"
                      },
                      "mark": "DNF",
                      "nationality": "ITA",
                      "place": "",
                      "points": null,
                      "qualified": null,
                      "records": "",
                      "wind": null,
                      "remark": null,
                      "details": null,
                      "__typename": "CalendarResultsRaceResult"
                    },
                    {
                      "competitor": {
                        "teamMembers": null,
                        "id": "i6y0pn9emu5rofa4fwzbn",
                        "name": "Lisa ONDIEKI",
                        "iaafId": 61181,
                        "urlSlug": "australia/lisa-ondieki-014271529",
                        "birthDate": "12 MAY 1960",
                        "hasProfile": true,
                        "__typename": "CalendarResultsCompetitor"
                      },
                      "mark": "DNF",
                      "nationality": "AUS",
                      "place": "",
                      "points": null,
                      "qualified": null,
                      "records": "",
                      "wind": null,
                      "remark": null,
                      "details": null,
                      "__typename": "CalendarResultsRaceResult"
                    },
                    {
                      "competitor": {
                        "teamMembers": null,
                        "id": "eonhwaabbo5nub1khpisc",
                        "name": "Kirsi MATTILA",
                        "iaafId": 61577,
                        "urlSlug": "finland/kirsi-mattila-014259245",
                        "birthDate": "17 MAR 1962",
                        "hasProfile": true,
                        "__typename": "CalendarResultsCompetitor"
                      },
                      "mark": "DNF",
                      "nationality": "FIN",
                      "place": "",
                      "points": null,
                      "qualified": null,
                      "records": "",
                      "wind": null,
                      "remark": null,
                      "details": null,
                      "__typename": "CalendarResultsRaceResult"
                    },
                    {
                      "competitor": {
                        "teamMembers": null,
                        "id": "d66c50ytypsi018n4mwse8",
                        "name": "Alla ZHILYAYEVA",
                        "iaafId": 75111,
                        "urlSlug": "russia/alla-zhilyayeva-014299895",
                        "birthDate": "05 FEB 1969",
                        "hasProfile": true,
                        "__typename": "CalendarResultsCompetitor"
                      },
                      "mark": "DNF",
                      "nationality": "RUS",
                      "place": "",
                      "points": null,
                      "qualified": null,
                      "records": "",
                      "wind": null,
                      "remark": null,
                      "details": null,
                      "__typename": "CalendarResultsRaceResult"
                    },
                    {
                      "competitor": {
                        "teamMembers": null,
                        "id": "hhkvefxnlmb7ma8hjlkqlw",
                        "name": "Carol GALEA",
                        "iaafId": 67244,
                        "urlSlug": "malta/carol-galea-014291338",
                        "birthDate": "24 OCT 1962",
                        "hasProfile": true,
                        "__typename": "CalendarResultsCompetitor"
                      },
                      "mark": "DNF",
                      "nationality": "MLT",
                      "place": "",
                      "points": null,
                      "qualified": null,
                      "records": "",
                      "wind": null,
                      "remark": null,
                      "details": null,
                      "__typename": "CalendarResultsRaceResult"
                    },
                    {
                      "competitor": {
                        "teamMembers": null,
                        "id": "y63n7unkqm6mktirb3bu7",
                        "name": "Joyce CHEPCHUMBA",
                        "iaafId": 70935,
                        "urlSlug": "kenya/joyce-chepchumba-14288877",
                        "birthDate": "06 NOV 1970",
                        "hasProfile": true,
                        "__typename": "CalendarResultsCompetitor"
                      },
                      "mark": "DNF",
                      "nationality": "KEN",
                      "place": "",
                      "points": null,
                      "qualified": null,
                      "records": "",
                      "wind": null,
                      "remark": null,
                      "details": null,
                      "__typename": "CalendarResultsRaceResult"
                    },
                    {
                      "competitor": {
                        "teamMembers": null,
                        "id": "ehynwweexkmzh8yxkc4gwq",
                        "name": "Gitte KARLSH\u00d8J",
                        "iaafId": 60900,
                        "urlSlug": "denmark/gitte-karlshoj-014262503",
                        "birthDate": "14 MAY 1959",
                        "hasProfile": true,
                        "__typename": "CalendarResultsCompetitor"
                      },
                      "mark": "DNF",
                      "nationality": "DEN",
                      "place": "",
                      "points": null,
                      "qualified": null,
                      "records": "",
                      "wind": null,
                      "remark": null,
                      "details": null,
                      "__typename": "CalendarResultsRaceResult"
                    },
                    {
                      "competitor": {
                        "teamMembers": null,
                        "id": "jgttu1ii6zktqfr7ux33w",
                        "name": "Uta PIPPIG",
                        "iaafId": 61510,
                        "urlSlug": "germany/uta-pippig-014279215",
                        "birthDate": "07 SEP 1965",
                        "hasProfile": true,
                        "__typename": "CalendarResultsCompetitor"
                      },
                      "mark": "DNF",
                      "nationality": "GER",
                      "place": "",
                      "points": null,
                      "qualified": null,
                      "records": "",
                      "wind": null,
                      "remark": null,
                      "details": null,
                      "__typename": "CalendarResultsRaceResult"
                    },
                    {
                      "competitor": {
                        "teamMembers": null,
                        "id": "09d7czxpj8wgsxyi31uxp6",
                        "name": "Martha TENORIO",
                        "iaafId": 64899,
                        "urlSlug": "ecuador/martha-tenorio-014262269",
                        "birthDate": "06 AUG 1966",
                        "hasProfile": true,
                        "__typename": "CalendarResultsCompetitor"
                      },
                      "mark": "DNF",
                      "nationality": "ECU",
                      "place": "",
                      "points": null,
                      "qualified": null,
                      "records": "",
                      "wind": null,
                      "remark": null,
                      "details": null,
                      "__typename": "CalendarResultsRaceResult"
                    },
                    {
                      "competitor": {
                        "teamMembers": null,
                        "id": "1yiv1doybau1j2muz9mwtu",
                        "name": "Maria CURATOLO",
                        "iaafId": 60374,
                        "urlSlug": "italy/maria-curatolo-014284136",
                        "birthDate": "12 OCT 1963",
                        "hasProfile": true,
                        "__typename": "CalendarResultsCompetitor"
                      },
                      "mark": "DNF",
                      "nationality": "ITA",
                      "place": "",
                      "points": null,
                      "qualified": null,
                      "records": "",
                      "wind": null,
                      "remark": null,
                      "details": null,
                      "__typename": "CalendarResultsRaceResult"
                    },
                    {
                      "competitor": {
                        "teamMembers": null,
                        "id": "rkl81r71n2mi9upgphn5fr",
                        "name": "Lyubov KLOCHKO",
                        "iaafId": 60952,
                        "urlSlug": "ukraine/lyubov-klochko-014303711",
                        "birthDate": "26 SEP 1959",
                        "hasProfile": true,
                        "__typename": "CalendarResultsCompetitor"
                      },
                      "mark": "DNF",
                      "nationality": "UKR",
                      "place": "",
                      "points": null,
                      "qualified": null,
                      "records": "",
                      "wind": null,
                      "remark": null,
                      "details": null,
                      "__typename": "CalendarResultsRaceResult"
                    },
                    {
                      "competitor": {
                        "teamMembers": null,
                        "id": "lxqkr87dixkyiei8qkab1",
                        "name": "Valentina ENACHI",
                        "iaafId": 172737,
                        "urlSlug": "moldova/valentina-enachi-014290900",
                        "birthDate": "15 FEB 1966",
                        "hasProfile": true,
                        "__typename": "CalendarResultsCompetitor"
                      },
                      "mark": "2:41:30",
                      "nationality": "MDA",
                      "place": "",
                      "points": null,
                      "qualified": null,
                      "records": "",
                      "wind": null,
                      "remark": "EXH",
                      "details": null,
                      "__typename": "CalendarResultsRaceResult"
                    },
                    {
                      "competitor": {
                        "teamMembers": null,
                        "id": "ynzrcgiuhlhnzpcmsswhfj",
                        "name": "Madina BIKTAGIROVA",
                        "iaafId": 62994,
                        "urlSlug": "russia/madina-biktagirova-014297390",
                        "birthDate": "20 SEP 1964",
                        "hasProfile": true,
                        "__typename": "CalendarResultsCompetitor"
                      },
                      "mark": "DNF",
                      "nationality": "BLR",
                      "place": "",
                      "points": null,
                      "qualified": null,
                      "records": "",
                      "wind": null,
                      "remark": null,
                      "details": null,
                      "__typename": "CalendarResultsRaceResult"
                    },
                    {
                      "competitor": {
                        "teamMembers": null,
                        "id": "xw4qmwp68dqzf80cr6xyfj",
                        "name": "Selina CHIRCHIR",
                        "iaafId": 60318,
                        "urlSlug": "kenya/selina-chirchir-014288988",
                        "birthDate": "08 AUG 1968",
                        "hasProfile": true,
                        "__typename": "CalendarResultsCompetitor"
                      },
                      "mark": "DNF",
                      "nationality": "KEN",
                      "place": "",
                      "points": null,
                      "qualified": null,
                      "records": "",
                      "wind": null,
                      "remark": null,
                      "details": null,
                      "__typename": "CalendarResultsRaceResult"
                    },
                    {
                      "competitor": {
                        "teamMembers": null,
                        "id": "mtu68hs310dhziyc5twm3",
                        "name": "Carmen DE OLIVEIRA",
                        "iaafId": 60598,
                        "urlSlug": "brazil/carmen-de-oliveira-014269203",
                        "birthDate": "17 AUG 1965",
                        "hasProfile": true,
                        "__typename": "CalendarResultsCompetitor"
                      },
                      "mark": "DNF",
                      "nationality": "BRA",
                      "place": "",
                      "points": null,
                      "qualified": null,
                      "records": "",
                      "wind": null,
                      "remark": null,
                      "details": null,
                      "__typename": "CalendarResultsRaceResult"
                    },
                    {
                      "competitor": {
                        "teamMembers": null,
                        "id": "63d7uj5tu0ln4xvpywryzn",
                        "name": "Kamila GRADUS",
                        "iaafId": 60660,
                        "urlSlug": "poland/kamila-gradus-014293678",
                        "birthDate": "19 MAR 1967",
                        "hasProfile": true,
                        "__typename": "CalendarResultsCompetitor"
                      },
                      "mark": "DNF",
                      "nationality": "POL",
                      "place": "",
                      "points": null,
                      "qualified": null,
                      "records": "",
                      "wind": null,
                      "remark": null,
                      "details": null,
                      "__typename": "CalendarResultsRaceResult"
                    },
                    {
                      "competitor": {
                        "teamMembers": null,
                        "id": "hq41c2wku960p9siiyeqizo",
                        "name": "Soon-duk KANG",
                        "iaafId": 221671,
                        "urlSlug": "korea/soon-duk-kang-014289684",
                        "birthDate": "29 OCT 1974",
                        "hasProfile": true,
                        "__typename": "CalendarResultsCompetitor"
                      },
                      "mark": "DNF",
                      "nationality": "KOR",
                      "place": "",
                      "points": null,
                      "qualified": null,
                      "records": "",
                      "wind": null,
                      "remark": null,
                      "details": null,
                      "__typename": "CalendarResultsRaceResult"
                    },
                    {
                      "competitor": {
                        "teamMembers": null,
                        "id": "3j2q10h59fllvqnyul5g3e",
                        "name": "Mi-Kyoung LEE",
                        "iaafId": 67944,
                        "urlSlug": "korea/mi-kyoung-lee-014289795",
                        "birthDate": "26 MAY 1975",
                        "hasProfile": true,
                        "__typename": "CalendarResultsCompetitor"
                      },
                      "mark": "DNF",
                      "nationality": "KOR",
                      "place": "",
                      "points": null,
                      "qualified": null,
                      "records": "",
                      "wind": null,
                      "remark": null,
                      "details": null,
                      "__typename": "CalendarResultsRaceResult"
                    },
                    {
                      "competitor": {
                        "teamMembers": null,
                        "id": "owfo6o3hg7rtcp704q0iri",
                        "name": "Elana MEYER",
                        "iaafId": 63297,
                        "urlSlug": "south-africa/elana-meyer-014296630",
                        "birthDate": "10 OCT 1966",
                        "hasProfile": true,
                        "__typename": "CalendarResultsCompetitor"
                      },
                      "mark": "DNF",
                      "nationality": "RSA",
                      "place": "",
                      "points": null,
                      "qualified": null,
                      "records": "",
                      "wind": null,
                      "remark": null,
                      "details": null,
                      "__typename": "CalendarResultsRaceResult"
                    },
                    {
                      "competitor": {
                        "teamMembers": null,
                        "id": "anw66j60uvlehudshnwjzc",
                        "name": "Cristina POMACU",
                        "iaafId": 68381,
                        "urlSlug": "romania/cristina-pomacu-014295857",
                        "birthDate": "15 SEP 1973",
                        "hasProfile": true,
                        "__typename": "CalendarResultsCompetitor"
                      },
                      "mark": "DNF",
                      "nationality": "ROU",
                      "place": "",
                      "points": null,
                      "qualified": null,
                      "records": "",
                      "wind": null,
                      "remark": null,
                      "details": null,
                      "__typename": "CalendarResultsRaceResult"
                    },
                    {
                      "competitor": {
                        "teamMembers": null,
                        "id": "t49s9lkxmueyhjf2du5mds",
                        "name": "Jane SALUM\u00c4E",
                        "iaafId": 68325,
                        "urlSlug": "estonia/jane-salumae-014260018",
                        "birthDate": "17 JAN 1968",
                        "hasProfile": true,
                        "__typename": "CalendarResultsCompetitor"
                      },
                      "mark": "DNF",
                      "nationality": "EST",
                      "place": "",
                      "points": null,
                      "qualified": null,
                      "records": "",
                      "wind": null,
                      "remark": null,
                      "details": null,
                      "__typename": "CalendarResultsRaceResult"
                    },
                    {
                      "competitor": {
                        "teamMembers": null,
                        "id": "30js3uh1xcbzjzttsqhx0r",
                        "name": "Jenny SPANGLER",
                        "iaafId": 66495,
                        "urlSlug": "united-states/jenny-spangler-014321762",
                        "birthDate": "20 JUL 1963",
                        "hasProfile": true,
                        "__typename": "CalendarResultsCompetitor"
                      },
                      "mark": "DNF",
                      "nationality": "USA",
                      "place": "",
                      "points": null,
                      "qualified": null,
                      "records": "",
                      "wind": null,
                      "remark": null,
                      "details": null,
                      "__typename": "CalendarResultsRaceResult"
                    },
                    {
                      "competitor": {
                        "teamMembers": null,
                        "id": "hziz85a5fkkp34256skax",
                        "name": "Virginie GLOUM",
                        "iaafId": 76086,
                        "urlSlug": "central-african-republic/virginie-gloum-014378695",
                        "birthDate": "23 AUG 1979",
                        "hasProfile": true,
                        "__typename": "CalendarResultsCompetitor"
                      },
                      "mark": "DQ",
                      "nationality": "CAF",
                      "place": "",
                      "points": null,
                      "qualified": null,
                      "records": "",
                      "wind": null,
                      "remark": null,
                      "details": null,
                      "__typename": "CalendarResultsRaceResult"
                    }
                  ],
                  "startList": null,
                  "wind": null,
                  "__typename": "CalendarResultsRace"
                }
              ],
              "__typename": "CalendarResultsEvent"
            }
          ],
          "__typename": "CalendarResultsEventTitle"
        }
      ],
      "options": {
        "days": [
          {
            "date": "26 JUL 1996",
            "day": 1,
            "__typename": "CalendarResultsOptionsDay"
          },
          {
            "date": "27 JUL 1996",
            "day": 2,
            "__typename": "CalendarResultsOptionsDay"
          },
          {
            "date": "28 JUL 1996",
            "day": 3,
            "__typename": "CalendarResultsOptionsDay"
          },
          {
            "date": "29 JUL 1996",
            "day": 4,
            "__typename": "CalendarResultsOptionsDay"
          },
          {
            "date": "31 JUL 1996",
            "day": 6,
            "__typename": "CalendarResultsOptionsDay"
          },
          {
            "date": "01 AUG 1996",
            "day": 7,
            "__typename": "CalendarResultsOptionsDay"
          },
          {
            "date": "02 AUG 1996",
            "day": 8,
            "__typename": "CalendarResultsOptionsDay"
          },
          {
            "date": "03 AUG 1996",
            "day": 9,
            "__typename": "CalendarResultsOptionsDay"
          },
          {
            "date": "04 AUG 1996",
            "day": 10,
            "__typename": "CalendarResultsOptionsDay"
          }
        ],
        "events": [
          {
            "gender": "W",
            "id": 10229509,
            "name": "Women's 100 Metres",
            "combined": null,
            "__typename": "CalendarResultsOptionEvent"
          },
          {
            "gender": "W",
            "id": 10229510,
            "name": "Women's 200 Metres",
            "combined": null,
            "__typename": "CalendarResultsOptionEvent"
          },
          {
            "gender": "W",
            "id": 10229511,
            "name": "Women's 400 Metres",
            "combined": null,
            "__typename": "CalendarResultsOptionEvent"
          },
          {
            "gender": "W",
            "id": 10229512,
            "name": "Women's 800 Metres",
            "combined": null,
            "__typename": "CalendarResultsOptionEvent"
          },
          {
            "gender": "W",
            "id": 10229513,
            "name": "Women's 1500 Metres",
            "combined": null,
            "__typename": "CalendarResultsOptionEvent"
          },
          {
            "gender": "W",
            "id": 10229514,
            "name": "Women's 5000 Metres",
            "combined": null,
            "__typename": "CalendarResultsOptionEvent"
          },
          {
            "gender": "W",
            "id": 10229521,
            "name": "Women's 10,000 Metres",
            "combined": null,
            "__typename": "CalendarResultsOptionEvent"
          },
          {
            "gender": "W",
            "id": 10229522,
            "name": "Women's 100 Metres Hurdles",
            "combined": null,
            "__typename": "CalendarResultsOptionEvent"
          },
          {
            "gender": "W",
            "id": 10229523,
            "name": "Women's 400 Metres Hurdles",
            "combined": null,
            "__typename": "CalendarResultsOptionEvent"
          },
          {
            "gender": "W",
            "id": 10229526,
            "name": "Women's High Jump",
            "combined": null,
            "__typename": "CalendarResultsOptionEvent"
          },
          {
            "gender": "W",
            "id": 10229528,
            "name": "Women's Long Jump",
            "combined": null,
            "__typename": "CalendarResultsOptionEvent"
          },
          {
            "gender": "W",
            "id": 10229529,
            "name": "Women's Triple Jump",
            "combined": null,
            "__typename": "CalendarResultsOptionEvent"
          },
          {
            "gender": "W",
            "id": 10229530,
            "name": "Women's Shot Put",
            "combined": null,
            "__typename": "CalendarResultsOptionEvent"
          },
          {
            "gender": "W",
            "id": 10229531,
            "name": "Women's Discus Throw",
            "combined": null,
            "__typename": "CalendarResultsOptionEvent"
          },
          {
            "gender": "W",
            "id": 10229596,
            "name": "Women's Javelin Throw (old)",
            "combined": null,
            "__typename": "CalendarResultsOptionEvent"
          },
          {
            "gender": "W",
            "id": 10229534,
            "name": "Women's Marathon",
            "combined": null,
            "__typename": "CalendarResultsOptionEvent"
          },
          {
            "gender": "W",
            "id": 10229547,
            "name": "Women's 10 Kilometres Race Walk",
            "combined": null,
            "__typename": "CalendarResultsOptionEvent"
          },
          {
            "gender": "W",
            "id": 10229536,
            "name": "Women's Heptathlon",
            "combined": true,
            "__typename": "CalendarResultsOptionEvent"
          },
          {
            "gender": "W",
            "id": 204594,
            "name": "Women's 4x100 Metres Relay",
            "combined": null,
            "__typename": "CalendarResultsOptionEvent"
          },
          {
            "gender": "W",
            "id": 204596,
            "name": "Women's 4x400 Metres Relay",
            "combined": null,
            "__typename": "CalendarResultsOptionEvent"
          },
          {
            "gender": "M",
            "id": 10229630,
            "name": "Men's 100 Metres",
            "combined": null,
            "__typename": "CalendarResultsOptionEvent"
          },
          {
            "gender": "M",
            "id": 10229605,
            "name": "Men's 200 Metres",
            "combined": null,
            "__typename": "CalendarResultsOptionEvent"
          },
          {
            "gender": "M",
            "id": 10229631,
            "name": "Men's 400 Metres",
            "combined": null,
            "__typename": "CalendarResultsOptionEvent"
          },
          {
            "gender": "M",
            "id": 10229501,
            "name": "Men's 800 Metres",
            "combined": null,
            "__typename": "CalendarResultsOptionEvent"
          },
          {
            "gender": "M",
            "id": 10229502,
            "name": "Men's 1500 Metres",
            "combined": null,
            "__typename": "CalendarResultsOptionEvent"
          },
          {
            "gender": "M",
            "id": 10229609,
            "name": "Men's 5000 Metres",
            "combined": null,
            "__typename": "CalendarResultsOptionEvent"
          },
          {
            "gender": "M",
            "id": 10229610,
            "name": "Men's 10,000 Metres",
            "combined": null,
            "__typename": "CalendarResultsOptionEvent"
          },
          {
            "gender": "M",
            "id": 10229611,
            "name": "Men's 110 Metres Hurdles",
            "combined": null,
            "__typename": "CalendarResultsOptionEvent"
          },
          {
            "gender": "M",
            "id": 10229612,
            "name": "Men's 400 Metres Hurdles",
            "combined": null,
            "__typename": "CalendarResultsOptionEvent"
          },
          {
            "gender": "M",
            "id": 10229614,
            "name": "Men's 3000 Metres Steeplechase",
            "combined": null,
            "__typename": "CalendarResultsOptionEvent"
          },
          {
            "gender": "M",
            "id": 10229615,
            "name": "Men's High Jump",
            "combined": null,
            "__typename": "CalendarResultsOptionEvent"
          },
          {
            "gender": "M",
            "id": 10229616,
            "name": "Men's Pole Vault",
            "combined": null,
            "__typename": "CalendarResultsOptionEvent"
          },
          {
            "gender": "M",
            "id": 10229617,
            "name": "Men's Long Jump",
            "combined": null,
            "__typename": "CalendarResultsOptionEvent"
          },
          {
            "gender": "M",
            "id": 10229618,
            "name": "Men's Triple Jump",
            "combined": null,
            "__typename": "CalendarResultsOptionEvent"
          },
          {
            "gender": "M",
            "id": 10229619,
            "name": "Men's Shot Put",
            "combined": null,
            "__typename": "CalendarResultsOptionEvent"
          },
          {
            "gender": "M",
            "id": 10229620,
            "name": "Men's Discus Throw",
            "combined": null,
            "__typename": "CalendarResultsOptionEvent"
          },
          {
            "gender": "M",
            "id": 10229621,
            "name": "Men's Hammer Throw",
            "combined": null,
            "__typename": "CalendarResultsOptionEvent"
          },
          {
            "gender": "M",
            "id": 10229636,
            "name": "Men's Javelin Throw",
            "combined": null,
            "__typename": "CalendarResultsOptionEvent"
          },
          {
            "gender": "M",
            "id": 10229634,
            "name": "Men's Marathon",
            "combined": null,
            "__typename": "CalendarResultsOptionEvent"
          },
          {
            "gender": "M",
            "id": 10229508,
            "name": "Men's 20 Kilometres Race Walk",
            "combined": null,
            "__typename": "CalendarResultsOptionEvent"
          },
          {
            "gender": "M",
            "id": 10229628,
            "name": "Men's 50 Kilometres Race Walk",
            "combined": null,
            "__typename": "CalendarResultsOptionEvent"
          },
          {
            "gender": "M",
            "id": 10229629,
            "name": "Men's Decathlon",
            "combined": true,
            "__typename": "CalendarResultsOptionEvent"
          },
          {
            "gender": "M",
            "id": 204593,
            "name": "Men's 4x100 Metres Relay",
            "combined": null,
            "__typename": "CalendarResultsOptionEvent"
          },
          {
            "gender": "M",
            "id": 204595,
            "name": "Men's 4x400 Metres Relay",
            "combined": null,
            "__typename": "CalendarResultsOptionEvent"
          }
        ],
        "__typename": "CalendarResultsOptions"
      },
      "parameters": {
        "competitionId": 6961749,
        "day": null,
        "eventId": 10229534,
        "__typename": "CalendarResultsParameters"
      },
      "__typename": "CalendarCompetitionResults"
    }
  }
}