{
  "data": {
    "getCalendarCompetitionResults": {
      "competition": {
        "dateRange": "15\u201324 AUG 2008",
        "endDate": "2008-08-24",
        "name": "The XXIX Olympic Games",
        "rankingCategory": "OW",
        "startDate": "2008-08-15",
        "venue": "National Stadium, Beijing (CHN)",
        "__typename": "CalendarResultsCompetition"
      },
      "eventTitles": [
        {
          "rankingCategory": "OW",
          "eventTitle": null,
          "events": [
            {
              "event": "Women's 1500 Metres",
              "eventId": 10229513,
              "gender": "W",
              "isRelay": false,
              "perResultWind": false,
              "withWind": false,
              "summary": null,
              "races": [
                {
                  "date": "2008-08-23",
                  "day": 9,
                  "race": "Final",
                  "raceId": 10,
                  "raceNumber": 0,
                  "results": [
                    {
                      "competitor": {
                        "teamMembers": null,
                        "id": "5yfo8i3vndktg9il1v689",
                        "name": "Nancy Jebet LANGAT",
                        "iaafId": 115330,
                        "urlSlug": "kenya/nancy-jebet-langat-014289224",
                        "birthDate": "22 AUG 1981",
                        "hasProfile": true,
                        "__typename": "CalendarResultsCompetitor"
                      },
                      "mark": "4:00.23",
                      "nationality": "KEN",
                      "place": "1.",
                      "points": null,
                      "qualified": null,
                      "records": "",
                      "wind": null,
                      "remark": null,
                      "details": null,
                      "__typename": "CalendarResultsRaceResult"
                    },
                    {
                      "competitor": {
                        "teamMembers": null,
                        "id": "mfbdcrx40xt0hsgt9om3o",
                        "name": "Irina LISHCHINSKA",
                        "iaafId": 115177,
                        "urlSlug": "ukraine/irina-lishchinska-014303841",
                        "birthDate": "15 JAN 1976",
                        "hasProfile": true,
                        "__typename": "CalendarResultsCompetitor"
                      },
                      "mark": "4:01.63",
                      "nationality": "UKR",
                      "place": "2.",
                      "points": null,
                      "qualified": null,
                      "records": "",
                      "wind": null,
                      "remark": null,
                      "details": null,
                      "__typename": "CalendarResultsRaceResult"
                    },
                    {
                      "competitor": {
                        "teamMembers": null,
                        "id": "67naeppgwofqbrlg3cts4",
                        "name": "Nataliya TOBIAS",
                        "iaafId": 177317,
                        "urlSlug": "ukraine/nataliya-tobias-014304251",
                        "birthDate": "22 NOV 1980",
                        "hasProfile": true,
                        "__typename": "CalendarResultsCompetitor"
                      },
                      "mark": "4:01.78",
                      "nationality": "UKR",
                      "place": "3.",
                      "points": null,
                      "qualified": null,
                      "records": "",
                      "wind": null,
                      "remark": null,
                      "details": null,
                      "__typename": "CalendarResultsRaceResult"
                    },
                    {
                      "competitor": {
                        "teamMembers": null,
                        "id": "xqlbwcwucy82jj4ow6qexv",
                        "name": "Lisa DOBRISKEY",
                        "iaafId": 188164,
                        "urlSlug": "great-britain-ni/lisa-dobriskey-014274903",
                        "birthDate": "23 DEC 1983",
                        "hasProfile": true,
                        "__typename": "CalendarResultsCompetitor"
                      },
                      "mark": "4:02.10",
                      "nationality": "GBR",
                      "place": "4.",
                      "points": null,
                      "qualified": null,
                      "records": "",
                      "wind": null,
                      "remark": null,
                      "details": null,
                      "__typename": "CalendarResultsRaceResult"
                    },
                    {
                      "competitor": {
                        "teamMembers": null,
                        "id": "rxbntcr0bumerfz6967kof",
                        "name": "Maryam Yusuf JAMAL",
                        "iaafId": 196312,
                        "urlSlug": "bahrain/maryam-yusuf-jamal-014268773",
                        "birthDate": "16 SEP 1984",
                        "hasProfile": true,
                        "__typename": "CalendarResultsCompetitor"
                      },
                      "mark": "4:02.71",
                      "nationality": "BRN",
                      "place": "5.",
                      "points": null,
                      "qualified": null,
                      "records": "",
                      "wind": null,
                      "remark": null,
                      "details": null,
                      "__typename": "CalendarResultsRaceResult"
                    },
                    {
                      "competitor": {
                        "teamMembers": null,
                        "id": "qe549ls056jm1a9moe88qh",
                        "name": "Natalia RODR\u00cdGUEZ",
                        "iaafId": 115638,
                        "urlSlug": "spain/natalia-rodriguez-014260591",
                        "birthDate": "02 JUN 1979",
                        "hasProfile": true,
                        "__typename": "CalendarResultsCompetitor"
                      },
                      "mark": "4:03.19",
                      "nationality": "ESP",
                      "place": "6.",
                      "points": null,
                      "qualified": null,
                      "records": "",
                      "wind": null,
                      "remark": null,
                      "details": null,
                      "__typename": "CalendarResultsRaceResult"
                    },
                    {
                      "competitor": {
                        "teamMembers": null,
                        "id": "u99qlsi6sd9fkg71ypdf7h",
                        "name": "Shannon ROWBURY",
                        "iaafId": 204835,
                        "urlSlug": "united-states/shannon-rowbury-014320310",
                        "birthDate": "19 SEP 1984",
                        "hasProfile": true,
                        "__typename": "CalendarResultsCompetitor"
                      },
                      "mark": "4:03.58",
                      "nationality": "USA",
                      "place": "7.",
                      "points": null,
                      "qualified": null,
                      "records": "",
                      "wind": null,
                      "remark": null,
                      "details": null,
                      "__typename": "CalendarResultsRaceResult"
                    },
                    {
                      "competitor": {
                        "teamMembers": null,
                        "id": "mptx2d5feeb504f9x91kbm",
                        "name": "Iris Mar\u00eda FUENTES-PILA",
                        "iaafId": 132729,
                        "urlSlug": "spain/iris-maria-fuentes-pila-014261554",
                        "birthDate": "10 AUG 1980",
                        "hasProfile": true,
                        "__typename": "CalendarResultsCompetitor"
                      },
                      "mark": "4:04.86",
                      "nationality": "ESP",
                      "place": "8.",
                      "points": null,
                      "qualified": null,
                      "records": "",
                      "wind": null,
                      "remark": null,
                      "details": null,
                      "__typename": "CalendarResultsRaceResult"
                    },
                    {
                      "competitor": {
                        "teamMembers": null,
                        "id": "2v63x90tz8b61wwjxnfccm",
                        "name": "Anna MISHCHENKO",
                        "iaafId": 202670,
                        "urlSlug": "ukraine/anna-mishchenko-014303916",
                        "birthDate": "25 AUG 1983",
                        "hasProfile": true,
                        "__typename": "CalendarResultsCompetitor"
                      },
                      "mark": "4:05.13",
                      "nationality": "UKR",
                      "place": "9.",
                      "points": null,
                      "qualified": null,
                      "records": "",
                      "wind": null,
                      "remark": null,
                      "details": null,
                      "__typename": "CalendarResultsRaceResult"
                    },
                    {
                      "competitor": {
                        "teamMembers": null,
                        "id": "234m20afz919mnolgbxquk",
                        "name": "Siham HILALI",
                        "iaafId": 194250,
                        "urlSlug": "morocco/siham-hilali-014290679",
                        "birthDate": "02 MAY 1986",
                        "hasProfile": true,
                        "__typename": "CalendarResultsCompetitor"
                      },
                      "mark": "4:05.57",
                      "nationality": "MAR",
                      "place": "10.",
                      "points": null,
                      "qualified": null,
                      "records": "",
                      "wind": null,
                      "remark": null,
                      "details": null,
                      "__typename": "CalendarResultsRaceResult"
                    },
                    {
                      "competitor": {
                        "teamMembers": null,
                        "id": "09vpp9yqw2252s8tzyl33z",
                        "name": "Anna ALMINOVA",
                        "iaafId": 184214,
                        "urlSlug": "russia/anna-alminova-014297233",
                        "birthDate": "17 JAN 1985",
                        "hasProfile": true,
                        "__typename": "CalendarResultsCompetitor"
                      },
                      "mark": "4:06.99",
                      "nationality": "RUS",
                      "place": "11.",
                      "points": null,
                      "qualified": null,
                      "records": "",
                      "wind": null,
                      "remark": null,
                      "details": null,
                      "__typename": "CalendarResultsRaceResult"
                    },
                    {
                      "competitor": {
                        "teamMembers": null,
                        "id": "8xm3y4ygwlnvkewhkjho2p",
                        "name": "Ibtissam LAKHOUAD",
                        "iaafId": 174960,
                        "urlSlug": "morocco/ibtissam-lakhouad-014290712",
                        "birthDate": "07 DEC 1980",
                        "hasProfile": true,
                        "__typename": "CalendarResultsCompetitor"
                      },
                      "mark": "4:07.25",
                      "nationality": "MAR",
                      "place": "12.",
                      "points": null,
                      "qualified": null,
                      "records": "",
                      "wind": null,
                      "remark": null,
                      "details": null,
                      "__typename": "CalendarResultsRaceResult"
                    }
                  ],
                  "startList": null,
                  "wind": null,
                  "__typename": "CalendarResultsRace"
                },
                {
                  "date": "2008-08-21",
                  "day": 7,
                  "race": "Round 1 - Heat",
                  "raceId": 11,
                  "raceNumber": 1,
                  "results": [
                    {
                      "competitor": {
                        "teamMembers": null,
                        "id": "epeas0lf5yiuuc4ocokd09",
                        "name": "Maryam Yusuf JAMAL",
                        "iaafId": 196312,
                        "urlSlug": "bahrain/maryam-yusuf-jamal-014268773",
                        "birthDate": "16 SEP 1984",
                        "hasProfile": true,
                        "__typename": "CalendarResultsCompetitor"
                      },
                      "mark": "4:05.14",
                      "nationality": "BRN",
                      "place": "1.",
                      "points": null,
                      "qualified": false,
                      "records": "",
                      "wind": null,
                      "remark": null,
                      "details": null,
                      "__typename": "CalendarResultsRaceResult"
                    },
                    {
                      "competitor": {
                        "teamMembers": null,
                        "id": "epkcuoiz8ismx2tfdjgnj",
                        "name": "Natalia RODR\u00cdGUEZ",
                        "iaafId": 115638,
                        "urlSlug": "spain/natalia-rodriguez-014260591",
                        "birthDate": "02 JUN 1979",
                        "hasProfile": true,
                        "__typename": "CalendarResultsCompetitor"
                      },
                      "mark": "4:05.30",
                      "nationality": "ESP",
                      "place": "2.",
                      "points": null,
                      "qualified": false,
                      "records": "",
                      "wind": null,
                      "remark": null,
                      "details": null,
                      "__typename": "CalendarResultsRaceResult"
                    },
                    {
                      "competitor": {
                        "teamMembers": null,
                        "id": "fxkwl0cz0jhn5oju8yzyrk",
                        "name": "Siham HILALI",
                        "iaafId": 194250,
                        "urlSlug": "morocco/siham-hilali-014290679",
                        "birthDate": "02 MAY 1986",
                        "hasProfile": true,
                        "__typename": "CalendarResultsCompetitor"
                      },
                      "mark": "4:05.36",
                      "nationality": "MAR",
                      "place": "3.",
                      "points": null,
                      "qualified": false,
                      "records": "",
                      "wind": null,
                      "remark": null,
                      "details": null,
                      "__typename": "CalendarResultsRaceResult"
                    },
                    {
                      "competitor": {
                        "teamMembers": null,
                        "id": "64hhot8m45wp077hwn7ko",
                        "name": "Anna MISHCHENKO",
                        "iaafId": 202670,
                        "urlSlug": "ukraine/anna-mishchenko-014303916",
                        "birthDate": "25 AUG 1983",
                        "hasProfile": true,
                        "__typename": "CalendarResultsCompetitor"
                      },
                      "mark": "4:05.61",
                      "nationality": "UKR",
                      "place": "4.",
                      "points": null,
                      "qualified": false,
                      "records": "",
                      "wind": null,
                      "remark": null,
                      "details": null,
                      "__typename": "CalendarResultsRaceResult"
                    },
                    {
                      "competitor": {
                        "teamMembers": null,
                        "id": "7uo74inryqiay2gs3c1m65",
                        "name": "Sarah JAMIESON",
                        "iaafId": 132308,
                        "urlSlug": "australia/sarah-jamieson-014271884",
                        "birthDate": "24 MAR 1975",
                        "hasProfile": true,
                        "__typename": "CalendarResultsCompetitor"
                      },
                      "mark": "4:06.64",
                      "nationality": "AUS",
                      "place": "5.",
                      "points": null,
                      "qualified": null,
                      "records": "",
                      "wind": null,
                      "remark": null,
                      "details": null,
                      "__typename": "CalendarResultsRaceResult"
                    },
                    {
                      "competitor": {
                        "teamMembers": null,
                        "id": "7kcnrlen6lqld0qvxhk2p",
                        "name": "Stephanie TWELL",
                        "iaafId": 205877,
                        "urlSlug": "great-britain-ni/stephanie-twell-14276601",
                        "birthDate": "17 AUG 1989",
                        "hasProfile": true,
                        "__typename": "CalendarResultsCompetitor"
                      },
                      "mark": "4:06.68",
                      "nationality": "GBR",
                      "place": "6.",
                      "points": null,
                      "qualified": null,
                      "records": "",
                      "wind": null,
                      "remark": null,
                      "details": null,
                      "__typename": "CalendarResultsRaceResult"
                    },
                    {
                      "competitor": {
                        "teamMembers": null,
                        "id": "du1mcueb65s65w2vsr7a8",
                        "name": "Anna JAKUBCZAK",
                        "iaafId": 71089,
                        "urlSlug": "poland/anna-jakubczak-014293747",
                        "birthDate": "02 FEB 1973",
                        "hasProfile": true,
                        "__typename": "CalendarResultsCompetitor"
                      },
                      "mark": "4:07.33",
                      "nationality": "POL",
                      "place": "7.",
                      "points": null,
                      "qualified": null,
                      "records": "",
                      "wind": null,
                      "remark": null,
                      "details": null,
                      "__typename": "CalendarResultsRaceResult"
                    },
                    {
                      "competitor": {
                        "teamMembers": null,
                        "id": "6wxadqd98ydv9f0onmcayn",
                        "name": "Christin WURTH-THOMAS",
                        "iaafId": 192905,
                        "urlSlug": "united-states/christin-wurth-thomas-014324759",
                        "birthDate": "11 JUL 1980",
                        "hasProfile": true,
                        "__typename": "CalendarResultsCompetitor"
                      },
                      "mark": "4:09.70",
                      "nationality": "USA",
                      "place": "8.",
                      "points": null,
                      "qualified": null,
                      "records": "",
                      "wind": null,
                      "remark": null,
                      "details": null,
                      "__typename": "CalendarResultsRaceResult"
                    },
                    {
                      "competitor": {
                        "teamMembers": null,
                        "id": "wjncmzbncv8e93talewed",
                        "name": "Irene JELAGAT",
                        "iaafId": 208363,
                        "urlSlug": "kenya/irene-jelagat-014289013",
                        "birthDate": "10 DEC 1988",
                        "hasProfile": true,
                        "__typename": "CalendarResultsCompetitor"
                      },
                      "mark": "4:09.92",
                      "nationality": "KEN",
                      "place": "9.",
                      "points": null,
                      "qualified": null,
                      "records": "",
                      "wind": null,
                      "remark": null,
                      "details": null,
                      "__typename": "CalendarResultsRaceResult"
                    },
                    {
                      "competitor": {
                        "teamMembers": null,
                        "id": "xdfvf30l6gihr00krtnngg",
                        "name": "Konstantina EFENTAKI",
                        "iaafId": 183063,
                        "urlSlug": "greece/konstantina-efentaki-014280593",
                        "birthDate": "01 OCT 1978",
                        "hasProfile": true,
                        "__typename": "CalendarResultsCompetitor"
                      },
                      "mark": "4:15.02",
                      "nationality": "GRE",
                      "place": "10.",
                      "points": null,
                      "qualified": null,
                      "records": "",
                      "wind": null,
                      "remark": null,
                      "details": null,
                      "__typename": "CalendarResultsRaceResult"
                    },
                    {
                      "competitor": {
                        "teamMembers": null,
                        "id": "geuquko95ci15zcyvj9wff",
                        "name": "Nahida TOUHAMI",
                        "iaafId": 172186,
                        "urlSlug": "algeria/nahida-touhami-014272758",
                        "birthDate": "10 FEB 1978",
                        "hasProfile": true,
                        "__typename": "CalendarResultsCompetitor"
                      },
                      "mark": "4:18.99",
                      "nationality": "ALG",
                      "place": "11.",
                      "points": null,
                      "qualified": null,
                      "records": "",
                      "wind": null,
                      "remark": null,
                      "details": null,
                      "__typename": "CalendarResultsRaceResult"
                    }
                  ],
                  "startList": null,
                  "wind": null,
                  "__typename": "CalendarResultsRace"
                },
                {
                  "date": "2008-08-21",
                  "day": 7,
                  "race": "Round 1 - Heat",
                  "raceId": 11,
                  "raceNumber": 2,
                  "results": [
                    {
                      "competitor": {
                        "teamMembers": null,
                        "id": "ekteylzpic5lsnbbzuvr7",
                        "name": "Irina LISHCHINSKA",
                        "iaafId": 115177,
                        "urlSlug": "ukraine/irina-lishchinska-014303841",
                        "birthDate": "15 JAN 1976",
                        "hasProfile": true,
                        "__typename": "CalendarResultsCompetitor"
                      },
                      "mark": "4:13.60",
                      "nationality": "UKR",
                      "place": "1.",
                      "points": null,
                      "qualified": false,
                      "records": "",
                      "wind": null,
                      "remark": null,
                      "details": null,
                      "__typename": "CalendarResultsRaceResult"
                    },
                    {
                      "competitor": {
                        "teamMembers": null,
                        "id": "00hmwwjryo3avha1tn6zibck",
                        "name": "Iris Mar\u00eda FUENTES-PILA",
                        "iaafId": 132729,
                        "urlSlug": "spain/iris-maria-fuentes-pila-014261554",
                        "birthDate": "10 AUG 1980",
                        "hasProfile": true,
                        "__typename": "CalendarResultsCompetitor"
                      },
                      "mark": "4:14.10",
                      "nationality": "ESP",
                      "place": "2.",
                      "points": null,
                      "qualified": false,
                      "records": "",
                      "wind": null,
                      "remark": null,
                      "details": null,
                      "__typename": "CalendarResultsRaceResult"
                    },
                    {
                      "competitor": {
                        "teamMembers": null,
                        "id": "lj40s3xwe384xx67g2hor",
                        "name": "Ibtissam LAKHOUAD",
                        "iaafId": 174960,
                        "urlSlug": "morocco/ibtissam-lakhouad-014290712",
                        "birthDate": "07 DEC 1980",
                        "hasProfile": true,
                        "__typename": "CalendarResultsCompetitor"
                      },
                      "mark": "4:14.34",
                      "nationality": "MAR",
                      "place": "3.",
                      "points": null,
                      "qualified": false,
                      "records": "",
                      "wind": null,
                      "remark": null,
                      "details": null,
                      "__typename": "CalendarResultsRaceResult"
                    },
                    {
                      "competitor": {
                        "teamMembers": null,
                        "id": "ma06d1k6hzla0orlptqrsn",
                        "name": "Susan SCOTT",
                        "iaafId": 185067,
                        "urlSlug": "great-britain-ni/susan-scott-014276297",
                        "birthDate": "26 SEP 1977",
                        "hasProfile": true,
                        "__typename": "CalendarResultsCompetitor"
                      },
                      "mark": "4:14.66",
                      "nationality": "GBR",
                      "place": "4.",
                      "points": null,
                      "qualified": null,
                      "records": "",
                      "wind": null,
                      "remark": null,
                      "details": null,
                      "__typename": "CalendarResultsRaceResult"
                    },
                    {
                      "competitor": {
                        "teamMembers": null,
                        "id": "tt3a6cb7ruj82pyovok0nx",
                        "name": "Viola Jelagat KIBIWOT",
                        "iaafId": 175061,
                        "urlSlug": "kenya/viola-jelagat-kibiwot-014289100",
                        "birthDate": "22 DEC 1983",
                        "hasProfile": true,
                        "__typename": "CalendarResultsCompetitor"
                      },
                      "mark": "4:15.62",
                      "nationality": "KEN",
                      "place": "5.",
                      "points": null,
                      "qualified": null,
                      "records": "",
                      "wind": null,
                      "remark": null,
                      "details": null,
                      "__typename": "CalendarResultsRaceResult"
                    },
                    {
                      "competitor": {
                        "teamMembers": null,
                        "id": "8y3tebxl7e4wlqmv4oz71s",
                        "name": "Gelete BURKA",
                        "iaafId": 194277,
                        "urlSlug": "ethiopia/gelete-burka-014259909",
                        "birthDate": "23 JAN 1986",
                        "hasProfile": true,
                        "__typename": "CalendarResultsCompetitor"
                      },
                      "mark": "4:15.77",
                      "nationality": "ETH",
                      "place": "6.",
                      "points": null,
                      "qualified": null,
                      "records": "",
                      "wind": null,
                      "remark": null,
                      "details": null,
                      "__typename": "CalendarResultsRaceResult"
                    },
                    {
                      "competitor": {
                        "teamMembers": null,
                        "id": "9n4wca8bo4vacj6q498gei",
                        "name": "Agnes SAMARIA",
                        "iaafId": 175287,
                        "urlSlug": "namibia/agnes-samaria-014291444",
                        "birthDate": "11 AUG 1972",
                        "hasProfile": true,
                        "__typename": "CalendarResultsCompetitor"
                      },
                      "mark": "4:15.80",
                      "nationality": "NAM",
                      "place": "7.",
                      "points": null,
                      "qualified": null,
                      "records": "",
                      "wind": null,
                      "remark": null,
                      "details": null,
                      "__typename": "CalendarResultsRaceResult"
                    },
                    {
                      "competitor": {
                        "teamMembers": null,
                        "id": "7ckgkl1z6l8q7hjfep71t",
                        "name": "Erin DONOHUE",
                        "iaafId": 193961,
                        "urlSlug": "united-states/erin-donohue-014309170",
                        "birthDate": "08 MAY 1983",
                        "hasProfile": true,
                        "__typename": "CalendarResultsCompetitor"
                      },
                      "mark": "4:16.05",
                      "nationality": "USA",
                      "place": "8.",
                      "points": null,
                      "qualified": null,
                      "records": "",
                      "wind": null,
                      "remark": null,
                      "details": null,
                      "__typename": "CalendarResultsRaceResult"
                    },
                    {
                      "competitor": {
                        "teamMembers": null,
                        "id": "3i1l21jwp12ldz3n60kvyp",
                        "name": "Lisa CORRIGAN",
                        "iaafId": 174605,
                        "urlSlug": "australia/lisa-corrigan-014272278",
                        "birthDate": "02 DEC 1984",
                        "hasProfile": true,
                        "__typename": "CalendarResultsCompetitor"
                      },
                      "mark": "4:16.32",
                      "nationality": "AUS",
                      "place": "9.",
                      "points": null,
                      "qualified": null,
                      "records": "",
                      "wind": null,
                      "remark": null,
                      "details": null,
                      "__typename": "CalendarResultsRaceResult"
                    },
                    {
                      "competitor": {
                        "teamMembers": null,
                        "id": "y6hr4y1kozj85tnycscscx",
                        "name": "Lidia CHOJECKA",
                        "iaafId": 110286,
                        "urlSlug": "poland/lidia-chojecka-014293498",
                        "birthDate": "25 JAN 1977",
                        "hasProfile": true,
                        "__typename": "CalendarResultsCompetitor"
                      },
                      "mark": "4:19.57",
                      "nationality": "POL",
                      "place": "10.",
                      "points": null,
                      "qualified": null,
                      "records": "",
                      "wind": null,
                      "remark": null,
                      "details": null,
                      "__typename": "CalendarResultsRaceResult"
                    },
                    {
                      "competitor": {
                        "teamMembers": null,
                        "id": "5mltj41ollvjcftq6cl2ws",
                        "name": "Togna DOMINGASI",
                        "iaafId": 210407,
                        "urlSlug": "guinea-bissau/togna-domingasi-014276834",
                        "birthDate": "14 JAN 1981",
                        "hasProfile": true,
                        "__typename": "CalendarResultsCompetitor"
                      },
                      "mark": "5:05.76",
                      "nationality": "GBS",
                      "place": "11.",
                      "points": null,
                      "qualified": null,
                      "records": "",
                      "wind": null,
                      "remark": null,
                      "details": null,
                      "__typename": "CalendarResultsRaceResult"
                    }
                  ],
                  "startList": null,
                  "wind": null,
                  "__typename": "CalendarResultsRace"
                },
                {
                  "date": "2008-08-21",
                  "day": 7,
                  "race": "Round 1 - Heat",
                  "raceId": 11,
                  "raceNumber": 3,
                  "results": [
                    {
                      "competitor": {
                        "teamMembers": null,
                        "id": "z0f99m7yok5kzrgrgp8h9",
                        "name": "Nancy Jebet LANGAT",
                        "iaafId": 115330,
                        "urlSlug": "kenya/nancy-jebet-langat-014289224",
                        "birthDate": "22 AUG 1981",
                        "hasProfile": true,
                        "__typename": "CalendarResultsCompetitor"
                      },
                      "mark": "4:03.02",
                      "nationality": "KEN",
                      "place": "1.",
                      "points": null,
                      "qualified": false,
                      "records": "",
                      "wind": null,
                      "remark": null,
                      "details": null,
                      "__typename": "CalendarResultsRaceResult"
                    },
                    {
                      "competitor": {
                        "teamMembers": null,
                        "id": "xjx3ae6pkmrxr6w8ad8w0g",
                        "name": "Nataliya TOBIAS",
                        "iaafId": 177317,
                        "urlSlug": "ukraine/nataliya-tobias-014304251",
                        "birthDate": "22 NOV 1980",
                        "hasProfile": true,
                        "__typename": "CalendarResultsCompetitor"
                      },
                      "mark": "4:03.19",
                      "nationality": "UKR",
                      "place": "2.",
                      "points": null,
                      "qualified": false,
                      "records": "",
                      "wind": null,
                      "remark": null,
                      "details": null,
                      "__typename": "CalendarResultsRaceResult"
                    },
                    {
                      "competitor": {
                        "teamMembers": null,
                        "id": "zccm7agp0j8yqhmo8uh0r9",
                        "name": "Lisa DOBRISKEY",
                        "iaafId": 188164,
                        "urlSlug": "great-britain-ni/lisa-dobriskey-014274903",
                        "birthDate": "23 DEC 1983",
                        "hasProfile": true,
                        "__typename": "CalendarResultsCompetitor"
                      },
                      "mark": "4:03.22",
                      "nationality": "GBR",
                      "place": "3.",
                      "points": null,
                      "qualified": false,
                      "records": "",
                      "wind": null,
                      "remark": null,
                      "details": null,
                      "__typename": "CalendarResultsRaceResult"
                    },
                    {
                      "competitor": {
                        "teamMembers": null,
                        "id": "ns71nkpfop9iywr27s9k6",
                        "name": "Shannon ROWBURY",
                        "iaafId": 204835,
                        "urlSlug": "united-states/shannon-rowbury-014320310",
                        "birthDate": "19 SEP 1984",
                        "hasProfile": true,
                        "__typename": "CalendarResultsCompetitor"
                      },
                      "mark": "4:03.89",
                      "nationality": "USA",
                      "place": "4.",
                      "points": null,
                      "qualified": false,
                      "records": "",
                      "wind": null,
                      "remark": null,
                      "details": null,
                      "__typename": "CalendarResultsRaceResult"
                    },
                    {
                      "competitor": {
                        "teamMembers": null,
                        "id": "cs7fmuopmkndq485r33db",
                        "name": "Anna ALMINOVA",
                        "iaafId": 184214,
                        "urlSlug": "russia/anna-alminova-014297233",
                        "birthDate": "17 JAN 1985",
                        "hasProfile": true,
                        "__typename": "CalendarResultsCompetitor"
                      },
                      "mark": "4:04.66",
                      "nationality": "RUS",
                      "place": "5.",
                      "points": null,
                      "qualified": false,
                      "records": "",
                      "wind": null,
                      "remark": null,
                      "details": null,
                      "__typename": "CalendarResultsRaceResult"
                    },
                    {
                      "competitor": {
                        "teamMembers": null,
                        "id": "d7ydzvk49so8i1ob9tw9o",
                        "name": "Sylwia EJDYS",
                        "iaafId": 223575,
                        "urlSlug": "poland/sylwia-ejdys-014293602",
                        "birthDate": "15 JUL 1984",
                        "hasProfile": true,
                        "__typename": "CalendarResultsCompetitor"
                      },
                      "mark": "4:08.37",
                      "nationality": "POL",
                      "place": "6.",
                      "points": null,
                      "qualified": null,
                      "records": "",
                      "wind": null,
                      "remark": null,
                      "details": null,
                      "__typename": "CalendarResultsRaceResult"
                    },
                    {
                      "competitor": {
                        "teamMembers": null,
                        "id": "ewt1s9ajku794vkmtsbpw",
                        "name": "Ren\u00e9 KALMER",
                        "iaafId": 115474,
                        "urlSlug": "south-africa/rene-kalmer-014296453",
                        "birthDate": "03 NOV 1980",
                        "hasProfile": true,
                        "__typename": "CalendarResultsCompetitor"
                      },
                      "mark": "4:08.41",
                      "nationality": "RSA",
                      "place": "7.",
                      "points": null,
                      "qualified": null,
                      "records": "",
                      "wind": null,
                      "remark": null,
                      "details": null,
                      "__typename": "CalendarResultsRaceResult"
                    },
                    {
                      "competitor": {
                        "teamMembers": null,
                        "id": "sokqpzcmg6me6unamn9yg",
                        "name": "Sonja ROMAN",
                        "iaafId": 131331,
                        "urlSlug": "slovenia/sonja-roman-014300233",
                        "birthDate": "11 MAR 1979",
                        "hasProfile": true,
                        "__typename": "CalendarResultsCompetitor"
                      },
                      "mark": "4:08.52",
                      "nationality": "SLO",
                      "place": "8.",
                      "points": null,
                      "qualified": null,
                      "records": "",
                      "wind": null,
                      "remark": null,
                      "details": null,
                      "__typename": "CalendarResultsRaceResult"
                    },
                    {
                      "competitor": {
                        "teamMembers": null,
                        "id": "xs9jz88dzdpica4w7lpl",
                        "name": "Qing LIU",
                        "iaafId": 197888,
                        "urlSlug": "pr-of-china/qing-liu-014265761",
                        "birthDate": "28 APR 1986",
                        "hasProfile": true,
                        "__typename": "CalendarResultsCompetitor"
                      },
                      "mark": "4:09.27",
                      "nationality": "CHN",
                      "place": "9.",
                      "points": null,
                      "qualified": null,
                      "records": "",
                      "wind": null,
                      "remark": null,
                      "details": null,
                      "__typename": "CalendarResultsRaceResult"
                    },
                    {
                      "competitor": {
                        "teamMembers": null,
                        "id": "hw5p12tlqcfwtb7zfkcyo",
                        "name": "Meskerem ASSEFA",
                        "iaafId": 184494,
                        "urlSlug": "ethiopia/meskerem-assefa-014259921",
                        "birthDate": "03 OCT 1991",
                        "hasProfile": true,
                        "__typename": "CalendarResultsCompetitor"
                      },
                      "mark": "4:10.04",
                      "nationality": "ETH",
                      "place": "10.",
                      "points": null,
                      "qualified": null,
                      "records": "",
                      "wind": null,
                      "remark": null,
                      "details": null,
                      "__typename": "CalendarResultsRaceResult"
                    },
                    {
                      "competitor": {
                        "teamMembers": null,
                        "id": "cpx443kdp1izdqx4ommeh",
                        "name": "Bouchra CHAABI",
                        "iaafId": 132958,
                        "urlSlug": "morocco/bouchra-chaabi-014290620",
                        "birthDate": "22 SEP 1980",
                        "hasProfile": true,
                        "__typename": "CalendarResultsCompetitor"
                      },
                      "mark": "4:19.89",
                      "nationality": "MAR",
                      "place": "11.",
                      "points": null,
                      "qualified": null,
                      "records": "",
                      "wind": null,
                      "remark": null,
                      "details": null,
                      "__typename": "CalendarResultsRaceResult"
                    }
                  ],
                  "startList": null,
                  "wind": null,
                  "__typename": "CalendarResultsRace"
                }
              ],
              "__typename": "CalendarResultsEvent"
            }
          ],
          "__typename": "CalendarResultsEventTitle"
        }
      ],
      "options": {
        "days": [
          {
            "date": "15 AUG 2008",
            "day": 1,
            "__typename": "CalendarResultsOptionsDay"
          },
          {
            "date": "16 AUG 2008",
            "day": 2,
            "__typename": "CalendarResultsOptionsDay"
          },
          {
            "date": "17 AUG 2008",
            "day": 3,
            "__typename": "CalendarResultsOptionsDay"
          },
          {
            "date": "18 AUG 2008",
            "day": 4,
            "__typename": "CalendarResultsOptionsDay"
          },
          {
            "date": "19 AUG 2008",
            "day": 5,
            "__typename": "CalendarResultsOptionsDay"
          },
          {
            "date": "20 AUG 2008",
            "day": 6,
            "__typename": "CalendarResultsOptionsDay"
          },
          {
            "date": "21 AUG 2008",
            "day": 7,
            "__typename": "CalendarResultsOptionsDay"
          },
          {
            "date": "22 AUG 2008",
            "day": 8,
            "__typename": "CalendarResultsOptionsDay"
          },
          {
            "date": "23 AUG 2008",
            "day": 9,
            "__typename": "CalendarResultsOptionsDay"
          },
          {
            "date": "24 AUG 2008",
            "day": 10,
            "__typename": "CalendarResultsOptionsDay"
          }
        ],
        "events": [
          {
            "gender": "W",
            "id": 10229509,
            "name": "Women's 100 Metres",
            "combined": null,
            "__typename": "CalendarResultsOptionEvent"
          },
          {
            "gender": "W",
            "id": 10229510,
            "name": "Women's 200 Metres",
            "combined": null,
            "__typename": "CalendarResultsOptionEvent"
          },
          {
            "gender": "W",
            "id": 10229511,
            "name": "Women's 400 Metres",
            "combined": null,
            "__typename": "CalendarResultsOptionEvent"
          },
          {
            "gender": "W",
            "id": 10229512,
            "name": "Women's 800 Metres",
            "combined": null,
            "__typename": "CalendarResultsOptionEvent"
          },
          {
            "gender": "W",
            "id": 10229513,
            "name": "Women's 1500 Metres",
            "combined": null,
            "__typename": "CalendarResultsOptionEvent"
          },
          {
            "gender": "W",
            "id": 10229514,
            "name": "Women's 5000 Metres",
            "combined": null,
            "__typename": "CalendarResultsOptionEvent"
          },
          {
            "gender": "W",
            "id": 10229521,
            "name": "Women's 10,000 Metres",
            "combined": null,
            "__typename": "CalendarResultsOptionEvent"
          },
          {
            "gender": "W",
            "id": 10229522,
            "name": "Women's 100 Metres Hurdles",
            "combined": null,
            "__typename": "CalendarResultsOptionEvent"
          },
          {
            "gender": "W",
            "id": 10229523,
            "name": "Women's 400 Metres Hurdles",
            "combined": null,
            "__typename": "CalendarResultsOptionEvent"
          },
          {
            "gender": "W",
            "id": 10229524,
            "name": "Women's 3000 Metres Steeplechase",
            "combined": null,
            "__typename": "CalendarResultsOptionEvent"
          },
          {
            "gender": "W",
            "id": 10229526,
            "name": "Women's High Jump",
            "combined": null,
            "__typename": "CalendarResultsOptionEvent"
          },
          {
            "gender": "W",
            "id": 10229527,
            "name": "Women's Pole Vault",
            "combined": null,
            "__typename": "CalendarResultsOptionEvent"
          },
          {
            "gender": "W",
            "id": 10229528,
            "name": "Women's Long Jump",
            "combined": null,
            "__typename": "CalendarResultsOptionEvent"
          },
          {
            "gender": "W",
            "id": 10229529,
            "name": "Women's Triple Jump",
            "combined": null,
            "__typename": "CalendarResultsOptionEvent"
          },
          {
            "gender": "W",
            "id": 10229530,
            "name": "Women's Shot Put",
            "combined": null,
            "__typename": "CalendarResultsOptionEvent"
          },
          {
            "gender": "W",
            "id": 10229531,
            "name": "Women's Discus Throw",
            "combined": null,
            "__typename": "CalendarResultsOptionEvent"
          },
          {
            "gender": "W",
            "id": 10229532,
            "name": "Women's Hammer Throw",
            "combined": null,
            "__typename": "CalendarResultsOptionEvent"
          },
          {
            "gender": "W",
            "id": 10229533,
            "name": "Women's Javelin Throw",
            "combined": null,
            "__typename": "CalendarResultsOptionEvent"
          },
          {
            "gender": "W",
            "id": 10229534,
            "name": "Women's Marathon",
            "combined": null,
            "__typename": "CalendarResultsOptionEvent"
          },
          {
            "gender": "W",
            "id": 10229535,
            "name": "Women's 20 Kilometres Race Walk",
            "combined": null,
            "__typename": "CalendarResultsOptionEvent"
          },
          {
            "gender": "W",
            "id": 10229536,
            "name": "Women's Heptathlon",
            "combined": true,
            "__typename": "CalendarResultsOptionEvent"
          },
          {
            "gender": "W",
            "id": 204594,
            "name": "Women's 4x100 Metres Relay",
            "combined": null,
            "__typename": "CalendarResultsOptionEvent"
          },
          {
            "gender": "W",
            "id": 204596,
            "name": "Women's 4x400 Metres Relay",
            "combined": null,
            "__typename": "CalendarResultsOptionEvent"
          },
          {
            "gender": "M",
            "id": 10229630,
            "name": "Men's 100 Metres",
            "combined": null,
            "__typename": "CalendarResultsOptionEvent"
          },
          {
            "gender": "M",
            "id": 10229605,
            "name": "Men's 200 Metres",
            "combined": null,
            "__typename": "CalendarResultsOptionEvent"
          },
          {
            "gender": "M",
            "id": 10229631,
            "name": "Men's 400 Metres",
            "combined": null,
            "__typename": "CalendarResultsOptionEvent"
          },
          {
            "gender": "M",
            "id": 10229501,
            "name": "Men's 800 Metres",
            "combined": null,
            "__typename": "CalendarResultsOptionEvent"
          },
          {
            "gender": "M",
            "id": 10229502,
            "name": "Men's 1500 Metres",
            "combined": null,
            "__typename": "CalendarResultsOptionEvent"
          },
          {
            "gender": "M",
            "id": 10229609,
            "name": "Men's 5000 Metres",
            "combined": null,
            "__typename": "CalendarResultsOptionEvent"
          },
          {
            "gender": "M",
            "id": 10229610,
            "name": "Men's 10,000 Metres",
            "combined": null,
            "__typename": "CalendarResultsOptionEvent"
          },
          {
            "gender": "M",
            "id": 10229611,
            "name": "Men's 110 Metres Hurdles",
            "combined": null,
            "__typename": "CalendarResultsOptionEvent"
          },
          {
            "gender": "M",
            "id": 10229612,
            "name": "Men's 400 Metres Hurdles",
            "combined": null,
            "__typename": "CalendarResultsOptionEvent"
          },
          {
            "gender": "M",
            "id": 10229614,
            "name": "Men's 3000 Metres Steeplechase",
            "combined": null,
            "__typename": "CalendarResultsOptionEvent"
          },
          {
            "gender": "M",
            "id": 10229615,
            "name": "Men's High Jump",
            "combined": null,
            "__typename": "CalendarResultsOptionEvent"
          },
          {
            "gender": "M",
            "id": 10229616,
            "name": "Men's Pole Vault",
            "combined": null,
            "__typename": "CalendarResultsOptionEvent"
          },
          {
            "gender": "M",
            "id": 10229617,
            "name": "Men's Long Jump",
            "combined": null,
            "__typename": "CalendarResultsOptionEvent"
          },
          {
            "gender": "M",
            "id": 10229618,
            "name": "Men's Triple Jump",
            "combined": null,
            "__typename": "CalendarResultsOptionEvent"
          },
          {
            "gender": "M",
            "id": 10229619,
            "name": "Men's Shot Put",
            "combined": null,
            "__typename": "CalendarResultsOptionEvent"
          },
          {
            "gender": "M",
            "id": 10229620,
            "name": "Men's Discus Throw",
            "combined": null,
            "__typename": "CalendarResultsOptionEvent"
          },
          {
            "gender": "M",
            "id": 10229621,
            "name": "Men's Hammer Throw",
            "combined": null,
            "__typename": "CalendarResultsOptionEvent"
          },
          {
            "gender": "M",
            "id": 10229636,
            "name": "Men's Javelin Throw",
            "combined": null,
            "__typename": "CalendarResultsOptionEvent"
          },
          {
            "gender": "M",
            "id": 10229634,
            "name": "Men's Marathon",
            "combined": null,
            "__typename": "CalendarResultsOptionEvent"
          },
          {
            "gender": "M",
            "id": 10229508,
            "name": "Men's 20 Kilometres Race Walk",
            "combined": null,
            "__typename": "CalendarResultsOptionEvent"
          },
          {
            "gender": "M",
            "id": 10229628,
            "name": "Men's 50 Kilometres Race Walk",
            "combined": null,
            "__typename": "CalendarResultsOptionEvent"
          },
          {
            "gender": "M",
            "id": 10229629,
            "name": "Men's Decathlon",
            "combined": true,
            "__typename": "CalendarResultsOptionEvent"
          },
          {
            "gender": "M",
            "id": 204593,
            "name": "Men's 4x100 Metres Relay",
            "combined": null,
            "__typename": "CalendarResultsOptionEvent"
          },
          {
            "gender": "M",
            "id": 204595,
            "name": "Men's 4x400 Metres Relay",
            "combined": null,
            "__typename": "CalendarResultsOptionEvent"
          }
        ],
        "__typename": "CalendarResultsOptions"
      },
      "parameters": {
        "competitionId": 6977748,
        "day": null,
        "eventId": 10229513,
        "__typename": "CalendarResultsParameters"
      },
      "__typename": "CalendarCompetitionResults"
    }
  }
}