{
  "data": {
    "getCalendarCompetitionResults": {
      "competition": {
        "dateRange": "15\u201324 AUG 2008",
        "endDate": "2008-08-24",
        "name": "The XXIX Olympic Games",
        "rankingCategory": "OW",
        "startDate": "2008-08-15",
        "venue": "National Stadium, Beijing (CHN)",
        "__typename": "CalendarResultsCompetition"
      },
      "eventTitles": [
        {
          "rankingCategory": "OW",
          "eventTitle": null,
          "events": [
            {
              "event": "Women's 5000 Metres",
              "eventId": 10229514,
              "gender": "W",
              "isRelay": false,
              "perResultWind": false,
              "withWind": false,
              "summary": null,
              "races": [
                {
                  "date": "2008-08-22",
                  "day": 8,
                  "race": "Final",
                  "raceId": 10,
                  "raceNumber": 0,
                  "results": [
                    {
                      "competitor": {
                        "teamMembers": null,
                        "id": "dwo4zvpw0gcotryahectg",
                        "name": "Tirunesh DIBABA",
                        "iaafId": 181712,
                        "urlSlug": "ethiopia/tirunesh-dibaba-014259871",
                        "birthDate": "01 OCT 1985",
                        "hasProfile": true,
                        "__typename": "CalendarResultsCompetitor"
                      },
                      "mark": "15:41.40",
                      "nationality": "ETH",
                      "place": "1.",
                      "points": null,
                      "qualified": null,
                      "records": "",
                      "wind": null,
                      "remark": null,
                      "details": null,
                      "__typename": "CalendarResultsRaceResult"
                    },
                    {
                      "competitor": {
                        "teamMembers": null,
                        "id": "n3n9j73waechqmuunga8",
                        "name": "Meseret DEFAR",
                        "iaafId": 171229,
                        "urlSlug": "ethiopia/meseret-defar-014259882",
                        "birthDate": "19 NOV 1983",
                        "hasProfile": true,
                        "__typename": "CalendarResultsCompetitor"
                      },
                      "mark": "15:44.12",
                      "nationality": "ETH",
                      "place": "2.",
                      "points": null,
                      "qualified": null,
                      "records": "",
                      "wind": null,
                      "remark": null,
                      "details": null,
                      "__typename": "CalendarResultsRaceResult"
                    },
                    {
                      "competitor": {
                        "teamMembers": null,
                        "id": "wilgwylpctmjefgyg3kzdc",
                        "name": "Sylvia Jebiwot KIBET",
                        "iaafId": 171450,
                        "urlSlug": "kenya/sylvia-jebiwot-kibet-014289098",
                        "birthDate": "28 MAR 1984",
                        "hasProfile": true,
                        "__typename": "CalendarResultsCompetitor"
                      },
                      "mark": "15:44.96",
                      "nationality": "KEN",
                      "place": "3.",
                      "points": null,
                      "qualified": null,
                      "records": "",
                      "wind": null,
                      "remark": null,
                      "details": null,
                      "__typename": "CalendarResultsRaceResult"
                    },
                    {
                      "competitor": {
                        "teamMembers": null,
                        "id": "ikz81ql3n584gg4sobcr9",
                        "name": "Vivian Jepkemei CHERUIYOT",
                        "iaafId": 132800,
                        "urlSlug": "kenya/vivian-jepkemei-cheruiyot-14288971",
                        "birthDate": "11 SEP 1983",
                        "hasProfile": true,
                        "__typename": "CalendarResultsCompetitor"
                      },
                      "mark": "15:46.32",
                      "nationality": "KEN",
                      "place": "4.",
                      "points": null,
                      "qualified": null,
                      "records": "",
                      "wind": null,
                      "remark": null,
                      "details": null,
                      "__typename": "CalendarResultsRaceResult"
                    },
                    {
                      "competitor": {
                        "teamMembers": null,
                        "id": "e66mbimgl7glx8tf0k079",
                        "name": "Liliya SHOBUKHOVA",
                        "iaafId": 181883,
                        "urlSlug": "russia/liliya-shobukhova-014299314",
                        "birthDate": "13 NOV 1977",
                        "hasProfile": true,
                        "__typename": "CalendarResultsCompetitor"
                      },
                      "mark": "15:46.62",
                      "nationality": "RUS",
                      "place": "5.",
                      "points": null,
                      "qualified": null,
                      "records": "",
                      "wind": null,
                      "remark": null,
                      "details": null,
                      "__typename": "CalendarResultsRaceResult"
                    },
                    {
                      "competitor": {
                        "teamMembers": null,
                        "id": "d6i9xf5b9fupk3mfedwnnp",
                        "name": "Alemitu BEKELE",
                        "iaafId": 174980,
                        "urlSlug": "turkey/alemitu-bekele-014303217",
                        "birthDate": "17 SEP 1977",
                        "hasProfile": true,
                        "__typename": "CalendarResultsCompetitor"
                      },
                      "mark": "15:48.48",
                      "nationality": "TUR",
                      "place": "6.",
                      "points": null,
                      "qualified": null,
                      "records": "",
                      "wind": null,
                      "remark": null,
                      "details": null,
                      "__typename": "CalendarResultsRaceResult"
                    },
                    {
                      "competitor": {
                        "teamMembers": null,
                        "id": "jq0lj2le76au8rpo7g459r",
                        "name": "Meselech MELKAMU",
                        "iaafId": 194275,
                        "urlSlug": "ethiopia/meselech-melkamu-014259772",
                        "birthDate": "19 APR 1985",
                        "hasProfile": true,
                        "__typename": "CalendarResultsCompetitor"
                      },
                      "mark": "15:49.03",
                      "nationality": "ETH",
                      "place": "7.",
                      "points": null,
                      "qualified": null,
                      "records": "",
                      "wind": null,
                      "remark": null,
                      "details": null,
                      "__typename": "CalendarResultsRaceResult"
                    },
                    {
                      "competitor": {
                        "teamMembers": null,
                        "id": "x5oul799brtu4xoflbtb",
                        "name": "Kara GOUCHER",
                        "iaafId": 175599,
                        "urlSlug": "united-states/kara-goucher-014311212",
                        "birthDate": "09 JUL 1978",
                        "hasProfile": true,
                        "__typename": "CalendarResultsCompetitor"
                      },
                      "mark": "15:49.39",
                      "nationality": "USA",
                      "place": "8.",
                      "points": null,
                      "qualified": null,
                      "records": "",
                      "wind": null,
                      "remark": null,
                      "details": null,
                      "__typename": "CalendarResultsRaceResult"
                    },
                    {
                      "competitor": {
                        "teamMembers": null,
                        "id": "i2u0w46dcljulgwytt0fh",
                        "name": "Shalane FLANAGAN",
                        "iaafId": 174853,
                        "urlSlug": "united-states/shalane-flanagan-014310164",
                        "birthDate": "08 JUL 1981",
                        "hasProfile": true,
                        "__typename": "CalendarResultsCompetitor"
                      },
                      "mark": "15:50.80",
                      "nationality": "USA",
                      "place": "9.",
                      "points": null,
                      "qualified": null,
                      "records": "",
                      "wind": null,
                      "remark": null,
                      "details": null,
                      "__typename": "CalendarResultsRaceResult"
                    },
                    {
                      "competitor": {
                        "teamMembers": null,
                        "id": "rt79ub9q4biqhf9u4bu4",
                        "name": "Priscah Jepleting CHERONO",
                        "iaafId": 115753,
                        "urlSlug": "kenya/priscah-jepleting-cherono-014289351",
                        "birthDate": "27 JUN 1980",
                        "hasProfile": true,
                        "__typename": "CalendarResultsCompetitor"
                      },
                      "mark": "15:51.78",
                      "nationality": "KEN",
                      "place": "10.",
                      "points": null,
                      "qualified": null,
                      "records": "",
                      "wind": null,
                      "remark": null,
                      "details": null,
                      "__typename": "CalendarResultsRaceResult"
                    },
                    {
                      "competitor": {
                        "teamMembers": null,
                        "id": "57lmatoht9hrjka9vtjxg",
                        "name": "Gulnara SAMITOVA-GALKINA",
                        "iaafId": 193819,
                        "urlSlug": "russia/gulnara-galkina-014299161",
                        "birthDate": "09 JUL 1978",
                        "hasProfile": true,
                        "__typename": "CalendarResultsCompetitor"
                      },
                      "mark": "15:56.97",
                      "nationality": "RUS",
                      "place": "11.",
                      "points": null,
                      "qualified": null,
                      "records": "",
                      "wind": null,
                      "remark": null,
                      "details": null,
                      "__typename": "CalendarResultsRaceResult"
                    },
                    {
                      "competitor": {
                        "teamMembers": null,
                        "id": "xm706lteryzwxnonwqjx",
                        "name": "Fei XUE",
                        "iaafId": 223499,
                        "urlSlug": "pr-of-china/fei-xue-014264755",
                        "birthDate": "08 AUG 1989",
                        "hasProfile": true,
                        "__typename": "CalendarResultsCompetitor"
                      },
                      "mark": "16:09.84",
                      "nationality": "CHN",
                      "place": "12.",
                      "points": null,
                      "qualified": null,
                      "records": "",
                      "wind": null,
                      "remark": null,
                      "details": null,
                      "__typename": "CalendarResultsRaceResult"
                    },
                    {
                      "competitor": {
                        "teamMembers": null,
                        "id": "14b754ecvzhdekkgwfsf8x5",
                        "name": "Jennifer RHINES",
                        "iaafId": 110233,
                        "urlSlug": "united-states/jennifer-rhines-014319792",
                        "birthDate": "01 JUL 1974",
                        "hasProfile": true,
                        "__typename": "CalendarResultsCompetitor"
                      },
                      "mark": "16:34.63",
                      "nationality": "USA",
                      "place": "13.",
                      "points": null,
                      "qualified": null,
                      "records": "",
                      "wind": null,
                      "remark": null,
                      "details": null,
                      "__typename": "CalendarResultsRaceResult"
                    },
                    {
                      "competitor": {
                        "teamMembers": null,
                        "id": "iigprn2l7oc6bshixirlul",
                        "name": "Megan WRIGHT",
                        "iaafId": 138155,
                        "urlSlug": "canada/megan-wright-014267519",
                        "birthDate": "27 JAN 1982",
                        "hasProfile": true,
                        "__typename": "CalendarResultsCompetitor"
                      },
                      "mark": "17:06.82",
                      "nationality": "CAN",
                      "place": "14.",
                      "points": null,
                      "qualified": null,
                      "records": "",
                      "wind": null,
                      "remark": null,
                      "details": null,
                      "__typename": "CalendarResultsRaceResult"
                    },
                    {
                      "competitor": {
                        "teamMembers": null,
                        "id": "ar2mdf62qfaoiup93i2tej",
                        "name": "Elvan ABEYLEGESSE",
                        "iaafId": 171056,
                        "urlSlug": "turkey/elvan-abeylegesse-014303189",
                        "birthDate": "11 SEP 1982",
                        "hasProfile": true,
                        "__typename": "CalendarResultsCompetitor"
                      },
                      "mark": "DQ",
                      "nationality": "TUR",
                      "place": " - ",
                      "points": null,
                      "qualified": null,
                      "records": "",
                      "wind": null,
                      "remark": null,
                      "details": null,
                      "__typename": "CalendarResultsRaceResult"
                    }
                  ],
                  "startList": null,
                  "wind": null,
                  "__typename": "CalendarResultsRace"
                },
                {
                  "date": "2008-08-19",
                  "day": 5,
                  "race": "Round 1 - Heat",
                  "raceId": 11,
                  "raceNumber": 1,
                  "results": [
                    {
                      "competitor": {
                        "teamMembers": null,
                        "id": "mqpzsvl9j37e66im3wcef",
                        "name": "Tirunesh DIBABA",
                        "iaafId": 181712,
                        "urlSlug": "ethiopia/tirunesh-dibaba-014259871",
                        "birthDate": "01 OCT 1985",
                        "hasProfile": true,
                        "__typename": "CalendarResultsCompetitor"
                      },
                      "mark": "15:09.89",
                      "nationality": "ETH",
                      "place": "1.",
                      "points": null,
                      "qualified": false,
                      "records": "",
                      "wind": null,
                      "remark": null,
                      "details": null,
                      "__typename": "CalendarResultsRaceResult"
                    },
                    {
                      "competitor": {
                        "teamMembers": null,
                        "id": "vaihbd54yx4q5kog84i03",
                        "name": "Sylvia Jebiwot KIBET",
                        "iaafId": 171450,
                        "urlSlug": "kenya/sylvia-jebiwot-kibet-014289098",
                        "birthDate": "28 MAR 1984",
                        "hasProfile": true,
                        "__typename": "CalendarResultsCompetitor"
                      },
                      "mark": "15:10.37",
                      "nationality": "KEN",
                      "place": "2.",
                      "points": null,
                      "qualified": false,
                      "records": "",
                      "wind": null,
                      "remark": null,
                      "details": null,
                      "__typename": "CalendarResultsRaceResult"
                    },
                    {
                      "competitor": {
                        "teamMembers": null,
                        "id": "k5fjgziu4kgqgvxvkrvo8t",
                        "name": "Alemitu BEKELE",
                        "iaafId": 174980,
                        "urlSlug": "turkey/alemitu-bekele-014303217",
                        "birthDate": "17 SEP 1977",
                        "hasProfile": true,
                        "__typename": "CalendarResultsCompetitor"
                      },
                      "mark": "15:10.92",
                      "nationality": "TUR",
                      "place": "3.",
                      "points": null,
                      "qualified": false,
                      "records": "",
                      "wind": null,
                      "remark": null,
                      "details": null,
                      "__typename": "CalendarResultsRaceResult"
                    },
                    {
                      "competitor": {
                        "teamMembers": null,
                        "id": "wmtj1f783uabv3lwkqt0p5",
                        "name": "Meselech MELKAMU",
                        "iaafId": 194275,
                        "urlSlug": "ethiopia/meselech-melkamu-014259772",
                        "birthDate": "19 APR 1985",
                        "hasProfile": true,
                        "__typename": "CalendarResultsCompetitor"
                      },
                      "mark": "15:11.21",
                      "nationality": "ETH",
                      "place": "4.",
                      "points": null,
                      "qualified": false,
                      "records": "",
                      "wind": null,
                      "remark": null,
                      "details": null,
                      "__typename": "CalendarResultsRaceResult"
                    },
                    {
                      "competitor": {
                        "teamMembers": null,
                        "id": "ez4dterjndh9ih6b1ac2cc",
                        "name": "Gulnara SAMITOVA-GALKINA",
                        "iaafId": 193819,
                        "urlSlug": "russia/gulnara-galkina-014299161",
                        "birthDate": "09 JUL 1978",
                        "hasProfile": true,
                        "__typename": "CalendarResultsCompetitor"
                      },
                      "mark": "15:11.46",
                      "nationality": "RUS",
                      "place": "5.",
                      "points": null,
                      "qualified": false,
                      "records": "",
                      "wind": null,
                      "remark": null,
                      "details": null,
                      "__typename": "CalendarResultsRaceResult"
                    },
                    {
                      "competitor": {
                        "teamMembers": null,
                        "id": "82jzixhxg3bnce8swavkk",
                        "name": "Jennifer RHINES",
                        "iaafId": 110233,
                        "urlSlug": "united-states/jennifer-rhines-014319792",
                        "birthDate": "01 JUL 1974",
                        "hasProfile": true,
                        "__typename": "CalendarResultsCompetitor"
                      },
                      "mark": "15:15.12",
                      "nationality": "USA",
                      "place": "6.",
                      "points": null,
                      "qualified": false,
                      "records": "",
                      "wind": null,
                      "remark": null,
                      "details": null,
                      "__typename": "CalendarResultsRaceResult"
                    },
                    {
                      "competitor": {
                        "teamMembers": null,
                        "id": "kiu06o3mnwq8gbog5uwmat",
                        "name": "Yuriko KOBAYASHI",
                        "iaafId": 202456,
                        "urlSlug": "japan/yuriko-kobayashi-014286857",
                        "birthDate": "12 DEC 1988",
                        "hasProfile": true,
                        "__typename": "CalendarResultsCompetitor"
                      },
                      "mark": "15:15.87",
                      "nationality": "JPN",
                      "place": "7.",
                      "points": null,
                      "qualified": null,
                      "records": "",
                      "wind": null,
                      "remark": null,
                      "details": null,
                      "__typename": "CalendarResultsRaceResult"
                    },
                    {
                      "competitor": {
                        "teamMembers": null,
                        "id": "bmqoa9f7dphgv9e44tuxl",
                        "name": "Simret SULTAN",
                        "iaafId": 138525,
                        "urlSlug": "eritrea/simret-sultan-014262199",
                        "birthDate": "20 JUL 1984",
                        "hasProfile": true,
                        "__typename": "CalendarResultsCompetitor"
                      },
                      "mark": "15:16.25",
                      "nationality": "ERI",
                      "place": "8.",
                      "points": null,
                      "qualified": null,
                      "records": "",
                      "wind": null,
                      "remark": null,
                      "details": null,
                      "__typename": "CalendarResultsRaceResult"
                    },
                    {
                      "competitor": {
                        "teamMembers": null,
                        "id": "91b4wqeprcr7m1y78ahu4n",
                        "name": "Olga KRAVTSOVA",
                        "iaafId": 195983,
                        "urlSlug": "belarus/olga-kravtsova-014269803",
                        "birthDate": "25 JUL 1981",
                        "hasProfile": true,
                        "__typename": "CalendarResultsCompetitor"
                      },
                      "mark": "15:21.85",
                      "nationality": "BLR",
                      "place": "9.",
                      "points": null,
                      "qualified": null,
                      "records": "",
                      "wind": null,
                      "remark": null,
                      "details": null,
                      "__typename": "CalendarResultsRaceResult"
                    },
                    {
                      "competitor": {
                        "teamMembers": null,
                        "id": "s84c8ot48lf2l98iyljmv",
                        "name": "Silvia WEISSTEINER",
                        "iaafId": 115747,
                        "urlSlug": "italy/silvia-weissteiner-014285471",
                        "birthDate": "13 JUL 1979",
                        "hasProfile": true,
                        "__typename": "CalendarResultsCompetitor"
                      },
                      "mark": "15:23.45",
                      "nationality": "ITA",
                      "place": "10.",
                      "points": null,
                      "qualified": null,
                      "records": "",
                      "wind": null,
                      "remark": null,
                      "details": null,
                      "__typename": "CalendarResultsRaceResult"
                    },
                    {
                      "competitor": {
                        "teamMembers": null,
                        "id": "kdzujj9jddydui0awhjjl",
                        "name": "Yingying ZHANG",
                        "iaafId": 234085,
                        "urlSlug": "pr-of-china/yingying-zhang-014264358",
                        "birthDate": "04 JAN 1990",
                        "hasProfile": true,
                        "__typename": "CalendarResultsCompetitor"
                      },
                      "mark": "15:23.81",
                      "nationality": "CHN",
                      "place": "11.",
                      "points": null,
                      "qualified": null,
                      "records": "",
                      "wind": null,
                      "remark": null,
                      "details": null,
                      "__typename": "CalendarResultsRaceResult"
                    },
                    {
                      "competitor": {
                        "teamMembers": null,
                        "id": "th7pjrg9tup2mot1wybzuy",
                        "name": "Zakia Mrisho MOHAMED",
                        "iaafId": 179022,
                        "urlSlug": "tanzania/zakia-mrisho-mohamed-014302619",
                        "birthDate": "19 FEB 1984",
                        "hasProfile": true,
                        "__typename": "CalendarResultsCompetitor"
                      },
                      "mark": "15:24.28",
                      "nationality": "TAN",
                      "place": "12.",
                      "points": null,
                      "qualified": null,
                      "records": "",
                      "wind": null,
                      "remark": null,
                      "details": null,
                      "__typename": "CalendarResultsRaceResult"
                    },
                    {
                      "competitor": {
                        "teamMembers": null,
                        "id": "r1uaal7v66lqg4m1f2i4w",
                        "name": "Dolores CHECA",
                        "iaafId": 171557,
                        "urlSlug": "spain/dolores-checa-014261820",
                        "birthDate": "27 DEC 1982",
                        "hasProfile": true,
                        "__typename": "CalendarResultsCompetitor"
                      },
                      "mark": "15:31.22",
                      "nationality": "ESP",
                      "place": "13.",
                      "points": null,
                      "qualified": null,
                      "records": "",
                      "wind": null,
                      "remark": null,
                      "details": null,
                      "__typename": "CalendarResultsRaceResult"
                    },
                    {
                      "competitor": {
                        "teamMembers": null,
                        "id": "5u5fg7rnmh7qe3xmyng3x",
                        "name": "Jessica AUGUSTO",
                        "iaafId": 139750,
                        "urlSlug": "portugal/jessica-augusto-14294784",
                        "birthDate": "08 NOV 1981",
                        "hasProfile": true,
                        "__typename": "CalendarResultsCompetitor"
                      },
                      "mark": "16:05.71",
                      "nationality": "POR",
                      "place": "14.",
                      "points": null,
                      "qualified": null,
                      "records": "",
                      "wind": null,
                      "remark": null,
                      "details": null,
                      "__typename": "CalendarResultsRaceResult"
                    },
                    {
                      "competitor": {
                        "teamMembers": null,
                        "id": "e1ddayy307qetkzowq6c1m",
                        "name": "Lucia CHANDAMALE",
                        "iaafId": 200483,
                        "urlSlug": "malawi/lucia-chandamale-014290868",
                        "birthDate": "18 JUN 1988",
                        "hasProfile": true,
                        "__typename": "CalendarResultsCompetitor"
                      },
                      "mark": "16:44.09",
                      "nationality": "MAW",
                      "place": "15.",
                      "points": null,
                      "qualified": null,
                      "records": "",
                      "wind": null,
                      "remark": null,
                      "details": null,
                      "__typename": "CalendarResultsRaceResult"
                    },
                    {
                      "competitor": {
                        "teamMembers": null,
                        "id": "hqoz35w4yxexchdz4khng8",
                        "name": "Celma BONFIM",
                        "iaafId": 182293,
                        "urlSlug": "dem-rep-of-sao-tome-and-principe/celma-bonfim-014300561",
                        "birthDate": "23 DEC 1977",
                        "hasProfile": true,
                        "__typename": "CalendarResultsCompetitor"
                      },
                      "mark": "17:25.99",
                      "nationality": "STP",
                      "place": "16.",
                      "points": null,
                      "qualified": null,
                      "records": "",
                      "wind": null,
                      "remark": null,
                      "details": null,
                      "__typename": "CalendarResultsRaceResult"
                    }
                  ],
                  "startList": null,
                  "wind": null,
                  "__typename": "CalendarResultsRace"
                },
                {
                  "date": "2008-08-19",
                  "day": 5,
                  "race": "Round 1 - Heat",
                  "raceId": 11,
                  "raceNumber": 2,
                  "results": [
                    {
                      "competitor": {
                        "teamMembers": null,
                        "id": "kt8kdsjvcjm082fhpkektau",
                        "name": "Meseret DEFAR",
                        "iaafId": 171229,
                        "urlSlug": "ethiopia/meseret-defar-014259882",
                        "birthDate": "19 NOV 1983",
                        "hasProfile": true,
                        "__typename": "CalendarResultsCompetitor"
                      },
                      "mark": "14:56.32",
                      "nationality": "ETH",
                      "place": "1.",
                      "points": null,
                      "qualified": false,
                      "records": "",
                      "wind": null,
                      "remark": null,
                      "details": null,
                      "__typename": "CalendarResultsRaceResult"
                    },
                    {
                      "competitor": {
                        "teamMembers": null,
                        "id": "5ig0m42lz4asm5zt52mdd",
                        "name": "Vivian Jepkemei CHERUIYOT",
                        "iaafId": 132800,
                        "urlSlug": "kenya/vivian-jepkemei-cheruiyot-14288971",
                        "birthDate": "11 SEP 1983",
                        "hasProfile": true,
                        "__typename": "CalendarResultsCompetitor"
                      },
                      "mark": "14:57.27",
                      "nationality": "KEN",
                      "place": "2.",
                      "points": null,
                      "qualified": false,
                      "records": "",
                      "wind": null,
                      "remark": null,
                      "details": null,
                      "__typename": "CalendarResultsRaceResult"
                    },
                    {
                      "competitor": {
                        "teamMembers": null,
                        "id": "dhculm07ayahs776jtze8b",
                        "name": "Liliya SHOBUKHOVA",
                        "iaafId": 181883,
                        "urlSlug": "russia/liliya-shobukhova-014299314",
                        "birthDate": "13 NOV 1977",
                        "hasProfile": true,
                        "__typename": "CalendarResultsCompetitor"
                      },
                      "mark": "14:57.77",
                      "nationality": "RUS",
                      "place": "3.",
                      "points": null,
                      "qualified": false,
                      "records": "",
                      "wind": null,
                      "remark": null,
                      "details": null,
                      "__typename": "CalendarResultsRaceResult"
                    },
                    {
                      "competitor": {
                        "teamMembers": null,
                        "id": "hcvzad6dlocty08ilse64m",
                        "name": "Priscah Jepleting CHERONO",
                        "iaafId": 115753,
                        "urlSlug": "kenya/priscah-jepleting-cherono-014289351",
                        "birthDate": "27 JUN 1980",
                        "hasProfile": true,
                        "__typename": "CalendarResultsCompetitor"
                      },
                      "mark": "14:58.07",
                      "nationality": "KEN",
                      "place": "4.",
                      "points": null,
                      "qualified": false,
                      "records": "",
                      "wind": null,
                      "remark": null,
                      "details": null,
                      "__typename": "CalendarResultsRaceResult"
                    },
                    {
                      "competitor": {
                        "teamMembers": null,
                        "id": "h0cv2gl4q7jw45sneaj8q",
                        "name": "Shalane FLANAGAN",
                        "iaafId": 174853,
                        "urlSlug": "united-states/shalane-flanagan-014310164",
                        "birthDate": "08 JUL 1981",
                        "hasProfile": true,
                        "__typename": "CalendarResultsCompetitor"
                      },
                      "mark": "14:59.69",
                      "nationality": "USA",
                      "place": "5.",
                      "points": null,
                      "qualified": false,
                      "records": "",
                      "wind": null,
                      "remark": null,
                      "details": null,
                      "__typename": "CalendarResultsRaceResult"
                    },
                    {
                      "competitor": {
                        "teamMembers": null,
                        "id": "9psrvqg8vgc7svgq5ys2j",
                        "name": "Kara GOUCHER",
                        "iaafId": 175599,
                        "urlSlug": "united-states/kara-goucher-014311212",
                        "birthDate": "09 JUL 1978",
                        "hasProfile": true,
                        "__typename": "CalendarResultsCompetitor"
                      },
                      "mark": "15:00.98",
                      "nationality": "USA",
                      "place": "6.",
                      "points": null,
                      "qualified": false,
                      "records": "",
                      "wind": null,
                      "remark": null,
                      "details": null,
                      "__typename": "CalendarResultsRaceResult"
                    },
                    {
                      "competitor": {
                        "teamMembers": null,
                        "id": "4eby8xkhshbuwa7yyobdqj",
                        "name": "Megan WRIGHT",
                        "iaafId": 138155,
                        "urlSlug": "canada/megan-wright-014267519",
                        "birthDate": "27 JAN 1982",
                        "hasProfile": true,
                        "__typename": "CalendarResultsCompetitor"
                      },
                      "mark": "15:11.23",
                      "nationality": "CAN",
                      "place": "7.",
                      "points": null,
                      "qualified": false,
                      "records": "",
                      "wind": null,
                      "remark": null,
                      "details": null,
                      "__typename": "CalendarResultsRaceResult"
                    },
                    {
                      "competitor": {
                        "teamMembers": null,
                        "id": "8zyw5fxwqorizml6u38mr",
                        "name": "Fei XUE",
                        "iaafId": 223499,
                        "urlSlug": "pr-of-china/fei-xue-014264755",
                        "birthDate": "08 AUG 1989",
                        "hasProfile": true,
                        "__typename": "CalendarResultsCompetitor"
                      },
                      "mark": "15:13.25",
                      "nationality": "CHN",
                      "place": "8.",
                      "points": null,
                      "qualified": false,
                      "records": "",
                      "wind": null,
                      "remark": null,
                      "details": null,
                      "__typename": "CalendarResultsRaceResult"
                    },
                    {
                      "competitor": {
                        "teamMembers": null,
                        "id": "owi2avvyyvaam1v3mu324h",
                        "name": "Kayoko FUKUSHI",
                        "iaafId": 179923,
                        "urlSlug": "japan/kayoko-fukushi-014286215",
                        "birthDate": "25 MAR 1982",
                        "hasProfile": true,
                        "__typename": "CalendarResultsCompetitor"
                      },
                      "mark": "15:20.46",
                      "nationality": "JPN",
                      "place": "9.",
                      "points": null,
                      "qualified": null,
                      "records": "",
                      "wind": null,
                      "remark": null,
                      "details": null,
                      "__typename": "CalendarResultsRaceResult"
                    },
                    {
                      "competitor": {
                        "teamMembers": null,
                        "id": "x5e88eto12sae43filt6s",
                        "name": "Mariem ALAOUI SELSOULI",
                        "iaafId": 183925,
                        "urlSlug": "morocco/mariem-alaoui-selsouli-014290568",
                        "birthDate": "08 APR 1984",
                        "hasProfile": true,
                        "__typename": "CalendarResultsCompetitor"
                      },
                      "mark": "15:21.47",
                      "nationality": "MAR",
                      "place": "10.",
                      "points": null,
                      "qualified": null,
                      "records": "",
                      "wind": null,
                      "remark": null,
                      "details": null,
                      "__typename": "CalendarResultsRaceResult"
                    },
                    {
                      "competitor": {
                        "teamMembers": null,
                        "id": "8uolumt5nash5szz37fkgw",
                        "name": "Yukiko AKABA",
                        "iaafId": 170217,
                        "urlSlug": "japan/yukiko-akaba-014286054",
                        "birthDate": "18 OCT 1979",
                        "hasProfile": true,
                        "__typename": "CalendarResultsCompetitor"
                      },
                      "mark": "15:38.30",
                      "nationality": "JPN",
                      "place": "11.",
                      "points": null,
                      "qualified": null,
                      "records": "",
                      "wind": null,
                      "remark": null,
                      "details": null,
                      "__typename": "CalendarResultsRaceResult"
                    },
                    {
                      "competitor": {
                        "teamMembers": null,
                        "id": "8e9dbl65lka0d2w67gy8rqp",
                        "name": "Krisztina PAPP",
                        "iaafId": 179866,
                        "urlSlug": "hungary/krisztina-papp-014282184",
                        "birthDate": "17 DEC 1982",
                        "hasProfile": true,
                        "__typename": "CalendarResultsCompetitor"
                      },
                      "mark": "16:08.86",
                      "nationality": "HUN",
                      "place": "12.",
                      "points": null,
                      "qualified": null,
                      "records": "",
                      "wind": null,
                      "remark": null,
                      "details": null,
                      "__typename": "CalendarResultsRaceResult"
                    },
                    {
                      "competitor": {
                        "teamMembers": null,
                        "id": "g5t2i4up4m7701ph564hic",
                        "name": "Francique NIYONIZIGIYE",
                        "iaafId": 200521,
                        "urlSlug": "burundi/francique-niyonizigiye-014270529",
                        "birthDate": "16 NOV 1988",
                        "hasProfile": true,
                        "__typename": "CalendarResultsCompetitor"
                      },
                      "mark": "17:08.44",
                      "nationality": "BDI",
                      "place": "13.",
                      "points": null,
                      "qualified": null,
                      "records": "",
                      "wind": null,
                      "remark": null,
                      "details": null,
                      "__typename": "CalendarResultsRaceResult"
                    },
                    {
                      "competitor": {
                        "teamMembers": null,
                        "id": "k5pyytpzuxpwyzcu67pua",
                        "name": "Yelena ZADOROZHNAYA",
                        "iaafId": 137887,
                        "urlSlug": "russia/yelena-zadorozhnaya-014299842",
                        "birthDate": "03 DEC 1977",
                        "hasProfile": true,
                        "__typename": "CalendarResultsCompetitor"
                      },
                      "mark": "DNF",
                      "nationality": "RUS",
                      "place": "",
                      "points": null,
                      "qualified": null,
                      "records": "",
                      "wind": null,
                      "remark": null,
                      "details": null,
                      "__typename": "CalendarResultsRaceResult"
                    },
                    {
                      "competitor": {
                        "teamMembers": null,
                        "id": "ppkuna8dplkbb1huqdvr",
                        "name": "Joanne PAVEY",
                        "iaafId": 130396,
                        "urlSlug": "great-britain-ni/joanne-pavey-014276037",
                        "birthDate": "20 SEP 1973",
                        "hasProfile": true,
                        "__typename": "CalendarResultsCompetitor"
                      },
                      "mark": "DNS",
                      "nationality": "GBR",
                      "place": "",
                      "points": null,
                      "qualified": null,
                      "records": "",
                      "wind": null,
                      "remark": null,
                      "details": null,
                      "__typename": "CalendarResultsRaceResult"
                    },
                    {
                      "competitor": {
                        "teamMembers": null,
                        "id": "ny6nznw8oyh31ngbfxhrgv",
                        "name": "Elvan ABEYLEGESSE",
                        "iaafId": 171056,
                        "urlSlug": "turkey/elvan-abeylegesse-014303189",
                        "birthDate": "11 SEP 1982",
                        "hasProfile": true,
                        "__typename": "CalendarResultsCompetitor"
                      },
                      "mark": "DQ",
                      "nationality": "TUR",
                      "place": " - ",
                      "points": null,
                      "qualified": null,
                      "records": "",
                      "wind": null,
                      "remark": null,
                      "details": null,
                      "__typename": "CalendarResultsRaceResult"
                    }
                  ],
                  "startList": null,
                  "wind": null,
                  "__typename": "CalendarResultsRace"
                }
              ],
              "__typename": "CalendarResultsEvent"
            }
          ],
          "__typename": "CalendarResultsEventTitle"
        }
      ],
      "options": {
        "days": [
          {
            "date": "15 AUG 2008",
            "day": 1,
            "__typename": "CalendarResultsOptionsDay"
          },
          {
            "date": "16 AUG 2008",
            "day": 2,
            "__typename": "CalendarResultsOptionsDay"
          },
          {
            "date": "17 AUG 2008",
            "day": 3,
            "__typename": "CalendarResultsOptionsDay"
          },
          {
            "date": "18 AUG 2008",
            "day": 4,
            "__typename": "CalendarResultsOptionsDay"
          },
          {
            "date": "19 AUG 2008",
            "day": 5,
            "__typename": "CalendarResultsOptionsDay"
          },
          {
            "date": "20 AUG 2008",
            "day": 6,
            "__typename": "CalendarResultsOptionsDay"
          },
          {
            "date": "21 AUG 2008",
            "day": 7,
            "__typename": "CalendarResultsOptionsDay"
          },
          {
            "date": "22 AUG 2008",
            "day": 8,
            "__typename": "CalendarResultsOptionsDay"
          },
          {
            "date": "23 AUG 2008",
            "day": 9,
            "__typename": "CalendarResultsOptionsDay"
          },
          {
            "date": "24 AUG 2008",
            "day": 10,
            "__typename": "CalendarResultsOptionsDay"
          }
        ],
        "events": [
          {
            "gender": "W",
            "id": 10229509,
            "name": "Women's 100 Metres",
            "combined": null,
            "__typename": "CalendarResultsOptionEvent"
          },
          {
            "gender": "W",
            "id": 10229510,
            "name": "Women's 200 Metres",
            "combined": null,
            "__typename": "CalendarResultsOptionEvent"
          },
          {
            "gender": "W",
            "id": 10229511,
            "name": "Women's 400 Metres",
            "combined": null,
            "__typename": "CalendarResultsOptionEvent"
          },
          {
            "gender": "W",
            "id": 10229512,
            "name": "Women's 800 Metres",
            "combined": null,
            "__typename": "CalendarResultsOptionEvent"
          },
          {
            "gender": "W",
            "id": 10229513,
            "name": "Women's 1500 Metres",
            "combined": null,
            "__typename": "CalendarResultsOptionEvent"
          },
          {
            "gender": "W",
            "id": 10229514,
            "name": "Women's 5000 Metres",
            "combined": null,
            "__typename": "CalendarResultsOptionEvent"
          },
          {
            "gender": "W",
            "id": 10229521,
            "name": "Women's 10,000 Metres",
            "combined": null,
            "__typename": "CalendarResultsOptionEvent"
          },
          {
            "gender": "W",
            "id": 10229522,
            "name": "Women's 100 Metres Hurdles",
            "combined": null,
            "__typename": "CalendarResultsOptionEvent"
          },
          {
            "gender": "W",
            "id": 10229523,
            "name": "Women's 400 Metres Hurdles",
            "combined": null,
            "__typename": "CalendarResultsOptionEvent"
          },
          {
            "gender": "W",
            "id": 10229524,
            "name": "Women's 3000 Metres Steeplechase",
            "combined": null,
            "__typename": "CalendarResultsOptionEvent"
          },
          {
            "gender": "W",
            "id": 10229526,
            "name": "Women's High Jump",
            "combined": null,
            "__typename": "CalendarResultsOptionEvent"
          },
          {
            "gender": "W",
            "id": 10229527,
            "name": "Women's Pole Vault",
            "combined": null,
            "__typename": "CalendarResultsOptionEvent"
          },
          {
            "gender": "W",
            "id": 10229528,
            "name": "Women's Long Jump",
            "combined": null,
            "__typename": "CalendarResultsOptionEvent"
          },
          {
            "gender": "W",
            "id": 10229529,
            "name": "Women's Triple Jump",
            "combined": null,
            "__typename": "CalendarResultsOptionEvent"
          },
          {
            "gender": "W",
            "id": 10229530,
            "name": "Women's Shot Put",
            "combined": null,
            "__typename": "CalendarResultsOptionEvent"
          },
          {
            "gender": "W",
            "id": 10229531,
            "name": "Women's Discus Throw",
            "combined": null,
            "__typename": "CalendarResultsOptionEvent"
          },
          {
            "gender": "W",
            "id": 10229532,
            "name": "Women's Hammer Throw",
            "combined": null,
            "__typename": "CalendarResultsOptionEvent"
          },
          {
            "gender": "W",
            "id": 10229533,
            "name": "Women's Javelin Throw",
            "combined": null,
            "__typename": "CalendarResultsOptionEvent"
          },
          {
            "gender": "W",
            "id": 10229534,
            "name": "Women's Marathon",
            "combined": null,
            "__typename": "CalendarResultsOptionEvent"
          },
          {
            "gender": "W",
            "id": 10229535,
            "name": "Women's 20 Kilometres Race Walk",
            "combined": null,
            "__typename": "CalendarResultsOptionEvent"
          },
          {
            "gender": "W",
            "id": 10229536,
            "name": "Women's Heptathlon",
            "combined": true,
            "__typename": "CalendarResultsOptionEvent"
          },
          {
            "gender": "W",
            "id": 204594,
            "name": "Women's 4x100 Metres Relay",
            "combined": null,
            "__typename": "CalendarResultsOptionEvent"
          },
          {
            "gender": "W",
            "id": 204596,
            "name": "Women's 4x400 Metres Relay",
            "combined": null,
            "__typename": "CalendarResultsOptionEvent"
          },
          {
            "gender": "M",
            "id": 10229630,
            "name": "Men's 100 Metres",
            "combined": null,
            "__typename": "CalendarResultsOptionEvent"
          },
          {
            "gender": "M",
            "id": 10229605,
            "name": "Men's 200 Metres",
            "combined": null,
            "__typename": "CalendarResultsOptionEvent"
          },
          {
            "gender": "M",
            "id": 10229631,
            "name": "Men's 400 Metres",
            "combined": null,
            "__typename": "CalendarResultsOptionEvent"
          },
          {
            "gender": "M",
            "id": 10229501,
            "name": "Men's 800 Metres",
            "combined": null,
            "__typename": "CalendarResultsOptionEvent"
          },
          {
            "gender": "M",
            "id": 10229502,
            "name": "Men's 1500 Metres",
            "combined": null,
            "__typename": "CalendarResultsOptionEvent"
          },
          {
            "gender": "M",
            "id": 10229609,
            "name": "Men's 5000 Metres",
            "combined": null,
            "__typename": "CalendarResultsOptionEvent"
          },
          {
            "gender": "M",
            "id": 10229610,
            "name": "Men's 10,000 Metres",
            "combined": null,
            "__typename": "CalendarResultsOptionEvent"
          },
          {
            "gender": "M",
            "id": 10229611,
            "name": "Men's 110 Metres Hurdles",
            "combined": null,
            "__typename": "CalendarResultsOptionEvent"
          },
          {
            "gender": "M",
            "id": 10229612,
            "name": "Men's 400 Metres Hurdles",
            "combined": null,
            "__typename": "CalendarResultsOptionEvent"
          },
          {
            "gender": "M",
            "id": 10229614,
            "name": "Men's 3000 Metres Steeplechase",
            "combined": null,
            "__typename": "CalendarResultsOptionEvent"
          },
          {
            "gender": "M",
            "id": 10229615,
            "name": "Men's High Jump",
            "combined": null,
            "__typename": "CalendarResultsOptionEvent"
          },
          {
            "gender": "M",
            "id": 10229616,
            "name": "Men's Pole Vault",
            "combined": null,
            "__typename": "CalendarResultsOptionEvent"
          },
          {
            "gender": "M",
            "id": 10229617,
            "name": "Men's Long Jump",
            "combined": null,
            "__typename": "CalendarResultsOptionEvent"
          },
          {
            "gender": "M",
            "id": 10229618,
            "name": "Men's Triple Jump",
            "combined": null,
            "__typename": "CalendarResultsOptionEvent"
          },
          {
            "gender": "M",
            "id": 10229619,
            "name": "Men's Shot Put",
            "combined": null,
            "__typename": "CalendarResultsOptionEvent"
          },
          {
            "gender": "M",
            "id": 10229620,
            "name": "Men's Discus Throw",
            "combined": null,
            "__typename": "CalendarResultsOptionEvent"
          },
          {
            "gender": "M",
            "id": 10229621,
            "name": "Men's Hammer Throw",
            "combined": null,
            "__typename": "CalendarResultsOptionEvent"
          },
          {
            "gender": "M",
            "id": 10229636,
            "name": "Men's Javelin Throw",
            "combined": null,
            "__typename": "CalendarResultsOptionEvent"
          },
          {
            "gender": "M",
            "id": 10229634,
            "name": "Men's Marathon",
            "combined": null,
            "__typename": "CalendarResultsOptionEvent"
          },
          {
            "gender": "M",
            "id": 10229508,
            "name": "Men's 20 Kilometres Race Walk",
            "combined": null,
            "__typename": "CalendarResultsOptionEvent"
          },
          {
            "gender": "M",
            "id": 10229628,
            "name": "Men's 50 Kilometres Race Walk",
            "combined": null,
            "__typename": "CalendarResultsOptionEvent"
          },
          {
            "gender": "M",
            "id": 10229629,
            "name": "Men's Decathlon",
            "combined": true,
            "__typename": "CalendarResultsOptionEvent"
          },
          {
            "gender": "M",
            "id": 204593,
            "name": "Men's 4x100 Metres Relay",
            "combined": null,
            "__typename": "CalendarResultsOptionEvent"
          },
          {
            "gender": "M",
            "id": 204595,
            "name": "Men's 4x400 Metres Relay",
            "combined": null,
            "__typename": "CalendarResultsOptionEvent"
          }
        ],
        "__typename": "CalendarResultsOptions"
      },
      "parameters": {
        "competitionId": 6977748,
        "day": null,
        "eventId": 10229514,
        "__typename": "CalendarResultsParameters"
      },
      "__typename": "CalendarCompetitionResults"
    }
  }
}