{
  "data": {
    "getCalendarCompetitionResults": {
      "competition": {
        "dateRange": "15\u201324 AUG 2008",
        "endDate": "2008-08-24",
        "name": "The XXIX Olympic Games",
        "rankingCategory": "OW",
        "startDate": "2008-08-15",
        "venue": "National Stadium, Beijing (CHN)",
        "__typename": "CalendarResultsCompetition"
      },
      "eventTitles": [
        {
          "rankingCategory": "OW",
          "eventTitle": null,
          "events": [
            {
              "event": "Men's 5000 Metres",
              "eventId": 10229609,
              "gender": "M",
              "isRelay": false,
              "perResultWind": false,
              "withWind": false,
              "summary": null,
              "races": [
                {
                  "date": "2008-08-23",
                  "day": 9,
                  "race": "Final",
                  "raceId": 10,
                  "raceNumber": 0,
                  "results": [
                    {
                      "competitor": {
                        "teamMembers": null,
                        "id": "fyuekugjq4jehxaxhpi5ke",
                        "name": "Kenenisa BEKELE",
                        "iaafId": 138200,
                        "urlSlug": "ethiopia/kenenisa-bekele-14181357",
                        "birthDate": "13 JUN 1982",
                        "hasProfile": true,
                        "__typename": "CalendarResultsCompetitor"
                      },
                      "mark": "12:57.82",
                      "nationality": "ETH",
                      "place": "1.",
                      "points": null,
                      "qualified": null,
                      "records": "",
                      "wind": null,
                      "remark": null,
                      "details": null,
                      "__typename": "CalendarResultsRaceResult"
                    },
                    {
                      "competitor": {
                        "teamMembers": null,
                        "id": "yji7n8fa34dohcnjkvbsuo",
                        "name": "Eliud KIPCHOGE",
                        "iaafId": 188307,
                        "urlSlug": "kenya/eliud-kipchoge-14208194",
                        "birthDate": "05 NOV 1984",
                        "hasProfile": true,
                        "__typename": "CalendarResultsCompetitor"
                      },
                      "mark": "13:02.80",
                      "nationality": "KEN",
                      "place": "2.",
                      "points": null,
                      "qualified": null,
                      "records": "",
                      "wind": null,
                      "remark": null,
                      "details": null,
                      "__typename": "CalendarResultsRaceResult"
                    },
                    {
                      "competitor": {
                        "teamMembers": null,
                        "id": "bphbhx9kq3sho31a752wzs",
                        "name": "Edwin Cheruiyot SOI",
                        "iaafId": 191717,
                        "urlSlug": "kenya/edwin-cheruiyot-soi-014209817",
                        "birthDate": "03 MAR 1986",
                        "hasProfile": true,
                        "__typename": "CalendarResultsCompetitor"
                      },
                      "mark": "13:06.22",
                      "nationality": "KEN",
                      "place": "3.",
                      "points": null,
                      "qualified": null,
                      "records": "",
                      "wind": null,
                      "remark": null,
                      "details": null,
                      "__typename": "CalendarResultsRaceResult"
                    },
                    {
                      "competitor": {
                        "teamMembers": null,
                        "id": "a8y3s3kqngmu7g8c2xgner",
                        "name": "Moses Ndiema KIPSIRO",
                        "iaafId": 188288,
                        "urlSlug": "uganda/moses-ndiema-kipsiro-014229608",
                        "birthDate": "02 SEP 1986",
                        "hasProfile": true,
                        "__typename": "CalendarResultsCompetitor"
                      },
                      "mark": "13:10.56",
                      "nationality": "UGA",
                      "place": "4.",
                      "points": null,
                      "qualified": null,
                      "records": "",
                      "wind": null,
                      "remark": null,
                      "details": null,
                      "__typename": "CalendarResultsRaceResult"
                    },
                    {
                      "competitor": {
                        "teamMembers": null,
                        "id": "1xd8b83jz1pb2kmit0lrx8",
                        "name": "Abraham CHERKOS",
                        "iaafId": 208953,
                        "urlSlug": "ethiopia/abraham-cherkos-014181448",
                        "birthDate": "23 SEP 1989",
                        "hasProfile": true,
                        "__typename": "CalendarResultsCompetitor"
                      },
                      "mark": "13:16.46",
                      "nationality": "ETH",
                      "place": "5.",
                      "points": null,
                      "qualified": null,
                      "records": "",
                      "wind": null,
                      "remark": null,
                      "details": null,
                      "__typename": "CalendarResultsRaceResult"
                    },
                    {
                      "competitor": {
                        "teamMembers": null,
                        "id": "p602bflzicjhfwhittocik",
                        "name": "Tariku BEKELE",
                        "iaafId": 196596,
                        "urlSlug": "ethiopia/tariku-bekele-014181358",
                        "birthDate": "28 FEB 1987",
                        "hasProfile": true,
                        "__typename": "CalendarResultsCompetitor"
                      },
                      "mark": "13:19.06",
                      "nationality": "ETH",
                      "place": "6.",
                      "points": null,
                      "qualified": null,
                      "records": "",
                      "wind": null,
                      "remark": null,
                      "details": null,
                      "__typename": "CalendarResultsRaceResult"
                    },
                    {
                      "competitor": {
                        "teamMembers": null,
                        "id": "3efych3fqx579y660g8jhn",
                        "name": "Juan Luis BARRIOS",
                        "iaafId": 181932,
                        "urlSlug": "mexico/juan-luis-barrios-014212796",
                        "birthDate": "24 JUN 1983",
                        "hasProfile": true,
                        "__typename": "CalendarResultsCompetitor"
                      },
                      "mark": "13:19.79",
                      "nationality": "MEX",
                      "place": "7.",
                      "points": null,
                      "qualified": null,
                      "records": "",
                      "wind": null,
                      "remark": null,
                      "details": null,
                      "__typename": "CalendarResultsRaceResult"
                    },
                    {
                      "competitor": {
                        "teamMembers": null,
                        "id": "176wd0z4tzg1kuv5b8wxfu",
                        "name": "James Kwalia C'KURUI",
                        "iaafId": 184651,
                        "urlSlug": "qatar/james-kwalia-ckurui-014219027",
                        "birthDate": "12 JUN 1984",
                        "hasProfile": true,
                        "__typename": "CalendarResultsCompetitor"
                      },
                      "mark": "13:23.48",
                      "nationality": "QAT",
                      "place": "8.",
                      "points": null,
                      "qualified": null,
                      "records": "",
                      "wind": null,
                      "remark": null,
                      "details": null,
                      "__typename": "CalendarResultsRaceResult"
                    },
                    {
                      "competitor": {
                        "teamMembers": null,
                        "id": "42jt8om0q6lxhh7od5yjun",
                        "name": "Bernard LAGAT",
                        "iaafId": 135263,
                        "urlSlug": "united-states/bernard-lagat-014243507",
                        "birthDate": "12 DEC 1974",
                        "hasProfile": true,
                        "__typename": "CalendarResultsCompetitor"
                      },
                      "mark": "13:26.89",
                      "nationality": "USA",
                      "place": "9.",
                      "points": null,
                      "qualified": null,
                      "records": "",
                      "wind": null,
                      "remark": null,
                      "details": null,
                      "__typename": "CalendarResultsRaceResult"
                    },
                    {
                      "competitor": {
                        "teamMembers": null,
                        "id": "l2g7q8zfo6g1lis635r7ht",
                        "name": "Kidane TADESSE",
                        "iaafId": 205947,
                        "urlSlug": "eritrea/kidane-tadesse-014167421",
                        "birthDate": "31 AUG 1987",
                        "hasProfile": true,
                        "__typename": "CalendarResultsCompetitor"
                      },
                      "mark": "13:28.40",
                      "nationality": "ERI",
                      "place": "10.",
                      "points": null,
                      "qualified": null,
                      "records": "",
                      "wind": null,
                      "remark": null,
                      "details": null,
                      "__typename": "CalendarResultsRaceResult"
                    },
                    {
                      "competitor": {
                        "teamMembers": null,
                        "id": "eht4jdf5urqru9u5un7n",
                        "name": "Alemayehu BEZABEH",
                        "iaafId": 207319,
                        "urlSlug": "spain/alemayehu-bezabeh-14181307",
                        "birthDate": "22 SEP 1986",
                        "hasProfile": true,
                        "__typename": "CalendarResultsCompetitor"
                      },
                      "mark": "13:30.48",
                      "nationality": "ESP",
                      "place": "11.",
                      "points": null,
                      "qualified": null,
                      "records": "",
                      "wind": null,
                      "remark": null,
                      "details": null,
                      "__typename": "CalendarResultsRaceResult"
                    },
                    {
                      "competitor": {
                        "teamMembers": null,
                        "id": "5n4farpac67bj21geywuaq",
                        "name": "Thomas Pkemei LONGOSIWA",
                        "iaafId": 203604,
                        "urlSlug": "kenya/thomas-pkemei-longosiwa-014208920",
                        "birthDate": "14 JAN 1982",
                        "hasProfile": true,
                        "__typename": "CalendarResultsCompetitor"
                      },
                      "mark": "13:31.34",
                      "nationality": "KEN",
                      "place": "12.",
                      "points": null,
                      "qualified": null,
                      "records": "",
                      "wind": null,
                      "remark": null,
                      "details": null,
                      "__typename": "CalendarResultsRaceResult"
                    },
                    {
                      "competitor": {
                        "teamMembers": null,
                        "id": "dudkb9p2fq6q42dxgmg3zn",
                        "name": "Matt TEGENKAMP",
                        "iaafId": 181859,
                        "urlSlug": "united-states/matt-tegenkamp-014252899",
                        "birthDate": "19 JAN 1982",
                        "hasProfile": true,
                        "__typename": "CalendarResultsCompetitor"
                      },
                      "mark": "13:33.13",
                      "nationality": "USA",
                      "place": "13.",
                      "points": null,
                      "qualified": null,
                      "records": "",
                      "wind": null,
                      "remark": null,
                      "details": null,
                      "__typename": "CalendarResultsRaceResult"
                    },
                    {
                      "competitor": {
                        "teamMembers": null,
                        "id": "kg5a6f166db5a4fbgs83j2",
                        "name": "Jes\u00fas ESPA\u00d1A",
                        "iaafId": 137894,
                        "urlSlug": "spain/jesus-espana-014166673",
                        "birthDate": "21 AUG 1978",
                        "hasProfile": true,
                        "__typename": "CalendarResultsCompetitor"
                      },
                      "mark": "13:55.94",
                      "nationality": "ESP",
                      "place": "14.",
                      "points": null,
                      "qualified": null,
                      "records": "",
                      "wind": null,
                      "remark": null,
                      "details": null,
                      "__typename": "CalendarResultsRaceResult"
                    },
                    {
                      "competitor": {
                        "teamMembers": null,
                        "id": "jbn02zygxjmkvmfwvvomxq",
                        "name": "Alistair Ian CRAGG",
                        "iaafId": 56071,
                        "urlSlug": "ireland/alistair-ian-cragg-014198809",
                        "birthDate": "13 JUN 1980",
                        "hasProfile": true,
                        "__typename": "CalendarResultsCompetitor"
                      },
                      "mark": "DNF",
                      "nationality": "IRL",
                      "place": "",
                      "points": null,
                      "qualified": null,
                      "records": "",
                      "wind": null,
                      "remark": null,
                      "details": null,
                      "__typename": "CalendarResultsRaceResult"
                    }
                  ],
                  "startList": null,
                  "wind": null,
                  "__typename": "CalendarResultsRace"
                },
                {
                  "date": "2008-08-20",
                  "day": 6,
                  "race": "Round 1 - Heat",
                  "raceId": 11,
                  "raceNumber": 1,
                  "results": [
                    {
                      "competitor": {
                        "teamMembers": null,
                        "id": "hd7k60qvpmhmcvtt72gs4",
                        "name": "Matt TEGENKAMP",
                        "iaafId": 181859,
                        "urlSlug": "united-states/matt-tegenkamp-014252899",
                        "birthDate": "19 JAN 1982",
                        "hasProfile": true,
                        "__typename": "CalendarResultsCompetitor"
                      },
                      "mark": "13:37.36",
                      "nationality": "USA",
                      "place": "1.",
                      "points": null,
                      "qualified": false,
                      "records": "",
                      "wind": null,
                      "remark": null,
                      "details": null,
                      "__typename": "CalendarResultsRaceResult"
                    },
                    {
                      "competitor": {
                        "teamMembers": null,
                        "id": "mv4z25qbgnate482d1uwyg",
                        "name": "Eliud KIPCHOGE",
                        "iaafId": 188307,
                        "urlSlug": "kenya/eliud-kipchoge-14208194",
                        "birthDate": "05 NOV 1984",
                        "hasProfile": true,
                        "__typename": "CalendarResultsCompetitor"
                      },
                      "mark": "13:37.50",
                      "nationality": "KEN",
                      "place": "2.",
                      "points": null,
                      "qualified": false,
                      "records": "",
                      "wind": null,
                      "remark": null,
                      "details": null,
                      "__typename": "CalendarResultsRaceResult"
                    },
                    {
                      "competitor": {
                        "teamMembers": null,
                        "id": "6vcy840g3fpgt4kg5ennzl",
                        "name": "Tariku BEKELE",
                        "iaafId": 196596,
                        "urlSlug": "ethiopia/tariku-bekele-014181358",
                        "birthDate": "28 FEB 1987",
                        "hasProfile": true,
                        "__typename": "CalendarResultsCompetitor"
                      },
                      "mark": "13:37.63",
                      "nationality": "ETH",
                      "place": "3.",
                      "points": null,
                      "qualified": false,
                      "records": "",
                      "wind": null,
                      "remark": null,
                      "details": null,
                      "__typename": "CalendarResultsRaceResult"
                    },
                    {
                      "competitor": {
                        "teamMembers": null,
                        "id": "na6n6b8ha9b5zbb5q17hb",
                        "name": "Kidane TADESSE",
                        "iaafId": 205947,
                        "urlSlug": "eritrea/kidane-tadesse-014167421",
                        "birthDate": "31 AUG 1987",
                        "hasProfile": true,
                        "__typename": "CalendarResultsCompetitor"
                      },
                      "mark": "13:37.72",
                      "nationality": "ERI",
                      "place": "4.",
                      "points": null,
                      "qualified": false,
                      "records": "",
                      "wind": null,
                      "remark": null,
                      "details": null,
                      "__typename": "CalendarResultsRaceResult"
                    },
                    {
                      "competitor": {
                        "teamMembers": null,
                        "id": "2il9tctr2ip4x6oalabq4g",
                        "name": "Alemayehu BEZABEH",
                        "iaafId": 207319,
                        "urlSlug": "spain/alemayehu-bezabeh-14181307",
                        "birthDate": "22 SEP 1986",
                        "hasProfile": true,
                        "__typename": "CalendarResultsCompetitor"
                      },
                      "mark": "13:37.88",
                      "nationality": "ESP",
                      "place": "5.",
                      "points": null,
                      "qualified": false,
                      "records": "",
                      "wind": null,
                      "remark": null,
                      "details": null,
                      "__typename": "CalendarResultsRaceResult"
                    },
                    {
                      "competitor": {
                        "teamMembers": null,
                        "id": "suta27ovr83cbph5meiie",
                        "name": "Alistair Ian CRAGG",
                        "iaafId": 56071,
                        "urlSlug": "ireland/alistair-ian-cragg-014198809",
                        "birthDate": "13 JUN 1980",
                        "hasProfile": true,
                        "__typename": "CalendarResultsCompetitor"
                      },
                      "mark": "13:38.57",
                      "nationality": "IRL",
                      "place": "6.",
                      "points": null,
                      "qualified": false,
                      "records": "",
                      "wind": null,
                      "remark": null,
                      "details": null,
                      "__typename": "CalendarResultsRaceResult"
                    },
                    {
                      "competitor": {
                        "teamMembers": null,
                        "id": "elzfldm0ilehw5qsqdsfzf",
                        "name": "Juan Luis BARRIOS",
                        "iaafId": 181932,
                        "urlSlug": "mexico/juan-luis-barrios-014212796",
                        "birthDate": "24 JUN 1983",
                        "hasProfile": true,
                        "__typename": "CalendarResultsCompetitor"
                      },
                      "mark": "13:42.39",
                      "nationality": "MEX",
                      "place": "7.",
                      "points": null,
                      "qualified": false,
                      "records": "",
                      "wind": null,
                      "remark": null,
                      "details": null,
                      "__typename": "CalendarResultsRaceResult"
                    },
                    {
                      "competitor": {
                        "teamMembers": null,
                        "id": "vlrbosl8t9l2tnpb0mxqzu",
                        "name": "Anis SELMOUNI",
                        "iaafId": 189828,
                        "urlSlug": "morocco/anis-selmouni-14212469",
                        "birthDate": "15 MAR 1979",
                        "hasProfile": true,
                        "__typename": "CalendarResultsCompetitor"
                      },
                      "mark": "13:43.70",
                      "nationality": "MAR",
                      "place": "8.",
                      "points": null,
                      "qualified": null,
                      "records": "",
                      "wind": null,
                      "remark": null,
                      "details": null,
                      "__typename": "CalendarResultsRaceResult"
                    },
                    {
                      "competitor": {
                        "teamMembers": null,
                        "id": "v7jxd1kqngsykd565f0j59",
                        "name": "Aadam Ismaeel KHAMIS",
                        "iaafId": 207647,
                        "urlSlug": "bahrain/aadam-ismaeel-khamis-014175124",
                        "birthDate": "12 FEB 1989",
                        "hasProfile": true,
                        "__typename": "CalendarResultsCompetitor"
                      },
                      "mark": "13:44.76",
                      "nationality": "BRN",
                      "place": "9.",
                      "points": null,
                      "qualified": null,
                      "records": "",
                      "wind": null,
                      "remark": null,
                      "details": null,
                      "__typename": "CalendarResultsRaceResult"
                    },
                    {
                      "competitor": {
                        "teamMembers": null,
                        "id": "ifv4iu8sd3ypmgie1n06m",
                        "name": "Collis BIRMINGHAM",
                        "iaafId": 194175,
                        "urlSlug": "australia/collis-birmingham-014180101",
                        "birthDate": "27 DEC 1984",
                        "hasProfile": true,
                        "__typename": "CalendarResultsCompetitor"
                      },
                      "mark": "13:44.90",
                      "nationality": "AUS",
                      "place": "10.",
                      "points": null,
                      "qualified": null,
                      "records": "",
                      "wind": null,
                      "remark": null,
                      "details": null,
                      "__typename": "CalendarResultsRaceResult"
                    },
                    {
                      "competitor": {
                        "teamMembers": null,
                        "id": "oakvd8mawegkw9c5arfsn",
                        "name": "Geofrey KUSURO",
                        "iaafId": 205669,
                        "urlSlug": "uganda/geofrey-kusuro-014229613",
                        "birthDate": "12 FEB 1989",
                        "hasProfile": true,
                        "__typename": "CalendarResultsCompetitor"
                      },
                      "mark": "13:50.50",
                      "nationality": "UGA",
                      "place": "11.",
                      "points": null,
                      "qualified": null,
                      "records": "",
                      "wind": null,
                      "remark": null,
                      "details": null,
                      "__typename": "CalendarResultsRaceResult"
                    },
                    {
                      "competitor": {
                        "teamMembers": null,
                        "id": "w6peczwbwwkzkoujfwl4",
                        "name": "Sultan Khamis ZAMAN",
                        "iaafId": 180355,
                        "urlSlug": "qatar/sultan-khamis-zaman-14219130",
                        "birthDate": "23 JUL 1985",
                        "hasProfile": true,
                        "__typename": "CalendarResultsCompetitor"
                      },
                      "mark": "13:53.38",
                      "nationality": "QAT",
                      "place": "12.",
                      "points": null,
                      "qualified": null,
                      "records": "",
                      "wind": null,
                      "remark": null,
                      "details": null,
                      "__typename": "CalendarResultsRaceResult"
                    },
                    {
                      "competitor": {
                        "teamMembers": null,
                        "id": "l89txum4b5yw2d0ugl5l",
                        "name": "Takayuki MATSUMIYA",
                        "iaafId": 180734,
                        "urlSlug": "japan/takayuki-matsumiya-014204366",
                        "birthDate": "21 FEB 1980",
                        "hasProfile": true,
                        "__typename": "CalendarResultsCompetitor"
                      },
                      "mark": "14:20.24",
                      "nationality": "JPN",
                      "place": "13.",
                      "points": null,
                      "qualified": null,
                      "records": "",
                      "wind": null,
                      "remark": null,
                      "details": null,
                      "__typename": "CalendarResultsRaceResult"
                    },
                    {
                      "competitor": {
                        "teamMembers": null,
                        "id": "9p7yhyz22244bklxjaoj2g",
                        "name": "Soe MIN THU",
                        "iaafId": 238689,
                        "urlSlug": "myanmar/soe-min-thu-014941235",
                        "birthDate": "25 SEP 1988",
                        "hasProfile": true,
                        "__typename": "CalendarResultsCompetitor"
                      },
                      "mark": "15:50.56",
                      "nationality": "MYA",
                      "place": "14.",
                      "points": null,
                      "qualified": null,
                      "records": "",
                      "wind": null,
                      "remark": null,
                      "details": null,
                      "__typename": "CalendarResultsRaceResult"
                    }
                  ],
                  "startList": null,
                  "wind": null,
                  "__typename": "CalendarResultsRace"
                },
                {
                  "date": "2008-08-20",
                  "day": 6,
                  "race": "Round 1 - Heat",
                  "raceId": 11,
                  "raceNumber": 2,
                  "results": [
                    {
                      "competitor": {
                        "teamMembers": null,
                        "id": "z54rt38eiu95qh7dkc3u2m",
                        "name": "Edwin Cheruiyot SOI",
                        "iaafId": 191717,
                        "urlSlug": "kenya/edwin-cheruiyot-soi-014209817",
                        "birthDate": "03 MAR 1986",
                        "hasProfile": true,
                        "__typename": "CalendarResultsCompetitor"
                      },
                      "mark": "13:46.41",
                      "nationality": "KEN",
                      "place": "1.",
                      "points": null,
                      "qualified": false,
                      "records": "",
                      "wind": null,
                      "remark": null,
                      "details": null,
                      "__typename": "CalendarResultsRaceResult"
                    },
                    {
                      "competitor": {
                        "teamMembers": null,
                        "id": "lw61581mcusmikffhg1n",
                        "name": "Moses Ndiema KIPSIRO",
                        "iaafId": 188288,
                        "urlSlug": "uganda/moses-ndiema-kipsiro-014229608",
                        "birthDate": "02 SEP 1986",
                        "hasProfile": true,
                        "__typename": "CalendarResultsCompetitor"
                      },
                      "mark": "13:46.58",
                      "nationality": "UGA",
                      "place": "2.",
                      "points": null,
                      "qualified": false,
                      "records": "",
                      "wind": null,
                      "remark": null,
                      "details": null,
                      "__typename": "CalendarResultsRaceResult"
                    },
                    {
                      "competitor": {
                        "teamMembers": null,
                        "id": "nmuhp8mwf2evfqs8z3hs8",
                        "name": "Abraham CHERKOS",
                        "iaafId": 208953,
                        "urlSlug": "ethiopia/abraham-cherkos-014181448",
                        "birthDate": "23 SEP 1989",
                        "hasProfile": true,
                        "__typename": "CalendarResultsCompetitor"
                      },
                      "mark": "13:47.60",
                      "nationality": "ETH",
                      "place": "3.",
                      "points": null,
                      "qualified": false,
                      "records": "",
                      "wind": null,
                      "remark": null,
                      "details": null,
                      "__typename": "CalendarResultsRaceResult"
                    },
                    {
                      "competitor": {
                        "teamMembers": null,
                        "id": "d2p49kxmj8oz4g5djnb93f",
                        "name": "Jes\u00fas ESPA\u00d1A",
                        "iaafId": 137894,
                        "urlSlug": "spain/jesus-espana-014166673",
                        "birthDate": "21 AUG 1978",
                        "hasProfile": true,
                        "__typename": "CalendarResultsCompetitor"
                      },
                      "mark": "13:48.88",
                      "nationality": "ESP",
                      "place": "4.",
                      "points": null,
                      "qualified": false,
                      "records": "",
                      "wind": null,
                      "remark": null,
                      "details": null,
                      "__typename": "CalendarResultsRaceResult"
                    },
                    {
                      "competitor": {
                        "teamMembers": null,
                        "id": "gnrto4hnpc94uyfvhbmc78",
                        "name": "Ali Abdallah AFRINGI",
                        "iaafId": 181831,
                        "urlSlug": "eritrea/ali-abdallah-afringi-014167432",
                        "birthDate": "02 NOV 1982",
                        "hasProfile": true,
                        "__typename": "CalendarResultsCompetitor"
                      },
                      "mark": "13:49.68",
                      "nationality": "ERI",
                      "place": "5.",
                      "points": null,
                      "qualified": null,
                      "records": "",
                      "wind": null,
                      "remark": null,
                      "details": null,
                      "__typename": "CalendarResultsRaceResult"
                    },
                    {
                      "competitor": {
                        "teamMembers": null,
                        "id": "v31zv2cfyefr3eg7ihdik",
                        "name": "Mo FARAH",
                        "iaafId": 179892,
                        "urlSlug": "great-britain-ni/mo-farah-14189197",
                        "birthDate": "23 MAR 1983",
                        "hasProfile": true,
                        "__typename": "CalendarResultsCompetitor"
                      },
                      "mark": "13:50.95",
                      "nationality": "GBR",
                      "place": "6.",
                      "points": null,
                      "qualified": null,
                      "records": "",
                      "wind": null,
                      "remark": null,
                      "details": null,
                      "__typename": "CalendarResultsRaceResult"
                    },
                    {
                      "competitor": {
                        "teamMembers": null,
                        "id": "lnxop3jtujes7kq4f84gm",
                        "name": "Adrian BLINCOE",
                        "iaafId": 132749,
                        "urlSlug": "new-zealand/adrian-blincoe-014215585",
                        "birthDate": "04 NOV 1979",
                        "hasProfile": true,
                        "__typename": "CalendarResultsCompetitor"
                      },
                      "mark": "13:55.27",
                      "nationality": "NZL",
                      "place": "7.",
                      "points": null,
                      "qualified": null,
                      "records": "",
                      "wind": null,
                      "remark": null,
                      "details": null,
                      "__typename": "CalendarResultsRaceResult"
                    },
                    {
                      "competitor": {
                        "teamMembers": null,
                        "id": "evka3eidbobcqbm51emkpd",
                        "name": "Mourad MAROUFIT",
                        "iaafId": 194239,
                        "urlSlug": "morocco/mourad-maroufit-014212337",
                        "birthDate": "26 JAN 1982",
                        "hasProfile": true,
                        "__typename": "CalendarResultsCompetitor"
                      },
                      "mark": "14:00.76",
                      "nationality": "MAR",
                      "place": "8.",
                      "points": null,
                      "qualified": null,
                      "records": "",
                      "wind": null,
                      "remark": null,
                      "details": null,
                      "__typename": "CalendarResultsRaceResult"
                    },
                    {
                      "competitor": {
                        "teamMembers": null,
                        "id": "abenlauf2qp1o8bsj9zfl",
                        "name": "Ian DOBSON",
                        "iaafId": 181853,
                        "urlSlug": "united-states/ian-dobson-014236583",
                        "birthDate": "06 FEB 1982",
                        "hasProfile": true,
                        "__typename": "CalendarResultsCompetitor"
                      },
                      "mark": "14:05.47",
                      "nationality": "USA",
                      "place": "9.",
                      "points": null,
                      "qualified": null,
                      "records": "",
                      "wind": null,
                      "remark": null,
                      "details": null,
                      "__typename": "CalendarResultsRaceResult"
                    },
                    {
                      "competitor": {
                        "teamMembers": null,
                        "id": "4s9bd5do70u5w0g9029zb",
                        "name": "Tonny WAMULWA",
                        "iaafId": 207553,
                        "urlSlug": "zambia/tonny-wamulwa-014256450",
                        "birthDate": "06 AUG 1989",
                        "hasProfile": true,
                        "__typename": "CalendarResultsCompetitor"
                      },
                      "mark": "14:06.96",
                      "nationality": "ZAM",
                      "place": "10.",
                      "points": null,
                      "qualified": null,
                      "records": "",
                      "wind": null,
                      "remark": null,
                      "details": null,
                      "__typename": "CalendarResultsRaceResult"
                    },
                    {
                      "competitor": {
                        "teamMembers": null,
                        "id": "zdw5o92wo1i0pf3h133p",
                        "name": "Kevin SULLIVAN",
                        "iaafId": 2794,
                        "urlSlug": "canada/kevin-sullivan-014173428",
                        "birthDate": "20 MAR 1974",
                        "hasProfile": true,
                        "__typename": "CalendarResultsCompetitor"
                      },
                      "mark": "14:09.16",
                      "nationality": "CAN",
                      "place": "11.",
                      "points": null,
                      "qualified": null,
                      "records": "",
                      "wind": null,
                      "remark": null,
                      "details": null,
                      "__typename": "CalendarResultsRaceResult"
                    },
                    {
                      "competitor": {
                        "teamMembers": null,
                        "id": "1icrc8hf84hmuskj5mvztm",
                        "name": "Ali SAIDI-SIEF",
                        "iaafId": 131970,
                        "urlSlug": "algeria/ali-saidi-sief-014180633",
                        "birthDate": "15 MAR 1978",
                        "hasProfile": true,
                        "__typename": "CalendarResultsCompetitor"
                      },
                      "mark": "14:15.00",
                      "nationality": "ALG",
                      "place": "12.",
                      "points": null,
                      "qualified": null,
                      "records": "",
                      "wind": null,
                      "remark": null,
                      "details": null,
                      "__typename": "CalendarResultsRaceResult"
                    },
                    {
                      "competitor": {
                        "teamMembers": null,
                        "id": "qrxmfdikc5rlxkafla1is",
                        "name": "Nader AL MASRY",
                        "iaafId": 138601,
                        "urlSlug": "palestine/nader-al-masry-014216262",
                        "birthDate": "26 JAN 1980",
                        "hasProfile": true,
                        "__typename": "CalendarResultsCompetitor"
                      },
                      "mark": "14:41.10",
                      "nationality": "PLE",
                      "place": "13.",
                      "points": null,
                      "qualified": null,
                      "records": "",
                      "wind": null,
                      "remark": null,
                      "details": null,
                      "__typename": "CalendarResultsRaceResult"
                    },
                    {
                      "competitor": {
                        "teamMembers": null,
                        "id": "bwzn5ldml98h0jnip05nr5",
                        "name": "Rashid RAMZI",
                        "iaafId": 190507,
                        "urlSlug": "bahrain/rashid-ramzi-014175117",
                        "birthDate": "17 JUL 1980",
                        "hasProfile": true,
                        "__typename": "CalendarResultsCompetitor"
                      },
                      "mark": "DQ",
                      "nationality": "BRN",
                      "place": " - ",
                      "points": null,
                      "qualified": null,
                      "records": "",
                      "wind": null,
                      "remark": null,
                      "details": null,
                      "__typename": "CalendarResultsRaceResult"
                    }
                  ],
                  "startList": null,
                  "wind": null,
                  "__typename": "CalendarResultsRace"
                },
                {
                  "date": "2008-08-20",
                  "day": 6,
                  "race": "Round 1 - Heat",
                  "raceId": 11,
                  "raceNumber": 3,
                  "results": [
                    {
                      "competitor": {
                        "teamMembers": null,
                        "id": "6cui43fa1vjz473g41czta",
                        "name": "Bernard LAGAT",
                        "iaafId": 135263,
                        "urlSlug": "united-states/bernard-lagat-014243507",
                        "birthDate": "12 DEC 1974",
                        "hasProfile": true,
                        "__typename": "CalendarResultsCompetitor"
                      },
                      "mark": "13:39.70",
                      "nationality": "USA",
                      "place": "1.",
                      "points": null,
                      "qualified": false,
                      "records": "",
                      "wind": null,
                      "remark": null,
                      "details": null,
                      "__typename": "CalendarResultsRaceResult"
                    },
                    {
                      "competitor": {
                        "teamMembers": null,
                        "id": "ym0oro2qrkzvfv45ytn4b",
                        "name": "James Kwalia C'KURUI",
                        "iaafId": 184651,
                        "urlSlug": "qatar/james-kwalia-ckurui-014219027",
                        "birthDate": "12 JUN 1984",
                        "hasProfile": true,
                        "__typename": "CalendarResultsCompetitor"
                      },
                      "mark": "13:39.96",
                      "nationality": "QAT",
                      "place": "2.",
                      "points": null,
                      "qualified": false,
                      "records": "",
                      "wind": null,
                      "remark": null,
                      "details": null,
                      "__typename": "CalendarResultsRaceResult"
                    },
                    {
                      "competitor": {
                        "teamMembers": null,
                        "id": "rp5xb2emkecevgjyli5slh",
                        "name": "Kenenisa BEKELE",
                        "iaafId": 138200,
                        "urlSlug": "ethiopia/kenenisa-bekele-14181357",
                        "birthDate": "13 JUN 1982",
                        "hasProfile": true,
                        "__typename": "CalendarResultsCompetitor"
                      },
                      "mark": "13:40.13",
                      "nationality": "ETH",
                      "place": "3.",
                      "points": null,
                      "qualified": false,
                      "records": "",
                      "wind": null,
                      "remark": null,
                      "details": null,
                      "__typename": "CalendarResultsRaceResult"
                    },
                    {
                      "competitor": {
                        "teamMembers": null,
                        "id": "mpnc6tu1o1g66e6no5j5f3",
                        "name": "Thomas Pkemei LONGOSIWA",
                        "iaafId": 203604,
                        "urlSlug": "kenya/thomas-pkemei-longosiwa-014208920",
                        "birthDate": "14 JAN 1982",
                        "hasProfile": true,
                        "__typename": "CalendarResultsCompetitor"
                      },
                      "mark": "13:41.30",
                      "nationality": "KEN",
                      "place": "4.",
                      "points": null,
                      "qualified": false,
                      "records": "",
                      "wind": null,
                      "remark": null,
                      "details": null,
                      "__typename": "CalendarResultsRaceResult"
                    },
                    {
                      "competitor": {
                        "teamMembers": null,
                        "id": "b9jws1q0776aecb0wmyb6p",
                        "name": "Craig MOTTRAM",
                        "iaafId": 137796,
                        "urlSlug": "australia/craig-mottram-014179098",
                        "birthDate": "18 JUN 1980",
                        "hasProfile": true,
                        "__typename": "CalendarResultsCompetitor"
                      },
                      "mark": "13:44.39",
                      "nationality": "AUS",
                      "place": "5.",
                      "points": null,
                      "qualified": null,
                      "records": "",
                      "wind": null,
                      "remark": null,
                      "details": null,
                      "__typename": "CalendarResultsRaceResult"
                    },
                    {
                      "competitor": {
                        "teamMembers": null,
                        "id": "rubchfxlaf4ym0m9nj94",
                        "name": "Moukhled AL OUTAIBI",
                        "iaafId": 132597,
                        "urlSlug": "saudi-arabia/moukhled-al-outaibi-014210666",
                        "birthDate": "20 JUN 1976",
                        "hasProfile": true,
                        "__typename": "CalendarResultsCompetitor"
                      },
                      "mark": "13:47.00",
                      "nationality": "KSA",
                      "place": "6.",
                      "points": null,
                      "qualified": null,
                      "records": "",
                      "wind": null,
                      "remark": null,
                      "details": null,
                      "__typename": "CalendarResultsRaceResult"
                    },
                    {
                      "competitor": {
                        "teamMembers": null,
                        "id": "kjgodvpec6j7hg0a3zhh",
                        "name": "Kensuke TAKEZAWA",
                        "iaafId": 221092,
                        "urlSlug": "japan/kensuke-takezawa-014206249",
                        "birthDate": "11 OCT 1986",
                        "hasProfile": true,
                        "__typename": "CalendarResultsCompetitor"
                      },
                      "mark": "13:49.42",
                      "nationality": "JPN",
                      "place": "7.",
                      "points": null,
                      "qualified": null,
                      "records": "",
                      "wind": null,
                      "remark": null,
                      "details": null,
                      "__typename": "CalendarResultsRaceResult"
                    },
                    {
                      "competitor": {
                        "teamMembers": null,
                        "id": "aatdwbxdu8ivjxdfye0t28",
                        "name": "Monder RIZKI",
                        "iaafId": 181412,
                        "urlSlug": "belgium/monder-rizki-014177345",
                        "birthDate": "16 AUG 1979",
                        "hasProfile": true,
                        "__typename": "CalendarResultsCompetitor"
                      },
                      "mark": "13:54.41",
                      "nationality": "BEL",
                      "place": "8.",
                      "points": null,
                      "qualified": null,
                      "records": "",
                      "wind": null,
                      "remark": null,
                      "details": null,
                      "__typename": "CalendarResultsRaceResult"
                    },
                    {
                      "competitor": {
                        "teamMembers": null,
                        "id": "abd0ekard385h3e0dksx7f",
                        "name": "Alberto GARC\u00cdA",
                        "iaafId": 50351,
                        "urlSlug": "spain/alberto-garcia-014166477",
                        "birthDate": "22 FEB 1971",
                        "hasProfile": true,
                        "__typename": "CalendarResultsCompetitor"
                      },
                      "mark": "13:58.20",
                      "nationality": "ESP",
                      "place": "9.",
                      "points": null,
                      "qualified": null,
                      "records": "",
                      "wind": null,
                      "remark": null,
                      "details": null,
                      "__typename": "CalendarResultsRaceResult"
                    },
                    {
                      "competitor": {
                        "teamMembers": null,
                        "id": "jv34n1n0z3j3p326nte8i",
                        "name": "Philipp BANDI",
                        "iaafId": 243517,
                        "urlSlug": "switzerland/philipp-bandi-014225767",
                        "birthDate": "28 SEP 1977",
                        "hasProfile": true,
                        "__typename": "CalendarResultsCompetitor"
                      },
                      "mark": "13:59.68",
                      "nationality": "SUI",
                      "place": "10.",
                      "points": null,
                      "qualified": null,
                      "records": "",
                      "wind": null,
                      "remark": null,
                      "details": null,
                      "__typename": "CalendarResultsRaceResult"
                    },
                    {
                      "competitor": {
                        "teamMembers": null,
                        "id": "ekyynf476s54cjmc9bis",
                        "name": "Aziz Naji EL IDRISSI",
                        "iaafId": 198826,
                        "urlSlug": "morocco/aziz-naji-el-idrissi-014212054",
                        "birthDate": "08 DEC 1986",
                        "hasProfile": true,
                        "__typename": "CalendarResultsCompetitor"
                      },
                      "mark": "14:05.30",
                      "nationality": "MAR",
                      "place": "11.",
                      "points": null,
                      "qualified": null,
                      "records": "",
                      "wind": null,
                      "remark": null,
                      "details": null,
                      "__typename": "CalendarResultsRaceResult"
                    },
                    {
                      "competitor": {
                        "teamMembers": null,
                        "id": "nki323kzz5zlxcq6pgetq",
                        "name": "Abdinasir Said IBRAHIM",
                        "iaafId": 237750,
                        "urlSlug": "somalia/abdinasir-said-ibrahim-014941082",
                        "birthDate": "01 JUL 1989",
                        "hasProfile": true,
                        "__typename": "CalendarResultsCompetitor"
                      },
                      "mark": "14:21.58",
                      "nationality": "SOM",
                      "place": "12.",
                      "points": null,
                      "qualified": null,
                      "records": "",
                      "wind": null,
                      "remark": null,
                      "details": null,
                      "__typename": "CalendarResultsRaceResult"
                    },
                    {
                      "competitor": {
                        "teamMembers": null,
                        "id": "bjxre7mne8j7gvec6mio8s",
                        "name": "Ali Hassan MAHBOOB",
                        "iaafId": 231050,
                        "urlSlug": "bahrain/ali-hassan-mahboob-014175122",
                        "birthDate": "31 DEC 1981",
                        "hasProfile": true,
                        "__typename": "CalendarResultsCompetitor"
                      },
                      "mark": "DNS",
                      "nationality": "BRN",
                      "place": "",
                      "points": null,
                      "qualified": null,
                      "records": "",
                      "wind": null,
                      "remark": null,
                      "details": null,
                      "__typename": "CalendarResultsRaceResult"
                    },
                    {
                      "competitor": {
                        "teamMembers": null,
                        "id": "pi2nc6t9ihd9hbx6givgu",
                        "name": "Selim BAYRAK",
                        "iaafId": 241132,
                        "urlSlug": "turkey/mert-girmalegesse-14181495",
                        "birthDate": "30 NOV 1987",
                        "hasProfile": true,
                        "__typename": "CalendarResultsCompetitor"
                      },
                      "mark": "DNS",
                      "nationality": "TUR",
                      "place": "",
                      "points": null,
                      "qualified": null,
                      "records": "",
                      "wind": null,
                      "remark": null,
                      "details": null,
                      "__typename": "CalendarResultsRaceResult"
                    },
                    {
                      "competitor": {
                        "teamMembers": null,
                        "id": "wiruyo3xy3nnh68p1ypks",
                        "name": "Jos\u00e9 David GALV\u00c1N MART\u00cdNEZ",
                        "iaafId": 139481,
                        "urlSlug": "mexico/jose-david-galvan-martinez-14212918",
                        "birthDate": "06 APR 1976",
                        "hasProfile": true,
                        "__typename": "CalendarResultsCompetitor"
                      },
                      "mark": "DNS",
                      "nationality": "MEX",
                      "place": "",
                      "points": null,
                      "qualified": null,
                      "records": "",
                      "wind": null,
                      "remark": null,
                      "details": null,
                      "__typename": "CalendarResultsRaceResult"
                    }
                  ],
                  "startList": null,
                  "wind": null,
                  "__typename": "CalendarResultsRace"
                }
              ],
              "__typename": "CalendarResultsEvent"
            }
          ],
          "__typename": "CalendarResultsEventTitle"
        }
      ],
      "options": {
        "days": [
          {
            "date": "15 AUG 2008",
            "day": 1,
            "__typename": "CalendarResultsOptionsDay"
          },
          {
            "date": "16 AUG 2008",
            "day": 2,
            "__typename": "CalendarResultsOptionsDay"
          },
          {
            "date": "17 AUG 2008",
            "day": 3,
            "__typename": "CalendarResultsOptionsDay"
          },
          {
            "date": "18 AUG 2008",
            "day": 4,
            "__typename": "CalendarResultsOptionsDay"
          },
          {
            "date": "19 AUG 2008",
            "day": 5,
            "__typename": "CalendarResultsOptionsDay"
          },
          {
            "date": "20 AUG 2008",
            "day": 6,
            "__typename": "CalendarResultsOptionsDay"
          },
          {
            "date": "21 AUG 2008",
            "day": 7,
            "__typename": "CalendarResultsOptionsDay"
          },
          {
            "date": "22 AUG 2008",
            "day": 8,
            "__typename": "CalendarResultsOptionsDay"
          },
          {
            "date": "23 AUG 2008",
            "day": 9,
            "__typename": "CalendarResultsOptionsDay"
          },
          {
            "date": "24 AUG 2008",
            "day": 10,
            "__typename": "CalendarResultsOptionsDay"
          }
        ],
        "events": [
          {
            "gender": "W",
            "id": 10229509,
            "name": "Women's 100 Metres",
            "combined": null,
            "__typename": "CalendarResultsOptionEvent"
          },
          {
            "gender": "W",
            "id": 10229510,
            "name": "Women's 200 Metres",
            "combined": null,
            "__typename": "CalendarResultsOptionEvent"
          },
          {
            "gender": "W",
            "id": 10229511,
            "name": "Women's 400 Metres",
            "combined": null,
            "__typename": "CalendarResultsOptionEvent"
          },
          {
            "gender": "W",
            "id": 10229512,
            "name": "Women's 800 Metres",
            "combined": null,
            "__typename": "CalendarResultsOptionEvent"
          },
          {
            "gender": "W",
            "id": 10229513,
            "name": "Women's 1500 Metres",
            "combined": null,
            "__typename": "CalendarResultsOptionEvent"
          },
          {
            "gender": "W",
            "id": 10229514,
            "name": "Women's 5000 Metres",
            "combined": null,
            "__typename": "CalendarResultsOptionEvent"
          },
          {
            "gender": "W",
            "id": 10229521,
            "name": "Women's 10,000 Metres",
            "combined": null,
            "__typename": "CalendarResultsOptionEvent"
          },
          {
            "gender": "W",
            "id": 10229522,
            "name": "Women's 100 Metres Hurdles",
            "combined": null,
            "__typename": "CalendarResultsOptionEvent"
          },
          {
            "gender": "W",
            "id": 10229523,
            "name": "Women's 400 Metres Hurdles",
            "combined": null,
            "__typename": "CalendarResultsOptionEvent"
          },
          {
            "gender": "W",
            "id": 10229524,
            "name": "Women's 3000 Metres Steeplechase",
            "combined": null,
            "__typename": "CalendarResultsOptionEvent"
          },
          {
            "gender": "W",
            "id": 10229526,
            "name": "Women's High Jump",
            "combined": null,
            "__typename": "CalendarResultsOptionEvent"
          },
          {
            "gender": "W",
            "id": 10229527,
            "name": "Women's Pole Vault",
            "combined": null,
            "__typename": "CalendarResultsOptionEvent"
          },
          {
            "gender": "W",
            "id": 10229528,
            "name": "Women's Long Jump",
            "combined": null,
            "__typename": "CalendarResultsOptionEvent"
          },
          {
            "gender": "W",
            "id": 10229529,
            "name": "Women's Triple Jump",
            "combined": null,
            "__typename": "CalendarResultsOptionEvent"
          },
          {
            "gender": "W",
            "id": 10229530,
            "name": "Women's Shot Put",
            "combined": null,
            "__typename": "CalendarResultsOptionEvent"
          },
          {
            "gender": "W",
            "id": 10229531,
            "name": "Women's Discus Throw",
            "combined": null,
            "__typename": "CalendarResultsOptionEvent"
          },
          {
            "gender": "W",
            "id": 10229532,
            "name": "Women's Hammer Throw",
            "combined": null,
            "__typename": "CalendarResultsOptionEvent"
          },
          {
            "gender": "W",
            "id": 10229533,
            "name": "Women's Javelin Throw",
            "combined": null,
            "__typename": "CalendarResultsOptionEvent"
          },
          {
            "gender": "W",
            "id": 10229534,
            "name": "Women's Marathon",
            "combined": null,
            "__typename": "CalendarResultsOptionEvent"
          },
          {
            "gender": "W",
            "id": 10229535,
            "name": "Women's 20 Kilometres Race Walk",
            "combined": null,
            "__typename": "CalendarResultsOptionEvent"
          },
          {
            "gender": "W",
            "id": 10229536,
            "name": "Women's Heptathlon",
            "combined": true,
            "__typename": "CalendarResultsOptionEvent"
          },
          {
            "gender": "W",
            "id": 204594,
            "name": "Women's 4x100 Metres Relay",
            "combined": null,
            "__typename": "CalendarResultsOptionEvent"
          },
          {
            "gender": "W",
            "id": 204596,
            "name": "Women's 4x400 Metres Relay",
            "combined": null,
            "__typename": "CalendarResultsOptionEvent"
          },
          {
            "gender": "M",
            "id": 10229630,
            "name": "Men's 100 Metres",
            "combined": null,
            "__typename": "CalendarResultsOptionEvent"
          },
          {
            "gender": "M",
            "id": 10229605,
            "name": "Men's 200 Metres",
            "combined": null,
            "__typename": "CalendarResultsOptionEvent"
          },
          {
            "gender": "M",
            "id": 10229631,
            "name": "Men's 400 Metres",
            "combined": null,
            "__typename": "CalendarResultsOptionEvent"
          },
          {
            "gender": "M",
            "id": 10229501,
            "name": "Men's 800 Metres",
            "combined": null,
            "__typename": "CalendarResultsOptionEvent"
          },
          {
            "gender": "M",
            "id": 10229502,
            "name": "Men's 1500 Metres",
            "combined": null,
            "__typename": "CalendarResultsOptionEvent"
          },
          {
            "gender": "M",
            "id": 10229609,
            "name": "Men's 5000 Metres",
            "combined": null,
            "__typename": "CalendarResultsOptionEvent"
          },
          {
            "gender": "M",
            "id": 10229610,
            "name": "Men's 10,000 Metres",
            "combined": null,
            "__typename": "CalendarResultsOptionEvent"
          },
          {
            "gender": "M",
            "id": 10229611,
            "name": "Men's 110 Metres Hurdles",
            "combined": null,
            "__typename": "CalendarResultsOptionEvent"
          },
          {
            "gender": "M",
            "id": 10229612,
            "name": "Men's 400 Metres Hurdles",
            "combined": null,
            "__typename": "CalendarResultsOptionEvent"
          },
          {
            "gender": "M",
            "id": 10229614,
            "name": "Men's 3000 Metres Steeplechase",
            "combined": null,
            "__typename": "CalendarResultsOptionEvent"
          },
          {
            "gender": "M",
            "id": 10229615,
            "name": "Men's High Jump",
            "combined": null,
            "__typename": "CalendarResultsOptionEvent"
          },
          {
            "gender": "M",
            "id": 10229616,
            "name": "Men's Pole Vault",
            "combined": null,
            "__typename": "CalendarResultsOptionEvent"
          },
          {
            "gender": "M",
            "id": 10229617,
            "name": "Men's Long Jump",
            "combined": null,
            "__typename": "CalendarResultsOptionEvent"
          },
          {
            "gender": "M",
            "id": 10229618,
            "name": "Men's Triple Jump",
            "combined": null,
            "__typename": "CalendarResultsOptionEvent"
          },
          {
            "gender": "M",
            "id": 10229619,
            "name": "Men's Shot Put",
            "combined": null,
            "__typename": "CalendarResultsOptionEvent"
          },
          {
            "gender": "M",
            "id": 10229620,
            "name": "Men's Discus Throw",
            "combined": null,
            "__typename": "CalendarResultsOptionEvent"
          },
          {
            "gender": "M",
            "id": 10229621,
            "name": "Men's Hammer Throw",
            "combined": null,
            "__typename": "CalendarResultsOptionEvent"
          },
          {
            "gender": "M",
            "id": 10229636,
            "name": "Men's Javelin Throw",
            "combined": null,
            "__typename": "CalendarResultsOptionEvent"
          },
          {
            "gender": "M",
            "id": 10229634,
            "name": "Men's Marathon",
            "combined": null,
            "__typename": "CalendarResultsOptionEvent"
          },
          {
            "gender": "M",
            "id": 10229508,
            "name": "Men's 20 Kilometres Race Walk",
            "combined": null,
            "__typename": "CalendarResultsOptionEvent"
          },
          {
            "gender": "M",
            "id": 10229628,
            "name": "Men's 50 Kilometres Race Walk",
            "combined": null,
            "__typename": "CalendarResultsOptionEvent"
          },
          {
            "gender": "M",
            "id": 10229629,
            "name": "Men's Decathlon",
            "combined": true,
            "__typename": "CalendarResultsOptionEvent"
          },
          {
            "gender": "M",
            "id": 204593,
            "name": "Men's 4x100 Metres Relay",
            "combined": null,
            "__typename": "CalendarResultsOptionEvent"
          },
          {
            "gender": "M",
            "id": 204595,
            "name": "Men's 4x400 Metres Relay",
            "combined": null,
            "__typename": "CalendarResultsOptionEvent"
          }
        ],
        "__typename": "CalendarResultsOptions"
      },
      "parameters": {
        "competitionId": 6977748,
        "day": null,
        "eventId": 10229609,
        "__typename": "CalendarResultsParameters"
      },
      "__typename": "CalendarCompetitionResults"
    }
  }
}