{
  "data": {
    "getCalendarCompetitionResults": {
      "competition": {
        "dateRange": "15\u201324 AUG 2008",
        "endDate": "2008-08-24",
        "name": "The XXIX Olympic Games",
        "rankingCategory": "OW",
        "startDate": "2008-08-15",
        "venue": "National Stadium, Beijing (CHN)",
        "__typename": "CalendarResultsCompetition"
      },
      "eventTitles": [
        {
          "rankingCategory": "OW",
          "eventTitle": null,
          "events": [
            {
              "event": "Women's 10,000 Metres",
              "eventId": 10229521,
              "gender": "W",
              "isRelay": false,
              "perResultWind": false,
              "withWind": false,
              "summary": null,
              "races": [
                {
                  "date": "2008-08-15",
                  "day": 1,
                  "race": "Final",
                  "raceId": 10,
                  "raceNumber": 0,
                  "results": [
                    {
                      "competitor": {
                        "teamMembers": null,
                        "id": "1oseascxzo79t613dqk3mp",
                        "name": "Tirunesh DIBABA",
                        "iaafId": 181712,
                        "urlSlug": "ethiopia/tirunesh-dibaba-014259871",
                        "birthDate": "01 OCT 1985",
                        "hasProfile": true,
                        "__typename": "CalendarResultsCompetitor"
                      },
                      "mark": "29:54.66",
                      "nationality": "ETH",
                      "place": "1.",
                      "points": null,
                      "qualified": null,
                      "records": "",
                      "wind": null,
                      "remark": null,
                      "details": null,
                      "__typename": "CalendarResultsRaceResult"
                    },
                    {
                      "competitor": {
                        "teamMembers": null,
                        "id": "att1e8l40gvarr01ukgxc",
                        "name": "Shalane FLANAGAN",
                        "iaafId": 174853,
                        "urlSlug": "united-states/shalane-flanagan-014310164",
                        "birthDate": "08 JUL 1981",
                        "hasProfile": true,
                        "__typename": "CalendarResultsCompetitor"
                      },
                      "mark": "30:22.22",
                      "nationality": "USA",
                      "place": "2.",
                      "points": null,
                      "qualified": null,
                      "records": "",
                      "wind": null,
                      "remark": null,
                      "details": null,
                      "__typename": "CalendarResultsRaceResult"
                    },
                    {
                      "competitor": {
                        "teamMembers": null,
                        "id": "f6x3g2cg2qd0rviotlp37w",
                        "name": "Linet Chepkwemoi MASAI",
                        "iaafId": 232727,
                        "urlSlug": "kenya/linet-chepkwemoi-masai-014289264",
                        "birthDate": "05 DEC 1989",
                        "hasProfile": true,
                        "__typename": "CalendarResultsCompetitor"
                      },
                      "mark": "30:26.50",
                      "nationality": "KEN",
                      "place": "3.",
                      "points": null,
                      "qualified": null,
                      "records": "WJR, AJR",
                      "wind": null,
                      "remark": null,
                      "details": null,
                      "__typename": "CalendarResultsRaceResult"
                    },
                    {
                      "competitor": {
                        "teamMembers": null,
                        "id": "jsy343jd2jbbf352erzl6",
                        "name": "Mariya KONOVALOVA",
                        "iaafId": 75110,
                        "urlSlug": "russia/mariya-konovalova-014298199",
                        "birthDate": "14 AUG 1974",
                        "hasProfile": true,
                        "__typename": "CalendarResultsCompetitor"
                      },
                      "mark": "30:35.84",
                      "nationality": "RUS",
                      "place": "4.",
                      "points": null,
                      "qualified": null,
                      "records": "",
                      "wind": null,
                      "remark": null,
                      "details": null,
                      "__typename": "CalendarResultsRaceResult"
                    },
                    {
                      "competitor": {
                        "teamMembers": null,
                        "id": "7rgdvcsqqejz3nlg1o0mj",
                        "name": "Lucy Kabuu WANGUI",
                        "iaafId": 186225,
                        "urlSlug": "kenya/lucy-kabuu-wangui-014289505",
                        "birthDate": "24 MAR 1984",
                        "hasProfile": true,
                        "__typename": "CalendarResultsCompetitor"
                      },
                      "mark": "30:39.96",
                      "nationality": "KEN",
                      "place": "5.",
                      "points": null,
                      "qualified": null,
                      "records": "",
                      "wind": null,
                      "remark": null,
                      "details": null,
                      "__typename": "CalendarResultsRaceResult"
                    },
                    {
                      "competitor": {
                        "teamMembers": null,
                        "id": "lq8q3aqjpqt9b3l9f98tp",
                        "name": "Lornah KIPLAGAT",
                        "iaafId": 115229,
                        "urlSlug": "netherlands/lornah-kiplagat-014291787",
                        "birthDate": "01 MAY 1974",
                        "hasProfile": true,
                        "__typename": "CalendarResultsCompetitor"
                      },
                      "mark": "30:40.27",
                      "nationality": "NED",
                      "place": "6.",
                      "points": null,
                      "qualified": null,
                      "records": "",
                      "wind": null,
                      "remark": null,
                      "details": null,
                      "__typename": "CalendarResultsRaceResult"
                    },
                    {
                      "competitor": {
                        "teamMembers": null,
                        "id": "nzcqyposi7nci70otswnir",
                        "name": "Kimberley SMITH",
                        "iaafId": 188197,
                        "urlSlug": "new-zealand/kimberley-smith-014293171",
                        "birthDate": "19 NOV 1981",
                        "hasProfile": true,
                        "__typename": "CalendarResultsCompetitor"
                      },
                      "mark": "30:51.00",
                      "nationality": "NZL",
                      "place": "7.",
                      "points": null,
                      "qualified": null,
                      "records": "",
                      "wind": null,
                      "remark": null,
                      "details": null,
                      "__typename": "CalendarResultsRaceResult"
                    },
                    {
                      "competitor": {
                        "teamMembers": null,
                        "id": "b9divjde31u000ifeg1jxapk",
                        "name": "Kara GOUCHER",
                        "iaafId": 175599,
                        "urlSlug": "united-states/kara-goucher-014311212",
                        "birthDate": "09 JUL 1978",
                        "hasProfile": true,
                        "__typename": "CalendarResultsCompetitor"
                      },
                      "mark": "30:55.16",
                      "nationality": "USA",
                      "place": "8.",
                      "points": null,
                      "qualified": null,
                      "records": "",
                      "wind": null,
                      "remark": null,
                      "details": null,
                      "__typename": "CalendarResultsRaceResult"
                    },
                    {
                      "competitor": {
                        "teamMembers": null,
                        "id": "peccwej93xjbl4fatwzx9",
                        "name": "Kayoko FUKUSHI",
                        "iaafId": 179923,
                        "urlSlug": "japan/kayoko-fukushi-014286215",
                        "birthDate": "25 MAR 1982",
                        "hasProfile": true,
                        "__typename": "CalendarResultsCompetitor"
                      },
                      "mark": "31:01.14",
                      "nationality": "JPN",
                      "place": "9.",
                      "points": null,
                      "qualified": null,
                      "records": "",
                      "wind": null,
                      "remark": null,
                      "details": null,
                      "__typename": "CalendarResultsRaceResult"
                    },
                    {
                      "competitor": {
                        "teamMembers": null,
                        "id": "rdxulsckawatmg9iiqpji",
                        "name": "Joanne PAVEY",
                        "iaafId": 130396,
                        "urlSlug": "great-britain-ni/joanne-pavey-014276037",
                        "birthDate": "20 SEP 1973",
                        "hasProfile": true,
                        "__typename": "CalendarResultsCompetitor"
                      },
                      "mark": "31:12.30",
                      "nationality": "GBR",
                      "place": "10.",
                      "points": null,
                      "qualified": null,
                      "records": "",
                      "wind": null,
                      "remark": null,
                      "details": null,
                      "__typename": "CalendarResultsRaceResult"
                    },
                    {
                      "competitor": {
                        "teamMembers": null,
                        "id": "eo2ylucs4pez9meoykcnri",
                        "name": "Sabrina MOCKENHAUPT",
                        "iaafId": 132603,
                        "urlSlug": "germany/sabrina-mockenhaupt-gregor-014278922",
                        "birthDate": "06 DEC 1980",
                        "hasProfile": true,
                        "__typename": "CalendarResultsCompetitor"
                      },
                      "mark": "31:14.21",
                      "nationality": "GER",
                      "place": "11.",
                      "points": null,
                      "qualified": null,
                      "records": "",
                      "wind": null,
                      "remark": null,
                      "details": null,
                      "__typename": "CalendarResultsRaceResult"
                    },
                    {
                      "competitor": {
                        "teamMembers": null,
                        "id": "zqo4g3hm30il74fsk6e4s9",
                        "name": "Ejegayehu DIBABA",
                        "iaafId": 183201,
                        "urlSlug": "ethiopia/ejegayehu-dibaba-014259873",
                        "birthDate": "21 MAR 1982",
                        "hasProfile": true,
                        "__typename": "CalendarResultsCompetitor"
                      },
                      "mark": "31:22.18",
                      "nationality": "ETH",
                      "place": "12.",
                      "points": null,
                      "qualified": null,
                      "records": "",
                      "wind": null,
                      "remark": null,
                      "details": null,
                      "__typename": "CalendarResultsRaceResult"
                    },
                    {
                      "competitor": {
                        "teamMembers": null,
                        "id": "6xh1xl5dywwldhg0jerd5g",
                        "name": "Hilde KIBET",
                        "iaafId": 19022,
                        "urlSlug": "netherlands/hilde-kibet-014289096",
                        "birthDate": "27 MAR 1981",
                        "hasProfile": true,
                        "__typename": "CalendarResultsCompetitor"
                      },
                      "mark": "31:29.69",
                      "nationality": "KEN",
                      "place": "13.",
                      "points": null,
                      "qualified": null,
                      "records": "",
                      "wind": null,
                      "remark": null,
                      "details": null,
                      "__typename": "CalendarResultsRaceResult"
                    },
                    {
                      "competitor": {
                        "teamMembers": null,
                        "id": "6ni1e5q5q3relpd0f67vbb",
                        "name": "Yingying ZHANG",
                        "iaafId": 234085,
                        "urlSlug": "pr-of-china/yingying-zhang-014264358",
                        "birthDate": "04 JAN 1990",
                        "hasProfile": true,
                        "__typename": "CalendarResultsCompetitor"
                      },
                      "mark": "31:31.12",
                      "nationality": "CHN",
                      "place": "14.",
                      "points": null,
                      "qualified": null,
                      "records": "",
                      "wind": null,
                      "remark": null,
                      "details": null,
                      "__typename": "CalendarResultsRaceResult"
                    },
                    {
                      "competitor": {
                        "teamMembers": null,
                        "id": "ero96ssse7dk7i4pp3usoo",
                        "name": "Yoko SHIBUI",
                        "iaafId": 132630,
                        "urlSlug": "japan/yoko-shibui-014287821",
                        "birthDate": "14 MAR 1979",
                        "hasProfile": true,
                        "__typename": "CalendarResultsCompetitor"
                      },
                      "mark": "31:31.13",
                      "nationality": "JPN",
                      "place": "15.",
                      "points": null,
                      "qualified": null,
                      "records": "",
                      "wind": null,
                      "remark": null,
                      "details": null,
                      "__typename": "CalendarResultsRaceResult"
                    },
                    {
                      "competitor": {
                        "teamMembers": null,
                        "id": "f1t4hkw6lpudr95uc568ja",
                        "name": "Peninah ARUSEI",
                        "iaafId": 206071,
                        "urlSlug": "kenya/peninah-arusei-014288767",
                        "birthDate": "23 FEB 1979",
                        "hasProfile": true,
                        "__typename": "CalendarResultsCompetitor"
                      },
                      "mark": "31:39.87",
                      "nationality": "KEN",
                      "place": "16.",
                      "points": null,
                      "qualified": null,
                      "records": "",
                      "wind": null,
                      "remark": null,
                      "details": null,
                      "__typename": "CalendarResultsRaceResult"
                    },
                    {
                      "competitor": {
                        "teamMembers": null,
                        "id": "ceeqg4uj8cssp2jnsl5wac",
                        "name": "Tatyana ARYASOVA",
                        "iaafId": 115734,
                        "urlSlug": "russia/tatyana-aryasova-014298087",
                        "birthDate": "02 APR 1979",
                        "hasProfile": true,
                        "__typename": "CalendarResultsCompetitor"
                      },
                      "mark": "31:45.57",
                      "nationality": "RUS",
                      "place": "17.",
                      "points": null,
                      "qualified": null,
                      "records": "",
                      "wind": null,
                      "remark": null,
                      "details": null,
                      "__typename": "CalendarResultsRaceResult"
                    },
                    {
                      "competitor": {
                        "teamMembers": null,
                        "id": "7dkhpr0z72e1x73xu6xkfz",
                        "name": "Yukiko AKABA",
                        "iaafId": 170217,
                        "urlSlug": "japan/yukiko-akaba-014286054",
                        "birthDate": "18 OCT 1979",
                        "hasProfile": true,
                        "__typename": "CalendarResultsCompetitor"
                      },
                      "mark": "32:00.37",
                      "nationality": "JPN",
                      "place": "18.",
                      "points": null,
                      "qualified": null,
                      "records": "",
                      "wind": null,
                      "remark": null,
                      "details": null,
                      "__typename": "CalendarResultsRaceResult"
                    },
                    {
                      "competitor": {
                        "teamMembers": null,
                        "id": "64m137eupubu9cyjbngd9",
                        "name": "Xue BAI",
                        "iaafId": 198465,
                        "urlSlug": "pr-of-china/xue-bai-014266777",
                        "birthDate": "13 DEC 1988",
                        "hasProfile": true,
                        "__typename": "CalendarResultsCompetitor"
                      },
                      "mark": "32:20.27",
                      "nationality": "CHN",
                      "place": "19.",
                      "points": null,
                      "qualified": null,
                      "records": "",
                      "wind": null,
                      "remark": null,
                      "details": null,
                      "__typename": "CalendarResultsRaceResult"
                    },
                    {
                      "competitor": {
                        "teamMembers": null,
                        "id": "e3odlsw1vvbcgmkr6y6w2s",
                        "name": "Anik\u00f3 K\u00c1LOVICS",
                        "iaafId": 115090,
                        "urlSlug": "hungary/aniko-kalovics-014281775",
                        "birthDate": "13 MAY 1977",
                        "hasProfile": true,
                        "__typename": "CalendarResultsCompetitor"
                      },
                      "mark": "32:24.83",
                      "nationality": "HUN",
                      "place": "20.",
                      "points": null,
                      "qualified": null,
                      "records": "",
                      "wind": null,
                      "remark": null,
                      "details": null,
                      "__typename": "CalendarResultsRaceResult"
                    },
                    {
                      "competitor": {
                        "teamMembers": null,
                        "id": "2sby3ep5qba34rli8u6gta",
                        "name": "Kate REED",
                        "iaafId": 174712,
                        "urlSlug": "great-britain-ni/kate-reed-014276153",
                        "birthDate": "28 SEP 1982",
                        "hasProfile": true,
                        "__typename": "CalendarResultsCompetitor"
                      },
                      "mark": "32:26.69",
                      "nationality": "GBR",
                      "place": "21.",
                      "points": null,
                      "qualified": null,
                      "records": "",
                      "wind": null,
                      "remark": null,
                      "details": null,
                      "__typename": "CalendarResultsRaceResult"
                    },
                    {
                      "competitor": {
                        "teamMembers": null,
                        "id": "m1c7rl2eurivid8mcwlhs9",
                        "name": "Nathalie DE VOS",
                        "iaafId": 186891,
                        "urlSlug": "belgium/nathalie-de-vos-014270418",
                        "birthDate": "09 DEC 1982",
                        "hasProfile": true,
                        "__typename": "CalendarResultsCompetitor"
                      },
                      "mark": "32:33.45",
                      "nationality": "BEL",
                      "place": "22.",
                      "points": null,
                      "qualified": null,
                      "records": "",
                      "wind": null,
                      "remark": null,
                      "details": null,
                      "__typename": "CalendarResultsRaceResult"
                    },
                    {
                      "competitor": {
                        "teamMembers": null,
                        "id": "7xfb2fy2rexpnih7m9b1q",
                        "name": "Preeja SREEDHARAN",
                        "iaafId": 175137,
                        "urlSlug": "india/preeja-sreedharan-014283083",
                        "birthDate": "13 MAR 1982",
                        "hasProfile": true,
                        "__typename": "CalendarResultsCompetitor"
                      },
                      "mark": "32:34.64",
                      "nationality": "IND",
                      "place": "23.",
                      "points": null,
                      "qualified": null,
                      "records": "",
                      "wind": null,
                      "remark": null,
                      "details": null,
                      "__typename": "CalendarResultsRaceResult"
                    },
                    {
                      "competitor": {
                        "teamMembers": null,
                        "id": "77qc7dn9j42hjuml7xq4ur",
                        "name": "Amy YODER BEGLEY",
                        "iaafId": 137322,
                        "urlSlug": "united-states/amy-yoder-begley-014324822",
                        "birthDate": "11 JAN 1978",
                        "hasProfile": true,
                        "__typename": "CalendarResultsCompetitor"
                      },
                      "mark": "32:38.28",
                      "nationality": "USA",
                      "place": "24.",
                      "points": null,
                      "qualified": null,
                      "records": "",
                      "wind": null,
                      "remark": null,
                      "details": null,
                      "__typename": "CalendarResultsRaceResult"
                    },
                    {
                      "competitor": {
                        "teamMembers": null,
                        "id": "iwya4h2vg5hojhsw89cs6",
                        "name": "Dulce Mar\u00eda RODR\u00cdGUEZ",
                        "iaafId": 175145,
                        "urlSlug": "mexico/dulce-maria-rodriguez-014291229",
                        "birthDate": "14 AUG 1972",
                        "hasProfile": true,
                        "__typename": "CalendarResultsCompetitor"
                      },
                      "mark": "32:58.04",
                      "nationality": "MEX",
                      "place": "25.",
                      "points": null,
                      "qualified": null,
                      "records": "",
                      "wind": null,
                      "remark": null,
                      "details": null,
                      "__typename": "CalendarResultsRaceResult"
                    },
                    {
                      "competitor": {
                        "teamMembers": null,
                        "id": "63xk30lnard15b4ajyh7wh",
                        "name": "Xiaoqin DONG",
                        "iaafId": 199629,
                        "urlSlug": "pr-of-china/xiaoqin-dong-014266536",
                        "birthDate": "02 JAN 1983",
                        "hasProfile": true,
                        "__typename": "CalendarResultsCompetitor"
                      },
                      "mark": "33:03.14",
                      "nationality": "CHN",
                      "place": "26.",
                      "points": null,
                      "qualified": null,
                      "records": "",
                      "wind": null,
                      "remark": null,
                      "details": null,
                      "__typename": "CalendarResultsRaceResult"
                    },
                    {
                      "competitor": {
                        "teamMembers": null,
                        "id": "ddojzhe27er83pk8hswo8",
                        "name": "Isabel CHECA",
                        "iaafId": 210422,
                        "urlSlug": "spain/isabel-checa-014261821",
                        "birthDate": "27 DEC 1982",
                        "hasProfile": true,
                        "__typename": "CalendarResultsCompetitor"
                      },
                      "mark": "33:17.88",
                      "nationality": "ESP",
                      "place": "27.",
                      "points": null,
                      "qualified": null,
                      "records": "",
                      "wind": null,
                      "remark": null,
                      "details": null,
                      "__typename": "CalendarResultsRaceResult"
                    },
                    {
                      "competitor": {
                        "teamMembers": null,
                        "id": "6qdy8rbodgydo2l6qwgmdn",
                        "name": "Asmae LEGHZAOUI",
                        "iaafId": 132957,
                        "urlSlug": "morocco/asmae-leghzaoui-014290714",
                        "birthDate": "30 AUG 1976",
                        "hasProfile": true,
                        "__typename": "CalendarResultsCompetitor"
                      },
                      "mark": "DNF",
                      "nationality": "MAR",
                      "place": "",
                      "points": null,
                      "qualified": null,
                      "records": "",
                      "wind": null,
                      "remark": null,
                      "details": null,
                      "__typename": "CalendarResultsRaceResult"
                    },
                    {
                      "competitor": {
                        "teamMembers": null,
                        "id": "18nxqqif061x9mib1ygrkn",
                        "name": "Mestawat TUFA",
                        "iaafId": 180235,
                        "urlSlug": "ethiopia/mestawat-tufa-14259712",
                        "birthDate": "14 SEP 1983",
                        "hasProfile": true,
                        "__typename": "CalendarResultsCompetitor"
                      },
                      "mark": "DNF",
                      "nationality": "ETH",
                      "place": "",
                      "points": null,
                      "qualified": null,
                      "records": "",
                      "wind": null,
                      "remark": null,
                      "details": null,
                      "__typename": "CalendarResultsRaceResult"
                    },
                    {
                      "competitor": {
                        "teamMembers": null,
                        "id": "24w8l196rzriw22jel2b5m",
                        "name": "Nataliya BERKUT",
                        "iaafId": 169758,
                        "urlSlug": "ukraine/nataliya-berkut-014303449",
                        "birthDate": "30 MAY 1975",
                        "hasProfile": true,
                        "__typename": "CalendarResultsCompetitor"
                      },
                      "mark": "DNS",
                      "nationality": "UKR",
                      "place": "",
                      "points": null,
                      "qualified": null,
                      "records": "",
                      "wind": null,
                      "remark": null,
                      "details": null,
                      "__typename": "CalendarResultsRaceResult"
                    },
                    {
                      "competitor": {
                        "teamMembers": null,
                        "id": "0nveeljemcpir0qwce9rlrg",
                        "name": "Elvan ABEYLEGESSE",
                        "iaafId": 171056,
                        "urlSlug": "turkey/elvan-abeylegesse-014303189",
                        "birthDate": "11 SEP 1982",
                        "hasProfile": true,
                        "__typename": "CalendarResultsCompetitor"
                      },
                      "mark": "DQ",
                      "nationality": "TUR",
                      "place": " - ",
                      "points": null,
                      "qualified": null,
                      "records": "",
                      "wind": null,
                      "remark": null,
                      "details": null,
                      "__typename": "CalendarResultsRaceResult"
                    },
                    {
                      "competitor": {
                        "teamMembers": null,
                        "id": "1k8odd4slywkhx9ik62b3",
                        "name": "Inga ABITOVA",
                        "iaafId": 171321,
                        "urlSlug": "russia/inga-abitova-014297186",
                        "birthDate": "06 MAR 1982",
                        "hasProfile": true,
                        "__typename": "CalendarResultsCompetitor"
                      },
                      "mark": "DQ",
                      "nationality": "RUS",
                      "place": " - ",
                      "points": null,
                      "qualified": null,
                      "records": "",
                      "wind": null,
                      "remark": null,
                      "details": null,
                      "__typename": "CalendarResultsRaceResult"
                    }
                  ],
                  "startList": null,
                  "wind": null,
                  "__typename": "CalendarResultsRace"
                }
              ],
              "__typename": "CalendarResultsEvent"
            }
          ],
          "__typename": "CalendarResultsEventTitle"
        }
      ],
      "options": {
        "days": [
          {
            "date": "15 AUG 2008",
            "day": 1,
            "__typename": "CalendarResultsOptionsDay"
          },
          {
            "date": "16 AUG 2008",
            "day": 2,
            "__typename": "CalendarResultsOptionsDay"
          },
          {
            "date": "17 AUG 2008",
            "day": 3,
            "__typename": "CalendarResultsOptionsDay"
          },
          {
            "date": "18 AUG 2008",
            "day": 4,
            "__typename": "CalendarResultsOptionsDay"
          },
          {
            "date": "19 AUG 2008",
            "day": 5,
            "__typename": "CalendarResultsOptionsDay"
          },
          {
            "date": "20 AUG 2008",
            "day": 6,
            "__typename": "CalendarResultsOptionsDay"
          },
          {
            "date": "21 AUG 2008",
            "day": 7,
            "__typename": "CalendarResultsOptionsDay"
          },
          {
            "date": "22 AUG 2008",
            "day": 8,
            "__typename": "CalendarResultsOptionsDay"
          },
          {
            "date": "23 AUG 2008",
            "day": 9,
            "__typename": "CalendarResultsOptionsDay"
          },
          {
            "date": "24 AUG 2008",
            "day": 10,
            "__typename": "CalendarResultsOptionsDay"
          }
        ],
        "events": [
          {
            "gender": "W",
            "id": 10229509,
            "name": "Women's 100 Metres",
            "combined": null,
            "__typename": "CalendarResultsOptionEvent"
          },
          {
            "gender": "W",
            "id": 10229510,
            "name": "Women's 200 Metres",
            "combined": null,
            "__typename": "CalendarResultsOptionEvent"
          },
          {
            "gender": "W",
            "id": 10229511,
            "name": "Women's 400 Metres",
            "combined": null,
            "__typename": "CalendarResultsOptionEvent"
          },
          {
            "gender": "W",
            "id": 10229512,
            "name": "Women's 800 Metres",
            "combined": null,
            "__typename": "CalendarResultsOptionEvent"
          },
          {
            "gender": "W",
            "id": 10229513,
            "name": "Women's 1500 Metres",
            "combined": null,
            "__typename": "CalendarResultsOptionEvent"
          },
          {
            "gender": "W",
            "id": 10229514,
            "name": "Women's 5000 Metres",
            "combined": null,
            "__typename": "CalendarResultsOptionEvent"
          },
          {
            "gender": "W",
            "id": 10229521,
            "name": "Women's 10,000 Metres",
            "combined": null,
            "__typename": "CalendarResultsOptionEvent"
          },
          {
            "gender": "W",
            "id": 10229522,
            "name": "Women's 100 Metres Hurdles",
            "combined": null,
            "__typename": "CalendarResultsOptionEvent"
          },
          {
            "gender": "W",
            "id": 10229523,
            "name": "Women's 400 Metres Hurdles",
            "combined": null,
            "__typename": "CalendarResultsOptionEvent"
          },
          {
            "gender": "W",
            "id": 10229524,
            "name": "Women's 3000 Metres Steeplechase",
            "combined": null,
            "__typename": "CalendarResultsOptionEvent"
          },
          {
            "gender": "W",
            "id": 10229526,
            "name": "Women's High Jump",
            "combined": null,
            "__typename": "CalendarResultsOptionEvent"
          },
          {
            "gender": "W",
            "id": 10229527,
            "name": "Women's Pole Vault",
            "combined": null,
            "__typename": "CalendarResultsOptionEvent"
          },
          {
            "gender": "W",
            "id": 10229528,
            "name": "Women's Long Jump",
            "combined": null,
            "__typename": "CalendarResultsOptionEvent"
          },
          {
            "gender": "W",
            "id": 10229529,
            "name": "Women's Triple Jump",
            "combined": null,
            "__typename": "CalendarResultsOptionEvent"
          },
          {
            "gender": "W",
            "id": 10229530,
            "name": "Women's Shot Put",
            "combined": null,
            "__typename": "CalendarResultsOptionEvent"
          },
          {
            "gender": "W",
            "id": 10229531,
            "name": "Women's Discus Throw",
            "combined": null,
            "__typename": "CalendarResultsOptionEvent"
          },
          {
            "gender": "W",
            "id": 10229532,
            "name": "Women's Hammer Throw",
            "combined": null,
            "__typename": "CalendarResultsOptionEvent"
          },
          {
            "gender": "W",
            "id": 10229533,
            "name": "Women's Javelin Throw",
            "combined": null,
            "__typename": "CalendarResultsOptionEvent"
          },
          {
            "gender": "W",
            "id": 10229534,
            "name": "Women's Marathon",
            "combined": null,
            "__typename": "CalendarResultsOptionEvent"
          },
          {
            "gender": "W",
            "id": 10229535,
            "name": "Women's 20 Kilometres Race Walk",
            "combined": null,
            "__typename": "CalendarResultsOptionEvent"
          },
          {
            "gender": "W",
            "id": 10229536,
            "name": "Women's Heptathlon",
            "combined": true,
            "__typename": "CalendarResultsOptionEvent"
          },
          {
            "gender": "W",
            "id": 204594,
            "name": "Women's 4x100 Metres Relay",
            "combined": null,
            "__typename": "CalendarResultsOptionEvent"
          },
          {
            "gender": "W",
            "id": 204596,
            "name": "Women's 4x400 Metres Relay",
            "combined": null,
            "__typename": "CalendarResultsOptionEvent"
          },
          {
            "gender": "M",
            "id": 10229630,
            "name": "Men's 100 Metres",
            "combined": null,
            "__typename": "CalendarResultsOptionEvent"
          },
          {
            "gender": "M",
            "id": 10229605,
            "name": "Men's 200 Metres",
            "combined": null,
            "__typename": "CalendarResultsOptionEvent"
          },
          {
            "gender": "M",
            "id": 10229631,
            "name": "Men's 400 Metres",
            "combined": null,
            "__typename": "CalendarResultsOptionEvent"
          },
          {
            "gender": "M",
            "id": 10229501,
            "name": "Men's 800 Metres",
            "combined": null,
            "__typename": "CalendarResultsOptionEvent"
          },
          {
            "gender": "M",
            "id": 10229502,
            "name": "Men's 1500 Metres",
            "combined": null,
            "__typename": "CalendarResultsOptionEvent"
          },
          {
            "gender": "M",
            "id": 10229609,
            "name": "Men's 5000 Metres",
            "combined": null,
            "__typename": "CalendarResultsOptionEvent"
          },
          {
            "gender": "M",
            "id": 10229610,
            "name": "Men's 10,000 Metres",
            "combined": null,
            "__typename": "CalendarResultsOptionEvent"
          },
          {
            "gender": "M",
            "id": 10229611,
            "name": "Men's 110 Metres Hurdles",
            "combined": null,
            "__typename": "CalendarResultsOptionEvent"
          },
          {
            "gender": "M",
            "id": 10229612,
            "name": "Men's 400 Metres Hurdles",
            "combined": null,
            "__typename": "CalendarResultsOptionEvent"
          },
          {
            "gender": "M",
            "id": 10229614,
            "name": "Men's 3000 Metres Steeplechase",
            "combined": null,
            "__typename": "CalendarResultsOptionEvent"
          },
          {
            "gender": "M",
            "id": 10229615,
            "name": "Men's High Jump",
            "combined": null,
            "__typename": "CalendarResultsOptionEvent"
          },
          {
            "gender": "M",
            "id": 10229616,
            "name": "Men's Pole Vault",
            "combined": null,
            "__typename": "CalendarResultsOptionEvent"
          },
          {
            "gender": "M",
            "id": 10229617,
            "name": "Men's Long Jump",
            "combined": null,
            "__typename": "CalendarResultsOptionEvent"
          },
          {
            "gender": "M",
            "id": 10229618,
            "name": "Men's Triple Jump",
            "combined": null,
            "__typename": "CalendarResultsOptionEvent"
          },
          {
            "gender": "M",
            "id": 10229619,
            "name": "Men's Shot Put",
            "combined": null,
            "__typename": "CalendarResultsOptionEvent"
          },
          {
            "gender": "M",
            "id": 10229620,
            "name": "Men's Discus Throw",
            "combined": null,
            "__typename": "CalendarResultsOptionEvent"
          },
          {
            "gender": "M",
            "id": 10229621,
            "name": "Men's Hammer Throw",
            "combined": null,
            "__typename": "CalendarResultsOptionEvent"
          },
          {
            "gender": "M",
            "id": 10229636,
            "name": "Men's Javelin Throw",
            "combined": null,
            "__typename": "CalendarResultsOptionEvent"
          },
          {
            "gender": "M",
            "id": 10229634,
            "name": "Men's Marathon",
            "combined": null,
            "__typename": "CalendarResultsOptionEvent"
          },
          {
            "gender": "M",
            "id": 10229508,
            "name": "Men's 20 Kilometres Race Walk",
            "combined": null,
            "__typename": "CalendarResultsOptionEvent"
          },
          {
            "gender": "M",
            "id": 10229628,
            "name": "Men's 50 Kilometres Race Walk",
            "combined": null,
            "__typename": "CalendarResultsOptionEvent"
          },
          {
            "gender": "M",
            "id": 10229629,
            "name": "Men's Decathlon",
            "combined": true,
            "__typename": "CalendarResultsOptionEvent"
          },
          {
            "gender": "M",
            "id": 204593,
            "name": "Men's 4x100 Metres Relay",
            "combined": null,
            "__typename": "CalendarResultsOptionEvent"
          },
          {
            "gender": "M",
            "id": 204595,
            "name": "Men's 4x400 Metres Relay",
            "combined": null,
            "__typename": "CalendarResultsOptionEvent"
          }
        ],
        "__typename": "CalendarResultsOptions"
      },
      "parameters": {
        "competitionId": 6977748,
        "day": null,
        "eventId": 10229521,
        "__typename": "CalendarResultsParameters"
      },
      "__typename": "CalendarCompetitionResults"
    }
  }
}