event;athlete;athlete_country;og_country;og_city;year;month;day;performance;medal;WR;OR
100 metres;Betty Robinson;USA;holland;amsterdam;1928;7;31;12.2;1;1;1
100 metres;Bobbie Rosenfeld;CAN;holland;amsterdam;1928;7;31;12.3;2;0;0
100 metres;Ethel Smith;CAN;holland;amsterdam;1928;7;31;12.3;3;0;0
800 metres;Lina Radke;GER;holland;amsterdam;1928;8;2;2:16.8;1;1;1
800 metres;Kinue Hitomi;JPN;holland;amsterdam;1928;8;2;2:17.6;2;0;0
800 metres;Inga Gentzel;SWE;holland;amsterdam;1928;8;2;2:17.8;3;0;0
High jump;Ethel Catherwood;CAN;holland;amsterdam;1928;8;5;1.595;1;1;1
High jump;Lien Gisolf;NED;holland;amsterdam;1928;8;5;1.56;2;0;0
High jump;Mildred Wiley;USA;holland;amsterdam;1928;8;5;1.56;3;0;0
Discus throw;Halina Konopacka;POL;holland;amsterdam;1928;7;31;39.62;1;1;1
Discus throw;Lillian Copeland;USA;holland;amsterdam;1928;7;31;37.08;2;0;0
Discus throw;Ruth Svedberg;SWE;holland;amsterdam;1928;7;31;35.92;3;0;0
100 metres;Stanisława Walasiewicz;POL;united states;los angeles;1932;8;2;11.9;1;1;1
100 metres;Hilda Strike;CAN;united states;los angeles;1932;8;2;11.9;2;1;1
100 metres;Wilhelmina von Bremen;USA;united states;los angeles;1932;8;2;12.0;3;0;0
High jump;Jean Shiley;USA;united states;los angeles;1932;8;7;1.65;1;1;1
High jump;Babe Didrikson;USA;united states;los angeles;1932;8;7;1.65;2;0;0
High jump;Eva Dawes;CAN;united states;los angeles;1932;8;7;1.60;3;0;0
Discus throw;Lillian Copeland;USA;united states;los angeles;1932;8;2;40.58;1;0;1
Discus throw;Ruth Osburn;USA;united states;los angeles;1932;8;2;40.12;2;0;0
Discus throw;Jadwiga Wajs;POL;united states;los angeles;1932;8;2;38.74;3;0;0
Javelin throw;Babe Didrikson;USA;united states;los angeles;1932;7;31;43.69;1;0;1
Javelin throw;Ellen Braumüller;GER;united states;los angeles;1932;7;31;43.50;2;0;0
Javelin throw;Tilly Fleischer;GER;united states;los angeles;1932;7;31;43.01;3;0;0
100 metres;Helen Stephens;USA;germany;berlin;1936;8;4;11.5;1;0;0
100 metres;Stanisława Walasiewicz;POL;germany;berlin;1936;8;4;11.7;2;0;0
100 metres;Käthe Krauß;GER;germany;berlin;1936;8;4;11.9;3;0;0
High jump;Ibolya Csák;HUN;germany;berlin;1936;8;9;1.60;1;0;0
High jump;Dorothy Tyler Odam;GBR;germany;berlin;1936;8;9;1.60;2;0;0
High jump;Elfriede Kaun;GER;germany;berlin;1936;8;9;1.60;3;0;0
Discus throw;Gisela Mauermayer;GER;germany;berlin;1936;8;4;47.63;1;0;1
Discus throw;Jadwiga Wajs;POL;germany;berlin;1936;8;4;46.22;2;0;0
Discus throw;Paula Mollenhauer;GER;germany;berlin;1936;8;4;39.80;3;0;0
Javelin throw;Tilly Fleischer;GER;germany;berlin;1936;8;2;45.18;1;0;1
Javelin throw;Luise Krüger;GER;germany;berlin;1936;8;2;43.29;2;0;0
Javelin throw;Maria Kwaśniewska;POL;germany;berlin;1936;8;2;41.80;3;0;0
100 metres;Fanny BlankersKoen;NED;united kingdoms;london;1948;7;31;11.9;1;0;0
100 metres;Dorothy Manley;GBR;united kingdoms;london;1948;7;31;12.2;2;0;0
100 metres;Shirley Strickland;AUS;united kingdoms;london;1948;7;31;12.2;3;0;0
200 metres;Fanny BlankersKoen;NED;united kingdoms;london;1948;8;6;24.4;1;0;1
200 metres;Audrey Williamson;GBR;united kingdoms;london;1948;8;6;25.1;2;0;0
200 metres;Audrey Patterson;USA;united kingdoms;london;1948;8;6;25.2;3;0;0
High jump;Alice Coachman;USA;united kingdoms;london;1948;8;7;1.68;1;0;1
High jump;Dorothy Tyler Odam;GBR;united kingdoms;london;1948;8;7;1.68;2;0;1
High jump;Micheline Ostermeyer;FRA;united kingdoms;london;1948;8;7;1.61;3;0;0
Long jump;Olga Gyarmati;HUN;united kingdoms;london;1948;8;4;5.695;1;0;1
Long jump;Noemí Simonetto de Portela;ARG;united kingdoms;london;1948;8;4;5.60;2;0;0
Long jump;AnnBritt Leyman;SWE;united kingdoms;london;1948;8;4;5.575;3;0;0
Shot put;Micheline Ostermeyer;FRA;united kingdoms;london;1948;8;4;13.75;1;0;1
Shot put;Amelia Piccinini;ITA;united kingdoms;london;1948;8;4;13.09;2;0;0
Shot put;Ine Schäffer;AUT;united kingdoms;london;1948;8;4;13.08;3;0;0
Discus throw;Micheline Ostermeyer;FRA;united kingdoms;london;1948;7;30;41.92;1;0;0
Discus throw;Edera Cordiale;ITA;united kingdoms;london;1948;7;30;41.17;2;0;0
Discus throw;Jacqueline Mazeas;FRA;united kingdoms;london;1948;7;30;40.47;3;0;0
Javelin throw;Herma Bauma;AUT;united kingdoms;london;1948;7;31;45.57;1;0;1
Javelin throw;Kaisa Parviainen;FIN;united kingdoms;london;1948;7;31;43.79;2;0;0
Javelin throw;Lily Carlstedt;DEN;united kingdoms;london;1948;7;31;42.08;3;0;0
100 metres;Marjorie Jackson;AUS;finland;helsinki;1952;7;22;11.5;1;0;0
100 metres;Daphne Hasenjager;RSA;finland;helsinki;1952;7;22;11.8;2;0;0
100 metres;Shirley Strickland;AUS;finland;helsinki;1952;7;22;11.9;3;0;0
200 metres;Marjorie Jackson;AUS;finland;helsinki;1952;7;26;23.7;1;0;0
200 metres;Bertha Brouwer;NED;finland;helsinki;1952;7;26;24.2;2;0;0
200 metres;Nadezhda KhnykinaDvalishvili;URS;finland;helsinki;1952;7;26;24.2;3;0;0
High jump;Esther Brand;RSA;finland;helsinki;1952;7;27;1.67;1;0;0
High jump;Sheila Lerwill;GBR;finland;helsinki;1952;7;27;1.65;2;0;0
High jump;Aleksandra Chudina;URS;finland;helsinki;1952;7;27;1.63;3;0;0
Long jump;Yvette Williams;NZL;finland;helsinki;1952;7;23;6.24;1;0;1
Long jump;Aleksandra Chudina;URS;finland;helsinki;1952;7;23;6.14;2;0;0
Long jump;Shirley Cawley;GBR;finland;helsinki;1952;7;23;5.92;3;0;0
Shot put;Galina Zybina;URS;finland;helsinki;1952;7;26;15.28;1;1;1
Shot put;Marianne Werner;GER;finland;helsinki;1952;7;26;14.57;2;0;0
Shot put;Klavdiya Tochonova;URS;finland;helsinki;1952;7;26;14.50;3;0;0
Discus throw;Nina Ponomaryova;URS;finland;helsinki;1952;7;20;51.42;1;0;1
Discus throw;Yelizaveta Bagryantseva;URS;finland;helsinki;1952;7;20;47.08;2;0;0
Discus throw;Nina Dumbadze;URS;finland;helsinki;1952;7;20;46.29;3;0;0
Javelin throw;Dana Zátopková;TCH;finland;helsinki;1952;7;24;50.47;1;0;1
Javelin throw;Aleksandra Chudina;URS;finland;helsinki;1952;7;24;50.01;2;0;0
Javelin throw;Yelena Gorchakova;URS;finland;helsinki;1952;7;24;59.76;3;0;0
100 metres;Betty Cuthbert;AUS;australia;melbourne;1956;11;26;11.5;1;0;0
100 metres;Christa Stubnick;EUA;australia;melbourne;1956;11;26;11.7;2;0;0
100 metres;Marlene Matthews;AUS;australia;melbourne;1956;11;26;11.7;3;0;0
200 metres;Betty Cuthbert;AUS;australia;melbourne;1956;11;30;23.4;1;0;0
200 metres;Christa Stubnick;EUA;australia;melbourne;1956;11;30;23.7;2;0;0
200 metres;Marlene Matthews;AUS;australia;melbourne;1956;11;30;23.8;3;0;0
High jump;Mildred McDaniel;USA;australia;melbourne;1956;12;1;1.76;1;1;1
High jump;Thelma Hopkins;GBR;australia;melbourne;1956;12;1;1.67;2;0;0
High jump;Mariya Pisareva;URS;australia;melbourne;1956;12;1;1.67;2;0;0
Long jump;Elżbieta Krzesińska;POL;australia;melbourne;1956;11;27;6.35;1;0;0
Long jump;Willye White;USA;australia;melbourne;1956;11;27;6.09;2;0;0
Long jump;Nadezhda Khnykina Dvalishvili;URS;australia;melbourne;1956;11;27;6.07;3;0;0
Shot put;Tamara Tyshkevich;URS;australia;melbourne;1956;11;30;16.59;1;0;1
Shot put;Galina Zybina;URS;australia;melbourne;1956;11;30;16.53;2;0;0
Shot put;Marianne Werner;EUA;australia;melbourne;1956;11;30;15.61;3;0;0
Discus throw;Olga Fikotová;TCH;australia;melbourne;1956;11;23;53.69;1;0;1
Discus throw;Irina Beglyakova;URS;australia;melbourne;1956;11;23;52.54;2;0;0
Discus throw;Nina Ponomaryova;URS;australia;melbourne;1956;11;23;52.02;3;0;0
Javelin throw;Inese Jaunzeme;URS;australia;melbourne;1956;11;28;53.86;1;0;1
Javelin throw;Marlene Ahrens;CHI;australia;melbourne;1956;11;28;50.38;2;0;0
Javelin throw;Nadezhda Konyayeva;URS;australia;melbourne;1956;11;28;50.28;3;0;0
100 metres;Wilma Rudolph;USA;italy;rome;1960;9;2;11.18;1;0;0
100 metres;Dorothy Hyman;GBR;italy;rome;1960;9;2;11.43;2;0;0
100 metres;Giuseppina Leone;ITA;italy;rome;1960;9;2;11.48;3;0;0
200 metres;Wilma Rudolph;USA;italy;rome;1960;9;5;24.13;1;0;0
200 metres;Jutta Heine;EUA;italy;rome;1960;9;5;24.58;2;0;0
200 metres;Dorothy Hyman;GBR;italy;rome;1960;9;5;24.82;3;0;0
800 metres;Lyudmila Shevtsova;URS;italy;rome;1960;9;7;2:04.3;1;1;1
800 metres;Brenda Jones;AUS;italy;rome;1960;9;7;2:04.4;2;0;0
800 metres;Ursula Donath;EUA;italy;rome;1960;9;7;2:05.6;3;0;0
High jump;Iolanda Balaș;ROU;italy;rome;1960;9;8;1.85;1;0;1
High jump;Jarosława Jóźwiakowska;POL;italy;rome;1960;9;8;1.71;2;0;0
High jump;Dorothy Shirley;GBR;italy;rome;1960;9;8;1.71;2;0;0
Long jump;Vera Krepkina;URS;italy;rome;1960;8;31;6.37;1;0;1
Long jump;Elżbieta Krzesińska;POL;italy;rome;1960;8;31;6.27;2;0;0
Long jump;Hildrun Claus;EUA;italy;rome;1960;8;31;6.21;3;0;0
Shot put;Tamara Press;URS;italy;rome;1960;9;2;17.32;1;0;1
Shot put;Johanna Lüttge;EUA;italy;rome;1960;9;2;16.61;2;0;0
Shot put;Earlene Brown;USA;italy;rome;1960;9;2;16.42;3;0;0
Discus throw;Nina Ponomaryova;URS;italy;rome;1960;9;5;55.10;1;0;1
Discus throw;Tamara Press;URS;italy;rome;1960;9;5;52.59;2;0;0
Discus throw;Lia Manoliu;ROU;italy;rome;1960;9;5;52.36;3;0;0
Javelin throw;Elvīra Ozoliņa;URS;italy;rome;1960;9;1;55.98;1;0;1
Javelin throw;Dana Zátopková;TCH;italy;rome;1960;9;1;53.78;2;0;0
Javelin throw;Birutė Kalėdienė;URS;italy;rome;1960;9;1;53.45;3;0;0
100 metres;Wyomia Tyus;USA;japan;tokyo;1964;10;16;11.4;1;0;0
100 metres;Edith McGuire;USA;japan;tokyo;1964;10;16;11.6;2;0;0
100 metres;Ewa Kłobukowska;POL;japan;tokyo;1964;10;16;11.6;3;0;0
200 metres;Edith McGuire;USA;japan;tokyo;1964;10;19;23.0;1;0;1
200 metres;Irena Szewińska Kirszenstein;POL;japan;tokyo;1964;10;19;23.1;2;0;0
200 metres;Marilyn Black;AUS;japan;tokyo;1964;10;19;23.1;3;0;0
400 metres;Betty Cuthbert;AUS;japan;tokyo;1964;10;17;52.0;1;0;1
400 metres;Ann Packer;GBR;japan;tokyo;1964;10;17;52.2;2;0;0
400 metres;Judy Amoore;AUS;japan;tokyo;1964;10;17;53.43;0;0
800 metres;Ann Packer;GBR;japan;tokyo;1964;10;20;2:01.1;1;1;1
800 metres;Maryvonne Dupureur;FRA;japan;tokyo;1964;10;20;2:01.9;2;0;0
800 metres;Marise Chamberlain;NZL;japan;tokyo;1964;10;20;2:02.8;3;0;0
High jump;Iolanda Balaş;ROU;japan;tokyo;1964;10;15;1.90;1;0;1
High jump;Michele Brown;AUS;japan;tokyo;1964;10;15;1.80;2;0;0
High jump;Taisia Chenchik;URS;japan;tokyo;1964;10;15;1.78;3;0;0
Long jump;Mary Rand;GBR;japan;tokyo;1964;10;14;6.76;1;1;1
Long jump;Irena Kirszenstein;POL;japan;tokyo;1964;10;14;6.60;2;0;0
Long jump;Tatyana Schelkanova;URS;japan;tokyo;1964;10;14;6.42;3;0;0
Shot put;Tamara Press;URS;japan;tokyo;1964;10;20;18.14;1;0;1
Shot put;Renate Culmberger;EUA;japan;tokyo;1964;10;20;17.61;2;0;0
Shot put;Galina Zybina;URS;japan;tokyo;1964;10;20;17.45;3;0;0
Discus throw;Tamara Press;URS;japan;tokyo;1964;10;19;57.27;1;0;1
Discus throw;Ingrid Lotz;EUA;japan;tokyo;1964;10;19;57.21;2;0;0
Discus throw;Lia Manoliu;ROU;japan;tokyo;1964;10;19;56.97;3;0;0
Javelin throw;Mihaela Peneş;ROU;japan;tokyo;1964;10;16;60.54;1;0;0
Javelin throw;Márta Rudas;HUN;japan;tokyo;1964;10;16;58.27;2;0;0
Javelin throw;Yelena Gorchakova;URS;japan;tokyo;1964;10;16;57.06;3;0;0
100 metres;Wyomia Tyus;USA;mexico;mexico city;1968;10;15;11.08;1;1;1
100 metres;Barbara Ferrell;USA;mexico;mexico city;1968;10;15;11.15;2;0;0
100 metres;Irena Szewińska;POL;mexico;mexico city;1968;10;15;11.19;3;0;0
200 metres;Irena Szewińska;POL;mexico;mexico city;1968;10;18;22.58;1;1;1
200 metres;Raelene Boyle;AUS;mexico;mexico city;1968;10;18;22.74;2;0;0
200 metres;Jenny Lamy;AUS;mexico;mexico city;1968;10;18;22.88;3;0;0
400 metres;Colette Besson;FRA;mexico;mexico city;1968;10;16;52.03;1;0;0
400 metres;Lillian Board;GBR;mexico;mexico city;1968;10;16;52.12;2;0;0
400 metres;Natalya Pechonkina;URS;mexico;mexico city;1968;10;16;52.25;3;0;0
800 metres;Madeline Manning;USA;mexico;mexico city;1968;10;19;2:00.92;1;0;1
800 metres;Ilona Silai;ROU;mexico;mexico city;1968;10;19;2:02.58;2;0;0
800 metres;Maria Gommers;NED;mexico;mexico city;1968;10;19;2:02.63;3;0;0
High jump;Miloslava Rezková;TCH;mexico;mexico city;1968;10;17;1.82;1;0;0
High jump;Antonina Lazareva Okorokova;URS;mexico;mexico city;1968;10;17;1.80;2;0;0
High jump;Valentina Kozyr;URS;mexico;mexico city;1968;10;17;1.80;3;0;0
Long jump;Viorica Viscopoleanu;ROU;mexico;mexico city;1968;10;14;6.82;1;1;1
Long jump;Sheila Sherwood;GBR;mexico;mexico city;1968;10;14;6.68;2;0;0
Long jump;Tatyana Talysheva;URS;mexico;mexico city;1968;10;14;6.66;3;0;0
Shot put;Margitta Gummel;GDR;mexico;mexico city;1968;10;20;19.61;1;1;1
Shot put;Marita Lange;GDR;mexico;mexico city;1968;10;20;18.78;2;0;0
Shot put;Nadezhda Chizhova;URS;mexico;mexico city;1968;10;20;18.19;3;0;0
Discus throw;Lia Manoliu;ROU;mexico;mexico city;1968;10;18;58.28;1;0;1
Discus throw;Liesel Westermann;FRG;mexico;mexico city;1968;10;18;57.76;2;0;0
Discus throw;Jolán KleiberKontsek;HUN;mexico;mexico city;1968;10;18;54.90;3;0;0
Javelin throw;Angéla Németh;HUN;mexico;mexico city;1968;10;14;60.36;1;0;0
Javelin throw;Mihaela Peneş;ROU;mexico;mexico city;1968;10;14;59.92;2;0;0
Javelin throw;Eva Janko;AUT;mexico;mexico city;1968;10;14;58.04;3;0;0
100 metres;Renate Stecher;GDR;germany;munich;1972;9;2;11.07;1;1;1
100 metres;Raelene Boyle;AUS;germany;munich;1972;9;2;11.23;2;0;0
100 metres;Silvia Chivás;CUB;germany;munich;1972;9;2;11.24;3;0;0
200 metres;Renate Stecher;GDR;germany;munich;1972;9;7;22.40;1;1;1
200 metres;Raelene Boyle;AUS;germany;munich;1972;9;7;22.45;2;0;0
200 metres;Irena Szewińska;POL;germany;munich;1972;9;7;22.74;3;0;0
400 metres;Monika Zehrt;GDR;germany;munich;1972;9;7;51.08;1;0;1
400 metres;Rita Wilden;FRG;germany;munich;1972;9;7;51.21;2;0;0
400 metres;Kathy Hammond;USA;germany;munich;1972;9;7;51.64;3;0;0
800 metres;Hildegard Falck;FRG;germany;munich;1972;9;3;1:58.55;1;0;1
800 metres;Nijolė Sabaitė;URS;germany;munich;1972;9;3;1:58.65;2;0;0
800 metres;Gunhild Hoffmeister;GDR;germany;munich;1972;9;3;1:59.19;3;0;0
1500 metres;Ludmila Bragina;URS;germany;munich;1972;9;9;4:01.38;1;1;1
1500 metres;Gunhild Hoffmeister;GDR;germany;munich;1972;9;9;4:02.83;2;0;0
1500 metres;Paola Pigni;ITA;germany;munich;1972;9;9;4:02.85;3;0;0
100 metres hurdles;Annelie Ehrhardt;GDR;germany;munich;1972;9;8;12.59;1;1;1
100 metres hurdles;Valeria Bufanu;ROU;germany;munich;1972;9;8;12.84;2;0;0
100 metres hurdles;Karin Balzer;GDR;germany;munich;1972;9;8;12.90;3;0;0
High jump;Ulrike Meyfarth;FRG;germany;munich;1972;9;4;1.92;1;1;1
High jump;Yordanka Blagoeva;BUL;germany;munich;1972;9;4;1.88;2;0;0
High jump;Ilona Gusenbauer;AUT;germany;munich;1972;9;4;1.88;3;0;0
Long jump;Heide Rosendahl;FRG;germany;munich;1972;8;31;6.78;1;0;0
Long jump;Diana Yorgova;BUL;germany;munich;1972;8;31;6.77;2;0;0
Long jump;Eva Šuranová;TCH;germany;munich;1972;8;31;6.67;3;0;0
Shot put;Nadezhda Chizhova;URS;germany;munich;1972;9;4;21.03;1;1;1
Shot put;Margitta Gummel;GDR;germany;munich;1972;9;4;20.22;2;0;0
Shot put;Ivanka Khristova;BUL;germany;munich;1972;9;4;19.35;3;0;0
Discus throw;Faina Melnik;URS;germany;munich;1972;9;10;66.62;1;0;1
Discus throw;Argentina Menis;ROU;germany;munich;1972;9;10;65.06;2;0;0
Discus throw;Vasilka Stoeva;BUL;germany;munich;1972;9;10;64.34;3;0;0
Javelin throw;Ruth Fuchs;GDR;germany;munich;1972;9;1;63.88;1;0;1
Javelin throw;Jacqueline Todten;GDR;germany;munich;1972;9;1;62.54;2;0;0
Javelin throw;Kate Schmidt;USA;germany;munich;1972;9;1;59.94;3;0;0
100 metres;Annegret Richter;FRG;canada;montreal;1976;7;25;11.08;1;0;0
100 metres;Renate Stecher;GDR;canada;montreal;1976;7;25;11.13;2;0;0
100 metres;Inge Helten;FRG;canada;montreal;1976;7;25;11.17;3;0;0
200 metres;Bärbel Eckert;GDR;canada;montreal;1976;7;28;22.37;1;0;1
200 metres;Annegret Richter;FRG;canada;montreal;1976;7;28;22.39;2;0;0
200 metres;Renate Stecher;GDR;canada;montreal;1976;7;28;22.47;3;0;0
400 metres;Irena Szewińska;POL;canada;montreal;1976;7;29;49.28;1;1;1
400 metres;Christina Lathan Brehmer;GDR;canada;montreal;1976;7;29;50.51;2;0;0
400 metres;Ellen Streidt;GDR;canada;montreal;1976;7;29;50.55;3;0;0
800 metres;Tatyana Kazankina;URS;canada;montreal;1976;7;26;1:54.94;1;1;1
800 metres;Nikolina Shtereva;BUL;canada;montreal;1976;7;26;1:55.42;2;0;0
800 metres;Elfi Zinn;GDR;canada;montreal;1976;7;26;1:55.60;3;0;0
1500 metres;Tatyana Kazankina;URS;canada;montreal;1976;7;30;4:05.48;1;0;0
1500 metres;Gunhild Hoffmeister;GDR;canada;montreal;1976;7;30;4:06.02;2;0;0
1500 metres;Ulrike BrunsUlrike Klapezynski;GDR;canada;montreal;1976;7;30;4:06.09;3;0;0
100 metres hurdles;Johanna Schaller;GDR;canada;montreal;1976;7;29;12.77;1;0;0
100 metres hurdles;Tatiana Anisimova;URS;canada;montreal;1976;7;29;12.78;2;0;0
100 metres hurdles;Natalya Lebedeva;URS;canada;montreal;1976;7;29;12.80;3;0;0
High jump;Rosemarie Ackermann;GDR;canada;montreal;1976;7;28;1.93;1;0;1
High jump;Sara Simeoni;ITA;canada;montreal;1976;7;28;1.91;2;0;0
High jump;Yordanka Blagoeva;BUL;canada;montreal;1976;7;28;1.91;3;0;0
Long jump;Angela Voigt;GDR;canada;montreal;1976;7;23;6.72;1;0;0
Long jump;Kathy McMillan;USA;canada;montreal;1976;7;23;6.66;2;0;0
Long jump;Lidiya Alfeyeva;URS;canada;montreal;1976;7;23;6.60;3;0;0
Shot put;Ivanka Khristova;BUL;canada;montreal;1976;7;31;21.16;1;0;1
Shot put;Nadezhda Chizhova;URS;canada;montreal;1976;7;31;20.96;2;0;0
Shot put;Helena Fibingerová;TCH;canada;montreal;1976;7;31;20.67;3;0;0
Discus throw;Evelin JahlEvelin Schlaak;GDR;canada;montreal;1976;7;29;69.00;1;0;1
Discus throw;Mariya PetkovaMariya Vergova;BUL;canada;montreal;1976;7;29;67.30;2;0;0
Discus throw;Gabriele Hinzmann;GDR;canada;montreal;1976;7;29;66.84;3;0;0
Javelin throw;Ruth Fuchs;GDR;canada;montreal;1976;7;24;65.94;1;0;1
Javelin throw;Marion Becker;FRG;canada;montreal;1976;7;24;64.70;2;0;0
Javelin throw;Kate Schmidt;USA;canada;montreal;1976;7;24;63.96;3;0;0
100 metres;Lyudmila Kondratyeva;URS;union of soviet socialist republics;moscow;1980;7;26;11.06;1;0;0
100 metres;Marlies Göhr;GDR;union of soviet socialist republics;moscow;1980;7;26;11.07;2;0;0
100 metres;Ingrid Auerswald;GDR;union of soviet socialist republics;moscow;1980;7;26;11.14;3;0;0
200 metres;Bärbel Wöckel;GDR;union of soviet socialist republics;moscow;1980;7;30;22.03;1;0;1
200 metres;Natalya Bochina;URS;union of soviet socialist republics;moscow;1980;7;30;22.19;2;0;0
200 metres;Merlene Ottey;JAM;union of soviet socialist republics;moscow;1980;7;30;22.20;3;0;0
400 metres;Marita Koch;GDR;union of soviet socialist republics;moscow;1980;7;28;48.88;1;0;1
400 metres;Jarmila Kratochvílová;TCH;union of soviet socialist republics;moscow;1980;7;28;49.46;2;0;0
400 metres;Christina Lathan;GDR;union of soviet socialist republics;moscow;1980;7;28;49.66;3;0;0
800 metres;Nadiya Olizarenko;URS;union of soviet socialist republics;moscow;1980;7;27;1:53.43;1;1;1
800 metres;Olga Mineeva;URS;union of soviet socialist republics;moscow;1980;7;27;1:54.81;2;0;0
800 metres;Tatyana Providokhina;URS;union of soviet socialist republics;moscow;1980;7;27;1:55.46;3;0;0
1500 metres;Tatyana Kazankina;URS;union of soviet socialist republics;moscow;1980;8;1;3:56.56;1;0;1
1500 metres;Christiane Wartenberg;GDR;union of soviet socialist republics;moscow;1980;8;1;3:57.71;2;0;0
1500 metres;Nadiya Olizarenko;URS;union of soviet socialist republics;moscow;1980;8;1;3:59.52;3;0;0
100 metres hurdles;Vera Komisova;URS;union of soviet socialist republics;moscow;1980;7;28;12.56;1;0;1
100 metres hurdles;Johanna Schaller Klier;GDR;union of soviet socialist republics;moscow;1980;7;28;12.63;2;0;0
100 metres hurdles;Lucyna Langer;POL;union of soviet socialist republics;moscow;1980;7;28;12.65;3;0;0
High jump;Sara Simeoni;ITA;union of soviet socialist republics;moscow;1980;7;26;1.97;1;0;0
High jump;Urszula Kielan;POL;union of soviet socialist republics;moscow;1980;7;26;1.94;2;0;0
High jump;Jutta Kirst;GDR;union of soviet socialist republics;moscow;1980;7;26;1.94;3;0;0
Long jump;Tatyana Kolpakova;URS;union of soviet socialist republics;moscow;1980;7;31;7.06;1;0;0
Long jump;Brigitte Wujak;GDR;union of soviet socialist republics;moscow;1980;7;31;7.04;2;0;0
Long jump;Tatyana Skachko;URS;union of soviet socialist republics;moscow;1980;7;31;7.01;3;0;0
Shot put;Ilona Slupianek;GDR;union of soviet socialist republics;moscow;1980;7;24;22.41;1;0;1
Shot put;Svetlana Krachevskaia;URS;union of soviet socialist republics;moscow;1980;7;24;21.42;2;0;0
Shot put;Margitta DroesePufe;GDR;union of soviet socialist republics;moscow;1980;7;24;21.20;3;0;0
Discus throw;Evelin Jahl;GDR;union of soviet socialist republics;moscow;1980;8;1;69.96;1;0;0
Discus throw;Mariya Petkova;BUL;union of soviet socialist republics;moscow;1980;8;1;67.90;2;0;0
Discus throw;Tatyana Lesovaya;URS;union of soviet socialist republics;moscow;1980;8;1;67.40;3;0;0
Javelin throw;María Caridad Colón;CUB;union of soviet socialist republics;moscow;1980;7;25;68.40;1;0;0
Javelin throw;Saida Gunba;URS;union of soviet socialist republics;moscow;1980;7;25;67.76;2;0;0
Javelin throw;Ute Hommola;GDR;union of soviet socialist republics;moscow;1980;7;25;66.56;3;0;0
100 metres;Evelyn Ashford;USA;united states;los angeles;1984;8;5;10.97;1;0;0
100 metres;Alice Brown;USA;united states;los angeles;1984;8;5;11.13;2;0;0
100 metres;Merlene Ottey;JAM;united states;los angeles;1984;8;5;11.16;3;0;0
200 metres;Valerie BriscoHooks;USA;united states;los angeles;1984;8;9;21.81;1;0;1
200 metres;Florence Griffith Joyner;USA;united states;los angeles;1984;8;9;22.04;2;0;0
200 metres;Merlene Ottey;JAM;united states;los angeles;1984;8;9;22.09;3;0;0
400 metres;Valerie BriscoHooks;USA;united states;los angeles;1984;8;6;48.83;1;0;1
400 metres;Chandra Cheeseborough;USA;united states;los angeles;1984;8;6;49.05;2;0;0
400 metres;Kathy SmallwoodCook;GBR;united states;los angeles;1984;8;6;49.42;3;0;0
800 metres;Doina Melinte;ROU;united states;los angeles;1984;8;6;1:57.60;1;0;0
800 metres;Kim Gallagher;USA;united states;los angeles;1984;8;6;1:58.63;2;0;0
800 metres;Fiţa Lovin;ROU;united states;los angeles;1984;8;6;1:58.83;3;0;0
1500 metres;Gabriella Dorio;ITA;united states;los angeles;1984;8;11;4:03.25;1;0;0
1500 metres;Doina Melinte;ROU;united states;los angeles;1984;8;11;4:03.76;2;0;0
1500 metres;Maricica Puică;ROU;united states;los angeles;1984;8;11;4:04.15;3;0;0
3000 metres;Maricica Puică;ROU;united states;los angeles;1984;8;10;8:35.96;1;0;1
3000 metres;Wendy SmithSly;GBR;united states;los angeles;1984;8;10;8:39.47;2;0;0
3000 metres;Lynn Williams;CAN;united states;los angeles;1984;8;10;8:42.14;3;0;0
100 metres hurdles;Benita Fitzgerald;USA;united states;los angeles;1984;8;10;12.84;1;0;0
100 metres hurdles;Shirley Strong;GBR;united states;los angeles;1984;8;10;12.88;2;0;0
100 metres hurdles;Michèle Chardonnet;FRA;united states;los angeles;1984;8;10;13.06;3;0;0
100 metres hurdles;Kim Turner;USA;united states;los angeles;1984;8;10;13.06;3;0;0
400 metres hurdles;Nawal El Moutawakel;MAR;united states;los angeles;1984;8;8;54.61;1;0;1
400 metres hurdles;Judi Brown;USA;united states;los angeles;1984;8;8;55.20;2;0;0
400 metres hurdles;Cristieana Cojocaru;ROU;united states;los angeles;1984;8;8;55.41;3;0;0
Marathon;Joan Benoit;USA;united states;los angeles;1984;8;5;2:24:52;1;0;0
Marathon;Grete Waitz;NOR;united states;los angeles;1984;8;5;2:26:18;2;0;0
Marathon;Rosa Mota;POR;united states;los angeles;1984;8;5;2:26:57;3;0;0
High jump;Ulrike Meyfarth;FRG;united states;los angeles;1984;8;10;2.02;1;0;1
High jump;Sara Simeoni;ITA;united states;los angeles;1984;8;10;2.00;2;0;0
High jump;Joni Huntley;USA;united states;los angeles;1984;8;10;1.97;3;0;0
Long jump;Anişoara CuşmirStanciu;ROU;united states;los angeles;1984;8;6;6.96;1;0;0
Long jump;Vali Ionescu;ROU;united states;los angeles;1984;8;6;6.81;2;0;0
Long jump;Susan Hearnshaw;GBR;united states;los angeles;1984;8;6;6.80;3;0;0
Shot put;Claudia Losch;FRG;united states;los angeles;1984;8;3;20.48;1;0;0
Shot put;Mihaela Loghin;ROU;united states;los angeles;1984;8;3;20.47;2;0;0
Shot put;Gael Martin;AUS;united states;los angeles;1984;8;3;19.19;3;0;0
Discus throw;Ria Stalman;NED;united states;los angeles;1984;8;11;65.36;1;0;0
Discus throw;Leslie Deniz;USA;united states;los angeles;1984;8;11;64.86;2;0;0
Discus throw;Florenţa Crăciunescu;ROU;united states;los angeles;1984;8;11;63.64;3;0;0
Javelin throw;Tessa Sanderson;GBR;united states;los angeles;1984;8;6;69.56;1;0;1
Javelin throw;Tiina Lillak;FIN;united states;los angeles;1984;8;6;69.00;2;0;0
Javelin throw;Fatima Whitbread;GBR;united states;los angeles;1984;8;6;67.14;3;0;0
100 metres;Florence Griffith Joyner;USA;south korea;seoul;1988;9;25;10.54;1;0;0
100 metres;Evelyn Ashford;USA;south korea;seoul;1988;9;25;10.83;2;0;0
100 metres;Heike Drechsler;GDR;south korea;seoul;1988;9;25;10.85;3;0;0
200 metres;Florence Griffith Joyner;USA;south korea;seoul;1988;9;29;21.34;1;1;1
200 metres;Grace Jackson;JAM;south korea;seoul;1988;9;29;21.72;2;0;0
200 metres;Heike Drechsler;GDR;south korea;seoul;1988;9;29;21.95;3;0;0
400 metres;Olga Bryzgina;URS;south korea;seoul;1988;9;26;48.65;1;0;1
400 metres;Petra SchersingPetra Müller;GDR;south korea;seoul;1988;9;26;49.45;2;0;0
400 metres;Olga Nazarova;URS;south korea;seoul;1988;9;26;49.90;3;0;0
800 metres;Sigrun Wodars;GDR;south korea;seoul;1988;9;26;1:56.10;1;0;0
800 metres;Christine Wachtel;GDR;south korea;seoul;1988;9;26;1:56.64;2;0;0
800 metres;Kim Gallagher;USA;south korea;seoul;1988;9;26;1:56.91;3;0;0
1500 metres;Paula Ivan;ROM;south korea;seoul;1988;10;1;3:53.96;1;0;1
1500 metres;Laimutė Baikauskaitė;URS;south korea;seoul;1988;10;1;4:00.24;2;0;0
1500 metres;Tetyana Dorovskikh Samolenko;URS;south korea;seoul;1988;10;1;4:00.30;2;0;0
3000 metres;Tetyana Dorovskikh Samolenko;URS;south korea;seoul;1988;9;25;8:26.53;1;0;1
3000 metres;Paula Ivan;ROM;south korea;seoul;1988;9;25;8:27.15;2;0;0
3000 metres;Yvonne Murray;GBR;south korea;seoul;1988;9;25;8:29.02;3;0;0
10,000 metres;Olga Bondarenko;URS;south korea;seoul;1988;9;30;31:05.21;1;0;1
10,000 metres;Liz McColgan;GBR;south korea;seoul;1988;9;30;31:08.44;2;0;0
10,000 metres;Yelena ZhupiyevaVyazova;URS;south korea;seoul;1988;9;30;31:19.82;3;0;0
100 metres hurdles;Yordanka Donkova;BUL;south korea;seoul;1988;9;30;12.38;1;0;1
100 metres hurdles;Gloria Siebert;GDR;south korea;seoul;1988;9;30;12.61;2;0;0
100 metres hurdles;Claudia Zackiewicz;FRG;south korea;seoul;1988;9;30;12.75;3;0;0
400 metres hurdles;Debbie FlintoffKing;AUS;south korea;seoul;1988;9;28;53.17;1;0;1
400 metres hurdles;Tatyana Ledovskaya;URS;south korea;seoul;1988;9;28;53.18;2;0;0
400 metres hurdles;Ellen Fiedler;GDR;south korea;seoul;1988;9;28;53.63;3;0;0
Marathon;Rosa Mota;POR;south korea;seoul;1988;9;23;2:25:40;1;0;0
Marathon;Lisa Martin Ondieki;AUS;south korea;seoul;1988;9;23;2:25:53;2;0;0
Marathon;Katrin Dörre Heinig;GDR;south korea;seoul;1988;9;23;2:26:21;3;0;0
High jump;Louise Ritter;USA;south korea;seoul;1988;9;30;2.03;1;0;1
High jump;Stefka Kostadinova;BUL;south korea;seoul;1988;9;30;2.01;2;0;0
High jump;Tamara Bykova;URS;south korea;seoul;1988;9;30;1.99;3;0;0
Long jump;Jackie JoynerKersee;USA;south korea;seoul;1988;9;29;7.40;1;0;1
Long jump;Heike Drechsler;GDR;south korea;seoul;1988;9;29;7.22;2;0;0
Long jump;Galina Chistyakova;URS;south korea;seoul;1988;9;29;7.11;3;0;0
Shot put;Natalya Lisovskaya;URS;south korea;seoul;1988;10;1;22.24;1;0;0
Shot put;Kathrin Neimke;GDR;south korea;seoul;1988;10;1;21.07;2;0;0
Shot put;Li Meisu;CHN;south korea;seoul;1988;10;1;21.06;3;0;0
Discus throw;Martina Hellmann;GDR;south korea;seoul;1988;9;29;72.30;1;0;1
Discus throw;Diana Gansky;GDR;south korea;seoul;1988;9;29;71.88;2;0;0
Discus throw;Tsvetanka Khristova;BUL;south korea;seoul;1988;9;29;69.74;3;0;0
Javelin throw;Petra Felke;GDR;south korea;seoul;1988;9;26;74.68;1;0;1
Javelin throw;Fatima Whitbread;GBR;south korea;seoul;1988;9;26;70.32;2;0;0
Javelin throw;Beate Koch;GDR;south korea;seoul;1988;9;26;67.30;3;0;0
100 metres;Gail Devers;USA;espana;barcelona;1992;8;1;10.82;1;0;0
100 metres;Juliet Cuthbert;JAM;espana;barcelona;1992;8;1;10.83;2;0;0
100 metres;Irina Privalova;EUN;espana;barcelona;1992;8;1;10.84;3;0;0
200 metres;Gwen Torrence;USA;espana;barcelona;1992;8;6;21.81;1;0;0
200 metres;Juliet Cuthbert;JAM;espana;barcelona;1992;8;6;22.02;2;0;0
200 metres;Merlene Ottey;JAM;espana;barcelona;1992;8;6;22.09;3;0;0
400 metres;Marie José Pérec;FRA;espana;barcelona;1992;8;5;48.83;1;0;0
400 metres;Olga Bryzgina;EUN;espana;barcelona;1992;8;5;49.05;2;0;0
400 metres;Ximena Restrepo;COL;espana;barcelona;1992;8;5;49.64;3;0;0
800 metres;Ellen van Langen;NED;espana;barcelona;1992;8;3;1:55:54;1;0;0
800 metres;Liliya Nurutdinova;EUN;espana;barcelona;1992;8;3;1:55:99;2;0;0
800 metres;Ana Fidelia Quirot;CUB;espana;barcelona;1992;8;3;1:56.80;3;0;0
1500 metres;Hassiba Boulmerka;ALG;espana;barcelona;1992;8;6;3:55.30;1;0;0
1500 metres;Lyudmila Rogachova;EUN;espana;barcelona;1992;8;6;3:56.91;2;0;0
1500 metres;Qu Yunxia;CHN;espana;barcelona;1992;8;6;3:57.08;3;0;0
3000 metres;Yelena Romanova;EUN;espana;barcelona;1992;8;2;8:46.04;1;0;0
3000 metres;Tetyana Dorovskikh;EUN;espana;barcelona;1992;8;2;8:46.85;2;0;0
3000 metres;Angela Chalmers;CAN;espana;barcelona;1992;8;2;8:47.22;3;0;0
10,000 metres;Derartu Tulu;ETH;espana;barcelona;1992;8;7;31:06.02;1;0;0
10,000 metres;Elana Meyer;RSA;espana;barcelona;1992;8;7;31:11.75;2;0;0
10,000 metres;Lynn Jennings;USA;espana;barcelona;1992;8;7;31:19.89;3;0;0
100 metres hurdles;Voula Patoulidou;GRE;espana;barcelona;1992;8;6;12.64;1;0;0
100 metres hurdles;LaVonna Martin;USA;espana;barcelona;1992;8;6;12.69;2;0;0
100 metres hurdles;Yordanka Donkova;BUL;espana;barcelona;1992;8;6;12.70;3;0;0
400 metres hurdles;Sally Gunnell;GBR;espana;barcelona;1992;8;5;53.23;1;0;0
400 metres hurdles;Sandra FarmerPatrick;USA;espana;barcelona;1992;8;5;53.69;2;0;0
400 metres hurdles;Janeene Vickers;USA;espana;barcelona;1992;8;5;54.31;3;0;0
Marathon;Valentina Yegorova;EUN;espana;barcelona;1992;8;1;2:32:41;1;0;0
Marathon;Yuko Arimori;JPN;espana;barcelona;1992;8;1;2:32:49;2;0;0
Marathon;Lorraine Moller;NZL;espana;barcelona;1992;8;1;2:33:59;3;0;0
10 kilometres walk;Chen Yueling;CHN;espana;barcelona;1992;8;3;44:32;1;0;1
10 kilometres walk;Yelena Nikolayeva;EUN;espana;barcelona;1992;8;3;44:33;2;0;0
10 kilometres walk;Li Chunxiu;CHN;espana;barcelona;1992;8;3;44:41;3;0;0
High jump;Heike Henkel;GER;espana;barcelona;1992;8;2;2.02;1;0;0
High jump;Galina Astafei;ROM;espana;barcelona;1992;8;2;2.00;2;0;0
High jump;Joanet Quintero;CUB;espana;barcelona;1992;8;2;1.97;3;0;0
Long jump ;Heike Drechsler;GER;espana;barcelona;1992;8;7;7.14;1;0;0
Long jump;Inessa Kravets;EUN;espana;barcelona;1992;8;7;7.12;2;0;0
Long jump;Jackie JoynerKersee;USA;espana;barcelona;1992;8;7;7.07;3;0;0
Shot put;Svetlana Krivelyova;EUN;espana;barcelona;1992;8;5;21.06;1;0;0
Shot put;Huang Zhihong;CHN;espana;barcelona;1992;8;5;20.47;2;0;0
Shot put;Kathrin Neimke;GER;espana;barcelona;1992;8;5;19.78;3;0;0
Discus throw;Maritza Martén;CUB;espana;barcelona;1992;8;3;70.06;1;0;0
Discus throw;Tsvetanka Khristova;BUL;espana;barcelona;1992;8;3;67.78;2;0;0
Discus throw;Daniela Costian;AUS;espana;barcelona;1992;8;3;66.24;3;0;0
Javelin throw;Silke Renk;GER;espana;barcelona;1992;8;1;68.34;1;0;0
Javelin throw;Natalya Shikolenko;EUN;espana;barcelona;1992;8;1;68.26;2;0;0
Javelin throw;Karen Forkel;GER;espana;barcelona;1992;8;1;66.86;3;0;0
100 metres;Gail Devers;USA;united states;atlanta;1996;7;27;10.94;1;0;0
100 metres;Merlene Ottey;JAM;united states;atlanta;1996;7;27;10.94;2;0;0
100 metres;Gwen Torrence;USA;united states;atlanta;1996;7;27;10.96;3;0;0
200 metres;MarieJosé Pérec;FRA;united states;atlanta;1996;8;1;22.12;1;0;0
200 metres;Merlene Ottey;JAM;united states;atlanta;1996;8;1;22.24;2;0;0
200 metres;Mary Onyali;NGR;united states;atlanta;1996;8;1;22.38;3;0;0
400 metres;MarieJosé Pérec;FRA;united states;atlanta;1996;7;29;48.25;1;0;1
400 metres;Cathy Freeman;AUS;united states;atlanta;1996;7;29;48.63;2;0;0
400 metres;Falilat Ogunkoya;NGR;united states;atlanta;1996;7;29;49.10;3;0;0
800 metres;Svetlana Masterkova;RUS;united states;atlanta;1996;7;29;1:57.73;1;0;0
800 metres;Ana Fidelia Quirot;CUB;united states;atlanta;1996;7;29;1:58.11;2;0;0
800 metres;Maria de Lurdes Mutola;MOZ;united states;atlanta;1996;7;29;1:58.71;3;0;0
1500 metres;Svetlana Masterkova;RUS;united states;atlanta;1996;8;3;4:00.83;1;0;0
1500 metres;Gabriela Szabo;ROU;united states;atlanta;1996;8;3;4:01.54;2;0;0
1500 metres;Theresia Kiesl;AUT;united states;atlanta;1996;8;3;4:03.02;3;0;0
5000 metres;Wang Junxia;CHN;united states;atlanta;1996;7;28;14:59.88;1;0;1
5000 metres;Pauline Konga;KEN;united states;atlanta;1996;7;28;15:03.49;2;0;0
5000 metres;Roberta Brunet;ITA;united states;atlanta;1996;7;28;15:07.52;3;0;0
10,000 metres;Fernanda Ribeiro;POR;united states;atlanta;1996;8;2;31:01.63;1;0;1
10,000 metres;Wang Junxia;CHN;united states;atlanta;1996;8;2;31:02.59;2;0;0
10,000 metres;Gete Wami;ETH;united states;atlanta;1996;8;2;31:06.65;3;0;0
100 metres hurdles;Ludmila Engquist;SWE;united states;atlanta;1996;7;31;12.58;1;0;0
100 metres hurdles;Brigita Bukovec;SLO;united states;atlanta;1996;7;31;12.59;2;0;0
100 metres hurdles;Patricia Girard;FRA;united states;atlanta;1996;7;31;12.65;3;0;0
400 metres hurdles;Deon Hemmings;JAM;united states;atlanta;1996;7;31;52.82;1;0;1
400 metres hurdles;Kim Batten;USA;united states;atlanta;1996;7;31;53.08;2;0;0
400 metres hurdles;Tonja BufordBailey;USA;united states;atlanta;1996;7;31;53.22;3;0;0
Marathon;Fatuma Roba;ETH;united states;atlanta;1996;7;28;2:26:05;1;0;0
Marathon;Valentina Yegorova;RUS;united states;atlanta;1996;7;28;2:28:05;2;0;0
Marathon;Yuko Arimori;JPN;united states;atlanta;1996;7;28;2:28:39;3;0;0
10 kilometres walk;Yelena Nikolayeva;RUS;united states;atlanta;1996;7;29;41:49;1;0;1
10 kilometres walk;Elisabetta Perrone;ITA;united states;atlanta;1996;7;29;42:12;2;0;0
10 kilometres walk;Wang Yan;CHN;united states;atlanta;1996;7;29;42:19;3;0;0
High jump;Stefka Kostadinova;BUL;united states;atlanta;1996;8;3;2.05;1;0;1
High jump;Niki Bakoyianni;GRE;united states;atlanta;1996;8;3;2.03;2;0;0
High jump;Inha Babakova;UKR;united states;atlanta;1996;8;3;2.01;3;0;0
Long jump;Chioma Ajunwa;NGR;united states;atlanta;1996;8;2;7.12;1;0;0
Long jump;Fiona May;ITA;united states;atlanta;1996;8;2;7.02;2;0;0
Long jump;Jackie JoynerKersee;USA;united states;atlanta;1996;8;2;7.00;3;0;0
Triple jump;Inessa Kravets;UKR;united states;atlanta;1996;7;31;15.33;1;0;1
Triple jump;Inna Lasovskaya;RUS;united states;atlanta;1996;7;31;14.98;2;0;0
Triple jump;Šárka Kašpárková;CZE;united states;atlanta;1996;7;31;14.98;3;0;0
Shot put;Astrid Kumbernuss;GER;united states;atlanta;1996;8;2;20.56;1;0;0
Shot put;Sui Xinmei;CHN;united states;atlanta;1996;8;2;19.88;2;0;0
Shot put;Irina Khudoroshkina;RUS;united states;atlanta;1996;8;2;19.35;3;0;0
Discus throw;Ilke Wyludda;GER;united states;atlanta;1996;7;29;69.66;1;0;0
Discus throw;Natalya Sadova;RUS;united states;atlanta;1996;7;29;66.48;2;0;0
Discus throw;Ellina Zvereva;BLR;united states;atlanta;1996;7;29;65.64;3;0;0
Javelin throw;Heli Rantanen;FIN;united states;atlanta;1996;7;27;67.94;1;0;0
Javelin throw;Louise CurreyLouise McPaul;AUS;united states;atlanta;1996;7;27;65.54;2;0;0
Javelin throw;Trine Hattestad;NOR;united states;atlanta;1996;7;27;64.98;3;0;0
100 metres;Ekaterini Thanou;GRE;australia;sydney;2000;9;23;11.12;2;0;0
100 metres;Tayna Lawrence;JAM;australia;sydney;2000;9;23;11.18;3;0;0
100 metres;Merlene Ottey;JAM;australia;sydney;2000;9;23;11.19;3;0;0
200 metres;Pauline DavisThompson;BAH;australia;sydney;2000;9;28;22.27;1;0;0
200 metres;Susanthika Jayasinghe;SRI;australia;sydney;2000;9;28;22.28;2;0;0
200 metres;Beverly McDonald;JAM;australia;sydney;2000;9;28;22.35;3;0;0
400 metres;Cathy Freeman;AUS;australia;sydney;2000;9;25;49.11;1;0;0
400 metres;Lorraine Graham;JAM;australia;sydney;2000;9;25;49.58;2;0;0
400 metres;Katharine Merry;GBR;australia;sydney;2000;9;25;49.72;3;0;0
800 metres;Maria de Lurdes Mutola;MOZ;australia;sydney;2000;9;25;1:56.15;1;0;0
800 metres;Stephanie Graf;AUT;australia;sydney;2000;9;25;1:56.64;2;0;0
800 metres;Kelly Holmes;GBR;australia;sydney;2000;9;25;1:56.80;3;0;0
1500 metres;Nouria MérahBenida;ALG;australia;sydney;2000;9;30;4:05.10;1;0;0
1500 metres;Violeta Beclea;ROU;australia;sydney;2000;9;30;4:05.15;2;0;0
1500 metres;Gabriela Szabo;ROU;australia;sydney;2000;9;30;4:05.27;3;0;0
5000 metres;Gabriela Szabo;ROU;australia;sydney;2000;9;25;14:40.79;1;0;1
5000 metres;Sonia O'Sullivan;IRL;australia;sydney;2000;9;25;14:41.02;2;0;0
5000 metres;Gete Wami;ETH;australia;sydney;2000;9;25;14:42.23;3;0;0
10,000 metres;Derartu Tulu;ETH;australia;sydney;2000;9;30;30:17.49;1;0;1
10,000 metres;Gete Wami;ETH;australia;sydney;2000;9;30;30:22.48;2;0;0
10,000 metres;Fernanda Ribeiro;POR;australia;sydney;2000;9;30;30:22.88;3;0;0
100 metres hurdles;Olga Shishigina;KAZ;australia;sydney;2000;9;27;12.65;1;0;0
100 metres hurdles;Glory Alozie;NGR;australia;sydney;2000;9;27;12.68;2;0;0
100 metres hurdles;Melissa Morrison;USA;australia;sydney;2000;9;27;12.76;3;0;0
400 metres hurdles;Irina Privalova;RUS;australia;sydney;2000;9;27;53.02;1;0;0
400 metres hurdles;Deon Hemmings;JAM;australia;sydney;2000;9;27;53.45;2;0;0
400 metres hurdles;Nezha Bidouane;MAR;australia;sydney;2000;9;27;53.57;3;0;0
Marathon;Naoko Takahashi;JPN;australia;sydney;2000;9;24;2:23:14;1;0;1
Marathon;Lidia Șimon;ROU;australia;sydney;2000;9;24;2:23:22;2;0;0
Marathon;Joyce Chepchumba;KEN;australia;sydney;2000;9;24;2:24:45;3;0;0
20 kilometres walk;Wang Liping;CHN;australia;sydney;2000;9;28;1:29:05;1;0;1
20 kilometres walk;Kjersti Plätzer;NOR;australia;sydney;2000;9;28;1:29:33;2;0;0
20 kilometres walk;María Vasco;ESP;australia;sydney;2000;9;28;1:30:23;3;0;0
High jump;Yelena Yelesina;RUS;australia;sydney;2000;9;30;2.01;1;0;0
High jump;Hestrie Cloete;RSA;australia;sydney;2000;9;30;2.01;2;0;0
High jump;Kajsa Bergqvist;SWE;australia;sydney;2000;9;30;1.99;3;0;0
High jump;Oana Pantelimon;ROU;australia;sydney;2000;9;30;1.99;3;0;0
Pole vault;Stacy Dragila;USA;australia;sydney;2000;9;25;4.60;1;0;1
Pole vault;Tatiana Grigorieva;AUS;australia;sydney;2000;9;25;4.55;2;0;0
Pole vault;Vala Flosadóttir;ISL;australia;sydney;2000;9;25;4.50;3;0;0
Long jump;Heike Drechsler;GER;australia;sydney;2000;9;29;6.99;1;0;0
Long jump;Fiona May;ITA;australia;sydney;2000;9;29;6.92;2;0;0
Long jump;Tatyana Kotova;RUS;australia;sydney;2000;9;29;6.83;3;0;0
Triple jump;Tereza Marinova;BUL;australia;sydney;2000;9;24;15.20;1;0;0
Triple jump;Tatyana Lebedeva;RUS;australia;sydney;2000;9;24;15.00;2;0;0
Triple jump;Olena Hovorova;UKR;australia;sydney;2000;9;24;14.96;3;0;0
Shot put;Yanina KarolchykPravalinskaya;BLR;australia;sydney;2000;9;28;20.56;1;0;0
Shot put;Larisa Peleshenko;RUS;australia;sydney;2000;9;28;19.92;2;0;0
Shot put;Astrid Kumbernuss;GER;australia;sydney;2000;9;28;19.62;3;0;0
Discus throw;Ellina Zvereva;BLR;australia;sydney;2000;9;27;68.40;1;0;0
Discus throw;Anastasía Kelesídou;GRE;australia;sydney;2000;9;27;65.71;2;0;0
Discus throw;Iryna Yatchenko;BLR;australia;sydney;2000;9;27;65.20;3;0;0
Hammer throw;Kamila Skolimowska;POL;australia;sydney;2000;9;29;71.16;1;0;0
Hammer throw;Olga Kuzenkova;RUS;australia;sydney;2000;9;29;69.77;2;0;0
Hammer throw;Kirsten Münchow;GER;australia;sydney;2000;9;29;69.28;3;0;0
Javelin throw;Trine Hattestad;NOR;australia;sydney;2000;9;30;68.91;1;0;1
Javelin throw;Mirela Maniani Tzelili;GRE;australia;sydney;2000;9;30;67.51;2;0;0
Javelin throw;Osleidys Menéndez;CUB;australia;sydney;2000;9;30;66.18;3;0;0
100 metres;Yulia Nestsiarenka;BLR;greece;athens;2004;8;21;10.93;1;0;0
100 metres;Lauryn Williams;USA;greece;athens;2004;8;32;10.96;2;0;0
100 metres;Veronica Campbell-Brown;JAM;greece;athens;2004;8;21;10.97;3;0;0
200 metres;Veronica Campbell-Brown;JAM;greece;athens;2004;8;25;22.05;1;0;0
200 metres;Allyson Felix;USA;greece;athens;2004;8;25;22.18;2;0;0
200 metres;Debbie Ferguson-McKenzie;BAH;greece;athens;2004;8;25;22.30;3;0;0
400 metres;Tonique Williams-Darling;BAH;greece;athens;2004;8;24;49.41;1;0;0
400 metres;Ana Guevara;MEX;greece;athens;2004;8;24;49.56;2;0;0
400 metres;Natalya Antyukh;RUS;greece;athens;2004;8;24;49.89;3;0;0
800 metres;Kelly Holmes;GBR;greece;athens;2004;8;23;1:56.38;1;0;0
800 metres;Hasna Benhassi;MAR;greece;athens;2004;8;23;1:56.43;2;0;0
800 metres;Jolanda Čeplak;SLO;greece;athens;2004;8;23;1:56.43;3;0;0
1500 metres;Kelly Holmes;GBR;greece;athens;2004;8;25;3:57.90;1;0;0
1500 metres;Tatyana Tomashova;RUS;greece;athens;2004;8;25;3:58.12;2;0;0
1500 metres;Maria Cioncan;ROU;greece;athens;2004;8;25;3:58.39;3;0;0
5000 metres;Meseret Defar;ETH;greece;athens;2004;8;23;14:45.65;1;0;0
5000 metres;Isabella Ochichi;KEN;greece;athens;2004;8;23;14:48.19;2;0;0
5000 metres;Tirunesh Dibaba;ETH;greece;athens;2004;8;23;14:51.83;3;0;0
10,000 metres;Xing Huina;CHN;greece;athens;2004;8;27;30:24.36;1;0;0
10,000 metres;Ejegayehu Dibaba;ETH;greece;athens;2004;8;27;30:24.98;2;0;0
10,000 metres;Derartu Tulu;ETH;greece;athens;2004;8;27;30:26.42;3;0;0
100 metres hurdles;Joanna Hayes;USA;greece;athens;2004;8;24;12.37;1;0;1
100 metres hurdles;Olena Krasovska;UKR;greece;athens;2004;8;24;12.45;2;0;0
100 metres hurdles;Melissa Morrison-Howard;USA;greece;athens;2004;8;24;12.56;3;0;0
400 metres hurdles;Fani Chalkia;GRE;greece;athens;2004;8;25;52.82;1;0;0
400 metres hurdles;Ionela Târlea-Manolache;ROU;greece;athens;2004;8;25;53.38;2;0;0
400 metres hurdles;Tetyana Tereshchuk-Antipova;UKR;greece;athens;2004;8;25;53.44;3;0;0
Marathon;Mizuki Noguchi;JPN;greece;athens;2004;8;22;2:26:20;1;0;0
Marathon;Catherine Ndereba;KEN;greece;athens;2004;8;22;2:26:32;2;0;0
Marathon;Deena Kastor;USA;greece;athens;2004;8;22;2:27:20;3;0;0
20 kilometres walk;Athanasia Tsoumeleka;GRE;greece;athens;2004;8;23;1:29:12;1;0;0
20 kilometres walk;Olimpiada Ivanova;RUS;greece;athens;2004;8;23;1:29:16;2;0;0
20 kilometres walk;Jane Saville;AUS;greece;athens;2004;8;23;1:29:25;3;0;0
High jump;Yelena Slesarenko;RUS;greece;athens;2004;8;28;2.06;1;0;1
High jump;Hestrie Cloete;RSA;greece;athens;2004;8;28;2.02;2;0;0
High jump;Viktoriya Styopina;UKR;greece;athens;2004;8;28;2.02;3;0;0
Pole vault;Yelena Isinbayeva;RUS;greece;athens;2004;8;24;4.91;1;1;1
Pole vault;Svetlana Feofanova;RUS;greece;athens;2004;8;24;4.75;2;0;0
Pole vault;Anna Rogowska;POL;greece;athens;2004;8;24;4.70;3;0;0
Long jump;Tatyana Lebedeva;RUS;greece;athens;2004;8;27;7.07;1;0;0
Long jump;Irina Meleshina Simagina;RUS;greece;athens;2004;8;27;7.05;2;0;0
Long jump;Tatyana Kotova;RUS;greece;athens;2004;8;27;7.05;3;0;0
Triple jump;Françoise Mbango Etone;CMR;greece;athens;2004;8;23;15.30;1;0;0
Triple jump;Hrysopiyi Devetzi;GRE;greece;athens;2004;8;23;15.25;2;0;0
Triple jump;Tatyana Lebedeva;RUS;greece;athens;2004;8;23;15.14;3;0;0
Shot put;Yumileidi Cumbá;CUB;greece;athens;2004;8;18;19.59;1;0;0
Shot put;Nadine Kleinert;GER;greece;athens;2004;8;18;19.55;2;0;0
Shot put;Irina Korzhanenko;RUS;greece;athens;2004;8;18;21.06;3;0;0
Discus throw;Natalya Sadova;RUS;greece;athens;2004;8;21;67.02;1;0;0
Discus throw;Anastasia Kelesidou;GRE;greece;athens;2004;8;21;66.68;2;0;0
Discus throw;Věra Pospíšilová-Cechlová;CZE;greece;athens;2004;8;21;66.08;3;0;0
Hammer throw;Olga Kuzenkova;RUS;greece;athens;2004;8;25;75.02;1;0;1
Hammer throw;Yipsi Moreno;CUB;greece;athens;2004;8;25;73.36;2;0;0
Hammer throw;Yunaika Crawford;CUB;greece;athens;2004;8;25;73.16;3;0;0
Javelin throw;Osleidys Menéndez;CUB;greece;athens;2004;8;27;71.53;1;0;1
Javelin throw;Steffi Nerius;GER;greece;athens;2004;8;27;65.82;2;0;0
Javelin throw;Mirela Manjani;GRE;greece;athens;2004;8;27;64.29;3;0;0
100 metres;Shelly Ann Fraser;JAM;china;beijin;2008;8;17;10.78;1;0;0
100 metres;Sherone Simpson;JAM;china;beijin;2008;8;17;10.98;2;0;0
100 metres;Kerron Stewart;JAM;china;beijin;2008;8;17;10.98;2;0;0
200 metres;Veronica CampbellBrown;JAM;china;beijin;2008;8;21;21.74;1;0;0
200 metres;Allyson Felix;USA;china;beijin;2008;8;21;21.93;2;0;0
200 metres;Kerron Stewart;JAM;china;beijin;2008;8;21;22.00;3;0;0
400 metres;Christine Ohuruogu;GBR;china;beijin;2008;8;19;49.62;1;0;0
400 metres;Shericka Williams;JAM;china;beijin;2008;8;19;49.69;2;0;0
400 metres;Sanya Richards;USA;china;beijin;2008;8;19;49.93;3;0;0
800 metres;Pamela Jelimo;KEN;china;beijin;2008;8;18;1:54.87;1;0;0
800 metres;Janeth Jepkosgei Busienei;KEN;china;beijin;2008;8;18;1:56.07;2;0;0
800 metres;Hasna Benhassi;MAR;china;beijin;2008;8;18;1:56.73;3;0;0
1500 metres;Nancy Jebet Lagat;KEN;china;beijin;2008;8;23;4:00.23;1;0;0
1500 metres;Iryna Lishchynska;UKR;china;beijin;2008;8;23;4:01.63;2;0;0
1500 metres;Nataliya Tobias;UKR;china;beijin;2008;8;23;4:01.78;3;0;0
5000 metres;Tirunesh Dibaba;ETH;china;beijin;2008;8;22;15:41.40;1;0;0
5000 metres;Meseret Defar;ETH;china;beijin;2008;8;22;15:44.12;2;0;0
5000 metres;Sylvia Kibet;KEN;china;beijin;2008;8;22;15:44.96;3;0;0
10,000 metres;Tirunesh Dibaba;ETH;china;beijin;2008;8;15;29:54.66;1;0;1
10,000 metres;Shalane Flanagan;USA;china;beijin;2008;8;15;30:22.22;2;0;0
10,000 metres;Linet Chepkwemoi Masai;KEN;china;beijin;2008;8;15;30:26.50;3;0;0
100 metres hurdles;Dawn Harper Nelson;USA;china;beijin;2008;8;19;12.54;1;0;0
100 metres hurdles;Sally Pearson;AUS;china;beijin;2008;8;19;12.64;2;0;0
100 metres hurdles;Priscilla Lopes Schliep;CAN;china;beijin;2008;8;19;12.64;3;0;0
400 metres hurdles;Melaine Walker;JAM;china;beijin;2008;8;20;52.64;1;0;1
400 metres hurdles;Sheena Tosta;USA;china;beijin;2008;8;20;53.70;2;0;0
400 metres hurdles;Tasha Danvers;GBR;china;beijin;2008;8;20;53.84;3;0;0
3000 metres steeplechase;Gulnara GalkinaSamitova;RUS;china;beijin;2008;8;17;8:58.81;1;1;1
3000 metres steeplechase;Eunice Jepkorir;KEN;china;beijin;2008;8;17;9:07.41;2;0;0
3000 metres steeplechase;Tatyana Petrova Arkhipova;RUS;china;beijin;2008;8;17;9:12.33;3;0;0
Marathon;Constantina DiṭăTomescu;ROU;china;beijin;2008;8;17;2:26:44;1;0;0
Marathon;Catherine Ndereba;KEN;china;beijin;2008;8;17;2:27:06;2;0;0
Marathon;Zhou Chunxiu;CHN;china;beijin;2008;8;17;2:27:07;3;0;0
20 kilometres walk;Olga Kaniskina;RUS;china;beijin;2008;8;21;1:26:31;1;0;1
20 kilometres walk;Kjersti Tysse Plätzer;NOR;china;beijin;2008;8;21;1:27:07;2;0;0
20 kilometres walk;Elisa Rigaudo;ITA;china;beijin;2008;8;21;1:27:12;3;0;0
High jump;Tia Hellebaut;BEL;china;beijin;2008;8;23;2.05;1;0;0
High jump;Blanka Vlašić;CRO;china;beijin;2008;8;23;2.05;2;0;0
High jump;Chaunté Howard;USA;china;beijin;2008;8;23;1.99;3;0;0
Pole vault;Yelena Isinbayeva;RUS;china;beijin;2008;8;18;5.05;1;1;1
Pole vault;Jennifer Stuczynski;USA;china;beijin;2008;8;18;4.80;2;0;0
Pole vault;Svetlana Feofanova;RUS;china;beijin;2008;8;18;4.75;3;0;0
Long jump;Maurren Maggi;BRA;china;beijin;2008;8;22;7.04;1;0;0
Long jump;Blessing Okagbare;NGR;china;beijin;2008;8;22;6.91;2;0;0
Long jump;Chelsea Hammond;JAM;china;beijin;2008;8;22;6.79;3;0;0
Triple jump;Françoise Mbango Etone;CMR;china;beijin;2008;8;17;15.39;1;0;1
Triple jump;Olga Rypakova;KAZ;china;beijin;2008;8;17;15.11;2;0;0
Triple jump;Yargelis Savigne;CUB;china;beijin;2008;8;17;15.05;3;0;0
Shot put;Valerie Vili;NZL;china;beijin;2008;8;16;20.56;1;0;0
Shot put;Misleydis González;CUB;china;beijin;2008;8;16;19.50;2;0;0
Shot put;Gong Lijiao;CHN;china;beijin;2008;8;16;19.20;3;0;0
Discus throw;Stephanie Brown Trafton;USA;china;beijin;2008;8;18;64.74;1;0;0
Discus throw;Olena Antonova;UKR;china;beijin;2008;8;18;62.59;2;0;0
Discus throw;Song Aimin;CHN;china;beijin;2008;8;18;62.20;3;0;0
Hammer throw;Yipsi Moreno;CUB;china;beijin;2008;8;20;75.20;1;0;1
Hammer throw;Zhang Wenxiu;CHN;china;beijin;2008;8;20;74.32;2;0;0
Hammer throw;Manuela Montebrun;FRA;china;beijin;2008;8;20;72.54;3;0;0
Javelin throw;Barbora Špotáková;CZE;china;beijin;2008;8;21;71.42;1;0;0
Javelin throw;Christina Obergföll;GER;china;beijin;2008;8;21;66.13;2;0;0
Javelin throw;Goldie Sayers;GBR;china;beijin;2008;8;21;65.75;3;0;0
100 metres;Shelly Ann FraserPryce;JAM;united kingdoms;london;2012;8;4;10.75;1;0;0
100 metres;Carmelita Jeter;USA;united kingdoms;london;2012;8;4;10.78;2;0;0
100 metres;Veronica CampbellBrown;JAM;united kingdoms;london;2012;8;4;10.81;3;0;0
200 metres;Allyson Felix;USA;united kingdoms;london;2012;8;8;21.88;1;0;0
200 metres;ShellyAnn FraserPryce;JAM;united kingdoms;london;2012;8;8;22.09;2;0;0
200 metres;Carmelita Jeter;USA;united kingdoms;london;2012;8;8;22.14;3;0;0
400 metres;Sanya RichardsRoss;USA;united kingdoms;london;2012;8;5;49.55;1;0;0
400 metres;Christine Ohuruogu;GBR;united kingdoms;london;2012;8;5;49.70;2;0;0
400 metres;DeeDee Trotter;USA;united kingdoms;london;2012;8;5;49.72;3;0;0
800 metres;Caster Semenya;RSA;united kingdoms;london;2012;8;11;1:57.23;1;0;0
800 metres;Ekaterina Poistogova;RUS;united kingdoms;london;2012;8;11;1:57.53;2;0;0
800 metres;Pamela Jelimo;KEN;united kingdoms;london;2012;8;11;1:57.59;3;0;0
1500 metres;Maryam Yusuf Jamal;BRN;united kingdoms;london;2012;8;10;4:10.74;1;0;0
1500 metres;Tatyana Tomashova;RUS;united kingdoms;london;2012;8;10;4:10.90;2;0;0
1500 metres;Abeba Aregawi;ETH;united kingdoms;london;2012;8;10;4:11.03;3;0;0
5000 metres;Meseret Defar;ETH;united kingdoms;london;2012;8;10;15:04.25;1;0;0
5000 metres;Vivian Cheruiyot;KEN;united kingdoms;london;2012;8;10;15:04.73;2;0;0
5000 metres;Tirunesh Dibaba;ETH;united kingdoms;london;2012;8;10;15:05.15;3;0;0
10,000 metres;Tirunesh Dibaba;ETH;united kingdoms;london;2012;8;3;30:20.75;1;0;0
10,000 metres;Sally Kipyego;KEN;united kingdoms;london;2012;8;3;30:26.37;2;0;0
10,000 metres;Vivian Cheruiyot;KEN;united kingdoms;london;2012;8;3;30:30.44;3;0;0
100 metres hurdles;Sally Pearson;AUS;united kingdoms;london;2012;8;7;12.35;1;0;1
100 metres hurdles;Dawn Harper Nelson;USA;united kingdoms;london;2012;8;7;12.37;2;0;0
100 metres hurdles;Kellie Wells;USA;united kingdoms;london;2012;8;7;12.48;3;0;0
400 metres hurdles;Lashinda Demus;USA;united kingdoms;london;2012;8;8;52.77;1;0;0
400 metres hurdles;Zuzana Hejnová;CZE;united kingdoms;london;2012;8;8;53.38;2;0;0
400 metres hurdles;Kaliese Spencer;JAM;united kingdoms;london;2012;8;8;53.66;3;0;0
3000 metres steeplechase;Habiba Ghribi;TUN;united kingdoms;london;2012;8;6;9:08.37;1;0;0
3000 metres steeplechase;Sofia Assefa;ETH;united kingdoms;london;2012;8;6;9:09.84;2;0;0
3000 metres steeplechase;Milcah Chemos Cheywa;KEN;united kingdoms;london;2012;8;6;9:09.88;3;0;0
Marathon;Tiki Gelana;ETH;united kingdoms;london;2012;8;5;2:23:07;1;0;1
Marathon;Priscah Jeptoo;KEN;united kingdoms;london;2012;8;5;2:23:12;2;0;0
Marathon;Tatyana Petrova Arkhipova;RUS;united kingdoms;london;2012;8;5;2:23:29;3;0;0
20 kilometres walk;Qieyang Shenjie;CHN;united kingdoms;london;2012;8;11;1:25:16;1;0;1
20 kilometres walk;Liu Hong; CHN;united kingdoms;london;2012;8;11;1:26:00;2;0;0
20 kilometres walk;Lü Xiuzhi;CHN;united kingdoms;london;2012;8;11;1:27:10;3;0;0
High jump;Anna Chicherova;RUS;united kingdoms;london;2012;8;11;2.05;1;0;0
High jump;Brigetta Barrett;USA;united kingdoms;london;2012;8;11;2.03;2;0;0
High jump;Ruth Beitia;ESP;united kingdoms;london;2012;8;11;2.00;3;0;0
Pole vault;Jenn Suhr;USA;united kingdoms;london;2012;8;6;4.75;1;0;0
Pole vault;Yarisley Silva;CUB;united kingdoms;london;2012;8;6;4.75;2;0;0
Pole vault;Yelena Isinbayeva;RUS;united kingdoms;london;2012;8;6;4.70;3;0;0
Long jump;Brittney Reese;USA;united kingdoms;london;2012;8;8;7.12;1;0;0
Long jump;Yelena Sokolova;RUS;united kingdoms;london;2012;8;8;7.07;2;0;0
Long jump;Janay DeLoach Soukup;USA;united kingdoms;london;2012;8;8;6.89;3;0;0
Triple jump;Olga Rypakova;KAZ;united kingdoms;london;2012;8;5;14.98;1;0;0
Triple jump;Caterine Ibargüen;COL;united kingdoms;london;2012;8;5;14.80;2;0;0
Triple jump;Olha Saladukha;UKR;united kingdoms;london;2012;8;5;14.79;3;0;0
Shot put;Valerie Adams;NZL;united kingdoms;london;2012;8;6;20.70;1;0;0
Shot put;Gong Lijiao;CHN;united kingdoms;london;2012;8;6;20.22;2;0;0
Shot put;Li Ling;CHN;united kingdoms;london;2012;8;6;19.63;3;0;0
Discus throw;Sandra Perković;CRO;united kingdoms;london;2012;8;4;69.11;1;0;0
Discus throw;Li Yanfeng;CHN;united kingdoms;london;2012;8;4;67.22;2;0;0
Discus throw;Yarelys Barrios;CUB;united kingdoms;london;2012;8;4;66.38;3;0;0
Hammer throw;Anita Włodarczyk;POL;united kingdoms;london;2012;8;10;77.60;1;0;0
Hammer throw;Betty Heidler;GER;united kingdoms;london;2012;8;10;77.13;2;0;0
Hammer throw;Zhang Wenxiu;CHN;united kingdoms;london;2012;8;10;76.34;3;0;0
Javelin throw;Barbora Špotáková;CZE;united kingdoms;london;2012;8;9;69.55;1;0;0
Javelin throw;Christina Obergföll;GER;united kingdoms;london;2012;8;9;65.16;2;0;0
Javelin throw;Linda Stahl;GER;united kingdoms;london;2012;8;9;64.91;3;0;0
100 metres;Elaine Thompson;JAM;brazil;rio de janeiro;2016;8;13;10.71;1;0;0
100 metres;Tori Bowie;USA;brazil;rio de janeiro;2016;8;13;10.83;2;0;0
100 metres;Shelly Ann Fraser;JAM;brazil;rio de janeiro;2016;8;13;10.86;3;0;0
200 metres;Elaine Thompson;JAM;brazil;rio de janeiro;2016;8;17;21.78;1;0;0
200 metres;Dafne Schippers;NED;brazil;rio de janeiro;2016;8;17;21.88;2;0;0
200 metres;Tori Bowie;USA;brazil;rio de janeiro;2016;8;17;22.15;3;0;0
400 metres;Shaunae Miller Uibo;BAH;brazil;rio de janeiro;2016;8;15;49.44;1;0;0
400 metres;Allyson Felix;USA;brazil;rio de janeiro;2016;8;15;49.51;2;0;0
400 metres;Shericka Jackson;JAM;brazil;rio de janeiro;2016;8;15;49.85;3;0;0
800 metres;Caster Semenya;RSA;brazil;rio de janeiro;2016;8;20;1:55.28;1;0;0
800 metres;Francine Niyonsaba;BDI;brazil;rio de janeiro;2016;8;20;1:56.49;2;0;0
800 metres;Margaret Wambui;KEN;brazil;rio de janeiro;2016;8;20;1:56.89;3;0;0
1500 metres;Faith Kipyegon;KEN;brazil;rio de janeiro;2016;8;16;4:08.92;1;0;0
1500 metres;Genzebe Dibaba;ETH;brazil;rio de janeiro;2016;8;16;4:10.27;2;0;0
1500 metres;Jennifer Simpson;USA;brazil;rio de janeiro;2016;8;16;4:10.53;3;0;0
5000 metres;Vivian Cheruiyot;KEN;brazil;rio de janeiro;2016;8;19;14:26.17;1;0;1
5000 metres;Hellen Onsando Obiri;KEN;brazil;rio de janeiro;2016;8;19;14:29.77;2;0;0
5000 metres;Almaz Ayana;ETH;brazil;rio de janeiro;2016;8;19;14:33.59;3;0;0
10,000 metres;Almaz Ayana;ETH;brazil;rio de janeiro;2016;8;12;29:17.45;1;1;1
10,000 metres;Vivian Cheruiyot;KEN;brazil;rio de janeiro;2016;8;12;29:32.53;2;0;0
10,000 metres;Tirunesh Dibaba;ETH;brazil;rio de janeiro;2016;8;12;29:42.56;3;0;0
100 metres hurdles;Brianna Rollins McNeal;USA;brazil;rio de janeiro;2016;8;17;12.48;1;0;0
100 metres hurdles;Nia Ali;USA;brazil;rio de janeiro;2016;8;17;12.59;2;0;0
100 metres hurdles;Kristi Castlin;USA;brazil;rio de janeiro;2016;8;17;12.61;3;0;0
400 metres hurdles;Dalilah Muhammad;USA;brazil;rio de janeiro;2016;8;18;53.13;1;0;0
400 metres hurdles;Sara Petersen;DEN;brazil;rio de janeiro;2016;8;18;53.55;2;0;0
400 metres hurdles;Ashley Spencer;USA;brazil;rio de janeiro;2016;8;18;53.72;3;0;0
3000 metres steeplechase;Ruth Jebet;BRN;brazil;rio de janeiro;2016;8;15;8:59.75;1;0;0
3000 metres steeplechase;Hyvin Jepkemoi;KEN;brazil;rio de janeiro;2016;8;15;9:07.12;2;0;0
3000 metres steeplechase;Emma Coburn;USA;brazil;rio de janeiro;2016;8;15;9:07.63;3;0;0
Marathon;Jemima Sumgong;KEN;brazil;rio de janeiro;2016;8;14;2:24:04;1;0;0
Marathon;Eunice Kirwa;BRN;brazil;rio de janeiro;2016;8;14;2:24:13;2;0;0
Marathon;Mare Dibaba;ETH;brazil;rio de janeiro;2016;8;14;2:24:30;3;0;0
20 kilometres walk;Liu Hong;CHN;brazil;rio de janeiro;2016;8;19;1:28:35;1;0;0
20 kilometres walk;María Guadalupe González;MEX;brazil;rio de janeiro;2016;8;19;1:28:37;2;0;0
20 kilometres walk;Lü Xiuzhi;CHN;brazil;rio de janeiro;2016;8;19;1:28:42;3;0;0
High jump;Ruth Beitia;ESP;brazil;rio de janeiro;2016;8;20;1.97;1;0;0
High jump;Mirela Demireva;BUL;brazil;rio de janeiro;2016;8;20;1.97;2;0;0
High jump;Blanka Vlašić;CRO;brazil;rio de janeiro;2016;8;20;1.97;3;0;0
Pole vault;Ekaterini Stefanidi;GRE;brazil;rio de janeiro;2016;8;19;4.85;1;0;0
Pole vault;Sandi Morris;USA;brazil;rio de janeiro;2016;8;19;4.85;2;0;0
Pole vault;Eliza McCartney;NZL;brazil;rio de janeiro;2016;8;19;4.80;3;0;0
Long jump;Tianna Bartoletta;USA;brazil;rio de janeiro;2016;8;17;7.17;1;0;0
Long jump;Brittney Reese;USA;brazil;rio de janeiro;2016;8;17;7.15;2;0;0
Long jump;Ivana Španović;SRB;brazil;rio de janeiro;2016;8;17;7.08;3;0;0
Triple jump;Caterine Ibargüen;COL;brazil;rio de janeiro;2016;8;14;15.17;1;0;0
Triple jump;Yulimar Rojas;VEN;brazil;rio de janeiro;2016;8;14;14.98;2;0;0
Triple jump;Olga Rypakova;KAZ;brazil;rio de janeiro;2016;8;14;14.74;3;0;0
Shot put;Michelle Carter;USA;brazil;rio de janeiro;2016;8;12;20.63;1;0;0
Shot put;Valerie Adams;NZL;brazil;rio de janeiro;2016;8;12;20.42;2;0;0
Shot put;Anita Márton;HUN;brazil;rio de janeiro;2016;8;12;19.87;3;0;0
Discus throw;Sandra Perković;CRO;brazil;rio de janeiro;2016;8;16;69.21;1;0;0
Discus throw;Mélina Robert Michon;FRA;brazil;rio de janeiro;2016;8;16;66.73;2;0;0
Discus throw;Denia Caballero;CUB;brazil;rio de janeiro;2016;8;16;65.34;3;0;0
Hammer throw;Anita Włodarczyk;POL;brazil;rio de janeiro;2016;8;15;82.29;1;1;1
Hammer throw;Zhang Wenxiu;CHN;brazil;rio de janeiro;2016;8;15;76.75;2;0;0
Hammer throw;Sophie Hitchon;GBR;brazil;rio de janeiro;2016;8;15;74.54;3;0;0
Javelin throw;Sara Kolak;CRO;brazil;rio de janeiro;2016;8;18;66.18;1;0;0
Javelin throw;Sunette Viljoen;RSA;brazil;rio de janeiro;2016;8;18;64.92;2;0;0
Javelin throw;Barbora Špotáková;CZE;brazil;rio de janeiro;2016;8;18;64.80;3;0;0
100 metres;Elaine ThompsonHerah;JAM;japan;tokyo;2021;7;31;10.61;1;0;1
100 metres;ShellyAnn FraserPryce;JAM;japan;tokyo;2021;7;31;10.74;2;0;0
100 metres;Shericka Jackson;JAM;japan;tokyo;2021;7;31;10.76;3;0;0
200 metres;Elaine ThompsonHerah;JAM;japan;tokyo;2021;8;3;21.53;1;0;0
200 metres;Christine Mboma;NAM;japan;tokyo;2021;8;3;21.81;2;0;0
200 metres;Gabrielle Thomas;USA;japan;tokyo;2021;8;3;21.87;3;0;0
400 metres;Shaunae MillerUibo;BAH;japan;tokyo;2021;8;6;48.36;1;0;0
400 metres;Marileidy Paulino;DOM;japan;tokyo;2021;8;6;49.20;2;0;0
400 metres;Allyson Felix;USA;japan;tokyo;2021;8;6;49.46;3;0;0
800 metres;Athing Mu;USA;japan;tokyo;2021;8;3;1:55.21;1;0;0
800 metres;Keely Hodgkinson;GBR;japan;tokyo;2021;8;3;1:55.88;2;0;0
800 metres;Raevyn Rogers;USA;japan;tokyo;2021;8;3;1:56.81;3;0;0
1500 metres;Faith Kipyegon;KEN;japan;tokyo;2021;8;6;3:53.11;1;0;1
1500 metres;Laura Muir;GBR;japan;tokyo;2021;8;6;3:54.50;2;0;0
1500 metres;Sifan Hassan;NED;japan;tokyo;2021;8;6;3:55.86;3;0;0
5000 metres;Sifan Hassan;NED;japan;tokyo;2021;8;2;14:36.79;1;0;0
5000 metres;Hellen Obiri;KEN;japan;tokyo;2021;8;2;14:38.36;2;0;0
5000 metres;Gudaf Tsegay;ETH;japan;tokyo;2021;8;2;14:38.87;3;0;0
10,000 metres;Sifan Hassan;NED;japan;tokyo;2021;8;7;29:55.32;1;0;0
10,000 metres;Kalkidan Gezahegne;BRN;japan;tokyo;2021;8;7;29:56.18;2;0;0
10,000 metres;Letesenbet Gidey;ETH;japan;tokyo;2021;8;7;30:01.72;3;0;0
100 metres hurdles;Jasmine CamachoQuinn;PUR;japan;tokyo;2021;8;2;12.37;1;0;0
100 metres hurdles;Kendra Harrison;USA;japan;tokyo;2021;8;2;12.52;2;0;0
100 metres hurdles;Megan Tapper;JAM;japan;tokyo;2021;8;2;12.55;3;0;0
400 metres hurdles;Sydney McLaughlin;USA;japan;tokyo;2021;8;4;51.46;1;1;1
400 metres hurdles;Dalilah Muhammad;USA;japan;tokyo;2021;8;4;51.58;2;0;0
400 metres hurdles;Femke Bol;NED;japan;tokyo;2021;8;4;52.03;3;0;0
3000 metres steeplechase;Peruth Chemutai;UGA;japan;tokyo;2021;8;4;9:01.45;1;0;0
3000 metres steeplechase;Courtney Frerichs;USA;japan;tokyo;2021;8;4;9:04.79;2;0;0
3000 metres steeplechase;Hyvin Jepkemoi;KEN;japan;tokyo;2021;8;4;9:05.39;3;0;0
Marathon;Peres Jepchirchir;KEN;japan;tokyo;2021;8;7;2:27:20;1;0;0
Marathon;Brigid Kosgei;KEN;japan;tokyo;2021;8;7;2:27:36;2;0;0
Marathon;Molly Seidel;USA;japan;tokyo;2021;8;7;2:27:46;3;0;0
20 kilometres walk;Antonella Palmisano;ITA;japan;tokyo;2021;8;6;1:29:12;1;0;0
20 kilometres walk;Sandra Arenas;COL;japan;tokyo;2021;8;6;1:29:37;2;0;0
20 kilometres walk;Liu Hong;CHN;japan;tokyo;2021;8;6;1:29:57;3;0;0
High jump;Mariya Lasitskene;ROC;japan;tokyo;2021;8;7;2.04;1;0;0
High jump;Nicola McDermott;AUS;japan;tokyo;2021;8;7;2.02;2;0;0
High jump;Yaroslava Mahuchikh;UKR;japan;tokyo;2021;8;7;2.00;3;0;0
Pole vault;Katie Nageotte;USA;japan;tokyo;2021;8;5;4.90;1;0;0
Pole vault;Anzhelika Sidorova;ROC;japan;tokyo;2021;8;5;4.85;2;0;0
Pole vault;Holly Bradshaw;GBR;japan;tokyo;2021;8;5;4.85;3;0;0
Long jump;Malaika Mihambo;GER;japan;tokyo;2021;8;3;7.00;1;0;0
Long jump;Brittney Reese;USA;japan;tokyo;2021;8;3;6.97;2;0;0
Long jump;Ese Brume;NGR;japan;tokyo;2021;8;3;6.97;3;0;0
Triple jump;Yulimar Rojas;VEN;japan;tokyo;2021;8;1;15.67;1;1;1
Triple jump;Patrícia Mamona;POR;japan;tokyo;2021;8;1;15.01;2;0;0
Triple jump;Ana Peleteiro;ESP;japan;tokyo;2021;8;1;14.87;3;0;0
Shot put;Gong Lijiao;CHN;japan;tokyo;2021;8;1;20.58;1;0;0
Shot put;Raven Saunders;USA;japan;tokyo;2021;8;1;19.79;2;0;0
Shot put;Valerie Adams;NZL;japan;tokyo;2021;8;1;19.62;3;0;0
Discus throw;Valarie Allman;USA;japan;tokyo;2021;8;2;68.98;1;0;0
Discus throw;Kristin Pudenz;GER;japan;tokyo;2021;8;2;66.86;2;0;0
Discus throw;Yaime Pérez;CUB;japan;tokyo;2021;8;2;65.72;3;0;0
Hammer throw;Anita Włodarczyk;POL;japan;tokyo;2021;8;3;78.48;1;0;0
Hammer throw;Wang Zheng;CHN;japan;tokyo;2021;8;3;77.03;2;0;0
Hammer throw;Malwina Kopron;POL;japan;tokyo;2021;8;3;75.49;3;0;0
Javelin throw;Liu Shiying;CHN;japan;tokyo;2021;8;6;66.34;1;0;0
Javelin throw;Maria Andrejczyk;POL;japan;tokyo;2021;8;6;64.61;2;0;0
Javelin throw;KelseyLee Barber;AUS;japan;tokyo;2021;8;6;64.56;3;0;0
